# Blender 3.3.0
# www.blender.org
mtllib robot_New.mtl
o arm.l
v -2.349430 0.968876 0.023403
v -3.449429 0.968876 0.023403
v -2.349430 0.966955 0.042912
v -3.449429 0.966955 0.042912
v -2.349430 0.961264 0.061672
v -3.449429 0.961264 0.061672
v -2.349430 0.952023 0.078960
v -3.449429 0.952023 0.078960
v -2.349430 0.939587 0.094114
v -3.449429 0.939587 0.094114
v -2.349430 0.924433 0.106550
v -3.449429 0.924433 0.106550
v -2.349430 0.907144 0.115791
v -3.449429 0.907144 0.115791
v -2.349430 0.888385 0.121482
v -3.449429 0.888385 0.121482
v -2.349430 0.868876 0.123403
v -3.449429 0.868876 0.123403
v -2.349430 0.849367 0.121482
v -3.449429 0.849367 0.121482
v -2.349430 0.830608 0.115791
v -3.449429 0.830607 0.115791
v -2.349430 0.813319 0.106550
v -3.449429 0.813319 0.106550
v -2.349430 0.798165 0.094114
v -3.449429 0.798165 0.094114
v -2.349430 0.785729 0.078960
v -3.449429 0.785729 0.078960
v -2.349430 0.776488 0.061672
v -3.449429 0.776488 0.061672
v -2.349430 0.770797 0.042912
v -3.449429 0.770797 0.042912
v -2.349430 0.768876 0.023403
v -3.449429 0.768876 0.023403
v -2.349430 0.770797 0.003894
v -3.449429 0.770797 0.003894
v -2.349430 0.776488 -0.014865
v -3.449429 0.776488 -0.014865
v -2.349430 0.785729 -0.032154
v -3.449429 0.785729 -0.032154
v -2.349430 0.798165 -0.047307
v -3.449429 0.798165 -0.047307
v -2.349430 0.813319 -0.059744
v -3.449429 0.813319 -0.059744
v -2.349430 0.830608 -0.068985
v -3.449429 0.830607 -0.068985
v -2.349430 0.849367 -0.074675
v -3.449429 0.849367 -0.074675
v -2.349430 0.868876 -0.076597
v -3.449429 0.868876 -0.076597
v -2.349430 0.888385 -0.074675
v -3.449429 0.888385 -0.074675
v -2.349430 0.907144 -0.068985
v -3.449429 0.907144 -0.068985
v -2.349430 0.924433 -0.059744
v -3.449429 0.924433 -0.059744
v -2.349430 0.939587 -0.047307
v -3.449429 0.939587 -0.047307
v -2.349430 0.952023 -0.032154
v -3.449429 0.952023 -0.032154
v -2.349430 0.961264 -0.014865
v -3.449429 0.961264 -0.014865
v -2.349430 0.966955 0.003894
v -3.449429 0.966955 0.003894
v -2.704832 0.968876 0.023403
v -2.834832 0.968876 0.023403
v -2.954832 0.968876 0.023403
v -3.084832 0.968876 0.023403
v -2.704832 0.966955 0.042912
v -2.834832 0.966955 0.042912
v -2.954832 0.966955 0.042912
v -3.084832 0.966955 0.042912
v -2.704832 0.961264 0.061672
v -2.834832 0.961264 0.061672
v -2.954832 0.961264 0.061672
v -3.084832 0.961264 0.061672
v -2.704832 0.952023 0.078960
v -2.834832 0.952023 0.078960
v -2.954832 0.952023 0.078960
v -3.084832 0.952023 0.078960
v -2.704832 0.939587 0.094114
v -2.834832 0.939587 0.094114
v -2.954832 0.939587 0.094114
v -3.084832 0.939587 0.094114
v -2.704832 0.924433 0.106550
v -2.834832 0.924433 0.106550
v -2.954832 0.924433 0.106550
v -3.084832 0.924433 0.106550
v -2.704832 0.907144 0.115791
v -2.834832 0.907144 0.115791
v -2.954832 0.907144 0.115791
v -3.084832 0.907144 0.115791
v -2.704832 0.888385 0.121482
v -2.834832 0.888385 0.121482
v -2.954832 0.888385 0.121482
v -3.084832 0.888385 0.121482
v -2.704832 0.868876 0.123403
v -2.834832 0.868876 0.123403
v -2.954832 0.868876 0.123403
v -3.084832 0.868876 0.123403
v -2.704832 0.849367 0.121482
v -2.834832 0.849367 0.121482
v -2.954832 0.849367 0.121482
v -3.084832 0.849367 0.121482
v -2.704832 0.830607 0.115791
v -2.834832 0.830607 0.115791
v -2.954832 0.830607 0.115791
v -3.084832 0.830607 0.115791
v -2.704832 0.813319 0.106550
v -2.834832 0.813319 0.106550
v -2.954832 0.813319 0.106550
v -3.084832 0.813319 0.106550
v -2.704832 0.798165 0.094114
v -2.834832 0.798165 0.094114
v -2.954832 0.798165 0.094114
v -3.084832 0.798165 0.094114
v -2.704832 0.785729 0.078960
v -2.834832 0.785729 0.078960
v -2.954832 0.785729 0.078960
v -3.084832 0.785729 0.078960
v -2.704832 0.776488 0.061672
v -2.834832 0.776488 0.061672
v -2.954832 0.776488 0.061672
v -3.084832 0.776488 0.061672
v -2.704832 0.770797 0.042912
v -2.834832 0.770797 0.042912
v -2.954832 0.770797 0.042912
v -3.084832 0.770797 0.042912
v -2.704832 0.768876 0.023403
v -2.834832 0.768876 0.023403
v -2.954832 0.768876 0.023403
v -3.084832 0.768876 0.023403
v -2.704832 0.770797 0.003894
v -2.834832 0.770797 0.003894
v -2.954832 0.770797 0.003894
v -3.084832 0.770797 0.003894
v -2.704832 0.776488 -0.014865
v -2.834832 0.776488 -0.014865
v -2.954832 0.776488 -0.014865
v -3.084832 0.776488 -0.014865
v -2.704832 0.785729 -0.032154
v -2.834832 0.785729 -0.032154
v -2.954832 0.785729 -0.032154
v -3.084832 0.785729 -0.032154
v -2.704832 0.798165 -0.047307
v -2.834832 0.798165 -0.047307
v -2.954832 0.798165 -0.047307
v -3.084832 0.798165 -0.047307
v -2.704832 0.813319 -0.059744
v -2.834832 0.813319 -0.059744
v -2.954832 0.813319 -0.059744
v -3.084832 0.813319 -0.059744
v -2.704832 0.830607 -0.068985
v -2.834832 0.830607 -0.068985
v -2.954832 0.830607 -0.068985
v -3.084832 0.830607 -0.068985
v -2.704832 0.849367 -0.074675
v -2.834832 0.849367 -0.074675
v -2.954832 0.849367 -0.074675
v -3.084832 0.849367 -0.074675
v -2.704832 0.868876 -0.076597
v -2.834832 0.868876 -0.076597
v -2.954832 0.868876 -0.076597
v -3.084832 0.868876 -0.076597
v -2.704832 0.888385 -0.074675
v -2.834832 0.888385 -0.074675
v -2.954832 0.888385 -0.074675
v -3.084832 0.888385 -0.074675
v -2.704832 0.907144 -0.068985
v -2.834832 0.907144 -0.068985
v -2.954832 0.907144 -0.068985
v -3.084832 0.907144 -0.068985
v -2.704832 0.924433 -0.059744
v -2.834832 0.924433 -0.059744
v -2.954832 0.924433 -0.059744
v -3.084832 0.924433 -0.059744
v -2.704832 0.939587 -0.047307
v -2.834832 0.939587 -0.047307
v -2.954832 0.939587 -0.047307
v -3.084832 0.939587 -0.047307
v -2.704832 0.952023 -0.032154
v -2.834832 0.952023 -0.032154
v -2.954832 0.952023 -0.032154
v -3.084832 0.952023 -0.032154
v -2.704832 0.961264 -0.014865
v -2.834832 0.961264 -0.014865
v -2.954832 0.961264 -0.014865
v -3.084832 0.961264 -0.014865
v -2.704832 0.966955 0.003894
v -2.834832 0.966955 0.003894
v -2.954832 0.966955 0.003894
v -3.084832 0.966955 0.003894
v -3.084832 3.810933 -0.085620
v -2.954832 2.406464 0.058321
v -3.084832 2.530933 -0.589620
v -2.954832 1.126465 -0.445679
v -3.084832 3.748286 -0.241365
v -2.954832 2.343817 -0.097424
v -3.084832 3.566475 -0.381864
v -2.954832 2.162006 -0.237923
v -3.084832 3.283298 -0.493365
v -2.954832 1.878829 -0.349424
v -3.084832 2.926475 -0.564953
v -2.954832 1.522006 -0.421011
v -2.704832 2.530933 -0.589620
v -2.834832 1.126465 -0.445679
v -2.704832 3.810933 -0.085620
v -2.834832 2.406464 0.058321
v -2.704832 2.926475 -0.564953
v -2.834832 1.522006 -0.421012
v -2.834832 1.878829 -0.349424
v -2.704832 3.283298 -0.493365
v -2.704832 3.566475 -0.381864
v -2.834832 2.162006 -0.237923
v -2.704832 3.748286 -0.241365
v -2.834832 2.343817 -0.097424
v -3.084832 2.530933 0.670379
v -3.084832 3.810933 0.166380
v -2.954832 2.406464 0.310321
v -3.084832 2.926475 0.645712
v -3.084832 3.283298 0.574124
v -3.084832 3.566475 0.462623
v -2.954832 2.162006 0.606565
v -3.084832 3.748286 0.322124
v -2.954832 2.343817 0.466065
v -2.704832 3.810933 0.166379
v -2.834832 2.406464 0.310321
v -2.704832 2.530933 0.670379
v -2.704832 3.748286 0.322124
v -2.834832 2.343817 0.466065
v -2.834832 2.162006 0.606565
v -2.704832 3.566475 0.462623
v -2.704832 3.283298 0.574124
v -2.704832 2.926475 0.645712
v -3.084832 1.890933 -0.589620
v -3.084832 0.610933 -0.085620
v -3.084832 1.495392 -0.564953
v -3.084832 1.138568 -0.493365
v -3.084832 0.855391 -0.381864
v -3.084832 0.673581 -0.241365
v -2.704832 0.610933 -0.085620
v -2.704832 1.890933 -0.589620
v -2.704832 0.673581 -0.241365
v -2.704832 0.855391 -0.381864
v -2.704832 1.138568 -0.493365
v -2.704832 1.495392 -0.564953
v -3.084832 0.610933 0.166380
v -3.084832 1.890933 0.670379
v -3.084832 0.673581 0.322124
v -3.084832 0.855391 0.462623
v -3.084832 1.138568 0.574124
v -3.084832 1.495392 0.645712
v -2.704832 1.890933 0.670379
v -2.704832 0.610933 0.166379
v -2.704832 1.495392 0.645712
v -2.704832 1.138568 0.574124
v -2.704832 0.855392 0.462623
v -2.704832 0.673581 0.322124
v -3.084832 3.683814 0.023403
v -3.084832 3.679971 0.062421
v -3.084832 3.668590 0.099940
v -3.084832 3.650107 0.134517
v -3.084832 3.625236 0.164825
v -3.084832 3.594928 0.189697
v -3.084832 3.560350 0.208179
v -3.084832 3.522832 0.219560
v -3.084832 3.483813 0.223403
v -3.084832 3.444796 0.219560
v -3.084832 3.407277 0.208179
v -3.084832 3.372700 0.189697
v -3.084832 3.342393 0.164825
v -3.084832 3.317520 0.134517
v -3.084832 3.299038 0.099940
v -3.084832 3.287657 0.062421
v -3.084832 3.283813 0.023403
v -3.084832 3.287657 -0.015615
v -3.084832 3.299038 -0.053133
v -3.084832 3.317520 -0.087711
v -3.084832 3.342393 -0.118018
v -3.084832 3.372700 -0.142891
v -3.084832 3.407277 -0.161373
v -3.084832 3.444796 -0.172754
v -3.084832 3.483813 -0.176597
v -3.084832 3.522832 -0.172754
v -3.084832 3.560350 -0.161373
v -3.084832 3.594928 -0.142891
v -3.084832 3.625236 -0.118018
v -3.084832 3.650107 -0.087711
v -3.084832 3.668590 -0.053133
v -3.084832 3.679971 -0.015615
v -2.704832 3.650107 0.134517
v -2.704832 3.668590 0.099940
v -2.704832 3.587625 0.193601
v -2.704832 3.594928 0.189697
v -2.704832 3.625236 0.164825
v -2.704832 3.483813 -0.176597
v -2.704832 3.444796 -0.172754
v -2.704832 3.522832 -0.172754
v -2.704832 3.372700 -0.142891
v -2.704832 3.594928 -0.142891
v -2.704832 3.560350 -0.161373
v -2.704832 3.407277 -0.161373
v -2.704832 3.342393 -0.118018
v -2.704832 3.625236 -0.118018
v -2.704832 3.317520 -0.087711
v -2.704832 3.650107 -0.087711
v -2.704832 3.299038 -0.053133
v -2.704832 3.287657 -0.015615
v -2.704832 3.668590 -0.053133
v -2.704832 3.679971 -0.015615
v -2.704832 3.283813 0.023403
v -2.704832 3.683814 0.023403
v -2.704832 3.287657 0.062421
v -2.704832 3.679971 0.062421
v -2.704832 3.299038 0.099940
v -2.704832 3.317520 0.134517
v -2.704832 3.372700 0.189697
v -2.704832 3.342393 0.164825
v -2.704832 3.483813 0.223403
v -2.704832 3.444796 0.219560
v -2.704832 3.522832 0.219560
v -2.704832 3.407277 0.208179
v -2.704832 3.560350 0.208179
v -2.954832 1.890933 0.670379
v -2.954832 1.999937 0.670379
v -2.834832 1.999937 0.670379
v -2.834832 1.890933 0.670379
v -2.954832 0.610933 -0.085620
v -2.834832 0.610933 -0.085620
v -2.954832 0.673581 -0.241365
v -2.834832 0.673581 -0.241365
v -2.954832 0.855391 -0.381864
v -2.834832 0.855391 -0.381864
v -2.954832 1.017461 -0.445679
v -2.834832 1.017461 -0.445679
v -2.954832 0.610933 0.166380
v -2.834832 0.610933 0.166379
v -2.954832 0.673581 0.322124
v -2.834832 0.673581 0.322124
v -2.954832 0.855391 0.462623
v -2.834832 0.855391 0.462623
v -2.954832 1.138568 0.574124
v -2.834832 1.138568 0.574124
v -2.834832 1.495392 0.645712
v -2.954832 1.495392 0.645712
vn -0.0000 1.0000 -0.0000
vn -0.0000 0.9808 0.1951
vn -0.0000 0.9239 0.3827
vn -0.0000 0.8315 0.5556
vn -0.0000 0.7071 0.7071
vn -0.0000 0.5556 0.8315
vn -0.0000 0.3827 0.9239
vn -0.0000 0.1951 0.9808
vn -0.0000 -0.0000 1.0000
vn -0.0000 -0.1951 0.9808
vn -0.0000 -0.3827 0.9239
vn -0.0000 -0.5556 0.8315
vn -0.0000 -0.7071 0.7071
vn -0.0000 -0.8315 0.5556
vn -0.0000 -0.9239 0.3827
vn -0.0000 -0.9808 0.1951
vn -0.0000 -1.0000 -0.0000
vn -0.0000 -0.9808 -0.1951
vn -0.0000 -0.9239 -0.3827
vn -0.0000 -0.8315 -0.5556
vn -0.0000 -0.7071 -0.7071
vn -0.0000 -0.5556 -0.8315
vn -0.0000 -0.3827 -0.9239
vn -0.0000 -0.1951 -0.9808
vn -0.0000 -0.0000 -1.0000
vn -0.0000 0.1951 -0.9808
vn -0.0000 0.3827 -0.9239
vn -0.0000 0.5556 -0.8315
vn -0.0000 0.7071 -0.7071
vn -0.0000 0.8315 -0.5556
vn -0.0000 0.9239 -0.3827
vn -1.0000 -0.0000 -0.0000
vn -0.0000 0.9808 -0.1951
vn 1.0000 -0.0000 -0.0000
vn -0.0000 0.9818 -0.1901
vn -0.0000 0.9818 0.1901
vn -0.0000 0.0311 0.9995
vn -0.0000 0.9278 -0.3732
vn -0.0000 0.6115 -0.7913
vn -0.0000 0.4939 -0.8695
vn -0.0000 0.2826 -0.9592
vn -0.0000 0.1298 -0.9915
vn -0.0000 0.0311 -0.9995
vn -0.0000 0.9278 0.3732
vn -0.0000 0.6115 0.7913
vn -0.0000 0.4939 0.8695
vn -0.0000 0.2826 0.9592
vn -0.0000 0.1298 0.9915
vn -0.0000 -0.0311 -0.9995
vn -0.0000 -0.9278 -0.3732
vn -0.0000 -0.9818 -0.1901
vn -0.0000 -0.6115 -0.7913
vn -0.0000 -0.4939 -0.8695
vn -0.0000 -0.2826 -0.9592
vn -0.0000 -0.3664 -0.9305
vn -0.0000 -0.1298 -0.9915
vn -0.0000 -0.9818 0.1901
vn -0.0000 -0.9278 0.3732
vn -0.0000 -0.6115 0.7913
vn -0.0000 -0.4939 0.8695
vn -0.0000 -0.2826 0.9592
vn -0.0000 -0.1298 0.9915
vn -0.0000 -0.0311 0.9995
vn -0.0000 -0.4714 -0.8819
vn -1.0000 -0.0000 0.0001
vn -1.0000 -0.0000 -0.0001
vn 1.0000 -0.0000 0.0001
vn 1.0000 -0.0000 -0.0001
vt 0.022739 0.982128
vt 0.206698 0.880550
vt 0.807259 0.352479
vt 0.973347 0.574694
vt 0.023657 0.982128
vt 0.207211 0.881317
vt 0.974265 0.574694
vt 0.806746 0.353246
vt 0.024540 0.982128
vt 0.207564 0.882169
vt 0.975148 0.574694
vt 0.806393 0.354099
vt 0.025354 0.982128
vt 0.207744 0.883075
vt 0.975962 0.574694
vt 0.806213 0.355004
vt 0.026067 0.982128
vt 0.977260 0.358169
vt 0.207744 0.883997
vt 0.976675 0.574694
vt 0.053083 0.965841
vt 0.806213 0.355927
vt 0.977954 0.358169
vt 0.207564 0.884902
vt 0.053776 0.965841
vt 0.806393 0.356832
vt 0.978753 0.358169
vt 0.207211 0.885755
vt 0.054575 0.965841
vt 0.806746 0.357684
vt 0.979626 0.358169
vt 0.206698 0.886522
vt 0.055449 0.965841
vt 0.807259 0.358452
vt 0.980541 0.358169
vt 0.206046 0.887175
vt 0.056364 0.965841
vt 0.807911 0.359104
vt 0.981462 0.358169
vt 0.205279 0.887688
vt 0.057284 0.965841
vt 0.808678 0.359617
vt 0.982353 0.358169
vt 0.204426 0.888041
vt 0.058176 0.965841
vt 0.809530 0.359970
vt 0.983180 0.358169
vt 0.203522 0.888221
vt 0.059003 0.965841
vt 0.810435 0.360150
vt 0.983912 0.358169
vt 0.564229 0.986907
vt 0.202599 0.888221
vt 0.059735 0.965841
vt 0.040346 0.955401
vt 0.811358 0.360150
vt 0.564981 0.986907
vt 0.201694 0.888041
vt 0.041097 0.955401
vt 0.812263 0.359970
vt 0.565822 0.986907
vt 0.200842 0.887688
vt 0.041939 0.955401
vt 0.813115 0.359617
vt 0.566721 0.986907
vt 0.200074 0.887175
vt 0.042838 0.955401
vt 0.813882 0.359104
vt 0.567643 0.986907
vt 0.199422 0.886522
vt 0.043760 0.955401
vt 0.814535 0.358452
vt 0.568553 0.986907
vt 0.198909 0.885755
vt 0.044670 0.955401
vt 0.815047 0.357684
vt 0.569416 0.986907
vt 0.198556 0.884902
vt 0.045533 0.955401
vt 0.815400 0.356832
vt 0.570198 0.986907
vt 0.314164 0.968368
vt 0.198376 0.883997
vt 0.046315 0.955401
vt 0.976675 0.574694
vt 0.815580 0.355927
vt 0.313365 0.968368
vt 0.198376 0.883075
vt 0.977474 0.574694
vt 0.815580 0.355004
vt 0.312491 0.968368
vt 0.198556 0.882170
vt 0.978347 0.574694
vt 0.815400 0.354099
vt 0.311577 0.968368
vt 0.198909 0.881317
vt 0.979262 0.574694
vt 0.815047 0.353246
vt 0.310656 0.968368
vt 0.199422 0.880550
vt 0.980183 0.574694
vt 0.814535 0.352479
vt 0.309765 0.968368
vt 0.200074 0.879897
vt 0.981074 0.574694
vt 0.813882 0.351826
vt 0.308937 0.968368
vt 0.200842 0.879384
vt 0.981902 0.574694
vt 0.813115 0.351314
vt 0.308206 0.968368
vt 0.201694 0.879031
vt 0.982633 0.574694
vt 0.812263 0.350960
vt 0.307597 0.968368
vt 0.018826 0.982128
vt 0.202599 0.878851
vt 0.983242 0.574694
vt 0.969434 0.574694
vt 0.811358 0.350780
vt 0.019411 0.982128
vt 0.203521 0.878851
vt 0.970019 0.574694
vt 0.810435 0.350780
vt 0.020124 0.982128
vt 0.204426 0.879031
vt 0.970732 0.574694
vt 0.809530 0.350960
vt 0.020938 0.982128
vt 0.205279 0.879384
vt 0.808678 0.351314
vt 0.971546 0.574694
vt 0.021821 0.982128
vt 0.206046 0.879897
vt 0.807911 0.351826
vt 0.972429 0.574694
vt 0.022739 0.965398
vt 0.307090 0.627896
vt 0.584126 0.230170
vt 0.221759 0.399433
vt 0.589774 0.230170
vt 0.412859 0.633859
vt 0.973347 0.591857
vt 0.216066 0.880550
vt 0.023657 0.965398
vt 0.306437 0.627244
vt 0.584126 0.231088
vt 0.221107 0.400086
vt 0.589774 0.231088
vt 0.413511 0.634512
vt 0.974265 0.591857
vt 0.216578 0.881317
vt 0.024540 0.965398
vt 0.305670 0.626731
vt 0.584126 0.231971
vt 0.220339 0.400598
vt 0.589774 0.231971
vt 0.414279 0.635024
vt 0.975148 0.591857
vt 0.216932 0.882169
vt 0.025354 0.965398
vt 0.304818 0.626378
vt 0.584126 0.232785
vt 0.219487 0.400952
vt 0.589774 0.232785
vt 0.415131 0.635377
vt 0.975962 0.591857
vt 0.217112 0.883075
vt 0.026067 0.965398
vt 0.977260 0.341439
vt 0.303913 0.626198
vt 0.866317 0.760237
vt 0.584126 0.233499
vt 0.218582 0.401132
vt 0.589774 0.233499
vt 0.860669 0.760237
vt 0.416036 0.635557
vt 0.053083 0.983004
vt 0.976675 0.591857
vt 0.217112 0.883997
vt 0.977954 0.341439
vt 0.302990 0.626198
vt 0.866317 0.759543
vt 0.217660 0.401132
vt 0.860669 0.759543
vt 0.416958 0.635557
vt 0.053776 0.983004
vt 0.216932 0.884902
vt 0.978753 0.341439
vt 0.302086 0.626378
vt 0.866317 0.758744
vt 0.216755 0.400951
vt 0.860669 0.758744
vt 0.417863 0.635377
vt 0.054575 0.983004
vt 0.216578 0.885755
vt 0.979626 0.341439
vt 0.301233 0.626731
vt 0.866317 0.757870
vt 0.215902 0.400598
vt 0.860669 0.757870
vt 0.418716 0.635024
vt 0.055449 0.983004
vt 0.216066 0.886522
vt 0.980541 0.341439
vt 0.300466 0.627244
vt 0.866317 0.756955
vt 0.215135 0.400086
vt 0.860669 0.756955
vt 0.419483 0.634512
vt 0.056364 0.983004
vt 0.215414 0.887175
vt 0.981462 0.341439
vt 0.299814 0.627896
vt 0.866317 0.756034
vt 0.214483 0.399433
vt 0.860669 0.756034
vt 0.420135 0.633859
vt 0.057284 0.983004
vt 0.214646 0.887688
vt 0.982353 0.341439
vt 0.299301 0.628663
vt 0.866317 0.755143
vt 0.213970 0.398666
vt 0.860669 0.755143
vt 0.420648 0.633092
vt 0.058176 0.983004
vt 0.213794 0.888041
vt 0.983180 0.341439
vt 0.298948 0.629516
vt 0.866317 0.754315
vt 0.213617 0.397813
vt 0.860669 0.754315
vt 0.421001 0.632239
vt 0.059003 0.983004
vt 0.212889 0.888221
vt 0.983912 0.341439
vt 0.564229 0.970177
vt 0.298768 0.630421
vt 0.495588 0.714243
vt 0.866317 0.753583
vt 0.213437 0.396908
vt 0.860669 0.753583
vt 0.501236 0.714243
vt 0.421181 0.631334
vt 0.040346 0.972564
vt 0.059735 0.983004
vt 0.211966 0.888221
vt 0.564981 0.970177
vt 0.298768 0.631344
vt 0.495588 0.714995
vt 0.213437 0.395985
vt 0.501236 0.714995
vt 0.421181 0.630411
vt 0.041097 0.972564
vt 0.211062 0.888041
vt 0.565822 0.970177
vt 0.298948 0.632249
vt 0.495588 0.715836
vt 0.213617 0.395080
vt 0.501236 0.715836
vt 0.421001 0.629506
vt 0.041939 0.972564
vt 0.210209 0.887688
vt 0.566721 0.970177
vt 0.299301 0.633102
vt 0.495588 0.716735
vt 0.213970 0.394228
vt 0.501236 0.716735
vt 0.420648 0.628654
vt 0.042838 0.972564
vt 0.209442 0.887175
vt 0.567643 0.970177
vt 0.299814 0.633869
vt 0.495588 0.717658
vt 0.214483 0.393460
vt 0.501236 0.717658
vt 0.420135 0.627886
vt 0.043760 0.972564
vt 0.208790 0.886522
vt 0.568553 0.970177
vt 0.300466 0.634521
vt 0.495588 0.718568
vt 0.215135 0.392808
vt 0.501236 0.718568
vt 0.419483 0.627234
vt 0.044670 0.972564
vt 0.208277 0.885755
vt 0.569416 0.970177
vt 0.301233 0.635034
vt 0.495588 0.719431
vt 0.215902 0.392295
vt 0.501236 0.719431
vt 0.418716 0.626721
vt 0.045533 0.972564
vt 0.207924 0.884902
vt 0.570198 0.970177
vt 0.314164 0.985099
vt 0.302086 0.635387
vt 0.862600 0.352820
vt 0.495588 0.720213
vt 0.216755 0.391942
vt 0.501236 0.720213
vt 0.868247 0.352820
vt 0.417863 0.626368
vt 0.976675 0.591857
vt 0.046315 0.972564
vt 0.207744 0.883997
vt 0.313365 0.985099
vt 0.302990 0.635567
vt 0.862600 0.353619
vt 0.217660 0.391762
vt 0.868247 0.353619
vt 0.416958 0.626188
vt 0.977474 0.591857
vt 0.207744 0.883075
vt 0.312492 0.985099
vt 0.303913 0.635567
vt 0.862600 0.354493
vt 0.218582 0.391762
vt 0.868247 0.354493
vt 0.416036 0.626188
vt 0.978347 0.591857
vt 0.207924 0.882170
vt 0.311577 0.985099
vt 0.304818 0.635387
vt 0.862600 0.355408
vt 0.219487 0.391942
vt 0.868247 0.355408
vt 0.415131 0.626368
vt 0.979262 0.591857
vt 0.208277 0.881317
vt 0.310656 0.985099
vt 0.305670 0.635034
vt 0.862600 0.356328
vt 0.220339 0.392295
vt 0.868247 0.356328
vt 0.414279 0.626721
vt 0.980183 0.591857
vt 0.208790 0.880550
vt 0.309765 0.985099
vt 0.306437 0.634521
vt 0.862600 0.357220
vt 0.221107 0.392808
vt 0.868247 0.357220
vt 0.413511 0.627234
vt 0.981074 0.591857
vt 0.209442 0.879897
vt 0.308937 0.985099
vt 0.307090 0.633869
vt 0.862600 0.358047
vt 0.221759 0.393460
vt 0.868247 0.358047
vt 0.412859 0.627886
vt 0.981902 0.591857
vt 0.210209 0.879384
vt 0.308206 0.985099
vt 0.307602 0.633102
vt 0.862600 0.358780
vt 0.222272 0.394228
vt 0.868247 0.358780
vt 0.412346 0.628654
vt 0.982633 0.591857
vt 0.211062 0.879031
vt 0.307597 0.985099
vt 0.018826 0.965398
vt 0.307956 0.632249
vt 0.862600 0.359388
vt 0.584126 0.226256
vt 0.222625 0.395080
vt 0.868247 0.359388
vt 0.589774 0.226256
vt 0.411993 0.629506
vt 0.969434 0.591857
vt 0.983242 0.591857
vt 0.211966 0.878851
vt 0.019411 0.965398
vt 0.308136 0.631344
vt 0.584126 0.226841
vt 0.222805 0.395985
vt 0.589774 0.226841
vt 0.411813 0.630411
vt 0.970019 0.591857
vt 0.212889 0.878851
vt 0.020124 0.965398
vt 0.308136 0.630421
vt 0.584126 0.227555
vt 0.222805 0.396908
vt 0.589774 0.227555
vt 0.411813 0.631334
vt 0.970732 0.591857
vt 0.213794 0.879031
vt 0.020938 0.965398
vt 0.307956 0.629516
vt 0.584126 0.228369
vt 0.222625 0.397813
vt 0.589774 0.228369
vt 0.411993 0.632239
vt 0.971546 0.591857
vt 0.214646 0.879384
vt 0.021821 0.965398
vt 0.307602 0.628663
vt 0.584126 0.229252
vt 0.222272 0.398666
vt 0.589774 0.229252
vt 0.412346 0.633092
vt 0.972429 0.591857
vt 0.215414 0.879897
vt 0.596363 0.207061
vt 0.661443 0.723519
vt 0.090416 0.812291
vt 0.886975 0.260843
vt 0.637722 0.663264
vt 0.429751 0.820573
vt 0.875568 0.324588
vt 0.217908 0.738108
vt 0.654113 0.720570
vt 0.596363 0.199730
vt 0.217908 0.795918
vt 0.880368 0.265176
vt 0.090416 0.819805
vt 0.429751 0.862750
vt 0.647500 0.712012
vt 0.596363 0.193116
vt 0.875568 0.274869
vt 0.217908 0.787148
vt 0.642253 0.698681
vt 0.429751 0.852123
vt 0.873044 0.288971
vt 0.217908 0.773654
vt 0.638883 0.681884
vt 0.429751 0.837590
vt 0.873044 0.306103
vt 0.217908 0.756756
vt 0.160725 0.680778
vt 0.411866 0.820573
vt 0.875568 0.192431
vt 0.223556 0.738108
vt 0.137004 0.741033
vt 0.578479 0.207061
vt 0.886975 0.256176
vt 0.084769 0.812291
vt 0.159564 0.699398
vt 0.411866 0.837590
vt 0.873044 0.210915
vt 0.223556 0.756756
vt 0.873044 0.228047
vt 0.223556 0.773654
vt 0.156195 0.716195
vt 0.411866 0.852123
vt 0.150947 0.729526
vt 0.578479 0.193116
vt 0.411866 0.862750
vt 0.875568 0.242150
vt 0.223556 0.787148
vt 0.144334 0.738084
vt 0.578479 0.199730
vt 0.880368 0.251842
vt 0.084769 0.819806
vt 0.223556 0.795918
vt 0.697024 0.663264
vt 0.489940 0.657502
vt 0.673303 0.723519
vt 0.596363 0.218924
vt 0.898603 0.258509
vt 0.090416 0.800455
vt 0.695863 0.681884
vt 0.489940 0.676074
vt 0.692493 0.698681
vt 0.489940 0.692753
vt 0.687246 0.712012
vt 0.489940 0.705905
vt 0.914537 0.267049
vt 0.045994 0.945060
vt 0.680633 0.720570
vt 0.596363 0.226256
vt 0.489940 0.714243
vt 0.906370 0.259959
vt 0.090416 0.793341
vt 0.045994 0.955401
vt 0.578479 0.218924
vt 0.125144 0.741033
vt 0.084769 0.800455
vt 0.898603 0.258509
vt 0.101424 0.680778
vt 0.507825 0.657502
vt 0.507825 0.714243
vt 0.117814 0.738084
vt 0.578479 0.226256
vt 0.040346 0.955401
vt 0.906370 0.257060
vt 0.084769 0.793341
vt 0.914537 0.249969
vt 0.040346 0.945060
vt 0.111202 0.729526
vt 0.507825 0.705905
vt 0.105954 0.716195
vt 0.507825 0.692753
vt 0.507825 0.676074
vt 0.102585 0.699398
vt 0.637722 0.633136
vt 0.429751 0.792377
vt 0.661443 0.572881
vt 0.391267 0.954091
vt 0.638883 0.614516
vt 0.429751 0.774542
vt 0.642253 0.597719
vt 0.429751 0.757634
vt 0.647500 0.584389
vt 0.429751 0.743309
vt 0.654113 0.575830
vt 0.391267 0.946976
vt 0.429751 0.732969
vt 0.137004 0.590395
vt 0.327060 0.916514
vt 0.160725 0.650650
vt 0.411866 0.792377
vt 0.327060 0.909400
vt 0.144335 0.593344
vt 0.411866 0.732969
vt 0.150947 0.601903
vt 0.411866 0.743309
vt 0.156195 0.615233
vt 0.411866 0.757634
vt 0.159564 0.632030
vt 0.411866 0.774542
vt 0.673303 0.572881
vt 0.391267 0.965926
vt 0.697024 0.633136
vt 0.489940 0.627391
vt 0.391267 0.973441
vt 0.680633 0.575830
vt 0.489940 0.569580
vt 0.687246 0.584389
vt 0.489940 0.578350
vt 0.692493 0.597719
vt 0.489940 0.591844
vt 0.695863 0.614516
vt 0.489940 0.608743
vt 0.101424 0.650650
vt 0.507825 0.627391
vt 0.125144 0.590395
vt 0.327060 0.928350
vt 0.102585 0.632030
vt 0.507825 0.608743
vt 0.105954 0.615233
vt 0.507825 0.591844
vt 0.111202 0.601903
vt 0.507825 0.578350
vt 0.117814 0.593344
vt 0.327060 0.935865
vt 0.507825 0.569580
vt 0.764220 0.976522
vt 0.829689 0.747280
vt 0.766040 0.976522
vt 0.830714 0.745745
vt 0.767766 0.976522
vt 0.832018 0.744440
vt 0.769330 0.976522
vt 0.103601 0.978315
vt 0.833553 0.743415
vt 0.105200 0.978315
vt 0.835258 0.742709
vt 0.106947 0.978315
vt 0.837067 0.742349
vt 0.108776 0.978315
vt 0.838912 0.742349
vt 0.110618 0.978315
vt 0.840722 0.742709
vt 0.112400 0.978315
vt 0.842427 0.743415
vt 0.114055 0.978315
vt 0.843961 0.744440
vt 0.115519 0.978315
vt 0.845266 0.745745
vt 0.116735 0.978315
vt 0.210035 0.379175
vt 0.846291 0.747280
vt 0.208864 0.379175
vt 0.846997 0.748985
vt 0.207438 0.379175
vt 0.847358 0.750795
vt 0.205811 0.379175
vt 0.847358 0.752641
vt 0.204045 0.379175
vt 0.846997 0.754451
vt 0.202209 0.379175
vt 0.846291 0.756156
vt 0.200372 0.379175
vt 0.845266 0.757691
vt 0.198606 0.379175
vt 0.843961 0.758996
vt 0.196979 0.379175
vt 0.842427 0.760021
vt 0.195553 0.379175
vt 0.757392 0.958633
vt 0.840722 0.760728
vt 0.756005 0.958633
vt 0.838912 0.761088
vt 0.754407 0.958633
vt 0.837067 0.761088
vt 0.752660 0.958633
vt 0.835258 0.760728
vt 0.750830 0.958633
vt 0.833553 0.760021
vt 0.748989 0.958633
vt 0.832018 0.758996
vt 0.747206 0.958633
vt 0.830714 0.757691
vt 0.745552 0.958633
vt 0.829689 0.756156
vt 0.744088 0.958633
vt 0.757393 0.976522
vt 0.828982 0.754451
vt 0.758895 0.976522
vt 0.828622 0.752641
vt 0.760578 0.976522
vt 0.828622 0.750795
vt 0.762376 0.976522
vt 0.828982 0.748985
vt 0.126644 0.733463
vt 0.769330 0.958633
vt 0.103601 0.960427
vt 0.128271 0.734333
vt 0.767766 0.958633
vt 0.123863 0.730521
vt 0.107333 0.960427
vt 0.124047 0.730865
vt 0.106947 0.960427
vt 0.125217 0.732292
vt 0.105200 0.960427
vt 0.141286 0.725634
vt 0.750830 0.976521
vt 0.141105 0.723798
vt 0.752660 0.976521
vt 0.141105 0.727471
vt 0.748989 0.976521
vt 0.139700 0.720404
vt 0.756005 0.976521
vt 0.139700 0.730865
vt 0.745552 0.976521
vt 0.140570 0.729237
vt 0.747206 0.976521
vt 0.140570 0.722031
vt 0.754407 0.976521
vt 0.195553 0.397063
vt 0.138529 0.718977
vt 0.757392 0.976521
vt 0.138529 0.732292
vt 0.744088 0.976521
vt 0.757393 0.958633
vt 0.137103 0.717806
vt 0.196979 0.397063
vt 0.137103 0.733463
vt 0.758895 0.958633
vt 0.135476 0.716936
vt 0.198606 0.397063
vt 0.133710 0.716400
vt 0.200372 0.397063
vt 0.135476 0.734333
vt 0.760578 0.958633
vt 0.133710 0.734868
vt 0.762376 0.958633
vt 0.131873 0.716219
vt 0.202209 0.397063
vt 0.131873 0.735049
vt 0.764220 0.958633
vt 0.130037 0.716400
vt 0.204045 0.397063
vt 0.130037 0.734868
vt 0.766040 0.958633
vt 0.128271 0.716936
vt 0.205811 0.397063
vt 0.126644 0.717806
vt 0.207438 0.397063
vt 0.116735 0.960427
vt 0.124047 0.720404
vt 0.210035 0.397063
vt 0.125217 0.718977
vt 0.208864 0.397063
vt 0.122460 0.725634
vt 0.112400 0.960427
vt 0.122641 0.723798
vt 0.114055 0.960427
vt 0.122641 0.727471
vt 0.110618 0.960427
vt 0.123177 0.722031
vt 0.115519 0.960427
vt 0.123177 0.729237
vt 0.108776 0.960427
vt 0.496059 0.627391
vt 0.919991 0.278969
vt 0.045994 0.936862
vt 0.496059 0.632519
vt 0.918982 0.273938
vt 0.918982 0.243080
vt 0.501707 0.632519
vt 0.040346 0.936862
vt 0.919991 0.238049
vt 0.501707 0.627391
vt 0.397386 0.954091
vt 0.896955 0.345048
vt 0.896955 0.171970
vt 0.320941 0.916514
vt 0.423633 0.732969
vt 0.397386 0.946976
vt 0.889189 0.343599
vt 0.889189 0.173420
vt 0.320941 0.909400
vt 0.417985 0.732969
vt 0.423633 0.743309
vt 0.881022 0.336508
vt 0.881022 0.180510
vt 0.417985 0.743309
vt 0.423633 0.751508
vt 0.876577 0.329619
vt 0.217908 0.732979
vt 0.223556 0.732979
vt 0.417985 0.751508
vt 0.397386 0.965926
vt 0.908584 0.342714
vt 0.908584 0.174304
vt 0.320941 0.928350
vt 0.397386 0.973441
vt 0.496059 0.569580
vt 0.915191 0.338381
vt 0.320941 0.935865
vt 0.501707 0.569580
vt 0.915191 0.178638
vt 0.496059 0.578350
vt 0.919991 0.328688
vt 0.919991 0.188330
vt 0.501707 0.578350
vt 0.496059 0.591844
vt 0.922514 0.314586
vt 0.922514 0.202432
vt 0.501707 0.591844
vt 0.922514 0.219564
vt 0.501707 0.608743
vt 0.496059 0.608743
vt 0.922514 0.297454
s 1
usemtl 
f 2/4/1 72/151/2 68/143/1
f 1/1/1 69/145/2 3/5/2
f 70/147/2 67/141/1 71/149/2
f 4/7/2 76/159/3 72/151/2
f 3/5/2 73/153/3 5/9/3
f 74/155/3 71/149/2 75/157/3
f 6/11/3 80/167/4 76/159/3
f 5/9/3 77/161/4 7/13/4
f 78/163/4 75/157/3 79/165/4
f 8/15/4 84/179/5 80/167/4
f 7/13/4 81/169/5 9/17/5
f 82/173/5 79/165/4 83/175/5
f 10/21/5 88/187/6 84/178/5
f 11/23/6 81/170/5 85/181/6
f 83/176/5 86/183/6 82/172/5
f 12/25/6 92/195/7 88/187/6
f 13/27/7 85/181/6 89/189/7
f 87/185/6 90/191/7 86/183/6
f 14/29/7 96/203/8 92/195/7
f 15/31/8 89/189/7 93/197/8
f 91/193/7 94/199/8 90/191/7
f 16/33/8 100/211/9 96/203/8
f 17/35/9 93/197/8 97/205/9
f 95/201/8 98/207/9 94/199/8
f 18/37/9 104/219/10 100/211/9
f 19/39/10 97/205/9 101/213/10
f 99/209/9 102/215/10 98/207/9
f 20/41/10 108/227/11 104/219/10
f 21/43/11 101/213/10 105/221/11
f 103/217/10 106/223/11 102/215/10
f 22/45/11 112/235/12 108/227/11
f 23/47/12 105/221/11 109/229/12
f 107/225/11 110/231/12 106/223/11
f 24/49/12 116/247/13 112/235/12
f 25/51/13 109/229/12 113/237/13
f 111/233/12 114/241/13 110/231/12
f 26/55/13 120/255/14 116/246/13
f 27/57/14 113/238/13 117/249/14
f 115/244/13 118/251/14 114/240/13
f 28/59/14 124/263/15 120/255/14
f 29/61/15 117/249/14 121/257/15
f 119/253/14 122/259/15 118/251/14
f 30/63/15 128/271/16 124/263/15
f 31/65/16 121/257/15 125/265/16
f 123/261/15 126/267/16 122/259/15
f 32/67/16 132/279/17 128/271/16
f 33/69/17 125/265/16 129/273/17
f 127/269/16 130/275/17 126/267/16
f 34/71/17 136/287/18 132/279/17
f 35/73/18 129/273/17 133/281/18
f 131/277/17 134/283/18 130/275/17
f 36/75/18 140/295/19 136/287/18
f 37/77/19 133/281/18 137/289/19
f 135/285/18 138/291/19 134/283/18
f 38/79/19 144/307/20 140/295/19
f 39/81/20 137/289/19 141/297/20
f 139/293/19 142/301/20 138/291/19
f 40/85/20 148/315/21 144/306/20
f 41/87/21 141/298/20 145/309/21
f 143/304/20 146/311/21 142/300/20
f 42/89/21 152/323/22 148/315/21
f 41/87/21 149/317/22 43/91/22
f 150/319/22 147/313/21 151/321/22
f 44/93/22 156/331/23 152/323/22
f 43/91/22 153/325/23 45/95/23
f 154/327/23 151/321/22 155/329/23
f 46/97/23 160/339/24 156/331/23
f 45/95/23 157/333/24 47/99/24
f 158/335/24 155/329/23 159/337/24
f 48/101/24 164/347/25 160/339/24
f 47/99/24 161/341/25 49/103/25
f 162/343/25 159/337/24 163/345/25
f 50/105/25 168/355/26 164/347/25
f 49/103/25 165/349/26 51/107/26
f 166/351/26 163/345/25 167/353/26
f 52/109/26 172/363/27 168/355/26
f 51/107/26 169/357/27 53/111/27
f 170/359/27 167/353/26 171/361/27
f 54/113/27 176/375/28 172/363/27
f 53/111/27 173/365/28 55/115/28
f 174/368/28 171/361/27 175/371/28
f 56/119/28 180/383/29 176/374/28
f 55/116/28 177/377/29 57/121/29
f 178/379/29 175/372/28 179/381/29
f 58/123/29 184/391/30 180/383/29
f 57/121/29 181/385/30 59/125/30
f 182/387/30 179/381/29 183/389/30
f 60/127/30 188/399/31 184/391/30
f 59/125/30 185/393/31 61/129/31
f 186/395/31 183/389/30 187/397/31
f 28/60/32 12/26/32 60/128/32
f 62/132/31 192/407/33 188/399/31
f 61/129/31 189/401/33 63/133/33
f 190/403/33 187/397/31 191/405/33
f 64/136/33 68/143/1 192/407/33
f 63/133/33 65/137/1 1/1/1
f 190/403/33 67/141/1 66/139/1
f 29/62/34 45/96/34 61/130/34
f 130/276/34 162/344/34 66/140/34
f 141/299/32 109/230/32 77/162/32
f 132/280/34 164/348/34 68/144/34
f 91/194/32 187/398/32 155/330/32
f 231/493/32 208/441/32 214/454/32
f 207/440/35 218/464/36 226/481/36
f 209/443/34 308/658/34 311/664/34
f 314/670/34 226/482/34 292/624/34
f 239/509/32 236/503/32 250/534/32
f 228/486/37 325/694/9 326/697/9
f 207/440/35 197/418/38 193/409/35
f 215/457/39 199/424/40 197/418/39
f 213/453/40 201/428/41 199/422/40
f 212/450/41 203/432/42 201/428/41
f 209/444/42 195/414/43 203/432/42
f 218/464/36 229/489/44 226/481/36
f 224/477/45 232/496/46 229/487/45
f 222/472/46 233/498/47 232/496/46
f 233/498/47 220/468/48 234/499/48
f 220/468/48 228/486/37 234/499/48
f 195/414/43 242/517/49 235/502/49
f 240/512/50 328/701/51 236/504/51
f 241/515/51 331/709/50 243/518/50
f 240/513/52 332/711/53 330/705/52
f 244/522/53 331/710/52 333/714/53
f 238/508/54 245/524/54 334/715/55
f 238/508/54 246/526/56 245/524/54
f 237/506/56 242/517/49 246/526/56
f 337/723/57 258/551/58 339/727/58
f 247/528/57 338/724/58 249/531/58
f 258/552/59 341/733/60 339/728/59
f 250/535/60 338/725/59 340/730/60
f 257/549/60 343/737/61 341/733/60
f 251/537/61 340/730/60 342/734/61
f 256/547/61 344/739/62 343/737/61
f 252/539/62 342/734/61 345/740/62
f 255/545/62 327/700/63 344/739/62
f 248/530/63 345/740/62 324/691/63
f 236/504/51 336/720/57 247/528/57
f 241/515/51 337/723/57 329/704/51
f 259/553/17 314/671/18 260/555/18
f 260/555/18 292/625/19 261/557/19
f 261/557/19 291/622/20 262/559/20
f 262/560/20 295/631/21 263/562/21
f 263/562/21 294/629/22 264/564/22
f 264/564/22 294/629/22 293/627/64
f 265/566/23 321/686/24 266/568/24
f 266/568/24 319/682/25 267/570/25
f 267/570/25 320/684/26 268/572/26
f 268/572/26 322/688/27 269/574/27
f 270/576/28 322/688/27 317/676/28
f 271/579/29 317/678/28 318/680/29
f 272/581/30 318/680/29 316/675/30
f 273/583/31 316/675/30 315/673/31
f 274/585/33 315/673/31 313/669/33
f 275/587/1 313/669/33 311/665/1
f 276/589/2 311/665/1 308/659/2
f 277/591/3 308/659/2 307/657/3
f 278/593/4 307/657/3 305/653/4
f 279/595/5 305/653/4 303/646/5
f 280/598/6 303/648/5 299/639/6
f 281/600/7 299/639/6 302/645/7
f 282/602/8 302/645/7 297/635/8
f 282/602/8 296/633/9 283/604/9
f 284/606/10 296/633/9 298/637/10
f 285/608/11 298/637/10 301/643/11
f 285/608/11 300/641/12 286/610/12
f 286/610/12 304/650/13 287/612/13
f 287/613/13 306/655/14 288/615/14
f 288/615/14 309/661/15 289/617/15
f 289/617/15 310/663/16 290/619/16
f 290/619/16 312/667/17 259/553/17
f 265/567/34 273/584/34 281/601/34
f 219/466/51 208/442/57 227/483/51
f 324/692/34 200/425/34 223/473/34
f 198/421/58 208/442/57 194/411/57
f 200/426/60 216/460/59 198/419/59
f 202/430/61 214/455/60 200/426/60
f 204/434/62 211/448/61 202/430/61
f 196/416/63 210/446/62 204/434/62
f 230/492/50 219/466/51 227/483/51
f 231/494/53 225/480/52 230/490/52
f 223/474/53 326/698/55 325/693/55
f 206/438/63 334/717/9 335/718/9
f 2/4/1 4/7/2 72/151/2
f 1/1/1 65/137/1 69/145/2
f 70/147/2 66/139/1 67/141/1
f 4/7/2 6/11/3 76/159/3
f 3/5/2 69/145/2 73/153/3
f 74/155/3 70/147/2 71/149/2
f 6/11/3 8/15/4 80/167/4
f 5/9/3 73/153/3 77/161/4
f 78/163/4 74/155/3 75/157/3
f 8/15/4 10/20/5 84/179/5
f 7/13/4 77/161/4 81/169/5
f 82/173/5 78/163/4 79/165/4
f 10/21/5 12/25/6 88/187/6
f 11/23/6 9/18/5 81/170/5
f 83/176/5 87/185/6 86/183/6
f 12/25/6 14/29/7 92/195/7
f 13/27/7 11/23/6 85/181/6
f 87/185/6 91/193/7 90/191/7
f 14/29/7 16/33/8 96/203/8
f 15/31/8 13/27/7 89/189/7
f 91/193/7 95/201/8 94/199/8
f 16/33/8 18/37/9 100/211/9
f 17/35/9 15/31/8 93/197/8
f 95/201/8 99/209/9 98/207/9
f 18/37/9 20/41/10 104/219/10
f 19/39/10 17/35/9 97/205/9
f 99/209/9 103/217/10 102/215/10
f 20/41/10 22/45/11 108/227/11
f 21/43/11 19/39/10 101/213/10
f 103/217/10 107/225/11 106/223/11
f 22/45/11 24/49/12 112/235/12
f 23/47/12 21/43/11 105/221/11
f 107/225/11 111/233/12 110/231/12
f 24/49/12 26/54/13 116/247/13
f 25/51/13 23/47/12 109/229/12
f 111/233/12 115/243/13 114/241/13
f 26/55/13 28/59/14 120/255/14
f 27/57/14 25/52/13 113/238/13
f 115/244/13 119/253/14 118/251/14
f 28/59/14 30/63/15 124/263/15
f 29/61/15 27/57/14 117/249/14
f 119/253/14 123/261/15 122/259/15
f 30/63/15 32/67/16 128/271/16
f 31/65/16 29/61/15 121/257/15
f 123/261/15 127/269/16 126/267/16
f 32/67/16 34/71/17 132/279/17
f 33/69/17 31/65/16 125/265/16
f 127/269/16 131/277/17 130/275/17
f 34/71/17 36/75/18 136/287/18
f 35/73/18 33/69/17 129/273/17
f 131/277/17 135/285/18 134/283/18
f 36/75/18 38/79/19 140/295/19
f 37/77/19 35/73/18 133/281/18
f 135/285/18 139/293/19 138/291/19
f 38/79/19 40/84/20 144/307/20
f 39/81/20 37/77/19 137/289/19
f 139/293/19 143/303/20 142/301/20
f 40/85/20 42/89/21 148/315/21
f 41/87/21 39/82/20 141/298/20
f 143/304/20 147/313/21 146/311/21
f 42/89/21 44/93/22 152/323/22
f 41/87/21 145/309/21 149/317/22
f 150/319/22 146/311/21 147/313/21
f 44/93/22 46/97/23 156/331/23
f 43/91/22 149/317/22 153/325/23
f 154/327/23 150/319/22 151/321/22
f 46/97/23 48/101/24 160/339/24
f 45/95/23 153/325/23 157/333/24
f 158/335/24 154/327/23 155/329/23
f 48/101/24 50/105/25 164/347/25
f 47/99/24 157/333/24 161/341/25
f 162/343/25 158/335/24 159/337/24
f 50/105/25 52/109/26 168/355/26
f 49/103/25 161/341/25 165/349/26
f 166/351/26 162/343/25 163/345/25
f 52/109/26 54/113/27 172/363/27
f 51/107/26 165/349/26 169/357/27
f 170/359/27 166/351/26 167/353/26
f 54/113/27 56/118/28 176/375/28
f 53/111/27 169/357/27 173/365/28
f 174/368/28 170/359/27 171/361/27
f 56/119/28 58/123/29 180/383/29
f 55/116/28 173/366/28 177/377/29
f 178/379/29 174/369/28 175/372/28
f 58/123/29 60/127/30 184/391/30
f 57/121/29 177/377/29 181/385/30
f 182/387/30 178/379/29 179/381/29
f 60/127/30 62/132/31 188/399/31
f 59/125/30 181/385/30 185/393/31
f 186/395/31 182/387/30 183/389/30
f 60/128/32 58/124/32 56/120/32
f 56/120/32 54/114/32 52/110/32
f 52/110/32 50/106/32 48/102/32
f 48/102/32 46/98/32 44/94/32
f 44/94/32 42/90/65 40/86/32
f 40/86/32 38/80/32 36/76/32
f 36/76/32 34/72/32 32/68/32
f 32/68/32 30/64/32 28/60/32
f 28/60/32 26/56/66 24/50/32
f 24/50/32 22/46/32 20/42/32
f 20/42/32 18/38/32 16/34/32
f 16/34/32 14/30/32 12/26/32
f 12/26/32 10/22/32 8/16/32
f 8/16/32 6/12/32 4/8/32
f 4/8/32 2/3/32 64/135/32
f 64/135/32 62/131/32 60/128/32
f 60/128/32 56/120/32 52/110/32
f 52/110/32 48/102/32 44/94/32
f 44/94/32 40/86/32 36/76/32
f 36/76/32 32/68/32 28/60/32
f 28/60/32 24/50/32 20/42/32
f 20/42/32 16/34/32 12/26/32
f 12/26/32 8/16/32 4/8/32
f 4/8/32 64/135/32 60/128/32
f 60/128/32 52/110/32 44/94/32
f 44/94/32 36/76/32 28/60/32
f 28/60/32 20/42/32 12/26/32
f 12/26/32 4/8/32 60/128/32
f 60/128/32 44/94/32 28/60/32
f 62/132/31 64/136/33 192/407/33
f 61/129/31 185/393/31 189/401/33
f 190/403/33 186/395/31 187/397/31
f 64/136/33 2/4/1 68/143/1
f 63/133/33 189/401/33 65/137/1
f 190/403/33 191/405/33 67/141/1
f 61/130/34 63/134/34 5/10/34
f 63/134/34 1/2/34 5/10/34
f 1/2/34 3/6/34 5/10/34
f 5/10/34 7/14/34 9/19/34
f 9/19/34 11/24/34 5/10/34
f 11/24/34 13/28/34 5/10/34
f 13/28/34 15/32/34 21/44/34
f 15/32/34 17/36/67 21/44/34
f 17/36/67 19/40/68 21/44/34
f 21/44/34 23/48/67 25/53/34
f 25/53/34 27/58/34 21/44/34
f 27/58/34 29/62/34 21/44/34
f 29/62/34 31/66/34 37/78/34
f 31/66/34 33/70/34 37/78/34
f 33/70/34 35/74/34 37/78/34
f 37/78/34 39/83/34 41/88/68
f 41/88/68 43/92/34 37/78/34
f 43/92/34 45/96/34 37/78/34
f 45/96/34 47/100/34 53/112/34
f 47/100/34 49/104/67 53/112/34
f 49/104/67 51/108/34 53/112/34
f 53/112/34 55/117/34 57/122/34
f 57/122/34 59/126/34 53/112/34
f 59/126/34 61/130/34 53/112/34
f 61/130/34 5/10/34 13/28/34
f 13/28/34 21/44/34 29/62/34
f 29/62/34 37/78/34 45/96/34
f 45/96/34 53/112/34 61/130/34
f 61/130/34 13/28/34 29/62/34
f 66/140/34 70/148/34 82/174/34
f 70/148/34 74/156/34 82/174/34
f 74/156/34 78/164/67 82/174/34
f 82/174/34 86/184/67 90/192/34
f 90/192/34 94/200/68 98/208/34
f 98/208/34 102/216/34 114/242/34
f 102/216/34 106/224/34 114/242/34
f 106/224/34 110/232/67 114/242/34
f 114/242/34 118/252/34 122/260/34
f 122/260/34 126/268/34 130/276/34
f 130/276/34 134/284/34 146/312/34
f 134/284/34 138/292/34 146/312/34
f 138/292/34 142/302/68 146/312/34
f 146/312/34 150/320/68 154/328/34
f 154/328/34 158/336/67 162/344/34
f 162/344/34 166/352/34 178/380/34
f 166/352/34 170/360/34 178/380/34
f 170/360/34 174/370/68 178/380/34
f 178/380/34 182/388/34 186/396/34
f 186/396/34 190/404/34 66/140/34
f 82/174/34 90/192/34 98/208/34
f 114/242/34 122/260/34 130/276/34
f 146/312/34 154/328/34 162/344/34
f 178/380/34 186/396/34 66/140/34
f 66/140/34 82/174/34 98/208/34
f 98/208/34 114/242/34 130/276/34
f 130/276/34 146/312/34 162/344/34
f 162/344/34 178/380/34 66/140/34
f 66/140/34 98/208/34 130/276/34
f 77/162/32 73/154/32 69/146/32
f 69/146/32 65/138/32 189/402/32
f 189/402/32 185/394/32 181/386/32
f 181/386/32 177/378/32 189/402/32
f 177/378/32 173/367/32 189/402/32
f 173/367/32 169/358/32 165/350/32
f 165/350/32 161/342/32 157/334/32
f 157/334/32 153/326/32 149/318/32
f 149/318/32 145/310/32 157/334/32
f 145/310/32 141/299/32 157/334/32
f 141/299/32 137/290/32 133/282/32
f 133/282/32 129/274/32 125/266/32
f 125/266/32 121/258/32 117/250/32
f 117/250/32 113/239/32 125/266/32
f 113/239/32 109/230/32 125/266/32
f 109/230/32 105/222/32 101/214/32
f 101/214/32 97/206/32 93/198/32
f 93/198/32 89/190/32 85/182/32
f 85/182/32 81/171/32 93/198/32
f 81/171/32 77/162/32 93/198/32
f 77/162/32 69/146/32 189/402/32
f 173/367/32 165/350/32 157/334/32
f 141/299/32 133/282/32 125/266/32
f 109/230/32 101/214/32 93/198/32
f 77/162/32 189/402/32 173/367/32
f 173/367/32 157/334/32 141/299/32
f 141/299/32 125/266/32 109/230/32
f 109/230/32 93/198/32 77/162/32
f 77/162/32 173/367/32 141/299/32
f 68/144/34 72/152/34 84/180/34
f 72/152/34 76/160/34 84/180/34
f 76/160/34 80/168/67 84/180/34
f 84/180/34 88/188/67 92/196/34
f 92/196/34 96/204/68 100/212/34
f 100/212/34 104/220/34 116/248/34
f 104/220/34 108/228/34 116/248/34
f 108/228/34 112/236/67 116/248/34
f 116/248/34 120/256/34 124/264/34
f 124/264/34 128/272/34 132/280/34
f 132/280/34 136/288/34 148/316/34
f 136/288/34 140/296/34 148/316/34
f 140/296/34 144/308/68 148/316/34
f 148/316/34 152/324/68 156/332/34
f 156/332/34 160/340/67 164/348/34
f 164/348/34 168/356/34 180/384/34
f 168/356/34 172/364/34 180/384/34
f 172/364/34 176/376/68 180/384/34
f 180/384/34 184/392/34 188/400/34
f 188/400/34 192/408/34 68/144/34
f 84/180/34 92/196/34 100/212/34
f 116/248/34 124/264/34 132/280/34
f 148/316/34 156/332/34 164/348/34
f 180/384/34 188/400/34 68/144/34
f 68/144/34 84/180/34 100/212/34
f 100/212/34 116/248/34 132/280/34
f 132/280/34 148/316/34 164/348/34
f 164/348/34 180/384/34 68/144/34
f 68/144/34 100/212/34 132/280/34
f 155/330/32 151/322/65 147/314/32
f 147/314/32 143/305/32 155/330/32
f 143/305/32 139/294/32 155/330/32
f 139/294/32 135/286/32 123/262/32
f 135/286/32 131/278/32 123/262/32
f 131/278/32 127/270/32 123/262/32
f 123/262/32 119/254/32 115/245/32
f 115/245/32 111/234/32 123/262/32
f 111/234/32 107/226/32 123/262/32
f 107/226/32 103/218/32 91/194/32
f 103/218/32 99/210/32 91/194/32
f 99/210/32 95/202/65 91/194/32
f 91/194/32 87/186/66 83/177/32
f 83/177/32 79/166/32 91/194/32
f 79/166/32 75/158/32 91/194/32
f 75/158/32 71/150/32 187/398/32
f 71/150/32 67/142/32 187/398/32
f 67/142/32 191/406/32 187/398/32
f 187/398/32 183/390/32 179/382/32
f 179/382/32 175/373/32 187/398/32
f 175/373/32 171/362/32 187/398/32
f 171/362/32 167/354/32 155/330/32
f 167/354/32 163/346/32 155/330/32
f 163/346/32 159/338/66 155/330/32
f 155/330/32 139/294/32 123/262/32
f 123/262/32 107/226/32 91/194/32
f 91/194/32 75/158/32 187/398/32
f 187/398/32 171/362/32 155/330/32
f 155/330/32 123/262/32 91/194/32
f 206/437/32 333/713/32 341/732/32
f 333/713/32 331/708/32 329/703/32
f 341/732/32 333/713/32 337/722/32
f 329/703/32 337/722/32 333/713/32
f 337/722/32 339/729/32 341/732/32
f 341/732/32 343/736/32 206/437/32
f 343/736/32 344/738/32 210/445/32
f 344/738/32 327/699/32 211/447/32
f 327/699/32 326/696/32 231/493/32
f 211/447/32 327/699/32 214/454/32
f 231/493/32 230/491/32 227/484/32
f 208/441/32 231/493/32 227/484/32
f 208/441/32 216/458/32 214/454/32
f 211/447/32 210/445/32 344/738/32
f 214/454/32 327/699/32 231/493/32
f 210/445/32 206/437/32 343/736/32
f 207/440/35 193/409/35 218/464/36
f 323/689/34 293/626/34 229/488/34
f 229/488/34 232/495/34 323/689/34
f 232/495/34 233/497/34 320/683/34
f 323/689/34 232/495/34 321/685/34
f 233/497/34 234/500/34 316/674/34
f 234/500/34 228/485/34 311/664/34
f 316/674/34 234/500/34 315/672/34
f 228/485/34 253/540/34 242/516/34
f 253/540/34 255/544/34 242/516/34
f 255/544/34 256/546/34 245/523/34
f 256/546/34 257/548/34 245/523/34
f 257/548/34 258/550/34 254/542/34
f 254/542/34 241/514/34 244/521/34
f 241/514/34 243/519/34 244/521/34
f 244/521/34 245/523/34 257/548/34
f 254/542/34 244/521/34 257/548/34
f 245/523/34 246/525/34 255/544/34
f 246/525/34 242/516/34 255/544/34
f 242/516/34 205/435/34 228/485/34
f 205/435/34 209/443/34 311/664/34
f 228/485/34 205/435/34 311/664/34
f 209/443/34 212/449/34 305/652/34
f 212/449/34 213/451/34 297/634/34
f 301/642/34 213/451/34 215/456/34
f 215/456/34 207/439/34 306/654/34
f 300/640/34 215/456/34 304/649/34
f 306/654/34 304/649/34 215/456/34
f 213/451/34 301/642/34 298/636/34
f 215/456/34 300/640/34 301/642/34
f 321/685/34 232/495/34 319/681/34
f 319/681/34 232/495/34 320/683/34
f 213/451/34 298/636/34 296/632/34
f 213/451/34 296/632/34 297/634/34
f 322/687/34 320/683/34 233/497/34
f 317/677/34 322/687/34 233/497/34
f 212/449/34 297/634/34 302/644/34
f 212/449/34 302/644/34 299/638/34
f 318/679/34 317/677/34 233/497/34
f 316/674/34 318/679/34 233/497/34
f 212/449/34 299/638/34 303/647/34
f 212/449/34 303/647/34 305/652/34
f 315/672/34 234/500/34 313/668/34
f 313/668/34 234/500/34 311/664/34
f 209/443/34 305/652/34 307/656/34
f 209/443/34 307/656/34 308/658/34
f 309/660/34 306/654/34 207/439/34
f 207/439/34 226/482/34 312/666/34
f 226/482/34 229/488/34 295/630/34
f 312/666/34 226/482/34 314/670/34
f 229/488/34 293/626/34 294/628/34
f 229/488/34 294/628/34 295/630/34
f 310/662/34 309/660/34 207/439/34
f 312/666/34 310/662/34 207/439/34
f 295/630/34 291/621/34 226/482/34
f 291/621/34 292/624/34 226/482/34
f 222/471/32 224/475/32 218/463/32
f 218/463/32 193/410/32 199/423/32
f 193/410/32 197/417/32 199/423/32
f 199/423/32 201/427/32 222/471/32
f 201/427/32 203/431/32 220/467/32
f 203/431/32 195/413/32 220/467/32
f 195/413/32 235/501/32 248/529/32
f 235/501/32 237/505/32 248/529/32
f 237/505/32 238/507/32 251/536/32
f 238/507/32 239/509/32 251/536/32
f 239/509/32 240/511/32 236/503/32
f 236/503/32 247/527/32 250/534/32
f 247/527/32 249/532/32 250/534/32
f 250/534/32 251/536/32 239/509/32
f 251/536/32 252/538/32 237/505/32
f 252/538/32 248/529/32 237/505/32
f 248/529/32 217/461/32 195/413/32
f 217/461/32 220/467/32 195/413/32
f 220/467/32 221/469/32 201/427/32
f 221/469/32 222/471/32 201/427/32
f 222/471/32 218/463/32 199/423/32
f 327/700/63 253/541/63 326/697/9
f 253/541/63 228/486/37 326/697/9
f 228/486/37 217/462/37 325/694/9
f 217/462/37 248/530/63 325/694/9
f 248/530/63 324/691/63 325/694/9
f 207/440/35 215/457/38 197/418/38
f 215/457/39 213/452/40 199/424/40
f 213/453/40 212/450/41 201/428/41
f 212/450/41 209/444/42 203/432/42
f 209/444/42 205/436/43 195/414/43
f 218/464/36 224/476/44 229/489/44
f 224/477/45 222/472/46 232/496/46
f 222/472/46 221/470/47 233/498/47
f 233/498/47 221/470/47 220/468/48
f 220/468/48 217/462/37 228/486/37
f 195/414/43 205/436/43 242/517/49
f 240/512/50 330/706/50 328/701/51
f 241/515/51 329/704/51 331/709/50
f 240/513/52 239/510/53 332/711/53
f 244/522/53 243/520/52 331/710/52
f 334/715/55 332/711/53 239/510/53
f 245/524/54 244/522/53 335/719/55
f 244/522/53 333/714/53 335/719/55
f 334/715/55 239/510/53 238/508/54
f 245/524/54 335/719/55 334/715/55
f 238/508/54 237/506/56 246/526/56
f 237/506/56 235/502/49 242/517/49
f 337/723/57 254/543/57 258/551/58
f 247/528/57 336/720/57 338/724/58
f 258/552/59 257/549/60 341/733/60
f 250/535/60 249/533/59 338/725/59
f 257/549/60 256/547/61 343/737/61
f 251/537/61 250/535/60 340/730/60
f 256/547/61 255/545/62 344/739/62
f 252/539/62 251/537/61 342/734/61
f 255/545/62 253/541/63 327/700/63
f 248/530/63 252/539/62 345/740/62
f 236/504/51 328/701/51 336/720/57
f 241/515/51 254/543/57 337/723/57
f 259/553/17 312/667/17 314/671/18
f 260/555/18 314/671/18 292/625/19
f 261/557/19 292/625/19 291/622/20
f 262/560/20 291/623/20 295/631/21
f 263/562/21 295/631/21 294/629/22
f 293/627/64 323/690/23 265/566/23
f 265/566/23 264/564/22 293/627/64
f 265/566/23 323/690/23 321/686/24
f 266/568/24 321/686/24 319/682/25
f 267/570/25 319/682/25 320/684/26
f 268/572/26 320/684/26 322/688/27
f 270/576/28 269/574/27 322/688/27
f 271/579/29 270/577/28 317/678/28
f 272/581/30 271/579/29 318/680/29
f 273/583/31 272/581/30 316/675/30
f 274/585/33 273/583/31 315/673/31
f 275/587/1 274/585/33 313/669/33
f 276/589/2 275/587/1 311/665/1
f 277/591/3 276/589/2 308/659/2
f 278/593/4 277/591/3 307/657/3
f 279/595/5 278/593/4 305/653/4
f 280/598/6 279/596/5 303/648/5
f 281/600/7 280/598/6 299/639/6
f 282/602/8 281/600/7 302/645/7
f 282/602/8 297/635/8 296/633/9
f 284/606/10 283/604/9 296/633/9
f 285/608/11 284/606/10 298/637/10
f 285/608/11 301/643/11 300/641/12
f 286/610/12 300/641/12 304/650/13
f 287/613/13 304/651/13 306/655/14
f 288/615/14 306/655/14 309/661/15
f 289/617/15 309/661/15 310/663/16
f 290/619/16 310/663/16 312/667/17
f 289/618/34 290/620/34 259/554/34
f 259/554/34 260/556/34 261/558/34
f 261/558/34 262/561/34 263/563/34
f 263/563/34 264/565/34 261/558/34
f 264/565/34 265/567/34 261/558/34
f 265/567/34 266/569/34 267/571/34
f 267/571/34 268/573/34 265/567/34
f 268/573/34 269/575/34 265/567/34
f 269/575/34 270/578/34 271/580/34
f 271/580/34 272/582/34 273/584/34
f 273/584/34 274/586/34 275/588/34
f 275/588/34 276/590/34 277/592/34
f 277/592/34 278/594/34 279/597/34
f 279/597/34 280/599/34 281/601/34
f 281/601/34 282/603/34 285/609/34
f 282/603/34 283/605/34 285/609/34
f 283/605/34 284/607/34 285/609/34
f 285/609/34 286/611/34 289/618/34
f 286/611/34 287/614/34 289/618/34
f 287/614/34 288/616/34 289/618/34
f 289/618/34 259/554/34 261/558/34
f 269/575/34 271/580/34 273/584/34
f 273/584/34 275/588/34 281/601/34
f 275/588/34 277/592/34 281/601/34
f 277/592/34 279/597/34 281/601/34
f 289/618/34 261/558/34 265/567/34
f 265/567/34 269/575/34 273/584/34
f 281/601/34 285/609/34 289/618/34
f 289/618/34 265/567/34 281/601/34
f 219/466/51 194/411/57 208/442/57
f 332/712/34 334/716/34 196/415/34
f 196/415/34 204/433/34 342/735/34
f 204/433/34 202/429/34 345/741/34
f 342/735/34 204/433/34 345/741/34
f 202/429/34 200/425/34 324/692/34
f 200/425/34 198/420/34 194/412/34
f 219/465/34 200/425/34 194/412/34
f 219/465/34 225/478/34 223/473/34
f 223/473/34 325/695/34 324/692/34
f 324/692/34 345/741/34 202/429/34
f 342/735/34 340/731/34 196/415/34
f 340/731/34 338/726/34 336/721/34
f 332/712/34 340/731/34 328/702/34
f 336/721/34 328/702/34 340/731/34
f 328/702/34 330/707/34 332/712/34
f 332/712/34 196/415/34 340/731/34
f 200/425/34 219/465/34 223/473/34
f 198/421/58 216/459/58 208/442/57
f 200/426/60 214/455/60 216/460/59
f 202/430/61 211/448/61 214/455/60
f 204/434/62 210/446/62 211/448/61
f 196/416/63 206/438/63 210/446/62
f 230/492/50 225/479/50 219/466/51
f 231/494/53 223/474/53 225/480/52
f 223/474/53 231/494/53 326/698/55
f 206/438/63 196/416/63 334/717/9
o arm.r
v 3.465252 0.968876 0.023404
v 2.365252 0.968876 0.023404
v 3.465252 0.966955 0.042913
v 2.365252 0.966955 0.042913
v 3.465252 0.961264 0.061672
v 2.365252 0.961264 0.061672
v 3.465252 0.952023 0.078961
v 2.365252 0.952023 0.078961
v 3.465252 0.939587 0.094114
v 2.365252 0.939587 0.094115
v 3.465252 0.924433 0.106551
v 2.365252 0.924433 0.106551
v 3.465252 0.907145 0.115792
v 2.365252 0.907144 0.115792
v 3.465252 0.888385 0.121482
v 2.365252 0.888385 0.121483
v 3.465252 0.868876 0.123404
v 2.365252 0.868876 0.123404
v 3.465252 0.849367 0.121482
v 2.365252 0.849367 0.121483
v 3.465252 0.830608 0.115792
v 2.365252 0.830607 0.115792
v 3.465252 0.813319 0.106551
v 2.365252 0.813319 0.106551
v 3.465252 0.798165 0.094114
v 2.365252 0.798165 0.094115
v 3.465252 0.785729 0.078961
v 2.365252 0.785729 0.078961
v 3.465252 0.776488 0.061672
v 2.365252 0.776488 0.061672
v 3.465252 0.770797 0.042913
v 2.365252 0.770797 0.042913
v 3.465252 0.768876 0.023404
v 2.365252 0.768876 0.023404
v 3.465252 0.770797 0.003895
v 2.365252 0.770797 0.003895
v 3.465252 0.776488 -0.014865
v 2.365252 0.776488 -0.014864
v 3.465252 0.785729 -0.032153
v 2.365252 0.785729 -0.032153
v 3.465252 0.798165 -0.047307
v 2.365252 0.798165 -0.047307
v 3.465252 0.813319 -0.059743
v 2.365252 0.813319 -0.059743
v 3.465252 0.830608 -0.068984
v 2.365252 0.830607 -0.068984
v 3.465252 0.849367 -0.074675
v 2.365252 0.849367 -0.074674
v 3.465252 0.868876 -0.076596
v 2.365252 0.868876 -0.076596
v 3.465252 0.888385 -0.074675
v 2.365252 0.888385 -0.074674
v 3.465252 0.907145 -0.068984
v 2.365252 0.907144 -0.068984
v 3.465252 0.924433 -0.059743
v 2.365252 0.924433 -0.059743
v 3.465252 0.939587 -0.047307
v 2.365252 0.939587 -0.047307
v 3.465252 0.952023 -0.032153
v 2.365252 0.952023 -0.032153
v 3.465252 0.961264 -0.014865
v 2.365252 0.961264 -0.014864
v 3.465252 0.966955 0.003895
v 2.365252 0.966955 0.003895
v 3.109850 0.968876 0.023404
v 2.979850 0.968876 0.023404
v 2.859850 0.968876 0.023404
v 2.729850 0.968876 0.023404
v 3.109850 0.966955 0.042913
v 2.979850 0.966955 0.042913
v 2.859850 0.966955 0.042913
v 2.729850 0.966955 0.042913
v 3.109850 0.961264 0.061672
v 2.979850 0.961264 0.061672
v 2.859850 0.961264 0.061672
v 2.729850 0.961264 0.061672
v 3.109850 0.952023 0.078961
v 2.979850 0.952023 0.078961
v 2.859850 0.952023 0.078961
v 2.729850 0.952023 0.078961
v 3.109850 0.939587 0.094115
v 2.979850 0.939587 0.094115
v 2.859850 0.939587 0.094115
v 2.729850 0.939587 0.094115
v 3.109850 0.924433 0.106551
v 2.979850 0.924433 0.106551
v 2.859850 0.924433 0.106551
v 2.729850 0.924433 0.106551
v 3.109850 0.907145 0.115792
v 2.979850 0.907145 0.115792
v 2.859850 0.907145 0.115792
v 2.729850 0.907145 0.115792
v 3.109850 0.888385 0.121482
v 2.979850 0.888385 0.121482
v 2.859850 0.888385 0.121482
v 2.729850 0.888385 0.121482
v 3.109850 0.868876 0.123404
v 2.979850 0.868876 0.123404
v 2.859850 0.868876 0.123404
v 2.729850 0.868876 0.123404
v 3.109850 0.849367 0.121482
v 2.979850 0.849367 0.121482
v 2.859850 0.849367 0.121482
v 2.729850 0.849367 0.121482
v 3.109850 0.830607 0.115792
v 2.979850 0.830607 0.115792
v 2.859850 0.830607 0.115792
v 2.729850 0.830607 0.115792
v 3.109850 0.813319 0.106551
v 2.979850 0.813319 0.106551
v 2.859850 0.813319 0.106551
v 2.729850 0.813319 0.106551
v 3.109850 0.798165 0.094115
v 2.979850 0.798165 0.094115
v 2.859850 0.798165 0.094115
v 2.729850 0.798165 0.094115
v 3.109850 0.785729 0.078961
v 2.979850 0.785729 0.078961
v 2.859850 0.785729 0.078961
v 2.729850 0.785729 0.078961
v 3.109850 0.776488 0.061672
v 2.979850 0.776488 0.061672
v 2.859850 0.776488 0.061672
v 2.729850 0.776488 0.061672
v 3.109850 0.770797 0.042913
v 2.979850 0.770797 0.042913
v 2.859850 0.770797 0.042913
v 2.729850 0.770797 0.042913
v 3.109850 0.768876 0.023404
v 2.979850 0.768876 0.023404
v 2.859850 0.768876 0.023404
v 2.729850 0.768876 0.023404
v 3.109850 0.770797 0.003895
v 2.979850 0.770797 0.003895
v 2.859850 0.770797 0.003895
v 2.729850 0.770797 0.003895
v 3.109850 0.776488 -0.014864
v 2.979850 0.776488 -0.014864
v 2.859850 0.776488 -0.014864
v 2.729850 0.776488 -0.014864
v 3.109850 0.785729 -0.032153
v 2.979850 0.785729 -0.032153
v 2.859850 0.785729 -0.032153
v 2.729850 0.785729 -0.032153
v 3.109850 0.798165 -0.047307
v 2.979850 0.798165 -0.047307
v 2.859850 0.798165 -0.047307
v 2.729850 0.798165 -0.047307
v 3.109850 0.813319 -0.059743
v 2.979850 0.813319 -0.059743
v 2.859850 0.813319 -0.059743
v 2.729850 0.813319 -0.059743
v 3.109850 0.830607 -0.068984
v 2.979850 0.830607 -0.068984
v 2.859850 0.830607 -0.068984
v 2.729850 0.830607 -0.068984
v 3.109850 0.849367 -0.074675
v 2.979850 0.849367 -0.074675
v 2.859850 0.849367 -0.074675
v 2.729850 0.849367 -0.074675
v 3.109850 0.868876 -0.076596
v 2.979850 0.868876 -0.076596
v 2.859850 0.868876 -0.076596
v 2.729850 0.868876 -0.076596
v 3.109850 0.888385 -0.074675
v 2.979850 0.888385 -0.074675
v 2.859850 0.888385 -0.074675
v 2.729850 0.888385 -0.074675
v 3.109850 0.907145 -0.068984
v 2.979850 0.907145 -0.068984
v 2.859850 0.907145 -0.068984
v 2.729850 0.907145 -0.068984
v 3.109850 0.924433 -0.059743
v 2.979850 0.924433 -0.059743
v 2.859850 0.924433 -0.059743
v 2.729850 0.924433 -0.059743
v 3.109850 0.939587 -0.047307
v 2.979850 0.939587 -0.047307
v 2.859850 0.939587 -0.047307
v 2.729850 0.939587 -0.047307
v 3.109850 0.952023 -0.032153
v 2.979850 0.952023 -0.032153
v 2.859850 0.952023 -0.032153
v 2.729850 0.952023 -0.032153
v 3.109850 0.961264 -0.014864
v 2.979850 0.961264 -0.014864
v 2.859850 0.961264 -0.014864
v 2.729850 0.961264 -0.014864
v 3.109850 0.966955 0.003895
v 2.979850 0.966955 0.003895
v 2.859850 0.966955 0.003895
v 2.729850 0.966955 0.003895
v 2.729850 3.810934 -0.085620
v 2.859850 2.406466 0.058322
v 2.729850 2.530933 -0.589620
v 2.859850 1.126465 -0.445678
v 2.729850 3.748287 -0.241364
v 2.859850 2.343817 -0.097423
v 2.729850 3.566475 -0.381864
v 2.859850 2.162006 -0.237922
v 2.729850 3.283298 -0.493364
v 2.859850 1.878830 -0.349423
v 2.729850 2.926476 -0.564952
v 2.859850 1.522007 -0.421011
v 3.109850 2.530933 -0.589620
v 2.979850 1.126465 -0.445678
v 3.109850 3.810934 -0.085620
v 2.979850 2.406466 0.058322
v 3.109850 2.926476 -0.564952
v 2.979850 1.522007 -0.421011
v 2.979850 1.878830 -0.349423
v 3.109850 3.283298 -0.493364
v 3.109850 3.566475 -0.381864
v 2.979850 2.162006 -0.237922
v 3.109850 3.748287 -0.241364
v 2.979850 2.343817 -0.097423
v 2.729850 2.530933 0.670380
v 2.729850 3.810934 0.166380
v 2.859850 2.406466 0.310322
v 2.729850 2.926476 0.645713
v 2.729850 3.283298 0.574125
v 2.729850 3.566475 0.462624
v 2.859850 2.162006 0.606565
v 2.729850 3.748287 0.322125
v 2.859850 2.343817 0.466066
v 3.109850 3.810934 0.166380
v 2.979850 2.406466 0.310321
v 3.109850 2.530933 0.670380
v 3.109850 3.748287 0.322125
v 2.979850 2.343817 0.466066
v 2.979850 2.162006 0.606565
v 3.109850 3.566475 0.462624
v 3.109850 3.283298 0.574125
v 3.109850 2.926476 0.645713
v 2.729850 1.890934 -0.589620
v 2.729850 0.610933 -0.085620
v 2.729850 1.495392 -0.564952
v 2.729850 1.138568 -0.493364
v 2.729850 0.855392 -0.381864
v 2.729850 0.673581 -0.241364
v 3.109850 0.610933 -0.085620
v 3.109850 1.890934 -0.589620
v 3.109850 0.673581 -0.241364
v 3.109850 0.855392 -0.381864
v 3.109850 1.138568 -0.493364
v 3.109850 1.495392 -0.564952
v 2.729850 0.610933 0.166380
v 2.729850 1.890934 0.670380
v 2.729850 0.673581 0.322125
v 2.729850 0.855392 0.462624
v 2.729850 1.138568 0.574125
v 2.729850 1.495392 0.645713
v 3.109850 1.890934 0.670380
v 3.109850 0.610933 0.166380
v 3.109850 1.495392 0.645713
v 3.109850 1.138568 0.574125
v 3.109850 0.855392 0.462624
v 3.109850 0.673581 0.322125
v 2.729850 3.683815 0.023404
v 2.729850 3.679972 0.062422
v 2.729850 3.668591 0.099941
v 2.729850 3.650108 0.134518
v 2.729850 3.625237 0.164825
v 2.729850 3.594929 0.189698
v 2.729850 3.560350 0.208180
v 2.729850 3.522833 0.219561
v 2.729850 3.483814 0.223404
v 2.729850 3.444796 0.219561
v 2.729850 3.407278 0.208180
v 2.729850 3.372700 0.189698
v 2.729850 3.342394 0.164825
v 2.729850 3.317520 0.134518
v 2.729850 3.299038 0.099941
v 2.729850 3.287657 0.062422
v 2.729850 3.283813 0.023404
v 2.729850 3.287657 -0.015614
v 2.729850 3.299038 -0.053133
v 2.729850 3.317520 -0.087710
v 2.729850 3.342394 -0.118017
v 2.729850 3.372700 -0.142890
v 2.729850 3.407278 -0.161372
v 2.729850 3.444796 -0.172753
v 2.729850 3.483814 -0.176596
v 2.729850 3.522833 -0.172753
v 2.729850 3.560350 -0.161372
v 2.729850 3.594929 -0.142890
v 2.729850 3.625237 -0.118017
v 2.729850 3.650108 -0.087710
v 2.729850 3.668591 -0.053133
v 2.729850 3.679972 -0.015614
v 3.109850 3.650108 0.134518
v 3.109850 3.668591 0.099941
v 3.109850 3.587626 0.193602
v 3.109850 3.594929 0.189698
v 3.109850 3.625237 0.164825
v 3.109850 3.483814 -0.176596
v 3.109850 3.444796 -0.172753
v 3.109850 3.522833 -0.172753
v 3.109850 3.372700 -0.142890
v 3.109850 3.594929 -0.142890
v 3.109850 3.560350 -0.161372
v 3.109850 3.407278 -0.161372
v 3.109850 3.342394 -0.118017
v 3.109850 3.625237 -0.118017
v 3.109850 3.317520 -0.087710
v 3.109850 3.650108 -0.087710
v 3.109850 3.299038 -0.053133
v 3.109850 3.287657 -0.015614
v 3.109850 3.668591 -0.053133
v 3.109850 3.679972 -0.015614
v 3.109850 3.283813 0.023404
v 3.109850 3.683815 0.023404
v 3.109850 3.287657 0.062422
v 3.109850 3.679972 0.062422
v 3.109850 3.299038 0.099941
v 3.109850 3.317520 0.134518
v 3.109850 3.372700 0.189698
v 3.109850 3.342394 0.164825
v 3.109850 3.483814 0.223404
v 3.109850 3.444796 0.219561
v 3.109850 3.522833 0.219561
v 3.109850 3.407278 0.208180
v 3.109850 3.560350 0.208180
v 2.859850 1.890934 0.670380
v 2.859850 1.999937 0.670380
v 2.979850 1.999937 0.670380
v 2.979850 1.890934 0.670380
v 2.859850 0.610933 -0.085620
v 2.979850 0.610933 -0.085620
v 2.859850 0.673581 -0.241364
v 2.979850 0.673581 -0.241364
v 2.859850 0.855392 -0.381864
v 2.979850 0.855392 -0.381864
v 2.859850 1.017461 -0.445678
v 2.979850 1.017461 -0.445678
v 2.859850 0.610933 0.166380
v 2.979850 0.610933 0.166380
v 2.859850 0.673581 0.322125
v 2.979850 0.673581 0.322125
v 2.859850 0.855392 0.462624
v 2.979850 0.855392 0.462624
v 2.859850 1.138568 0.574125
v 2.979850 1.138568 0.574125
v 2.979850 1.495392 0.645713
v 2.859850 1.495392 0.645713
vn -0.0000 1.0000 -0.0000
vn -0.0000 0.9808 0.1951
vn -0.0000 0.9239 0.3827
vn -0.0000 0.8315 0.5556
vn -0.0000 0.7071 0.7071
vn -0.0000 0.5556 0.8315
vn -0.0000 0.3827 0.9239
vn -0.0000 0.1951 0.9808
vn -0.0000 -0.0000 1.0000
vn -0.0000 -0.1951 0.9808
vn -0.0000 -0.3827 0.9239
vn -0.0000 -0.5556 0.8315
vn -0.0000 -0.7071 0.7071
vn -0.0000 -0.8315 0.5556
vn -0.0000 -0.9239 0.3827
vn -0.0000 -0.9808 0.1951
vn -0.0000 -1.0000 -0.0000
vn -0.0000 -0.9808 -0.1951
vn -0.0000 -0.9239 -0.3827
vn -0.0000 -0.8315 -0.5556
vn -0.0000 -0.7071 -0.7071
vn -0.0000 -0.5556 -0.8315
vn -0.0000 -0.3827 -0.9239
vn -0.0000 -0.1951 -0.9808
vn -0.0000 -0.0000 -1.0000
vn -0.0000 0.1951 -0.9808
vn -0.0000 0.3827 -0.9239
vn -0.0000 0.5556 -0.8315
vn -0.0000 0.7071 -0.7071
vn -0.0000 0.8315 -0.5556
vn -0.0000 0.9239 -0.3827
vn -1.0000 -0.0000 -0.0000
vn -0.0000 0.9808 -0.1951
vn 1.0000 -0.0000 -0.0000
vn -0.0000 0.9818 -0.1901
vn -0.0000 0.9818 0.1901
vn -0.0000 0.0311 0.9995
vn -0.0000 0.9278 -0.3732
vn -0.0000 0.6115 -0.7913
vn -0.0000 0.4938 -0.8695
vn -0.0000 0.2826 -0.9592
vn -0.0000 0.1298 -0.9915
vn -0.0000 0.0311 -0.9995
vn -0.0000 0.9278 0.3732
vn -0.0000 0.6115 0.7913
vn -0.0000 0.4938 0.8695
vn -0.0000 0.2826 0.9592
vn -0.0000 0.1298 0.9915
vn -0.0000 -0.0311 -0.9995
vn -0.0000 -0.9278 -0.3732
vn -0.0000 -0.9818 -0.1901
vn -0.0000 -0.6115 -0.7913
vn -0.0000 -0.4939 -0.8695
vn -0.0000 -0.2826 -0.9592
vn -0.0000 -0.3664 -0.9305
vn -0.0000 -0.1298 -0.9915
vn -0.0000 -0.9818 0.1901
vn -0.0000 -0.9278 0.3732
vn -0.0000 -0.6115 0.7913
vn -0.0000 -0.4939 0.8695
vn -0.0000 -0.2826 0.9592
vn -0.0000 -0.1298 0.9915
vn -0.0000 -0.0311 0.9995
vn -0.0000 -0.4714 -0.8819
vn -1.0000 -0.0000 -0.0001
vn -1.0000 -0.0000 0.0001
vn 1.0000 -0.0000 0.0001
vn 1.0000 -0.0000 -0.0001
vt 0.916754 0.981803
vt 0.318744 0.728018
vt 0.512346 0.874075
vt 0.303713 0.962358
vt 0.917673 0.981803
vt 0.318231 0.727251
vt 0.304631 0.962358
vt 0.511694 0.874728
vt 0.918555 0.981803
vt 0.317878 0.726398
vt 0.305514 0.962358
vt 0.511181 0.875495
vt 0.919369 0.981803
vt 0.317698 0.725493
vt 0.306328 0.962358
vt 0.510828 0.876348
vt 0.920082 0.981803
vt 0.977719 0.073220
vt 0.317698 0.724570
vt 0.307041 0.962358
vt 0.046430 0.965841
vt 0.510648 0.877253
vt 0.978413 0.073220
vt 0.317878 0.723665
vt 0.047124 0.965841
vt 0.510648 0.878175
vt 0.979212 0.073220
vt 0.318231 0.722812
vt 0.047923 0.965841
vt 0.510828 0.879081
vt 0.980086 0.073220
vt 0.318744 0.722045
vt 0.048797 0.965841
vt 0.511181 0.879933
vt 0.981000 0.073220
vt 0.319396 0.721393
vt 0.049711 0.965841
vt 0.511694 0.880700
vt 0.981921 0.073220
vt 0.320163 0.720880
vt 0.050632 0.965841
vt 0.512346 0.881353
vt 0.982812 0.073220
vt 0.321016 0.720527
vt 0.051523 0.965841
vt 0.513114 0.881866
vt 0.983640 0.073220
vt 0.321921 0.720347
vt 0.052351 0.965841
vt 0.513966 0.882219
vt 0.984372 0.073220
vt 0.576167 0.970177
vt 0.322843 0.720347
vt 0.053083 0.965841
vt 0.326910 0.979493
vt 0.514871 0.882399
vt 0.575416 0.970177
vt 0.323748 0.720527
vt 0.326159 0.979493
vt 0.515794 0.882399
vt 0.574574 0.970177
vt 0.324601 0.720880
vt 0.325317 0.979493
vt 0.516698 0.882219
vt 0.573675 0.970177
vt 0.325368 0.721393
vt 0.324418 0.979493
vt 0.517551 0.881866
vt 0.572753 0.970177
vt 0.326020 0.722045
vt 0.323496 0.979493
vt 0.518318 0.881353
vt 0.571843 0.970177
vt 0.326533 0.722812
vt 0.322586 0.979493
vt 0.518970 0.880700
vt 0.570980 0.970177
vt 0.326886 0.723665
vt 0.321723 0.979493
vt 0.519483 0.879933
vt 0.570198 0.970177
vt 0.320731 0.968368
vt 0.327066 0.724570
vt 0.320941 0.979493
vt 0.059735 0.965841
vt 0.519836 0.879080
vt 0.319932 0.968368
vt 0.327066 0.725493
vt 0.060534 0.965841
vt 0.520016 0.878175
vt 0.319058 0.968368
vt 0.326886 0.726398
vt 0.061408 0.965841
vt 0.520016 0.877253
vt 0.318144 0.968368
vt 0.326533 0.727251
vt 0.062322 0.965841
vt 0.519836 0.876347
vt 0.317223 0.968368
vt 0.326020 0.728018
vt 0.063243 0.965841
vt 0.519483 0.875495
vt 0.316332 0.968368
vt 0.325368 0.728670
vt 0.064134 0.965841
vt 0.518970 0.874728
vt 0.315504 0.968368
vt 0.324601 0.729183
vt 0.064962 0.965841
vt 0.518318 0.874075
vt 0.314772 0.968368
vt 0.323748 0.729536
vt 0.065694 0.965841
vt 0.517551 0.873562
vt 0.314164 0.968368
vt 0.912841 0.981803
vt 0.322843 0.729716
vt 0.066302 0.965841
vt 0.299800 0.962358
vt 0.516698 0.873209
vt 0.913426 0.981803
vt 0.321921 0.729716
vt 0.300385 0.962358
vt 0.515793 0.873029
vt 0.914140 0.981803
vt 0.321016 0.729536
vt 0.301098 0.962358
vt 0.514871 0.873029
vt 0.914953 0.981803
vt 0.320164 0.729183
vt 0.513966 0.873209
vt 0.301912 0.962358
vt 0.915836 0.981803
vt 0.319396 0.728671
vt 0.513113 0.873562
vt 0.302795 0.962358
vt 0.916754 0.965073
vt 0.287702 0.627244
vt 0.578479 0.230170
vt 0.422272 0.722035
vt 0.584126 0.230170
vt 0.291098 0.634521
vt 0.303713 0.979521
vt 0.309181 0.627896
vt 0.917673 0.965073
vt 0.286935 0.626731
vt 0.578479 0.231088
vt 0.422924 0.721383
vt 0.584126 0.231088
vt 0.291866 0.635034
vt 0.304631 0.979521
vt 0.309834 0.627244
vt 0.918555 0.965073
vt 0.286083 0.626378
vt 0.578479 0.231971
vt 0.423692 0.720870
vt 0.584126 0.231971
vt 0.292718 0.635387
vt 0.305514 0.979521
vt 0.310601 0.626731
vt 0.919369 0.965073
vt 0.285178 0.626198
vt 0.578479 0.232785
vt 0.424544 0.720517
vt 0.584126 0.232785
vt 0.293623 0.635567
vt 0.306328 0.979521
vt 0.311453 0.626378
vt 0.920082 0.965073
vt 0.977719 0.056490
vt 0.284255 0.626198
vt 0.862600 0.359473
vt 0.578479 0.233499
vt 0.425449 0.720337
vt 0.584126 0.233499
vt 0.856952 0.359473
vt 0.294546 0.635567
vt 0.046430 0.983004
vt 0.307041 0.979521
vt 0.312358 0.626198
vt 0.978413 0.056490
vt 0.283351 0.626378
vt 0.862600 0.358780
vt 0.426371 0.720337
vt 0.856952 0.358780
vt 0.295450 0.635387
vt 0.047124 0.983004
vt 0.313281 0.626198
vt 0.979212 0.056490
vt 0.282498 0.626731
vt 0.862600 0.357980
vt 0.427276 0.720517
vt 0.856952 0.357980
vt 0.296303 0.635034
vt 0.047923 0.983004
vt 0.314186 0.626378
vt 0.980086 0.056490
vt 0.281731 0.627244
vt 0.862600 0.357106
vt 0.428129 0.720870
vt 0.856952 0.357106
vt 0.297070 0.634521
vt 0.048797 0.983004
vt 0.315038 0.626731
vt 0.981000 0.056490
vt 0.281079 0.627896
vt 0.862600 0.356191
vt 0.428896 0.721383
vt 0.856952 0.356191
vt 0.297722 0.633869
vt 0.049711 0.983004
vt 0.315805 0.627244
vt 0.981921 0.056490
vt 0.280566 0.628663
vt 0.862600 0.355271
vt 0.429548 0.722035
vt 0.856952 0.355271
vt 0.298235 0.633102
vt 0.050632 0.983004
vt 0.316457 0.627896
vt 0.982812 0.056490
vt 0.280213 0.629516
vt 0.862600 0.354379
vt 0.430061 0.722803
vt 0.856952 0.354379
vt 0.298588 0.632249
vt 0.051523 0.983004
vt 0.316970 0.628663
vt 0.983640 0.056490
vt 0.280033 0.630421
vt 0.862600 0.353552
vt 0.430414 0.723655
vt 0.856952 0.353552
vt 0.298768 0.631344
vt 0.052351 0.983004
vt 0.317323 0.629516
vt 0.984372 0.056490
vt 0.576167 0.986907
vt 0.280033 0.631344
vt 0.495588 0.720213
vt 0.862600 0.352820
vt 0.430594 0.724560
vt 0.856952 0.352820
vt 0.489940 0.720213
vt 0.298768 0.630421
vt 0.326910 0.962329
vt 0.053083 0.983004
vt 0.317503 0.630421
vt 0.575416 0.986907
vt 0.280213 0.632249
vt 0.495588 0.719462
vt 0.430594 0.725483
vt 0.489940 0.719462
vt 0.298588 0.629516
vt 0.326159 0.962329
vt 0.317503 0.631344
vt 0.574574 0.986907
vt 0.280566 0.633102
vt 0.495588 0.718620
vt 0.430414 0.726388
vt 0.489940 0.718620
vt 0.298235 0.628663
vt 0.325317 0.962329
vt 0.317323 0.632249
vt 0.573675 0.986907
vt 0.281079 0.633869
vt 0.495588 0.717721
vt 0.430061 0.727241
vt 0.489940 0.717721
vt 0.297722 0.627896
vt 0.324418 0.962329
vt 0.316970 0.633102
vt 0.572753 0.986907
vt 0.281731 0.634521
vt 0.495588 0.716799
vt 0.429548 0.728008
vt 0.489940 0.716799
vt 0.297070 0.627244
vt 0.323496 0.962329
vt 0.316457 0.633869
vt 0.571843 0.986907
vt 0.282498 0.635034
vt 0.495588 0.715889
vt 0.428896 0.728661
vt 0.489940 0.715889
vt 0.296303 0.626731
vt 0.322586 0.962329
vt 0.315805 0.634521
vt 0.570980 0.986907
vt 0.283350 0.635387
vt 0.495588 0.715026
vt 0.428129 0.729173
vt 0.489940 0.715026
vt 0.295451 0.626378
vt 0.321723 0.962329
vt 0.315038 0.635034
vt 0.570198 0.986907
vt 0.320731 0.985099
vt 0.284255 0.635567
vt 0.866317 0.753583
vt 0.495588 0.714243
vt 0.427276 0.729526
vt 0.489940 0.714243
vt 0.871965 0.753583
vt 0.294546 0.626198
vt 0.059735 0.983004
vt 0.320941 0.962329
vt 0.314185 0.635387
vt 0.319932 0.985099
vt 0.285178 0.635567
vt 0.866317 0.754383
vt 0.426371 0.729706
vt 0.871965 0.754383
vt 0.293623 0.626198
vt 0.060534 0.983004
vt 0.313281 0.635567
vt 0.319058 0.985099
vt 0.286083 0.635387
vt 0.866317 0.755256
vt 0.425449 0.729706
vt 0.871965 0.755256
vt 0.292718 0.626378
vt 0.061408 0.983004
vt 0.312358 0.635567
vt 0.318144 0.985099
vt 0.286935 0.635034
vt 0.866317 0.756171
vt 0.424544 0.729526
vt 0.871965 0.756171
vt 0.291866 0.626731
vt 0.062322 0.983004
vt 0.311453 0.635387
vt 0.317223 0.985099
vt 0.287702 0.634521
vt 0.866317 0.757092
vt 0.423691 0.729173
vt 0.871965 0.757092
vt 0.291099 0.627244
vt 0.063243 0.983004
vt 0.310601 0.635034
vt 0.316332 0.985099
vt 0.288355 0.633869
vt 0.866317 0.757984
vt 0.422924 0.728661
vt 0.871965 0.757984
vt 0.290446 0.627896
vt 0.064134 0.983004
vt 0.309834 0.634521
vt 0.315504 0.985099
vt 0.288867 0.633102
vt 0.866317 0.758811
vt 0.422272 0.728008
vt 0.871965 0.758811
vt 0.289934 0.628663
vt 0.064962 0.983004
vt 0.309181 0.633869
vt 0.314772 0.985099
vt 0.289220 0.632249
vt 0.866317 0.759543
vt 0.421759 0.727241
vt 0.871965 0.759543
vt 0.289580 0.629516
vt 0.065694 0.983004
vt 0.308669 0.633102
vt 0.314164 0.985099
vt 0.912841 0.965073
vt 0.289400 0.631344
vt 0.866317 0.760152
vt 0.578479 0.226256
vt 0.421406 0.726388
vt 0.871965 0.760152
vt 0.584126 0.226256
vt 0.289400 0.630421
vt 0.299800 0.979521
vt 0.066302 0.983004
vt 0.308316 0.632249
vt 0.913426 0.965073
vt 0.289400 0.630421
vt 0.578479 0.226841
vt 0.421226 0.725483
vt 0.584126 0.226841
vt 0.289400 0.631344
vt 0.300385 0.979521
vt 0.308136 0.631344
vt 0.914140 0.965073
vt 0.289220 0.629516
vt 0.578479 0.227555
vt 0.421226 0.724560
vt 0.584126 0.227555
vt 0.289580 0.632249
vt 0.301098 0.979521
vt 0.308136 0.630421
vt 0.914953 0.965073
vt 0.288867 0.628663
vt 0.578479 0.228369
vt 0.421406 0.723655
vt 0.584126 0.228369
vt 0.289934 0.633102
vt 0.301912 0.979521
vt 0.308316 0.629516
vt 0.915836 0.965073
vt 0.288355 0.627896
vt 0.578479 0.229252
vt 0.421759 0.722803
vt 0.584126 0.229252
vt 0.290446 0.633869
vt 0.302795 0.979521
vt 0.308669 0.628663
vt 0.691377 0.966255
vt 0.677915 0.150638
vt 0.888297 0.919332
vt 0.104398 0.829146
vt 0.654194 0.090383
vt 0.637722 0.663922
vt 0.092991 0.892891
vt 0.619838 0.711227
vt 0.670585 0.147689
vt 0.691377 0.958923
vt 0.619838 0.769037
vt 0.097791 0.833480
vt 0.888297 0.911818
vt 0.637722 0.706098
vt 0.663972 0.139131
vt 0.691377 0.952309
vt 0.092991 0.843172
vt 0.619838 0.760267
vt 0.658725 0.125800
vt 0.637722 0.695472
vt 0.090468 0.857275
vt 0.619838 0.746773
vt 0.655355 0.109003
vt 0.637722 0.680939
vt 0.090468 0.874407
vt 0.619838 0.729875
vt 0.489940 0.659963
vt 0.619838 0.663922
vt 0.908695 0.733109
vt 0.625486 0.711227
vt 0.466220 0.720219
vt 0.673493 0.966255
vt 0.897288 0.669364
vt 0.893945 0.919332
vt 0.488779 0.678583
vt 0.619838 0.680939
vt 0.911219 0.714625
vt 0.625486 0.729875
vt 0.911219 0.697493
vt 0.625486 0.746773
vt 0.485410 0.695380
vt 0.619838 0.695472
vt 0.480163 0.708711
vt 0.673493 0.952309
vt 0.619838 0.706098
vt 0.908695 0.683390
vt 0.625486 0.760267
vt 0.473550 0.717269
vt 0.673493 0.958923
vt 0.903895 0.673698
vt 0.893945 0.911818
vt 0.625486 0.769037
vt 0.713496 0.090383
vt 0.195553 0.322434
vt 0.689775 0.150638
vt 0.691377 0.978117
vt 0.116027 0.826813
vt 0.888297 0.931168
vt 0.712335 0.109003
vt 0.195553 0.341006
vt 0.708965 0.125800
vt 0.195553 0.357684
vt 0.703718 0.139131
vt 0.195553 0.370836
vt 0.131960 0.835353
vt 0.045994 0.926522
vt 0.697105 0.147689
vt 0.691377 0.985449
vt 0.195553 0.379175
vt 0.123793 0.828262
vt 0.888297 0.938282
vt 0.045994 0.936862
vt 0.673493 0.978117
vt 0.454360 0.720219
vt 0.893945 0.931168
vt 0.885660 0.667031
vt 0.430639 0.659963
vt 0.213437 0.322434
vt 0.213437 0.379175
vt 0.447030 0.717269
vt 0.673493 0.985449
vt 0.040346 0.936862
vt 0.877893 0.668480
vt 0.893945 0.938282
vt 0.869726 0.675571
vt 0.040346 0.926522
vt 0.440417 0.708711
vt 0.213437 0.370836
vt 0.435170 0.695380
vt 0.213437 0.357684
vt 0.213437 0.341006
vt 0.431800 0.678583
vt 0.654194 0.060255
vt 0.637722 0.635726
vt 0.677915 0.000000
vt 0.736946 0.929754
vt 0.655355 0.041635
vt 0.637722 0.617891
vt 0.658725 0.024838
vt 0.637722 0.600983
vt 0.663972 0.011508
vt 0.637722 0.586658
vt 0.670585 0.002949
vt 0.736946 0.922639
vt 0.637722 0.576318
vt 0.466220 0.569580
vt 0.327060 0.942979
vt 0.489940 0.629835
vt 0.619838 0.635726
vt 0.327060 0.935865
vt 0.473550 0.572529
vt 0.619838 0.576318
vt 0.480163 0.581088
vt 0.619838 0.586658
vt 0.485410 0.594418
vt 0.619838 0.600983
vt 0.488779 0.611215
vt 0.619838 0.617891
vt 0.689775 0.000000
vt 0.736946 0.941589
vt 0.713496 0.060255
vt 0.195553 0.292322
vt 0.736946 0.949104
vt 0.697105 0.002949
vt 0.195553 0.234512
vt 0.703718 0.011508
vt 0.195553 0.243281
vt 0.708965 0.024838
vt 0.195553 0.256776
vt 0.712335 0.041635
vt 0.195553 0.273674
vt 0.430639 0.629835
vt 0.213437 0.292322
vt 0.454360 0.569580
vt 0.327060 0.954815
vt 0.431800 0.611215
vt 0.213437 0.273674
vt 0.435170 0.594418
vt 0.213437 0.256776
vt 0.440417 0.581088
vt 0.213437 0.243281
vt 0.447030 0.572529
vt 0.327060 0.962329
vt 0.213437 0.234512
vt 0.619209 0.852035
vt 0.765490 0.175138
vt 0.617389 0.852035
vt 0.763956 0.174113
vt 0.615664 0.852035
vt 0.762651 0.172808
vt 0.614099 0.852035
vt 0.090468 0.978315
vt 0.761626 0.171273
vt 0.092066 0.978315
vt 0.760920 0.169568
vt 0.093813 0.978315
vt 0.760560 0.167758
vt 0.095643 0.978315
vt 0.760560 0.165912
vt 0.097484 0.978315
vt 0.760920 0.164102
vt 0.099266 0.978315
vt 0.761626 0.162397
vt 0.100921 0.978315
vt 0.762651 0.160862
vt 0.102385 0.978315
vt 0.763956 0.159557
vt 0.103602 0.978315
vt 0.975460 0.761179
vt 0.765490 0.158532
vt 0.974290 0.761179
vt 0.767195 0.157825
vt 0.972863 0.761179
vt 0.769005 0.157465
vt 0.971236 0.761179
vt 0.770850 0.157465
vt 0.969470 0.761179
vt 0.772660 0.157825
vt 0.967634 0.761179
vt 0.774365 0.158531
vt 0.965797 0.761179
vt 0.775899 0.159557
vt 0.964032 0.761179
vt 0.777204 0.160862
vt 0.962404 0.761179
vt 0.778229 0.162396
vt 0.960978 0.761179
vt 0.221095 0.959332
vt 0.778935 0.164102
vt 0.219708 0.959332
vt 0.779295 0.165912
vt 0.218110 0.959332
vt 0.779295 0.167757
vt 0.216362 0.959332
vt 0.778935 0.169567
vt 0.214533 0.959332
vt 0.778229 0.171273
vt 0.212692 0.959332
vt 0.777204 0.172807
vt 0.210909 0.959332
vt 0.775899 0.174112
vt 0.209255 0.959332
vt 0.774365 0.175138
vt 0.207791 0.959332
vt 0.626037 0.852035
vt 0.772660 0.175844
vt 0.624534 0.852035
vt 0.770850 0.176204
vt 0.622851 0.852035
vt 0.769005 0.176204
vt 0.621053 0.852035
vt 0.767195 0.175844
vt 0.455859 0.712648
vt 0.614099 0.869924
vt 0.090468 0.960427
vt 0.457487 0.713518
vt 0.615664 0.869924
vt 0.453079 0.709706
vt 0.094200 0.960427
vt 0.453262 0.710050
vt 0.093813 0.960427
vt 0.454433 0.711477
vt 0.092066 0.960427
vt 0.470502 0.704820
vt 0.214533 0.977220
vt 0.470321 0.702983
vt 0.216362 0.977220
vt 0.470321 0.706656
vt 0.212692 0.977220
vt 0.468915 0.699589
vt 0.219708 0.977220
vt 0.468915 0.710050
vt 0.209255 0.977220
vt 0.469785 0.708422
vt 0.210909 0.977220
vt 0.469785 0.701217
vt 0.218110 0.977220
vt 0.960978 0.779067
vt 0.467745 0.698162
vt 0.221095 0.977220
vt 0.467745 0.711477
vt 0.207791 0.977220
vt 0.626037 0.869924
vt 0.466318 0.696991
vt 0.962404 0.779067
vt 0.466318 0.712648
vt 0.624534 0.869924
vt 0.464691 0.696121
vt 0.964032 0.779067
vt 0.462925 0.695585
vt 0.965797 0.779067
vt 0.464691 0.713518
vt 0.622851 0.869924
vt 0.462925 0.714054
vt 0.621053 0.869924
vt 0.461089 0.695405
vt 0.967634 0.779067
vt 0.461089 0.714234
vt 0.619209 0.869924
vt 0.459253 0.695585
vt 0.969470 0.779067
vt 0.459253 0.714054
vt 0.617389 0.869924
vt 0.457487 0.696121
vt 0.971236 0.779067
vt 0.455859 0.696991
vt 0.972863 0.779067
vt 0.103602 0.960427
vt 0.453262 0.699589
vt 0.975460 0.779067
vt 0.454433 0.698162
vt 0.974290 0.779067
vt 0.451676 0.704820
vt 0.099266 0.960427
vt 0.451857 0.702983
vt 0.100921 0.960427
vt 0.451857 0.706656
vt 0.097484 0.960427
vt 0.452393 0.701217
vt 0.102385 0.960427
vt 0.452393 0.708422
vt 0.095643 0.960427
vt 0.201671 0.292322
vt 0.137414 0.847273
vt 0.045994 0.918323
vt 0.201671 0.297451
vt 0.136405 0.842242
vt 0.865281 0.682460
vt 0.207319 0.297451
vt 0.040346 0.918323
vt 0.864272 0.687491
vt 0.207319 0.292322
vt 0.743064 0.929754
vt 0.114379 0.913352
vt 0.887308 0.753570
vt 0.320941 0.942979
vt 0.631604 0.576318
vt 0.743064 0.922639
vt 0.106612 0.911902
vt 0.895074 0.752120
vt 0.320941 0.935865
vt 0.625956 0.576318
vt 0.631604 0.586658
vt 0.098445 0.904812
vt 0.903241 0.745030
vt 0.625956 0.586658
vt 0.631604 0.594857
vt 0.094000 0.897923
vt 0.619838 0.706098
vt 0.625486 0.706098
vt 0.625956 0.594857
vt 0.743064 0.941589
vt 0.126007 0.911018
vt 0.875679 0.751236
vt 0.320941 0.954815
vt 0.743064 0.949104
vt 0.201671 0.234512
vt 0.132614 0.906685
vt 0.320941 0.962329
vt 0.207319 0.234512
vt 0.869072 0.746903
vt 0.201671 0.243281
vt 0.137414 0.896992
vt 0.864272 0.737210
vt 0.207319 0.243281
vt 0.201671 0.256776
vt 0.139938 0.882890
vt 0.861749 0.723108
vt 0.207319 0.256776
vt 0.861749 0.705976
vt 0.207319 0.273674
vt 0.201671 0.273674
vt 0.139938 0.865758
s 1
usemtl 
f 347/745/69 417/892/70 413/884/69
f 346/742/69 414/886/70 348/746/70
f 415/888/70 412/882/69 416/890/70
f 349/748/70 421/900/71 417/892/70
f 348/746/70 418/894/71 350/750/71
f 419/896/71 416/890/70 420/898/71
f 351/752/71 425/908/72 421/900/71
f 350/750/71 422/902/72 352/754/72
f 423/904/72 420/898/71 424/906/72
f 353/756/72 429/920/73 425/908/72
f 352/754/72 426/910/73 354/758/73
f 427/914/73 424/906/72 428/916/73
f 355/762/73 433/928/74 429/919/73
f 356/764/74 426/911/73 430/922/74
f 428/917/73 431/924/74 427/913/73
f 357/766/74 437/936/75 433/928/74
f 358/768/75 430/922/74 434/930/75
f 432/926/74 435/932/75 431/924/74
f 359/770/75 441/944/76 437/936/75
f 360/772/76 434/930/75 438/938/76
f 436/934/75 439/940/76 435/932/75
f 361/774/76 445/952/77 441/944/76
f 362/776/77 438/938/76 442/946/77
f 440/942/76 443/948/77 439/940/76
f 363/778/77 449/960/78 445/952/77
f 364/780/78 442/946/77 446/954/78
f 444/950/77 447/956/78 443/948/77
f 365/782/78 453/968/79 449/960/78
f 366/784/79 446/954/78 450/962/79
f 448/958/78 451/964/79 447/956/78
f 367/786/79 457/976/80 453/968/79
f 368/788/80 450/962/79 454/970/80
f 452/966/79 455/972/80 451/964/79
f 369/790/80 461/988/81 457/976/80
f 370/792/81 454/970/80 458/978/81
f 456/974/80 459/982/81 455/972/80
f 371/796/81 465/996/82 461/987/81
f 372/798/82 458/979/81 462/990/82
f 460/985/81 463/992/82 459/981/81
f 373/800/82 469/1004/83 465/996/82
f 374/802/83 462/990/82 466/998/83
f 464/994/82 467/1000/83 463/992/82
f 375/804/83 473/1012/84 469/1004/83
f 376/806/84 466/998/83 470/1006/84
f 468/1002/83 471/1008/84 467/1000/83
f 377/808/84 477/1020/85 473/1012/84
f 378/810/85 470/1006/84 474/1014/85
f 472/1010/84 475/1016/85 471/1008/84
f 379/812/85 481/1028/86 477/1020/85
f 380/814/86 474/1014/85 478/1022/86
f 476/1018/85 479/1024/86 475/1016/85
f 381/816/86 485/1036/87 481/1028/86
f 382/818/87 478/1022/86 482/1030/87
f 480/1026/86 483/1032/87 479/1024/86
f 383/820/87 489/1048/88 485/1036/87
f 384/822/88 482/1030/87 486/1038/88
f 484/1034/87 487/1042/88 483/1032/87
f 385/826/88 493/1056/89 489/1047/88
f 386/828/89 486/1039/88 490/1050/89
f 488/1045/88 491/1052/89 487/1041/88
f 387/830/89 497/1064/90 493/1056/89
f 386/828/89 494/1058/90 388/832/90
f 495/1060/90 492/1054/89 496/1062/90
f 389/834/90 501/1072/91 497/1064/90
f 388/832/90 498/1066/91 390/836/91
f 499/1068/91 496/1062/90 500/1070/91
f 391/838/91 505/1080/92 501/1072/91
f 390/836/91 502/1074/92 392/840/92
f 503/1076/92 500/1070/91 504/1078/92
f 393/842/92 509/1088/93 505/1080/92
f 392/840/92 506/1082/93 394/844/93
f 507/1084/93 504/1078/92 508/1086/93
f 395/846/93 513/1096/94 509/1088/93
f 394/844/93 510/1090/94 396/848/94
f 511/1092/94 508/1086/93 512/1094/94
f 397/850/94 517/1104/95 513/1096/94
f 396/848/94 514/1098/95 398/852/95
f 515/1100/95 512/1094/94 516/1102/95
f 399/854/95 521/1116/96 517/1104/95
f 398/852/95 518/1106/96 400/856/96
f 519/1109/96 516/1102/95 520/1112/96
f 401/860/96 525/1124/97 521/1115/96
f 400/857/96 522/1118/97 402/862/97
f 523/1120/97 520/1113/96 524/1122/97
f 403/864/97 529/1132/98 525/1124/97
f 402/862/97 526/1126/98 404/866/98
f 527/1128/98 524/1122/97 528/1130/98
f 405/868/98 533/1140/99 529/1132/98
f 404/866/98 530/1134/99 406/870/99
f 531/1136/99 528/1130/98 532/1138/99
f 373/801/100 357/767/100 405/869/100
f 407/873/99 537/1148/101 533/1140/99
f 406/870/99 534/1142/101 408/874/101
f 535/1144/101 532/1138/99 536/1146/101
f 409/877/101 413/884/69 537/1148/101
f 408/874/101 410/878/69 346/742/69
f 535/1144/101 412/882/69 411/880/69
f 374/803/102 390/837/102 406/871/102
f 475/1017/102 507/1085/102 411/881/102
f 486/1040/100 454/971/100 422/903/100
f 477/1021/102 509/1089/102 413/885/102
f 436/935/100 532/1139/100 500/1071/100
f 576/1234/100 553/1182/100 559/1195/100
f 552/1181/103 563/1205/104 571/1222/104
f 554/1184/102 653/1399/102 656/1405/102
f 659/1411/102 571/1223/102 637/1365/102
f 584/1250/100 581/1244/100 595/1275/100
f 573/1227/105 670/1435/77 671/1438/77
f 552/1181/103 542/1159/106 538/1150/103
f 560/1198/107 544/1165/108 542/1159/107
f 558/1194/108 546/1169/109 544/1163/108
f 557/1191/109 548/1173/110 546/1169/109
f 554/1185/110 540/1155/111 548/1173/110
f 563/1205/104 574/1230/112 571/1222/104
f 569/1218/113 577/1237/114 574/1228/113
f 567/1213/114 578/1239/115 577/1237/114
f 578/1239/115 565/1209/116 579/1240/116
f 565/1209/116 573/1227/105 579/1240/116
f 540/1155/111 587/1258/117 580/1243/117
f 585/1253/118 673/1442/119 581/1245/119
f 586/1256/119 676/1450/118 588/1259/118
f 585/1254/120 677/1452/121 675/1446/120
f 589/1263/121 676/1451/120 678/1455/121
f 583/1249/122 590/1265/122 679/1456/123
f 583/1249/122 591/1267/124 590/1265/122
f 582/1247/124 587/1258/117 591/1267/124
f 682/1464/125 603/1292/126 684/1468/126
f 592/1269/125 683/1465/126 594/1272/126
f 603/1293/127 686/1474/128 684/1469/127
f 595/1276/128 683/1466/127 685/1471/128
f 602/1290/128 688/1478/129 686/1474/128
f 596/1278/129 685/1471/128 687/1475/129
f 601/1288/129 689/1480/130 688/1478/129
f 597/1280/130 687/1475/129 690/1481/130
f 600/1286/130 672/1441/131 689/1480/130
f 593/1271/131 690/1481/130 669/1432/131
f 581/1245/119 681/1461/125 592/1269/125
f 586/1256/119 682/1464/125 674/1445/119
f 604/1294/85 659/1412/86 605/1296/86
f 605/1296/86 637/1366/87 606/1298/87
f 606/1298/87 636/1363/88 607/1300/88
f 607/1301/88 640/1372/89 608/1303/89
f 608/1303/89 639/1370/90 609/1305/90
f 609/1305/90 639/1370/90 638/1368/132
f 610/1307/91 666/1427/92 611/1309/92
f 611/1309/92 664/1423/93 612/1311/93
f 612/1311/93 665/1425/94 613/1313/94
f 613/1313/94 667/1429/95 614/1315/95
f 615/1317/96 667/1429/95 662/1417/96
f 616/1320/97 662/1419/96 663/1421/97
f 617/1322/98 663/1421/97 661/1416/98
f 618/1324/99 661/1416/98 660/1414/99
f 619/1326/101 660/1414/99 658/1410/101
f 620/1328/69 658/1410/101 656/1406/69
f 621/1330/70 656/1406/69 653/1400/70
f 622/1332/71 653/1400/70 652/1398/71
f 623/1334/72 652/1398/71 650/1394/72
f 624/1336/73 650/1394/72 648/1387/73
f 625/1339/74 648/1389/73 644/1380/74
f 626/1341/75 644/1380/74 647/1386/75
f 627/1343/76 647/1386/75 642/1376/76
f 627/1343/76 641/1374/77 628/1345/77
f 629/1347/78 641/1374/77 643/1378/78
f 630/1349/79 643/1378/78 646/1384/79
f 630/1349/79 645/1382/80 631/1351/80
f 631/1351/80 649/1391/81 632/1353/81
f 632/1354/81 651/1396/82 633/1356/82
f 633/1356/82 654/1402/83 634/1358/83
f 634/1358/83 655/1404/84 635/1360/84
f 635/1360/84 657/1408/85 604/1294/85
f 610/1308/102 618/1325/102 626/1342/102
f 564/1207/119 553/1183/125 572/1224/119
f 669/1433/102 545/1166/102 568/1214/102
f 543/1162/126 553/1183/125 539/1152/125
f 545/1167/128 561/1201/127 543/1160/127
f 547/1171/129 559/1196/128 545/1167/128
f 549/1175/130 556/1189/129 547/1171/129
f 541/1157/131 555/1187/130 549/1175/130
f 575/1233/118 564/1207/119 572/1224/119
f 576/1235/121 570/1221/120 575/1231/120
f 568/1215/121 671/1439/123 670/1434/123
f 551/1179/131 679/1458/77 680/1459/77
f 347/745/69 349/748/70 417/892/70
f 346/742/69 410/878/69 414/886/70
f 415/888/70 411/880/69 412/882/69
f 349/748/70 351/752/71 421/900/71
f 348/746/70 414/886/70 418/894/71
f 419/896/71 415/888/70 416/890/70
f 351/752/71 353/756/72 425/908/72
f 350/750/71 418/894/71 422/902/72
f 423/904/72 419/896/71 420/898/71
f 353/756/72 355/761/73 429/920/73
f 352/754/72 422/902/72 426/910/73
f 427/914/73 423/904/72 424/906/72
f 355/762/73 357/766/74 433/928/74
f 356/764/74 354/759/73 426/911/73
f 428/917/73 432/926/74 431/924/74
f 357/766/74 359/770/75 437/936/75
f 358/768/75 356/764/74 430/922/74
f 432/926/74 436/934/75 435/932/75
f 359/770/75 361/774/76 441/944/76
f 360/772/76 358/768/75 434/930/75
f 436/934/75 440/942/76 439/940/76
f 361/774/76 363/778/77 445/952/77
f 362/776/77 360/772/76 438/938/76
f 440/942/76 444/950/77 443/948/77
f 363/778/77 365/782/78 449/960/78
f 364/780/78 362/776/77 442/946/77
f 444/950/77 448/958/78 447/956/78
f 365/782/78 367/786/79 453/968/79
f 366/784/79 364/780/78 446/954/78
f 448/958/78 452/966/79 451/964/79
f 367/786/79 369/790/80 457/976/80
f 368/788/80 366/784/79 450/962/79
f 452/966/79 456/974/80 455/972/80
f 369/790/80 371/795/81 461/988/81
f 370/792/81 368/788/80 454/970/80
f 456/974/80 460/984/81 459/982/81
f 371/796/81 373/800/82 465/996/82
f 372/798/82 370/793/81 458/979/81
f 460/985/81 464/994/82 463/992/82
f 373/800/82 375/804/83 469/1004/83
f 374/802/83 372/798/82 462/990/82
f 464/994/82 468/1002/83 467/1000/83
f 375/804/83 377/808/84 473/1012/84
f 376/806/84 374/802/83 466/998/83
f 468/1002/83 472/1010/84 471/1008/84
f 377/808/84 379/812/85 477/1020/85
f 378/810/85 376/806/84 470/1006/84
f 472/1010/84 476/1018/85 475/1016/85
f 379/812/85 381/816/86 481/1028/86
f 380/814/86 378/810/85 474/1014/85
f 476/1018/85 480/1026/86 479/1024/86
f 381/816/86 383/820/87 485/1036/87
f 382/818/87 380/814/86 478/1022/86
f 480/1026/86 484/1034/87 483/1032/87
f 383/820/87 385/825/88 489/1048/88
f 384/822/88 382/818/87 482/1030/87
f 484/1034/87 488/1044/88 487/1042/88
f 385/826/88 387/830/89 493/1056/89
f 386/828/89 384/823/88 486/1039/88
f 488/1045/88 492/1054/89 491/1052/89
f 387/830/89 389/834/90 497/1064/90
f 386/828/89 490/1050/89 494/1058/90
f 495/1060/90 491/1052/89 492/1054/89
f 389/834/90 391/838/91 501/1072/91
f 388/832/90 494/1058/90 498/1066/91
f 499/1068/91 495/1060/90 496/1062/90
f 391/838/91 393/842/92 505/1080/92
f 390/836/91 498/1066/91 502/1074/92
f 503/1076/92 499/1068/91 500/1070/91
f 393/842/92 395/846/93 509/1088/93
f 392/840/92 502/1074/92 506/1082/93
f 507/1084/93 503/1076/92 504/1078/92
f 395/846/93 397/850/94 513/1096/94
f 394/844/93 506/1082/93 510/1090/94
f 511/1092/94 507/1084/93 508/1086/93
f 397/850/94 399/854/95 517/1104/95
f 396/848/94 510/1090/94 514/1098/95
f 515/1100/95 511/1092/94 512/1094/94
f 399/854/95 401/859/96 521/1116/96
f 398/852/95 514/1098/95 518/1106/96
f 519/1109/96 515/1100/95 516/1102/95
f 401/860/96 403/864/97 525/1124/97
f 400/857/96 518/1107/96 522/1118/97
f 523/1120/97 519/1110/96 520/1113/96
f 403/864/97 405/868/98 529/1132/98
f 402/862/97 522/1118/97 526/1126/98
f 527/1128/98 523/1120/97 524/1122/97
f 405/868/98 407/873/99 533/1140/99
f 404/866/98 526/1126/98 530/1134/99
f 531/1136/99 527/1128/98 528/1130/98
f 405/869/100 403/865/133 401/861/100
f 401/861/100 399/855/100 397/851/100
f 397/851/100 395/847/100 393/843/100
f 393/843/100 391/839/134 389/835/100
f 389/835/100 387/831/100 385/827/100
f 385/827/100 383/821/100 381/817/100
f 381/817/100 379/813/100 377/809/100
f 377/809/100 375/805/100 373/801/100
f 373/801/100 371/797/100 369/791/100
f 369/791/100 367/787/133 365/783/100
f 365/783/100 363/779/100 361/775/100
f 361/775/100 359/771/100 357/767/100
f 357/767/100 355/763/134 353/757/100
f 353/757/100 351/753/100 349/749/100
f 349/749/100 347/744/100 409/876/100
f 409/876/100 407/872/100 405/869/100
f 405/869/100 401/861/100 397/851/100
f 397/851/100 393/843/100 389/835/100
f 389/835/100 385/827/100 381/817/100
f 381/817/100 377/809/100 373/801/100
f 373/801/100 369/791/100 365/783/100
f 365/783/100 361/775/100 357/767/100
f 357/767/100 353/757/100 349/749/100
f 349/749/100 409/876/100 405/869/100
f 405/869/100 397/851/100 389/835/100
f 389/835/100 381/817/100 373/801/100
f 373/801/100 365/783/100 357/767/100
f 357/767/100 349/749/100 405/869/100
f 405/869/100 389/835/100 373/801/100
f 407/873/99 409/877/101 537/1148/101
f 406/870/99 530/1134/99 534/1142/101
f 535/1144/101 531/1136/99 532/1138/99
f 409/877/101 347/745/69 413/884/69
f 408/874/101 534/1142/101 410/878/69
f 535/1144/101 536/1146/101 412/882/69
f 406/871/102 408/875/102 350/751/102
f 408/875/102 346/743/102 350/751/102
f 346/743/102 348/747/102 350/751/102
f 350/751/102 352/755/135 354/760/102
f 354/760/102 356/765/102 350/751/102
f 356/765/102 358/769/102 350/751/102
f 358/769/102 360/773/136 366/785/102
f 360/773/136 362/777/102 366/785/102
f 362/777/102 364/781/102 366/785/102
f 366/785/102 368/789/102 370/794/102
f 370/794/102 372/799/102 366/785/102
f 372/799/102 374/803/102 366/785/102
f 374/803/102 376/807/102 382/819/102
f 376/807/102 378/811/102 382/819/102
f 378/811/102 380/815/102 382/819/102
f 382/819/102 384/824/136 386/829/135
f 386/829/135 388/833/136 382/819/102
f 388/833/136 390/837/102 382/819/102
f 390/837/102 392/841/135 398/853/102
f 392/841/135 394/845/102 398/853/102
f 394/845/102 396/849/102 398/853/102
f 398/853/102 400/858/102 402/863/102
f 402/863/102 404/867/102 398/853/102
f 404/867/102 406/871/102 398/853/102
f 406/871/102 350/751/102 358/769/102
f 358/769/102 366/785/102 374/803/102
f 374/803/102 382/819/102 390/837/102
f 390/837/102 398/853/102 406/871/102
f 406/871/102 358/769/102 374/803/102
f 411/881/102 415/889/102 427/915/102
f 415/889/102 419/897/102 427/915/102
f 419/897/102 423/905/102 427/915/102
f 427/915/102 431/925/102 435/933/102
f 435/933/102 439/941/102 443/949/102
f 443/949/102 447/957/102 459/983/102
f 447/957/102 451/965/102 459/983/102
f 451/965/102 455/973/102 459/983/102
f 459/983/102 463/993/102 467/1001/102
f 467/1001/102 471/1009/102 475/1017/102
f 475/1017/102 479/1025/102 491/1053/102
f 479/1025/102 483/1033/102 491/1053/102
f 483/1033/102 487/1043/102 491/1053/102
f 491/1053/102 495/1061/102 499/1069/102
f 499/1069/102 503/1077/102 507/1085/102
f 507/1085/102 511/1093/102 523/1121/102
f 511/1093/102 515/1101/102 523/1121/102
f 515/1101/102 519/1111/102 523/1121/102
f 523/1121/102 527/1129/102 531/1137/102
f 531/1137/102 535/1145/102 411/881/102
f 427/915/102 435/933/102 443/949/102
f 459/983/102 467/1001/102 475/1017/102
f 491/1053/102 499/1069/102 507/1085/102
f 523/1121/102 531/1137/102 411/881/102
f 411/881/102 427/915/102 443/949/102
f 443/949/102 459/983/102 475/1017/102
f 475/1017/102 491/1053/102 507/1085/102
f 507/1085/102 523/1121/102 411/881/102
f 411/881/102 443/949/102 475/1017/102
f 422/903/100 418/895/100 414/887/100
f 414/887/100 410/879/100 534/1143/100
f 534/1143/100 530/1135/100 526/1127/100
f 526/1127/100 522/1119/100 534/1143/100
f 522/1119/100 518/1108/100 534/1143/100
f 518/1108/100 514/1099/133 510/1091/100
f 510/1091/100 506/1083/100 502/1075/100
f 502/1075/100 498/1067/133 494/1059/100
f 494/1059/100 490/1051/100 502/1075/100
f 490/1051/100 486/1040/100 502/1075/100
f 486/1040/100 482/1031/100 478/1023/100
f 478/1023/100 474/1015/100 470/1007/100
f 470/1007/100 466/999/100 462/991/100
f 462/991/100 458/980/100 470/1007/100
f 458/980/100 454/971/100 470/1007/100
f 454/971/100 450/963/134 446/955/100
f 446/955/100 442/947/100 438/939/100
f 438/939/100 434/931/134 430/923/100
f 430/923/100 426/912/100 438/939/100
f 426/912/100 422/903/100 438/939/100
f 422/903/100 414/887/100 534/1143/100
f 518/1108/100 510/1091/100 502/1075/100
f 486/1040/100 478/1023/100 470/1007/100
f 454/971/100 446/955/100 438/939/100
f 422/903/100 534/1143/100 518/1108/100
f 518/1108/100 502/1075/100 486/1040/100
f 486/1040/100 470/1007/100 454/971/100
f 454/971/100 438/939/100 422/903/100
f 422/903/100 518/1108/100 486/1040/100
f 413/885/102 417/893/102 429/921/102
f 417/893/102 421/901/102 429/921/102
f 421/901/102 425/909/102 429/921/102
f 429/921/102 433/929/102 437/937/102
f 437/937/102 441/945/102 445/953/102
f 445/953/102 449/961/102 461/989/102
f 449/961/102 453/969/102 461/989/102
f 453/969/102 457/977/102 461/989/102
f 461/989/102 465/997/102 469/1005/102
f 469/1005/102 473/1013/102 477/1021/102
f 477/1021/102 481/1029/102 493/1057/102
f 481/1029/102 485/1037/102 493/1057/102
f 485/1037/102 489/1049/102 493/1057/102
f 493/1057/102 497/1065/102 501/1073/102
f 501/1073/102 505/1081/102 509/1089/102
f 509/1089/102 513/1097/102 525/1125/102
f 513/1097/102 517/1105/102 525/1125/102
f 517/1105/102 521/1117/102 525/1125/102
f 525/1125/102 529/1133/102 533/1141/102
f 533/1141/102 537/1149/102 413/885/102
f 429/921/102 437/937/102 445/953/102
f 461/989/102 469/1005/102 477/1021/102
f 493/1057/102 501/1073/102 509/1089/102
f 525/1125/102 533/1141/102 413/885/102
f 413/885/102 429/921/102 445/953/102
f 445/953/102 461/989/102 477/1021/102
f 477/1021/102 493/1057/102 509/1089/102
f 509/1089/102 525/1125/102 413/885/102
f 413/885/102 445/953/102 477/1021/102
f 500/1071/100 496/1063/100 492/1055/100
f 492/1055/100 488/1046/100 500/1071/100
f 488/1046/100 484/1035/100 500/1071/100
f 484/1035/100 480/1027/100 468/1003/100
f 480/1027/100 476/1019/100 468/1003/100
f 476/1019/100 472/1011/100 468/1003/100
f 468/1003/100 464/995/100 460/986/100
f 460/986/100 456/975/100 468/1003/100
f 456/975/100 452/967/100 468/1003/100
f 452/967/100 448/959/134 436/935/100
f 448/959/134 444/951/133 436/935/100
f 444/951/133 440/943/134 436/935/100
f 436/935/100 432/927/100 428/918/100
f 428/918/100 424/907/100 436/935/100
f 424/907/100 420/899/100 436/935/100
f 420/899/100 416/891/100 532/1139/100
f 416/891/100 412/883/100 532/1139/100
f 412/883/100 536/1147/100 532/1139/100
f 532/1139/100 528/1131/100 524/1123/100
f 524/1123/100 520/1114/100 532/1139/100
f 520/1114/100 516/1103/100 532/1139/100
f 516/1103/100 512/1095/133 500/1071/100
f 512/1095/133 508/1087/134 500/1071/100
f 508/1087/134 504/1079/133 500/1071/100
f 500/1071/100 484/1035/100 468/1003/100
f 468/1003/100 452/967/100 436/935/100
f 436/935/100 420/899/100 532/1139/100
f 532/1139/100 516/1103/100 500/1071/100
f 500/1071/100 468/1003/100 436/935/100
f 551/1178/100 678/1454/100 686/1473/100
f 678/1454/100 676/1449/100 674/1444/100
f 686/1473/100 678/1454/100 682/1463/100
f 674/1444/100 682/1463/100 678/1454/100
f 682/1463/100 684/1470/100 686/1473/100
f 686/1473/100 688/1477/100 551/1178/100
f 688/1477/100 689/1479/100 555/1186/100
f 689/1479/100 672/1440/100 556/1188/100
f 672/1440/100 671/1437/100 576/1234/100
f 556/1188/100 672/1440/100 559/1195/100
f 576/1234/100 575/1232/100 572/1225/100
f 553/1182/100 576/1234/100 572/1225/100
f 553/1182/100 561/1199/100 559/1195/100
f 556/1188/100 555/1186/100 689/1479/100
f 559/1195/100 672/1440/100 576/1234/100
f 555/1186/100 551/1178/100 688/1477/100
f 552/1181/103 538/1150/103 563/1205/104
f 668/1430/102 638/1367/102 574/1229/102
f 574/1229/102 577/1236/102 668/1430/102
f 577/1236/102 578/1238/102 665/1424/102
f 668/1430/102 577/1236/102 666/1426/102
f 578/1238/102 579/1241/102 661/1415/102
f 579/1241/102 573/1226/102 656/1405/102
f 661/1415/102 579/1241/102 660/1413/102
f 573/1226/102 598/1281/102 587/1257/102
f 598/1281/102 600/1285/102 587/1257/102
f 600/1285/102 601/1287/102 590/1264/102
f 601/1287/102 602/1289/102 590/1264/102
f 602/1289/102 603/1291/102 599/1283/102
f 599/1283/102 586/1255/102 589/1262/102
f 586/1255/102 588/1260/102 589/1262/102
f 589/1262/102 590/1264/102 602/1289/102
f 599/1283/102 589/1262/102 602/1289/102
f 590/1264/102 591/1266/102 600/1285/102
f 591/1266/102 587/1257/102 600/1285/102
f 587/1257/102 550/1176/102 573/1226/102
f 550/1176/102 554/1184/102 656/1405/102
f 573/1226/102 550/1176/102 656/1405/102
f 554/1184/102 557/1190/102 650/1393/102
f 557/1190/102 558/1192/102 642/1375/102
f 646/1383/102 558/1192/102 560/1197/102
f 560/1197/102 552/1180/102 651/1395/102
f 645/1381/102 560/1197/102 649/1390/102
f 651/1395/102 649/1390/102 560/1197/102
f 558/1192/102 646/1383/102 643/1377/102
f 560/1197/102 645/1381/102 646/1383/102
f 666/1426/102 577/1236/102 664/1422/102
f 664/1422/102 577/1236/102 665/1424/102
f 558/1192/102 643/1377/102 641/1373/102
f 558/1192/102 641/1373/102 642/1375/102
f 667/1428/102 665/1424/102 578/1238/102
f 662/1418/102 667/1428/102 578/1238/102
f 557/1190/102 642/1375/102 647/1385/102
f 557/1190/102 647/1385/102 644/1379/102
f 663/1420/102 662/1418/102 578/1238/102
f 661/1415/102 663/1420/102 578/1238/102
f 557/1190/102 644/1379/102 648/1388/102
f 557/1190/102 648/1388/102 650/1393/102
f 660/1413/102 579/1241/102 658/1409/102
f 658/1409/102 579/1241/102 656/1405/102
f 554/1184/102 650/1393/102 652/1397/102
f 554/1184/102 652/1397/102 653/1399/102
f 654/1401/102 651/1395/102 552/1180/102
f 552/1180/102 571/1223/102 657/1407/102
f 571/1223/102 574/1229/102 640/1371/102
f 657/1407/102 571/1223/102 659/1411/102
f 574/1229/102 638/1367/102 639/1369/102
f 574/1229/102 639/1369/102 640/1371/102
f 655/1403/102 654/1401/102 552/1180/102
f 657/1407/102 655/1403/102 552/1180/102
f 640/1371/102 636/1362/102 571/1223/102
f 636/1362/102 637/1365/102 571/1223/102
f 567/1212/100 569/1216/100 563/1204/100
f 563/1204/100 538/1151/100 544/1164/100
f 538/1151/100 542/1158/100 544/1164/100
f 544/1164/100 546/1168/100 567/1212/100
f 546/1168/100 548/1172/100 565/1208/100
f 548/1172/100 540/1154/100 565/1208/100
f 540/1154/100 580/1242/100 593/1270/100
f 580/1242/100 582/1246/100 593/1270/100
f 582/1246/100 583/1248/100 596/1277/100
f 583/1248/100 584/1250/100 596/1277/100
f 584/1250/100 585/1252/100 581/1244/100
f 581/1244/100 592/1268/100 595/1275/100
f 592/1268/100 594/1273/100 595/1275/100
f 595/1275/100 596/1277/100 584/1250/100
f 596/1277/100 597/1279/100 582/1246/100
f 597/1279/100 593/1270/100 582/1246/100
f 593/1270/100 562/1202/100 540/1154/100
f 562/1202/100 565/1208/100 540/1154/100
f 565/1208/100 566/1210/100 546/1168/100
f 566/1210/100 567/1212/100 546/1168/100
f 567/1212/100 563/1204/100 544/1164/100
f 672/1441/131 598/1282/131 671/1438/77
f 598/1282/131 573/1227/105 671/1438/77
f 573/1227/105 562/1203/105 670/1435/77
f 562/1203/105 593/1271/131 670/1435/77
f 593/1271/131 669/1432/131 670/1435/77
f 552/1181/103 560/1198/106 542/1159/106
f 560/1198/107 558/1193/108 544/1165/108
f 558/1194/108 557/1191/109 546/1169/109
f 557/1191/109 554/1185/110 548/1173/110
f 554/1185/110 550/1177/111 540/1155/111
f 563/1205/104 569/1217/112 574/1230/112
f 569/1218/113 567/1213/114 577/1237/114
f 567/1213/114 566/1211/115 578/1239/115
f 578/1239/115 566/1211/115 565/1209/116
f 565/1209/116 562/1203/105 573/1227/105
f 540/1155/111 550/1177/111 587/1258/117
f 585/1253/118 675/1447/118 673/1442/119
f 586/1256/119 674/1445/119 676/1450/118
f 585/1254/120 584/1251/121 677/1452/121
f 589/1263/121 588/1261/120 676/1451/120
f 679/1456/123 677/1452/121 584/1251/121
f 590/1265/122 589/1263/121 680/1460/123
f 589/1263/121 678/1455/121 680/1460/123
f 679/1456/123 584/1251/121 583/1249/122
f 590/1265/122 680/1460/123 679/1456/123
f 583/1249/122 582/1247/124 591/1267/124
f 582/1247/124 580/1243/117 587/1258/117
f 682/1464/125 599/1284/125 603/1292/126
f 592/1269/125 681/1461/125 683/1465/126
f 603/1293/127 602/1290/128 686/1474/128
f 595/1276/128 594/1274/127 683/1466/127
f 602/1290/128 601/1288/129 688/1478/129
f 596/1278/129 595/1276/128 685/1471/128
f 601/1288/129 600/1286/130 689/1480/130
f 597/1280/130 596/1278/129 687/1475/129
f 600/1286/130 598/1282/131 672/1441/131
f 593/1271/131 597/1280/130 690/1481/130
f 581/1245/119 673/1442/119 681/1461/125
f 586/1256/119 599/1284/125 682/1464/125
f 604/1294/85 657/1408/85 659/1412/86
f 605/1296/86 659/1412/86 637/1366/87
f 606/1298/87 637/1366/87 636/1363/88
f 607/1301/88 636/1364/88 640/1372/89
f 608/1303/89 640/1372/89 639/1370/90
f 638/1368/132 668/1431/91 610/1307/91
f 610/1307/91 609/1305/90 638/1368/132
f 610/1307/91 668/1431/91 666/1427/92
f 611/1309/92 666/1427/92 664/1423/93
f 612/1311/93 664/1423/93 665/1425/94
f 613/1313/94 665/1425/94 667/1429/95
f 615/1317/96 614/1315/95 667/1429/95
f 616/1320/97 615/1318/96 662/1419/96
f 617/1322/98 616/1320/97 663/1421/97
f 618/1324/99 617/1322/98 661/1416/98
f 619/1326/101 618/1324/99 660/1414/99
f 620/1328/69 619/1326/101 658/1410/101
f 621/1330/70 620/1328/69 656/1406/69
f 622/1332/71 621/1330/70 653/1400/70
f 623/1334/72 622/1332/71 652/1398/71
f 624/1336/73 623/1334/72 650/1394/72
f 625/1339/74 624/1337/73 648/1389/73
f 626/1341/75 625/1339/74 644/1380/74
f 627/1343/76 626/1341/75 647/1386/75
f 627/1343/76 642/1376/76 641/1374/77
f 629/1347/78 628/1345/77 641/1374/77
f 630/1349/79 629/1347/78 643/1378/78
f 630/1349/79 646/1384/79 645/1382/80
f 631/1351/80 645/1382/80 649/1391/81
f 632/1354/81 649/1392/81 651/1396/82
f 633/1356/82 651/1396/82 654/1402/83
f 634/1358/83 654/1402/83 655/1404/84
f 635/1360/84 655/1404/84 657/1408/85
f 634/1359/102 635/1361/102 604/1295/102
f 604/1295/102 605/1297/102 606/1299/102
f 606/1299/102 607/1302/102 608/1304/102
f 608/1304/102 609/1306/102 606/1299/102
f 609/1306/102 610/1308/102 606/1299/102
f 610/1308/102 611/1310/102 612/1312/136
f 612/1312/136 613/1314/102 610/1308/102
f 613/1314/102 614/1316/102 610/1308/102
f 614/1316/102 615/1319/102 616/1321/102
f 616/1321/102 617/1323/102 618/1325/102
f 618/1325/102 619/1327/102 620/1329/102
f 620/1329/102 621/1331/102 622/1333/102
f 622/1333/102 623/1335/102 624/1338/102
f 624/1338/102 625/1340/102 626/1342/102
f 626/1342/102 627/1344/102 630/1350/102
f 627/1344/102 628/1346/102 630/1350/102
f 628/1346/102 629/1348/102 630/1350/102
f 630/1350/102 631/1352/102 634/1359/102
f 631/1352/102 632/1355/102 634/1359/102
f 632/1355/102 633/1357/102 634/1359/102
f 634/1359/102 604/1295/102 606/1299/102
f 614/1316/102 616/1321/102 618/1325/102
f 618/1325/102 620/1329/102 626/1342/102
f 620/1329/102 622/1333/102 626/1342/102
f 622/1333/102 624/1338/102 626/1342/102
f 634/1359/102 606/1299/102 610/1308/102
f 610/1308/102 614/1316/102 618/1325/102
f 626/1342/102 630/1350/102 634/1359/102
f 634/1359/102 610/1308/102 626/1342/102
f 564/1207/119 539/1152/125 553/1183/125
f 677/1453/102 679/1457/102 541/1156/102
f 541/1156/102 549/1174/102 687/1476/102
f 549/1174/102 547/1170/102 690/1482/102
f 687/1476/102 549/1174/102 690/1482/102
f 547/1170/102 545/1166/102 669/1433/102
f 545/1166/102 543/1161/102 539/1153/102
f 564/1206/102 545/1166/102 539/1153/102
f 564/1206/102 570/1219/102 568/1214/102
f 568/1214/102 670/1436/102 669/1433/102
f 669/1433/102 690/1482/102 547/1170/102
f 687/1476/102 685/1472/102 541/1156/102
f 685/1472/102 683/1467/102 681/1462/102
f 677/1453/102 685/1472/102 673/1443/102
f 681/1462/102 673/1443/102 685/1472/102
f 673/1443/102 675/1448/102 677/1453/102
f 677/1453/102 541/1156/102 685/1472/102
f 545/1166/102 564/1206/102 568/1214/102
f 543/1162/126 561/1200/126 553/1183/125
f 545/1167/128 559/1196/128 561/1201/127
f 547/1171/129 556/1189/129 559/1196/128
f 549/1175/130 555/1187/130 556/1189/129
f 541/1157/131 551/1179/131 555/1187/130
f 575/1233/118 570/1220/118 564/1207/119
f 576/1235/121 568/1215/121 570/1221/120
f 568/1215/121 576/1235/121 671/1439/123
f 551/1179/131 541/1157/131 679/1458/77
o bein.l
v -2.275219 1.398374 -0.576596
v -1.075219 1.398374 -0.576596
v -2.275218 1.398374 0.623404
v -1.075219 1.398374 0.623404
v -2.275219 -1.001625 -0.576596
v -2.275218 -2.601625 -0.096596
v -2.275219 -1.251921 -0.570686
v -2.275219 -1.496053 -0.553103
v -2.275219 -1.728010 -0.524279
v -2.275219 -1.942082 -0.484924
v -2.275219 -2.132997 -0.436007
v -2.275219 -2.296053 -0.378733
v -2.275218 -2.427236 -0.314511
v -2.275218 -2.523316 -0.244924
v -2.275218 -2.581927 -0.171685
v -1.075219 -2.601625 -0.096596
v -1.075219 -1.001625 -0.576596
v -1.075219 -2.581927 -0.171685
v -1.075219 -2.523316 -0.244924
v -1.075219 -2.427236 -0.314512
v -1.075219 -2.296053 -0.378733
v -1.075219 -2.132997 -0.436007
v -1.075219 -1.942082 -0.484924
v -1.075219 -1.728010 -0.524279
v -1.075219 -1.496053 -0.553103
v -1.075219 -1.251921 -0.570686
v -2.275218 -2.601625 0.143404
v -2.275218 -1.001625 0.623404
v -2.275218 -2.581927 0.218493
v -2.275218 -2.523316 0.291732
v -2.275218 -2.427236 0.361319
v -2.275218 -2.296053 0.425541
v -2.275218 -2.132997 0.482815
v -2.275218 -1.942082 0.531732
v -2.275218 -1.728010 0.571087
v -2.275218 -1.496053 0.599911
v -2.275218 -1.251921 0.617494
v -1.075219 -1.001625 0.623404
v -1.075219 -2.601625 0.143404
v -1.075219 -1.251921 0.617494
v -1.075219 -1.496053 0.599911
v -1.075219 -1.728010 0.571087
v -1.075219 -1.942082 0.531732
v -1.075219 -2.132997 0.482815
v -1.075219 -2.296053 0.425541
v -1.075219 -2.427236 0.361319
v -1.075219 -2.523316 0.291732
v -1.075219 -2.581927 0.218492
v -2.275218 -2.356402 0.099941
v -2.275218 -2.248163 0.208180
v -2.275218 -2.210645 0.219561
v -2.275218 -2.282741 0.189698
v -2.275218 -2.337920 0.134518
v -2.275218 -2.313048 0.164825
v -2.275218 -2.171626 -0.176596
v -2.275218 -2.210645 -0.172753
v -2.275218 -2.132608 -0.172753
v -2.275218 -2.282741 -0.142890
v -2.275218 -2.060513 -0.142890
v -2.275218 -2.248163 -0.161372
v -2.275218 -2.095090 -0.161372
v -2.275218 -2.313048 -0.118017
v -2.275218 -2.030205 -0.118017
v -2.275218 -2.005332 -0.087710
v -2.275218 -2.337920 -0.087710
v -2.275218 -1.986851 -0.053133
v -2.275218 -2.356402 -0.053133
v -2.275218 -2.367784 -0.015614
v -2.275218 -1.975470 -0.015614
v -2.275218 -2.371626 0.023404
v -2.275218 -1.971626 0.023404
v -2.275218 -2.367784 0.062422
v -2.275218 -1.975470 0.062422
v -2.275218 -2.095090 0.208180
v -2.275218 -2.171626 0.223404
v -2.275218 -2.132608 0.219561
v -2.275218 -2.060513 0.189698
v -2.275218 -2.030205 0.164825
v -2.275218 -2.005332 0.134518
v -2.275218 -1.986851 0.099941
v -1.075219 -2.248163 -0.161372
v -1.075219 -2.210645 -0.172753
v -1.075219 -2.356402 -0.053133
v -1.075219 -2.337920 -0.087710
v -1.075219 -2.313048 -0.118017
v -1.075219 -2.282741 -0.142890
v -1.075219 -2.171626 -0.176596
v -1.075219 -2.132608 -0.172753
v -1.075219 -2.095090 -0.161372
v -1.075219 -2.060513 -0.142890
v -1.075219 -2.030205 -0.118017
v -1.075219 -2.005332 -0.087710
v -1.075219 -1.986851 -0.053133
v -1.075219 -1.975470 -0.015614
v -1.075219 -2.367784 -0.015614
v -1.075219 -2.371626 0.023404
v -1.075219 -1.971626 0.023404
v -1.075219 -2.367784 0.062422
v -1.075219 -1.975470 0.062422
v -1.075219 -2.356402 0.099941
v -1.075219 -1.986851 0.099941
v -1.075219 -2.030205 0.164825
v -1.075219 -2.313048 0.164825
v -1.075219 -2.337920 0.134518
v -1.075219 -2.005332 0.134518
v -1.075219 -2.282741 0.189698
v -1.075219 -2.060513 0.189698
v -1.075219 -2.095090 0.208180
v -1.075219 -2.171626 0.223404
v -1.075219 -2.210645 0.219561
v -1.075219 -2.132608 0.219561
v -1.075219 -2.248163 0.208180
v -2.275218 1.028381 -0.176596
v -2.275218 0.989364 -0.172753
v -2.275218 1.067400 -0.172753
v -2.275218 0.951845 -0.161372
v -2.275218 1.104918 -0.161372
v -2.275218 1.139496 -0.142890
v -2.275218 0.917268 -0.142890
v -2.275218 1.169803 -0.118017
v -2.275218 0.886960 -0.118017
v -2.275218 1.194675 -0.087710
v -2.275218 0.862088 -0.087710
v -2.275218 1.213158 -0.053133
v -2.275218 0.843606 -0.053133
v -2.275218 0.832225 -0.015614
v -2.275218 1.224539 -0.015614
v -2.275218 0.828381 0.023404
v -2.275218 1.228382 0.023404
v -2.275218 0.832225 0.062422
v -2.275218 1.224539 0.062422
v -2.275218 0.843606 0.099941
v -2.275218 1.213158 0.099941
v -2.275218 0.862088 0.134518
v -2.275218 1.194675 0.134518
v -2.275218 0.917268 0.189698
v -2.275218 1.139496 0.189698
v -2.275218 1.028381 0.223404
v -2.275218 1.067400 0.219561
v -2.275218 0.989364 0.219561
v -2.275218 1.104918 0.208180
v -2.275218 0.951845 0.208180
v -2.275218 1.169803 0.164825
v -2.275218 0.886960 0.164825
v -1.075219 1.028381 -0.176596
v -1.075219 0.989364 -0.172753
v -1.075219 1.067400 -0.172753
v -1.075219 0.951845 -0.161372
v -1.075219 0.917268 -0.142890
v -1.075219 1.139496 -0.142890
v -1.075219 1.104918 -0.161372
v -1.075219 0.886960 -0.118017
v -1.075219 0.862088 -0.087710
v -1.075219 1.194675 -0.087710
v -1.075219 0.843606 -0.053133
v -1.075219 0.832225 -0.015614
v -1.075219 1.224539 -0.015614
v -1.075219 1.213158 -0.053133
v -1.075219 1.169803 -0.118017
v -1.075219 0.832225 0.062422
v -1.075219 1.224539 0.062422
v -1.075219 1.169803 0.164825
v -1.075219 0.862088 0.134518
v -1.075219 1.194675 0.134518
v -1.075219 0.843606 0.099941
v -1.075219 1.213158 0.099941
v -1.075219 1.139496 0.189698
v -1.075219 1.104918 0.208180
v -1.075219 0.917268 0.189698
v -1.075219 1.028381 0.223404
v -1.075219 0.989364 0.219561
v -1.075219 1.067400 0.219561
v -1.075219 0.951845 0.208180
v -1.075219 0.886960 0.164825
v -1.075219 1.228382 0.023404
v -1.075219 0.828381 0.023404
vn -1.0000 -0.0000 -0.0000
vn -0.0000 -0.0000 1.0000
vn -0.0000 -0.0118 0.9999
vn 1.0000 -0.0000 -0.0000
vn -0.0000 -0.0000 -1.0000
vn -0.0000 -0.0118 -0.9999
vn -0.0000 1.0000 -0.0000
vn -0.0000 -0.9918 -0.1279
vn -0.0000 -0.8935 -0.4491
vn -0.0000 -0.6899 -0.7239
vn -0.0000 -0.5150 -0.8572
vn -0.0000 -0.3862 -0.9224
vn -0.0000 -0.2901 -0.9570
vn -0.0000 -0.2146 -0.9767
vn -0.0000 -0.1521 -0.9884
vn -0.0000 -0.0976 -0.9952
vn -0.0000 -0.0477 -0.9989
vn -0.0000 -0.9918 0.1279
vn -0.0000 -0.8935 0.4491
vn -0.0000 -0.6899 0.7239
vn -0.0000 -0.5150 0.8572
vn -0.0000 -0.3862 0.9224
vn -0.0000 -0.2901 0.9570
vn -0.0000 -0.2146 0.9767
vn -0.0000 -0.1521 0.9884
vn -0.0000 -0.0976 0.9952
vn -0.0000 -0.0477 0.9989
vn -0.0000 -1.0000 -0.0000
vn -0.0000 -0.9808 -0.1951
vn -0.0000 -0.9239 -0.3827
vn -0.0000 -0.8315 -0.5556
vn -0.0000 -0.7071 -0.7071
vn -0.0000 -0.5556 -0.8315
vn -0.0000 -0.3827 -0.9239
vn -0.0000 -0.1951 -0.9808
vn -0.0000 0.1951 -0.9808
vn -0.0000 0.3827 -0.9239
vn -0.0000 0.5556 -0.8315
vn -0.0000 0.7071 -0.7071
vn -0.0000 0.8315 -0.5556
vn -0.0000 0.9239 -0.3827
vn -0.0000 0.9808 -0.1951
vn -0.0000 0.9808 0.1951
vn -0.0000 0.9239 0.3827
vn -0.0000 0.8315 0.5556
vn -0.0000 0.7071 0.7071
vn -0.0000 0.5556 0.8315
vn -0.0000 0.3827 0.9239
vn -0.0000 0.1951 0.9808
vn -0.0000 -0.1951 0.9808
vn -0.0000 -0.3827 0.9239
vn -0.0000 -0.5556 0.8315
vn -0.0000 -0.7071 0.7071
vn -0.0000 -0.8315 0.5556
vn -0.0000 -0.9239 0.3827
vn -0.0000 -0.9808 0.1951
vt 0.101424 0.590395
vt 0.581245 0.607968
vt 0.744088 0.846958
vt 0.581245 0.422707
vt 0.524768 0.607968
vt 0.744088 0.903448
vt 0.157901 0.590395
vt 0.000000 0.643116
vt 0.800565 0.846958
vt 0.800565 0.903448
vt 0.056477 0.643117
vt 0.524768 0.422707
vt 0.101424 0.477416
vt 0.581245 0.495299
vt 0.124015 0.402097
vt 0.942701 0.817668
vt 0.101702 0.465634
vt 0.581245 0.483529
vt 0.102530 0.454141
vt 0.581245 0.472006
vt 0.103886 0.443222
vt 0.581245 0.461017
vt 0.105738 0.433144
vt 0.581245 0.450830
vt 0.108041 0.424157
vt 0.581245 0.441697
vt 0.110736 0.416481
vt 0.581245 0.433843
vt 0.113759 0.410306
vt 0.581245 0.427460
vt 0.117034 0.405783
vt 0.935721 0.817668
vt 0.581245 0.422707
vt 0.120481 0.403024
vt 0.939167 0.817668
vt 0.942701 0.761179
vt 0.558654 0.234409
vt 0.581245 0.309729
vt 0.524768 0.495299
vt 0.562188 0.235337
vt 0.939167 0.761179
vt 0.524768 0.422707
vt 0.565635 0.238096
vt 0.935721 0.761179
vt 0.568910 0.242619
vt 0.524768 0.427460
vt 0.571933 0.248794
vt 0.524768 0.433843
vt 0.574629 0.256470
vt 0.524768 0.441697
vt 0.576931 0.265457
vt 0.524768 0.450830
vt 0.578783 0.275535
vt 0.524768 0.461017
vt 0.580140 0.286454
vt 0.524768 0.472006
vt 0.580967 0.297946
vt 0.524768 0.483529
vt 0.135310 0.402097
vt 0.953997 0.817668
vt 0.157901 0.477416
vt 0.000000 0.530180
vt 0.138844 0.403024
vt 0.957531 0.817668
vt 0.000000 0.458146
vt 0.142291 0.405783
vt 0.960978 0.817668
vt 0.145566 0.410306
vt 0.000000 0.462757
vt 0.148589 0.416481
vt 0.000000 0.469013
vt 0.151284 0.424157
vt 0.000000 0.476760
vt 0.153587 0.433144
vt 0.000000 0.485807
vt 0.155439 0.443222
vt 0.000000 0.495931
vt 0.156795 0.454141
vt 0.000000 0.506884
vt 0.157623 0.465634
vt 0.000000 0.518394
vt 0.524768 0.309729
vt 0.056477 0.530180
vt 0.547359 0.234409
vt 0.953997 0.761179
vt 0.525046 0.297946
vt 0.056477 0.518394
vt 0.525874 0.286454
vt 0.056477 0.506884
vt 0.527230 0.275535
vt 0.056477 0.495931
vt 0.529083 0.265457
vt 0.056477 0.485807
vt 0.531385 0.256470
vt 0.056477 0.476760
vt 0.534080 0.248794
vt 0.056477 0.469013
vt 0.537103 0.242619
vt 0.056477 0.462757
vt 0.540378 0.238096
vt 0.960978 0.761179
vt 0.056477 0.458146
vt 0.543825 0.235337
vt 0.957531 0.761179
vt 0.133265 0.413641
vt 0.985905 0.284949
vt 0.138359 0.418736
vt 0.995436 0.841206
vt 0.138894 0.420502
vt 0.993714 0.841206
vt 0.137489 0.417108
vt 0.996994 0.841206
vt 0.134892 0.414511
vt 0.987532 0.284949
vt 0.136318 0.415681
vt 0.998330 0.841206
vt 0.988959 0.284949
vt 0.120250 0.422339
vt 0.988799 0.228460
vt 0.120430 0.420502
vt 0.990630 0.228460
vt 0.120430 0.424176
vt 0.986958 0.228460
vt 0.121836 0.417108
vt 0.993983 0.228460
vt 0.121836 0.427569
vt 0.983528 0.228460
vt 0.120966 0.418736
vt 0.992380 0.228460
vt 0.120966 0.425942
vt 0.985178 0.228460
vt 0.123007 0.415681
vt 0.975647 0.284949
vt 0.995377 0.228460
vt 0.982070 0.228460
vt 0.123007 0.428996
vt 0.976634 0.648521
vt 0.124433 0.430167
vt 0.978060 0.648521
vt 0.124433 0.414511
vt 0.977073 0.284949
vt 0.126060 0.431037
vt 0.979687 0.648521
vt 0.126060 0.413641
vt 0.978701 0.284949
vt 0.127826 0.413105
vt 0.980467 0.284949
vt 0.127826 0.431573
vt 0.981453 0.648521
vt 0.129663 0.412924
vt 0.982303 0.284949
vt 0.129662 0.431754
vt 0.983290 0.648521
vt 0.131499 0.413105
vt 0.984139 0.284949
vt 0.131499 0.431573
vt 0.985126 0.648521
vt 0.138359 0.425942
vt 0.988251 0.841206
vt 0.139075 0.422339
vt 0.991896 0.841206
vt 0.990052 0.841206
vt 0.138894 0.424176
vt 0.137489 0.427569
vt 0.986564 0.841206
vt 0.989945 0.648521
vt 0.136318 0.428996
vt 0.985055 0.841206
vt 0.134892 0.430167
vt 0.988519 0.648521
vt 0.133265 0.431037
vt 0.986892 0.648521
vt 0.561703 0.251048
vt 0.992380 0.284949
vt 0.562239 0.252815
vt 0.990630 0.284949
vt 0.556609 0.245953
vt 0.978701 0.341439
vt 0.558236 0.246823
vt 0.977073 0.341439
vt 0.975647 0.341439
vt 0.559663 0.247994
vt 0.995377 0.284949
vt 0.560833 0.249421
vt 0.993983 0.284949
vt 0.562420 0.254651
vt 0.988799 0.284949
vt 0.562239 0.256488
vt 0.986958 0.284949
vt 0.561703 0.258254
vt 0.985178 0.284949
vt 0.560833 0.259882
vt 0.983528 0.284949
vt 0.559663 0.261309
vt 0.982070 0.284949
vt 0.976634 0.592031
vt 0.558236 0.262480
vt 0.978060 0.592031
vt 0.556609 0.263350
vt 0.979687 0.592031
vt 0.554843 0.263885
vt 0.981453 0.592031
vt 0.554843 0.245417
vt 0.980467 0.341439
vt 0.553007 0.245236
vt 0.982303 0.341439
vt 0.553007 0.264066
vt 0.983290 0.592031
vt 0.551170 0.245417
vt 0.984139 0.341439
vt 0.551170 0.263885
vt 0.985126 0.592031
vt 0.549405 0.245953
vt 0.985905 0.341439
vt 0.549405 0.263350
vt 0.986892 0.592031
vt 0.546351 0.261309
vt 0.989945 0.592031
vt 0.985055 0.784716
vt 0.998330 0.784716
vt 0.546351 0.247994
vt 0.988959 0.341439
vt 0.547777 0.246823
vt 0.987532 0.341439
vt 0.547777 0.262480
vt 0.988519 0.592031
vt 0.545180 0.249421
vt 0.996994 0.784716
vt 0.545180 0.259882
vt 0.986564 0.784716
vt 0.544310 0.258254
vt 0.988251 0.784716
vt 0.543594 0.254651
vt 0.991896 0.784716
vt 0.543775 0.252815
vt 0.993714 0.784716
vt 0.543775 0.256488
vt 0.990052 0.784716
vt 0.544310 0.251048
vt 0.995436 0.784716
vt 0.120250 0.572977
vt 0.991565 0.657616
vt 0.120430 0.571141
vt 0.993395 0.657616
vt 0.120430 0.574814
vt 0.989724 0.657616
vt 0.120966 0.569375
vt 0.995146 0.657616
vt 0.120966 0.576581
vt 0.987944 0.657616
vt 0.121836 0.578208
vt 0.986294 0.657616
vt 0.121836 0.567747
vt 0.996749 0.657616
vt 0.984836 0.657616
vt 0.123007 0.579635
vt 0.977719 0.056489
vt 0.123007 0.566320
vt 0.978170 0.077821
vt 0.998143 0.657616
vt 0.124433 0.580806
vt 0.979146 0.056489
vt 0.124433 0.565149
vt 0.979596 0.077821
vt 0.126060 0.581676
vt 0.980773 0.056489
vt 0.126060 0.564279
vt 0.981224 0.077821
vt 0.127826 0.563744
vt 0.982990 0.077821
vt 0.127826 0.582211
vt 0.982539 0.056489
vt 0.129662 0.563563
vt 0.984826 0.077821
vt 0.129662 0.582393
vt 0.984375 0.056489
vt 0.131499 0.563744
vt 0.986662 0.077821
vt 0.131499 0.582211
vt 0.986212 0.056489
vt 0.133265 0.564279
vt 0.988428 0.077821
vt 0.133265 0.581676
vt 0.987977 0.056489
vt 0.134892 0.565149
vt 0.990056 0.077821
vt 0.134892 0.580806
vt 0.989605 0.056489
vt 0.137489 0.567747
vt 0.196899 0.999500
vt 0.137489 0.578208
vt 0.186468 0.999500
vt 0.139075 0.572977
vt 0.191801 0.999500
vt 0.189956 0.999500
vt 0.138894 0.574814
vt 0.138894 0.571141
vt 0.193619 0.999500
vt 0.138359 0.576581
vt 0.188156 0.999500
vt 0.138359 0.569375
vt 0.195340 0.999500
vt 0.991031 0.056489
vt 0.136318 0.579635
vt 0.184959 0.999500
vt 0.136318 0.566320
vt 0.198235 0.999500
vt 0.991482 0.077821
vt 0.562420 0.405290
vt 0.991565 0.714105
vt 0.562239 0.403453
vt 0.993395 0.714105
vt 0.562239 0.407127
vt 0.989724 0.714105
vt 0.561703 0.401687
vt 0.995146 0.714105
vt 0.560833 0.400059
vt 0.996749 0.714105
vt 0.560833 0.410521
vt 0.986294 0.714105
vt 0.561703 0.408893
vt 0.987944 0.714105
vt 0.978170 0.134311
vt 0.559663 0.398633
vt 0.998143 0.714105
vt 0.558236 0.397462
vt 0.979596 0.134311
vt 0.558236 0.413118
vt 0.979146 0.000000
vt 0.556609 0.396592
vt 0.981224 0.134311
vt 0.554843 0.396056
vt 0.982990 0.134311
vt 0.554843 0.414524
vt 0.982539 0.000000
vt 0.556609 0.413989
vt 0.980773 0.000000
vt 0.559663 0.411947
vt 0.984836 0.714105
vt 0.977719 0.000000
vt 0.551170 0.396056
vt 0.986662 0.134311
vt 0.551170 0.414524
vt 0.986212 0.000000
vt 0.546351 0.411947
vt 0.991031 0.000000
vt 0.184959 0.943011
vt 0.547777 0.397462
vt 0.990056 0.134311
vt 0.547777 0.413118
vt 0.989605 0.000000
vt 0.549405 0.396592
vt 0.988428 0.134311
vt 0.549405 0.413989
vt 0.987977 0.000000
vt 0.545180 0.410521
vt 0.186468 0.943011
vt 0.544310 0.408893
vt 0.188156 0.943011
vt 0.545180 0.400059
vt 0.196899 0.943011
vt 0.543594 0.405290
vt 0.191801 0.943011
vt 0.543775 0.403453
vt 0.193619 0.943011
vt 0.543775 0.407127
vt 0.189956 0.943011
vt 0.544310 0.401687
vt 0.195340 0.943011
vt 0.198235 0.943011
vt 0.546351 0.398633
vt 0.991482 0.134311
vt 0.553007 0.414705
vt 0.984375 0.000000
vt 0.553007 0.395875
vt 0.984826 0.134311
s 1
usemtl 
f 693/1489/137 691/1483/137 819/1757/137
f 748/1606/137 750/1610/137 705/1516/137
f 739/1587/137 717/1541/137 743/1595/137
f 694/1493/138 718/1544/139 728/1565/139
f 865/1855/140 847/1816/140 692/1486/140
f 796/1709/140 802/1721/140 738/1585/140
f 773/1659/140 706/1519/140 774/1661/140
f 691/1484/141 707/1521/142 695/1496/142
f 692/1488/143 693/1491/143 694/1492/143
f 696/1498/144 708/1523/145 706/1518/144
f 705/1517/145 709/1526/146 708/1523/145
f 704/1515/146 710/1528/147 709/1524/146
f 703/1512/147 711/1530/148 710/1528/147
f 702/1510/148 712/1532/149 711/1530/148
f 701/1508/149 713/1534/150 712/1532/149
f 700/1506/150 714/1536/151 713/1534/150
f 699/1504/151 715/1538/152 714/1536/151
f 698/1502/152 716/1540/153 715/1538/152
f 697/1500/153 707/1521/142 716/1540/153
f 729/1567/154 719/1546/155 717/1542/154
f 738/1586/155 720/1549/156 719/1546/155
f 737/1584/156 721/1551/157 720/1547/156
f 736/1581/157 722/1553/158 721/1551/157
f 735/1579/158 723/1555/159 722/1553/158
f 734/1577/159 724/1557/160 723/1555/159
f 733/1575/160 725/1559/161 724/1557/160
f 732/1573/161 726/1561/162 725/1559/161
f 731/1571/162 727/1563/163 726/1561/162
f 730/1569/163 718/1544/139 727/1563/163
f 729/1567/154 696/1498/144 706/1518/144
f 761/1635/164 789/1694/165 763/1639/165
f 763/1639/165 791/1698/166 770/1654/166
f 770/1654/166 795/1708/167 769/1652/167
f 769/1652/167 792/1700/168 768/1648/168
f 768/1650/168 797/1712/169 767/1647/169
f 767/1647/169 798/1714/170 764/1641/170
f 764/1641/170 801/1720/171 766/1644/171
f 801/1720/171 765/1643/141 766/1644/171
f 799/1716/141 741/1592/172 765/1643/141
f 740/1590/173 800/1718/172 802/1722/173
f 742/1594/174 802/1722/173 796/1710/174
f 744/1598/175 796/1710/174 793/1702/175
f 743/1596/176 793/1704/175 794/1706/176
f 739/1588/177 794/1706/176 790/1696/177
f 762/1637/178 790/1696/177 788/1692/178
f 760/1633/143 788/1692/178 786/1688/143
f 758/1629/179 786/1688/143 785/1686/179
f 757/1627/180 785/1686/179 773/1660/180
f 755/1623/181 773/1660/180 774/1662/181
f 752/1615/182 774/1662/181 775/1663/182
f 748/1607/183 775/1665/182 776/1667/183
f 750/1611/184 776/1667/183 771/1656/184
f 746/1603/185 771/1656/184 772/1658/185
f 745/1601/138 772/1658/185 777/1669/138
f 745/1601/138 778/1671/186 747/1605/186
f 747/1605/186 779/1673/187 751/1613/187
f 751/1613/187 780/1675/188 749/1609/188
f 749/1609/188 781/1677/189 753/1617/189
f 753/1619/189 782/1680/190 754/1621/190
f 754/1621/190 783/1682/191 756/1625/191
f 756/1625/191 784/1684/192 759/1631/192
f 759/1631/192 787/1690/164 761/1635/164
f 819/1758/164 851/1826/165 821/1762/165
f 821/1762/165 856/1837/166 823/1766/166
f 823/1766/166 854/1833/167 825/1770/167
f 825/1770/167 852/1828/168 833/1785/168
f 833/1787/168 857/1839/169 827/1774/169
f 827/1774/169 858/1841/170 831/1782/170
f 831/1782/170 862/1849/171 829/1777/171
f 862/1849/171 828/1776/141 829/1777/171
f 860/1845/141 830/1780/172 828/1776/141
f 832/1784/173 861/1847/172 863/1851/173
f 826/1772/174 863/1851/173 859/1843/174
f 834/1789/175 859/1843/174 864/1852/175
f 824/1768/176 864/1854/175 853/1831/176
f 822/1764/177 853/1831/176 855/1835/177
f 820/1760/178 855/1835/177 850/1824/178
f 818/1756/143 850/1824/178 866/1858/143
f 816/1752/179 866/1858/143 846/1815/179
f 815/1750/180 846/1815/179 845/1813/180
f 813/1746/181 845/1813/180 843/1809/181
f 811/1741/182 843/1809/181 842/1805/182
f 809/1736/183 842/1807/182 839/1800/183
f 806/1730/184 839/1800/183 838/1798/184
f 804/1726/185 838/1798/184 836/1794/185
f 804/1726/185 835/1792/138 803/1724/138
f 803/1724/138 837/1796/186 805/1728/186
f 805/1728/186 841/1804/187 807/1732/187
f 807/1732/187 840/1802/188 808/1734/188
f 808/1734/188 849/1821/189 810/1737/189
f 810/1739/189 844/1811/190 812/1744/190
f 812/1744/190 848/1819/191 814/1748/191
f 814/1748/191 847/1817/192 817/1754/192
f 817/1754/192 865/1856/164 819/1758/164
f 829/1778/137 828/1775/137 693/1489/137
f 691/1483/137 803/1723/137 805/1727/137
f 691/1483/137 805/1727/137 807/1731/137
f 831/1781/137 829/1778/137 693/1489/137
f 827/1773/137 831/1781/137 693/1489/137
f 691/1483/137 807/1731/137 808/1733/137
f 691/1483/137 808/1733/137 810/1738/137
f 833/1786/137 827/1773/137 693/1489/137
f 825/1769/137 833/1786/137 693/1489/137
f 691/1483/137 810/1738/137 812/1743/137
f 691/1483/137 812/1743/137 814/1747/137
f 823/1765/137 825/1769/137 693/1489/137
f 821/1761/137 823/1765/137 693/1489/137
f 691/1483/137 814/1747/137 817/1753/137
f 819/1757/137 821/1761/137 693/1489/137
f 691/1483/137 817/1753/137 819/1757/137
f 765/1642/137 741/1591/137 721/1550/137
f 721/1550/137 722/1552/137 765/1642/137
f 722/1552/137 723/1554/137 766/1645/137
f 766/1645/137 723/1554/137 764/1640/137
f 723/1554/137 724/1556/137 764/1640/137
f 724/1556/137 725/1558/137 764/1640/137
f 725/1558/137 726/1560/137 767/1646/137
f 726/1560/137 727/1562/137 767/1646/137
f 725/1558/137 767/1646/137 764/1640/137
f 727/1562/137 718/1543/137 767/1646/137
f 718/1543/137 693/1489/137 830/1779/137
f 693/1489/137 828/1775/137 830/1779/137
f 830/1779/137 832/1783/137 718/1543/137
f 766/1645/137 765/1642/137 722/1552/137
f 832/1783/137 826/1771/137 718/1543/137
f 826/1771/137 834/1788/137 718/1543/137
f 767/1646/137 718/1543/137 768/1649/137
f 718/1543/137 834/1788/137 824/1767/137
f 768/1649/137 718/1543/137 769/1651/137
f 718/1543/137 824/1767/137 769/1651/137
f 769/1651/137 824/1767/137 770/1653/137
f 824/1767/137 822/1763/137 770/1653/137
f 770/1653/137 822/1763/137 820/1759/137
f 763/1638/137 770/1653/137 820/1759/137
f 763/1638/137 820/1759/137 818/1755/137
f 761/1634/137 763/1638/137 818/1755/137
f 761/1634/137 818/1755/137 816/1751/137
f 759/1630/137 761/1634/137 816/1751/137
f 759/1630/137 816/1751/137 815/1749/137
f 756/1624/137 759/1630/137 815/1749/137
f 756/1624/137 815/1749/137 813/1745/137
f 754/1620/137 756/1624/137 813/1745/137
f 754/1620/137 813/1745/137 695/1495/137
f 813/1745/137 811/1740/137 695/1495/137
f 753/1618/137 754/1620/137 695/1495/137
f 811/1740/137 809/1735/137 695/1495/137
f 749/1608/137 753/1618/137 695/1495/137
f 809/1735/137 806/1729/137 695/1495/137
f 751/1612/137 749/1608/137 699/1503/137
f 804/1725/137 803/1723/137 691/1483/137
f 749/1608/137 695/1495/137 697/1499/137
f 806/1729/137 804/1725/137 695/1495/137
f 747/1604/137 751/1612/137 701/1507/137
f 804/1725/137 691/1483/137 695/1495/137
f 697/1499/137 698/1501/137 749/1608/137
f 698/1501/137 699/1503/137 749/1608/137
f 699/1503/137 700/1505/137 751/1612/137
f 700/1505/137 701/1507/137 751/1612/137
f 701/1507/137 702/1509/137 747/1604/137
f 745/1600/137 702/1509/137 703/1511/137
f 703/1511/137 704/1513/137 745/1600/137
f 745/1600/137 704/1513/137 746/1602/137
f 704/1513/137 705/1516/137 750/1610/137
f 705/1516/137 696/1497/137 752/1614/137
f 704/1513/137 750/1610/137 746/1602/137
f 696/1497/137 755/1622/137 752/1614/137
f 752/1614/137 748/1606/137 705/1516/137
f 702/1509/137 745/1600/137 747/1604/137
f 757/1626/137 755/1622/137 696/1497/137
f 696/1497/137 717/1541/137 760/1632/137
f 717/1541/137 719/1545/137 744/1597/137
f 760/1632/137 717/1541/137 762/1636/137
f 719/1545/137 720/1548/137 740/1589/137
f 720/1548/137 721/1550/137 741/1591/137
f 719/1545/137 740/1589/137 742/1593/137
f 741/1591/137 740/1589/137 720/1548/137
f 758/1628/137 757/1626/137 696/1497/137
f 760/1632/137 758/1628/137 696/1497/137
f 742/1593/137 744/1597/137 719/1545/137
f 744/1597/137 743/1595/137 717/1541/137
f 762/1636/137 717/1541/137 739/1587/137
f 694/1493/138 693/1490/138 718/1544/139
f 694/1494/140 860/1844/140 862/1848/140
f 694/1494/140 862/1848/140 858/1840/140
f 837/1795/140 835/1791/140 692/1486/140
f 841/1803/140 837/1795/140 692/1486/140
f 694/1494/140 858/1840/140 857/1838/140
f 694/1494/140 857/1838/140 852/1827/140
f 840/1801/140 841/1803/140 692/1486/140
f 849/1820/140 840/1801/140 692/1486/140
f 694/1494/140 852/1827/140 854/1832/140
f 694/1494/140 854/1832/140 856/1836/140
f 844/1810/140 849/1820/140 692/1486/140
f 848/1818/140 844/1810/140 692/1486/140
f 694/1494/140 856/1836/140 851/1825/140
f 694/1494/140 851/1825/140 865/1855/140
f 847/1816/140 848/1818/140 692/1486/140
f 694/1494/140 865/1855/140 692/1486/140
f 777/1668/140 772/1657/140 710/1527/140
f 710/1527/140 711/1529/140 777/1668/140
f 711/1529/140 712/1531/140 778/1670/140
f 778/1670/140 712/1531/140 779/1672/140
f 712/1531/140 713/1533/140 779/1672/140
f 713/1533/140 714/1535/140 779/1672/140
f 714/1535/140 715/1537/140 780/1674/140
f 715/1537/140 716/1539/140 780/1674/140
f 714/1535/140 780/1674/140 779/1672/140
f 716/1539/140 707/1520/140 780/1674/140
f 707/1520/140 692/1486/140 836/1793/140
f 692/1486/140 835/1791/140 836/1793/140
f 836/1793/140 838/1797/140 707/1520/140
f 778/1670/140 777/1668/140 711/1529/140
f 838/1797/140 839/1799/140 707/1520/140
f 839/1799/140 842/1806/140 707/1520/140
f 780/1674/140 707/1520/140 781/1676/140
f 707/1520/140 842/1806/140 843/1808/140
f 781/1676/140 707/1520/140 782/1679/140
f 707/1520/140 843/1808/140 782/1679/140
f 782/1679/140 843/1808/140 783/1681/140
f 843/1808/140 845/1812/140 783/1681/140
f 783/1681/140 845/1812/140 846/1814/140
f 784/1683/140 783/1681/140 846/1814/140
f 784/1683/140 846/1814/140 866/1857/140
f 787/1689/140 784/1683/140 866/1857/140
f 787/1689/140 866/1857/140 850/1823/140
f 789/1693/140 787/1689/140 850/1823/140
f 789/1693/140 850/1823/140 855/1834/140
f 791/1697/140 789/1693/140 855/1834/140
f 791/1697/140 855/1834/140 853/1830/140
f 795/1707/140 791/1697/140 853/1830/140
f 795/1707/140 853/1830/140 728/1564/140
f 853/1830/140 864/1853/140 728/1564/140
f 792/1699/140 795/1707/140 728/1564/140
f 864/1853/140 859/1842/140 728/1564/140
f 797/1711/140 792/1699/140 728/1564/140
f 859/1842/140 863/1850/140 728/1564/140
f 798/1713/140 797/1711/140 732/1572/140
f 861/1846/140 860/1844/140 694/1494/140
f 797/1711/140 728/1564/140 730/1568/140
f 863/1850/140 861/1846/140 728/1564/140
f 801/1719/140 798/1713/140 734/1576/140
f 861/1846/140 694/1494/140 728/1564/140
f 730/1568/140 731/1570/140 797/1711/140
f 731/1570/140 732/1572/140 797/1711/140
f 732/1572/140 733/1574/140 798/1713/140
f 733/1574/140 734/1576/140 798/1713/140
f 734/1576/140 735/1578/140 801/1719/140
f 799/1715/140 735/1578/140 736/1580/140
f 736/1580/140 737/1582/140 799/1715/140
f 799/1715/140 737/1582/140 800/1717/140
f 737/1582/140 738/1585/140 802/1721/140
f 738/1585/140 729/1566/140 793/1703/140
f 737/1582/140 802/1721/140 800/1717/140
f 729/1566/140 794/1705/140 793/1703/140
f 793/1703/140 796/1709/140 738/1585/140
f 735/1578/140 799/1715/140 801/1719/140
f 790/1695/140 794/1705/140 729/1566/140
f 729/1566/140 706/1519/140 786/1687/140
f 706/1519/140 708/1522/140 775/1664/140
f 786/1687/140 706/1519/140 785/1685/140
f 708/1522/140 709/1525/140 771/1655/140
f 709/1525/140 710/1527/140 772/1657/140
f 708/1522/140 771/1655/140 776/1666/140
f 772/1657/140 771/1655/140 709/1525/140
f 788/1691/140 790/1695/140 729/1566/140
f 786/1687/140 788/1691/140 729/1566/140
f 776/1666/140 775/1664/140 708/1522/140
f 775/1664/140 774/1661/140 706/1519/140
f 785/1685/140 706/1519/140 773/1659/140
f 691/1484/141 692/1487/141 707/1521/142
f 692/1488/143 691/1485/143 693/1491/143
f 696/1498/144 705/1517/145 708/1523/145
f 705/1517/145 704/1514/146 709/1526/146
f 704/1515/146 703/1512/147 710/1528/147
f 703/1512/147 702/1510/148 711/1530/148
f 702/1510/148 701/1508/149 712/1532/149
f 701/1508/149 700/1506/150 713/1534/150
f 700/1506/150 699/1504/151 714/1536/151
f 699/1504/151 698/1502/152 715/1538/152
f 698/1502/152 697/1500/153 716/1540/153
f 697/1500/153 695/1496/142 707/1521/142
f 729/1567/154 738/1586/155 719/1546/155
f 738/1586/155 737/1583/156 720/1549/156
f 737/1584/156 736/1581/157 721/1551/157
f 736/1581/157 735/1579/158 722/1553/158
f 735/1579/158 734/1577/159 723/1555/159
f 734/1577/159 733/1575/160 724/1557/160
f 733/1575/160 732/1573/161 725/1559/161
f 732/1573/161 731/1571/162 726/1561/162
f 731/1571/162 730/1569/163 727/1563/163
f 730/1569/163 728/1565/139 718/1544/139
f 729/1567/154 717/1542/154 696/1498/144
f 761/1635/164 787/1690/164 789/1694/165
f 763/1639/165 789/1694/165 791/1698/166
f 770/1654/166 791/1698/166 795/1708/167
f 769/1652/167 795/1708/167 792/1700/168
f 768/1650/168 792/1701/168 797/1712/169
f 767/1647/169 797/1712/169 798/1714/170
f 764/1641/170 798/1714/170 801/1720/171
f 801/1720/171 799/1716/141 765/1643/141
f 799/1716/141 800/1718/172 741/1592/172
f 740/1590/173 741/1592/172 800/1718/172
f 742/1594/174 740/1590/173 802/1722/173
f 744/1598/175 742/1594/174 796/1710/174
f 743/1596/176 744/1599/175 793/1704/175
f 739/1588/177 743/1596/176 794/1706/176
f 762/1637/178 739/1588/177 790/1696/177
f 760/1633/143 762/1637/178 788/1692/178
f 758/1629/179 760/1633/143 786/1688/143
f 757/1627/180 758/1629/179 785/1686/179
f 755/1623/181 757/1627/180 773/1660/180
f 752/1615/182 755/1623/181 774/1662/181
f 748/1607/183 752/1616/182 775/1665/182
f 750/1611/184 748/1607/183 776/1667/183
f 746/1603/185 750/1611/184 771/1656/184
f 745/1601/138 746/1603/185 772/1658/185
f 745/1601/138 777/1669/138 778/1671/186
f 747/1605/186 778/1671/186 779/1673/187
f 751/1613/187 779/1673/187 780/1675/188
f 749/1609/188 780/1675/188 781/1677/189
f 753/1619/189 781/1678/189 782/1680/190
f 754/1621/190 782/1680/190 783/1682/191
f 756/1625/191 783/1682/191 784/1684/192
f 759/1631/192 784/1684/192 787/1690/164
f 819/1758/164 865/1856/164 851/1826/165
f 821/1762/165 851/1826/165 856/1837/166
f 823/1766/166 856/1837/166 854/1833/167
f 825/1770/167 854/1833/167 852/1828/168
f 833/1787/168 852/1829/168 857/1839/169
f 827/1774/169 857/1839/169 858/1841/170
f 831/1782/170 858/1841/170 862/1849/171
f 862/1849/171 860/1845/141 828/1776/141
f 860/1845/141 861/1847/172 830/1780/172
f 832/1784/173 830/1780/172 861/1847/172
f 826/1772/174 832/1784/173 863/1851/173
f 834/1789/175 826/1772/174 859/1843/174
f 824/1768/176 834/1790/175 864/1854/175
f 822/1764/177 824/1768/176 853/1831/176
f 820/1760/178 822/1764/177 855/1835/177
f 818/1756/143 820/1760/178 850/1824/178
f 816/1752/179 818/1756/143 866/1858/143
f 815/1750/180 816/1752/179 846/1815/179
f 813/1746/181 815/1750/180 845/1813/180
f 811/1741/182 813/1746/181 843/1809/181
f 809/1736/183 811/1742/182 842/1807/182
f 806/1730/184 809/1736/183 839/1800/183
f 804/1726/185 806/1730/184 838/1798/184
f 804/1726/185 836/1794/185 835/1792/138
f 803/1724/138 835/1792/138 837/1796/186
f 805/1728/186 837/1796/186 841/1804/187
f 807/1732/187 841/1804/187 840/1802/188
f 808/1734/188 840/1802/188 849/1821/189
f 810/1739/189 849/1822/189 844/1811/190
f 812/1744/190 844/1811/190 848/1819/191
f 814/1748/191 848/1819/191 847/1817/192
f 817/1754/192 847/1817/192 865/1856/164
o bein.r
v 1.071041 1.398375 -0.576595
v 2.271041 1.398375 -0.576595
v 1.071041 1.398375 0.623405
v 2.271041 1.398375 0.623405
v 1.071041 -1.001625 -0.576595
v 1.071041 -2.601625 -0.096595
v 1.071041 -1.251920 -0.570686
v 1.071041 -1.496053 -0.553102
v 1.071041 -1.728010 -0.524278
v 1.071041 -1.942081 -0.484923
v 1.071041 -2.132996 -0.436007
v 1.071041 -2.296052 -0.378732
v 1.071041 -2.427236 -0.314511
v 1.071041 -2.523315 -0.244924
v 1.071041 -2.581926 -0.171684
v 2.271041 -2.601625 -0.096595
v 2.271041 -1.001625 -0.576595
v 2.271041 -2.581926 -0.171684
v 2.271041 -2.523315 -0.244924
v 2.271041 -2.427236 -0.314511
v 2.271041 -2.296052 -0.378732
v 2.271041 -2.132996 -0.436007
v 2.271041 -1.942081 -0.484924
v 2.271041 -1.728010 -0.524278
v 2.271041 -1.496053 -0.553102
v 2.271041 -1.251920 -0.570686
v 1.071041 -2.601625 0.143405
v 1.071041 -1.001625 0.623405
v 1.071041 -2.581926 0.218493
v 1.071041 -2.523315 0.291733
v 1.071041 -2.427236 0.361320
v 1.071041 -2.296052 0.425541
v 1.071041 -2.132996 0.482816
v 1.071041 -1.942081 0.531733
v 1.071041 -1.728010 0.571088
v 1.071041 -1.496053 0.599912
v 1.071041 -1.251920 0.617495
v 2.271041 -1.001625 0.623404
v 2.271041 -2.601625 0.143404
v 2.271041 -1.251920 0.617495
v 2.271041 -1.496053 0.599912
v 2.271041 -1.728010 0.571088
v 2.271041 -1.942081 0.531733
v 2.271041 -2.132996 0.482816
v 2.271041 -2.296052 0.425541
v 2.271041 -2.427236 0.361320
v 2.271041 -2.523315 0.291733
v 2.271041 -2.581926 0.218493
v 1.071041 -2.356402 0.099941
v 1.071041 -2.248163 0.208181
v 1.071041 -2.210644 0.219562
v 1.071041 -2.282740 0.189699
v 1.071041 -2.337920 0.134519
v 1.071041 -2.313047 0.164826
v 1.071041 -2.171626 -0.176595
v 1.071041 -2.210644 -0.172752
v 1.071041 -2.132608 -0.172752
v 1.071041 -2.282740 -0.142889
v 1.071041 -2.060512 -0.142889
v 1.071041 -2.248163 -0.161371
v 1.071041 -2.095089 -0.161371
v 1.071041 -2.313047 -0.118017
v 1.071041 -2.030204 -0.118017
v 1.071041 -2.005332 -0.087709
v 1.071041 -2.337920 -0.087709
v 1.071041 -1.986850 -0.053132
v 1.071041 -2.356402 -0.053132
v 1.071041 -2.367783 -0.015613
v 1.071041 -1.975469 -0.015613
v 1.071041 -2.371626 0.023405
v 1.071041 -1.971626 0.023405
v 1.071041 -2.367783 0.062423
v 1.071041 -1.975469 0.062423
v 1.071041 -2.095089 0.208181
v 1.071041 -2.171626 0.223405
v 1.071041 -2.132608 0.219562
v 1.071041 -2.060512 0.189699
v 1.071041 -2.030204 0.164826
v 1.071041 -2.005332 0.134519
v 1.071041 -1.986850 0.099941
v 2.271041 -2.248163 -0.161371
v 2.271041 -2.210644 -0.172753
v 2.271041 -2.356402 -0.053132
v 2.271041 -2.337920 -0.087709
v 2.271041 -2.313047 -0.118017
v 2.271041 -2.282740 -0.142889
v 2.271041 -2.171626 -0.176595
v 2.271041 -2.132608 -0.172753
v 2.271041 -2.095089 -0.161371
v 2.271041 -2.060512 -0.142889
v 2.271041 -2.030204 -0.118017
v 2.271041 -2.005332 -0.087709
v 2.271041 -1.986850 -0.053132
v 2.271041 -1.975469 -0.015613
v 2.271041 -2.367783 -0.015614
v 2.271041 -2.371626 0.023405
v 2.271041 -1.971626 0.023405
v 2.271041 -2.367783 0.062423
v 2.271041 -1.975469 0.062423
v 2.271041 -2.356402 0.099941
v 2.271041 -1.986850 0.099941
v 2.271041 -2.030204 0.164826
v 2.271041 -2.313047 0.164826
v 2.271041 -2.337920 0.134519
v 2.271041 -2.005332 0.134519
v 2.271041 -2.282740 0.189698
v 2.271041 -2.060512 0.189698
v 2.271041 -2.095089 0.208180
v 2.271041 -2.171626 0.223405
v 2.271041 -2.210644 0.219562
v 2.271041 -2.132608 0.219562
v 2.271041 -2.248163 0.208180
v 1.071041 1.028381 -0.176595
v 1.071041 0.989364 -0.172752
v 1.071041 1.067400 -0.172752
v 1.071041 0.951845 -0.161371
v 1.071041 1.104918 -0.161371
v 1.071041 0.917268 -0.142889
v 1.071041 1.139496 -0.142889
v 1.071041 0.886960 -0.118017
v 1.071041 1.169803 -0.118017
v 1.071041 0.862088 -0.087709
v 1.071041 1.194675 -0.087709
v 1.071041 0.843606 -0.053132
v 1.071041 1.213158 -0.053132
v 1.071041 1.224539 -0.015613
v 1.071041 0.832225 -0.015613
v 1.071041 1.228382 0.023405
v 1.071041 1.224539 0.062423
v 1.071041 0.832225 0.062423
v 1.071041 1.213158 0.099941
v 1.071041 0.886960 0.164826
v 1.071041 1.194675 0.134519
v 1.071041 0.862088 0.134519
v 1.071041 0.843606 0.099941
v 1.071041 0.917268 0.189699
v 1.071041 1.169803 0.164826
v 1.071041 0.951845 0.208181
v 1.071041 1.139496 0.189699
v 1.071041 1.104918 0.208181
v 1.071041 1.028381 0.223405
v 1.071041 1.067400 0.219562
v 1.071041 0.989364 0.219562
v 1.071041 0.828382 0.023405
v 2.271041 1.028381 -0.176595
v 2.271041 0.989364 -0.172752
v 2.271041 1.067400 -0.172752
v 2.271041 1.104918 -0.161371
v 2.271041 1.139496 -0.142889
v 2.271041 0.917268 -0.142889
v 2.271041 0.951845 -0.161371
v 2.271041 1.169803 -0.118017
v 2.271041 0.886960 -0.118017
v 2.271041 1.194675 -0.087709
v 2.271041 0.862088 -0.087709
v 2.271041 1.213158 -0.053132
v 2.271041 0.843606 -0.053132
v 2.271041 0.828382 0.023405
v 2.271041 1.224539 -0.015613
v 2.271041 0.832225 -0.015613
v 2.271041 0.832225 0.062423
v 2.271041 1.228382 0.023405
v 2.271041 0.843606 0.099941
v 2.271041 1.224539 0.062423
v 2.271041 0.862088 0.134519
v 2.271041 1.213158 0.099941
v 2.271041 0.886960 0.164826
v 2.271041 1.169803 0.164826
v 2.271041 1.194675 0.134519
v 2.271041 0.917268 0.189699
v 2.271041 1.139496 0.189699
v 2.271041 0.951845 0.208181
v 2.271041 1.028381 0.223405
v 2.271041 0.989364 0.219562
v 2.271041 1.067400 0.219562
v 2.271041 1.104918 0.208181
vn -1.0000 -0.0000 -0.0000
vn -0.0000 -0.0000 1.0000
vn -0.0000 -0.0118 0.9999
vn 1.0000 -0.0000 -0.0000
vn -0.0000 -0.0000 -1.0000
vn -0.0000 -0.0118 -0.9999
vn -0.0000 1.0000 -0.0000
vn -0.0000 -0.9918 -0.1279
vn -0.0000 -0.8935 -0.4491
vn -0.0000 -0.6899 -0.7239
vn -0.0000 -0.5150 -0.8572
vn -0.0000 -0.3862 -0.9224
vn -0.0000 -0.2901 -0.9570
vn -0.0000 -0.2146 -0.9767
vn -0.0000 -0.1521 -0.9884
vn -0.0000 -0.0976 -0.9952
vn -0.0000 -0.0477 -0.9989
vn -0.0000 -0.9918 0.1279
vn -0.0000 -0.8935 0.4491
vn -0.0000 -0.6899 0.7239
vn -0.0000 -0.5150 0.8572
vn -0.0000 -0.3862 0.9224
vn -0.0000 -0.2901 0.9570
vn -0.0000 -0.2146 0.9767
vn -0.0000 -0.1521 0.9884
vn -0.0000 -0.0976 0.9952
vn -0.0000 -0.0477 0.9989
vn -0.0000 -1.0000 -0.0000
vn -0.0000 -0.9808 -0.1951
vn -0.0000 -0.9239 -0.3827
vn -0.0000 -0.8315 -0.5556
vn -0.0000 -0.7071 -0.7071
vn -0.0000 -0.5556 -0.8315
vn -0.0000 -0.3827 -0.9239
vn -0.0000 -0.1951 -0.9808
vn -0.0000 0.1951 -0.9808
vn -0.0000 0.3827 -0.9239
vn -0.0000 0.5556 -0.8315
vn -0.0000 0.7071 -0.7071
vn -0.0000 0.8315 -0.5556
vn -0.0000 0.9239 -0.3827
vn -0.0000 0.9808 -0.1951
vn -0.0000 0.9808 0.1951
vn -0.0000 0.9239 0.3827
vn -0.0000 0.8315 0.5556
vn -0.0000 0.7071 0.7071
vn -0.0000 0.5556 0.8315
vn -0.0000 0.3827 0.9239
vn -0.0000 0.1951 0.9808
vn -0.0000 -0.1951 0.9808
vn -0.0000 -0.3827 0.9239
vn -0.0000 -0.5556 0.8315
vn -0.0000 -0.7071 0.7071
vn -0.0000 -0.8315 0.5556
vn -0.0000 -0.9239 0.3827
vn -0.0000 -0.9808 0.1951
vt 0.157901 0.590395
vt 0.654195 0.184970
vt 0.894016 0.855328
vt 0.597717 0.188298
vt 0.597717 0.184970
vt 0.837538 0.855328
vt 0.214378 0.590395
vt 0.637722 0.234409
vt 0.894016 0.911817
vt 0.837538 0.911817
vt 0.581245 0.234409
vt 0.541240 0.188298
vt 0.157901 0.477416
vt 0.654195 0.072034
vt 0.180492 0.402097
vt 0.053411 0.965841
vt 0.158179 0.465634
vt 0.654195 0.060248
vt 0.159007 0.454141
vt 0.654195 0.048738
vt 0.160363 0.443222
vt 0.654195 0.037785
vt 0.162216 0.433145
vt 0.654195 0.027661
vt 0.164518 0.424157
vt 0.654195 0.018614
vt 0.167213 0.416482
vt 0.654195 0.010867
vt 0.170236 0.410306
vt 0.654195 0.004611
vt 0.173511 0.405783
vt 0.046430 0.965841
vt 0.654195 0.000000
vt 0.176958 0.403024
vt 0.049877 0.965841
vt 0.053411 0.909352
vt 0.575126 0.000000
vt 0.597717 0.075319
vt 0.597717 0.072034
vt 0.578660 0.000927
vt 0.049877 0.909352
vt 0.597717 0.000000
vt 0.582107 0.003686
vt 0.046430 0.909352
vt 0.585382 0.008209
vt 0.597717 0.004611
vt 0.588405 0.014385
vt 0.597717 0.010867
vt 0.591101 0.022060
vt 0.597717 0.018614
vt 0.593403 0.031048
vt 0.597717 0.027661
vt 0.595255 0.041125
vt 0.597717 0.037785
vt 0.596612 0.052044
vt 0.597717 0.048738
vt 0.597439 0.063537
vt 0.597717 0.060248
vt 0.191787 0.402097
vt 0.064707 0.965841
vt 0.214378 0.477416
vt 0.637722 0.347078
vt 0.195321 0.403024
vt 0.068241 0.965841
vt 0.637722 0.419670
vt 0.198768 0.405783
vt 0.071688 0.965841
vt 0.202043 0.410306
vt 0.637722 0.414917
vt 0.205066 0.416482
vt 0.637722 0.408535
vt 0.207762 0.424157
vt 0.637722 0.400681
vt 0.210064 0.433145
vt 0.637722 0.391548
vt 0.211916 0.443222
vt 0.637722 0.381361
vt 0.213273 0.454141
vt 0.637722 0.370371
vt 0.214100 0.465634
vt 0.637722 0.358849
vt 0.541240 0.075319
vt 0.581245 0.347078
vt 0.563831 0.000000
vt 0.064707 0.909352
vt 0.541518 0.063537
vt 0.581245 0.358849
vt 0.542346 0.052044
vt 0.581245 0.370371
vt 0.543702 0.041125
vt 0.581245 0.381361
vt 0.545555 0.031048
vt 0.581245 0.391548
vt 0.547857 0.022060
vt 0.581245 0.400681
vt 0.550552 0.014385
vt 0.581245 0.408535
vt 0.553575 0.008209
vt 0.581245 0.414917
vt 0.556850 0.003686
vt 0.071688 0.909352
vt 0.581245 0.419670
vt 0.560297 0.000927
vt 0.068241 0.909352
vt 0.189742 0.413641
vt 0.617155 0.937485
vt 0.194836 0.418736
vt 0.992911 0.572339
vt 0.195372 0.420502
vt 0.991161 0.572339
vt 0.193966 0.417108
vt 0.994514 0.572339
vt 0.191369 0.414511
vt 0.618782 0.937485
vt 0.192796 0.415682
vt 0.995908 0.572339
vt 0.620208 0.937485
vt 0.176727 0.422339
vt 0.991896 0.841206
vt 0.176908 0.420502
vt 0.993714 0.841206
vt 0.176908 0.424176
vt 0.990052 0.841206
vt 0.178313 0.417108
vt 0.996994 0.841206
vt 0.178313 0.427570
vt 0.986564 0.841206
vt 0.177443 0.418736
vt 0.995436 0.841206
vt 0.177443 0.425942
vt 0.988251 0.841206
vt 0.179484 0.415682
vt 0.606897 0.937485
vt 0.998330 0.841206
vt 0.985055 0.841206
vt 0.179484 0.428996
vt 0.979659 0.416758
vt 0.180910 0.430167
vt 0.981085 0.416758
vt 0.180910 0.414511
vt 0.608323 0.937485
vt 0.182538 0.431037
vt 0.982713 0.416758
vt 0.182538 0.413641
vt 0.609950 0.937485
vt 0.184303 0.413105
vt 0.611716 0.937485
vt 0.184303 0.431573
vt 0.984479 0.416758
vt 0.186140 0.412924
vt 0.613553 0.937485
vt 0.186140 0.431754
vt 0.986315 0.416758
vt 0.187976 0.413105
vt 0.615389 0.937485
vt 0.187976 0.431573
vt 0.988151 0.416758
vt 0.194836 0.425942
vt 0.985710 0.572339
vt 0.195553 0.422339
vt 0.989330 0.572339
vt 0.987490 0.572339
vt 0.195372 0.424176
vt 0.193966 0.427570
vt 0.984059 0.572339
vt 0.992971 0.416758
vt 0.192796 0.428996
vt 0.982601 0.572339
vt 0.191369 0.430167
vt 0.991544 0.416758
vt 0.189742 0.431037
vt 0.989917 0.416758
vt 0.578175 0.016639
vt 0.995436 0.897695
vt 0.578711 0.018405
vt 0.993714 0.897695
vt 0.573081 0.011544
vt 0.609950 0.993975
vt 0.574708 0.012414
vt 0.608323 0.993975
vt 0.606897 0.993975
vt 0.576135 0.013585
vt 0.998330 0.897695
vt 0.577305 0.015011
vt 0.996994 0.897695
vt 0.578892 0.020242
vt 0.991896 0.897695
vt 0.578711 0.022079
vt 0.990052 0.897695
vt 0.578175 0.023845
vt 0.988251 0.897695
vt 0.577305 0.025473
vt 0.986564 0.897695
vt 0.576135 0.026899
vt 0.985055 0.897695
vt 0.979659 0.360268
vt 0.574708 0.028070
vt 0.981085 0.360268
vt 0.573081 0.028940
vt 0.982713 0.360268
vt 0.571315 0.029476
vt 0.984479 0.360268
vt 0.571315 0.011008
vt 0.611716 0.993975
vt 0.569479 0.010827
vt 0.613553 0.993975
vt 0.569479 0.029657
vt 0.986315 0.360268
vt 0.567642 0.011008
vt 0.615389 0.993975
vt 0.567642 0.029476
vt 0.988151 0.360268
vt 0.565876 0.011544
vt 0.617155 0.993975
vt 0.565876 0.028940
vt 0.989917 0.360268
vt 0.562823 0.026899
vt 0.992971 0.360268
vt 0.982601 0.515850
vt 0.995908 0.515850
vt 0.562823 0.013585
vt 0.620208 0.993975
vt 0.564249 0.012414
vt 0.618782 0.993975
vt 0.564249 0.028070
vt 0.991544 0.360268
vt 0.561652 0.015011
vt 0.994514 0.515850
vt 0.561652 0.025473
vt 0.984059 0.515850
vt 0.560782 0.023845
vt 0.985710 0.515850
vt 0.560066 0.020242
vt 0.989330 0.515850
vt 0.560247 0.018405
vt 0.991161 0.515850
vt 0.560247 0.022079
vt 0.987490 0.515850
vt 0.560782 0.016639
vt 0.992911 0.515850
vt 0.176727 0.572978
vt 0.657503 0.943511
vt 0.176908 0.571141
vt 0.659321 0.943511
vt 0.176908 0.574815
vt 0.655659 0.943511
vt 0.177443 0.569375
vt 0.661043 0.943511
vt 0.177443 0.576581
vt 0.653858 0.943511
vt 0.178313 0.567747
vt 0.662601 0.943511
vt 0.178313 0.578208
vt 0.652171 0.943511
vt 0.179484 0.566320
vt 0.982070 0.171970
vt 0.663937 0.943511
vt 0.650662 0.943511
vt 0.179484 0.579635
vt 0.979658 0.496785
vt 0.180910 0.565150
vt 0.983496 0.171970
vt 0.180910 0.580806
vt 0.981085 0.496785
vt 0.182538 0.564279
vt 0.985124 0.171970
vt 0.182538 0.581676
vt 0.982712 0.496785
vt 0.184303 0.582212
vt 0.984478 0.496785
vt 0.184303 0.563744
vt 0.986890 0.171970
vt 0.186140 0.582393
vt 0.986314 0.496785
vt 0.187976 0.582212
vt 0.988150 0.496785
vt 0.187976 0.563744
vt 0.990562 0.171970
vt 0.189742 0.581676
vt 0.989916 0.496785
vt 0.192796 0.566320
vt 0.998143 0.770595
vt 0.995382 0.171970
vt 0.191369 0.580806
vt 0.991544 0.496785
vt 0.191369 0.565150
vt 0.993955 0.171970
vt 0.189742 0.564279
vt 0.992328 0.171970
vt 0.193966 0.567747
vt 0.996749 0.770595
vt 0.992970 0.496785
vt 0.192796 0.579635
vt 0.984836 0.770595
vt 0.194836 0.569375
vt 0.995146 0.770595
vt 0.193966 0.578208
vt 0.986294 0.770595
vt 0.194836 0.576581
vt 0.987944 0.770595
vt 0.195553 0.572978
vt 0.991565 0.770595
vt 0.989724 0.770595
vt 0.195372 0.574815
vt 0.195372 0.571141
vt 0.993395 0.770595
vt 0.186140 0.563563
vt 0.988726 0.171970
vt 0.578892 0.170881
vt 0.657503 1.000000
vt 0.578711 0.169044
vt 0.659321 1.000000
vt 0.578711 0.172717
vt 0.655659 1.000000
vt 0.578175 0.174484
vt 0.653858 1.000000
vt 0.577305 0.176111
vt 0.652171 1.000000
vt 0.577305 0.165650
vt 0.662601 1.000000
vt 0.578175 0.167278
vt 0.661043 1.000000
vt 0.576135 0.177538
vt 0.650662 1.000000
vt 0.979658 0.440295
vt 0.982070 0.228460
vt 0.576135 0.164223
vt 0.663937 1.000000
vt 0.574708 0.178709
vt 0.981085 0.440295
vt 0.574708 0.163053
vt 0.983496 0.228460
vt 0.573081 0.179579
vt 0.982712 0.440295
vt 0.573081 0.162183
vt 0.985124 0.228460
vt 0.569479 0.161466
vt 0.988726 0.228460
vt 0.571315 0.180115
vt 0.984478 0.440295
vt 0.571315 0.161647
vt 0.986890 0.228460
vt 0.567642 0.161647
vt 0.990562 0.228460
vt 0.569479 0.180296
vt 0.986314 0.440295
vt 0.565876 0.162183
vt 0.992328 0.228460
vt 0.567642 0.180115
vt 0.988150 0.440295
vt 0.564249 0.163053
vt 0.993955 0.228460
vt 0.565876 0.179579
vt 0.989916 0.440295
vt 0.998143 0.714105
vt 0.562823 0.164223
vt 0.995382 0.228460
vt 0.562823 0.177538
vt 0.992970 0.440295
vt 0.984836 0.714105
vt 0.564249 0.178709
vt 0.991544 0.440295
vt 0.561652 0.165650
vt 0.996749 0.714105
vt 0.561652 0.176111
vt 0.986294 0.714105
vt 0.560782 0.167278
vt 0.995146 0.714105
vt 0.560066 0.170881
vt 0.991565 0.714105
vt 0.560247 0.169044
vt 0.993395 0.714105
vt 0.560247 0.172717
vt 0.989724 0.714105
vt 0.560782 0.174484
vt 0.987944 0.714105
s 1
usemtl 
f 869/1865/193 867/1859/193 994/2131/193
f 924/1982/193 926/1986/193 881/1892/193
f 915/1963/193 893/1917/193 919/1971/193
f 870/1869/194 894/1920/195 904/1941/195
f 1028/2203/196 1025/2197/196 868/1862/196
f 972/2085/196 978/2097/196 914/1961/196
f 949/2035/196 882/1895/196 950/2037/196
f 867/1860/197 883/1897/198 871/1872/198
f 868/1864/199 869/1867/199 870/1868/199
f 872/1874/200 884/1899/201 882/1894/200
f 881/1893/201 885/1902/202 884/1899/201
f 880/1891/202 886/1904/203 885/1900/202
f 879/1888/203 887/1906/204 886/1904/203
f 878/1886/204 888/1908/205 887/1906/204
f 877/1884/205 889/1910/206 888/1908/205
f 876/1882/206 890/1912/207 889/1910/206
f 875/1880/207 891/1914/208 890/1912/207
f 874/1878/208 892/1916/209 891/1914/208
f 873/1876/209 883/1897/198 892/1916/209
f 905/1943/210 895/1922/211 893/1918/210
f 914/1962/211 896/1925/212 895/1922/211
f 913/1960/212 897/1927/213 896/1923/212
f 912/1957/213 898/1929/214 897/1927/213
f 911/1955/214 899/1931/215 898/1929/214
f 910/1953/215 900/1933/216 899/1931/215
f 909/1951/216 901/1935/217 900/1933/216
f 908/1949/217 902/1937/218 901/1935/217
f 907/1947/218 903/1939/219 902/1937/218
f 906/1945/219 894/1920/195 903/1939/219
f 905/1943/210 872/1874/200 882/1894/200
f 937/2011/220 965/2070/221 939/2015/221
f 939/2015/221 967/2074/222 946/2030/222
f 946/2030/222 971/2084/223 945/2028/223
f 945/2028/223 968/2076/224 944/2024/224
f 944/2026/224 973/2088/225 943/2023/225
f 943/2023/225 974/2090/226 940/2017/226
f 940/2017/226 977/2096/227 942/2020/227
f 977/2096/227 941/2019/197 942/2020/227
f 975/2092/197 917/1968/228 941/2019/197
f 916/1966/229 976/2094/228 978/2098/229
f 918/1970/230 978/2098/229 972/2086/230
f 920/1974/231 972/2086/230 969/2078/231
f 919/1972/232 969/2080/231 970/2082/232
f 915/1964/233 970/2082/232 966/2072/233
f 938/2013/234 966/2072/233 964/2068/234
f 936/2009/199 964/2068/234 962/2064/199
f 934/2005/235 962/2064/199 961/2062/235
f 933/2003/236 961/2062/235 949/2036/236
f 931/1999/237 949/2036/236 950/2038/237
f 928/1991/238 950/2038/237 951/2039/238
f 924/1983/239 951/2041/238 952/2043/239
f 926/1987/240 952/2043/239 947/2032/240
f 922/1979/241 947/2032/240 948/2034/241
f 921/1977/194 948/2034/241 953/2045/194
f 921/1977/194 954/2047/242 923/1981/242
f 923/1981/242 955/2049/243 927/1989/243
f 927/1989/243 956/2051/244 925/1985/244
f 925/1985/244 957/2053/245 929/1993/245
f 929/1995/245 958/2056/246 930/1997/246
f 930/1997/246 959/2058/247 932/2001/247
f 932/2001/247 960/2060/248 935/2007/248
f 935/2007/248 963/2066/220 937/2011/220
f 994/2132/220 1030/2208/221 995/2134/221
f 995/2134/221 1032/2212/222 997/2138/222
f 997/2138/222 1035/2220/223 999/2143/223
f 999/2143/223 1034/2217/224 1003/2150/224
f 1003/2152/224 1037/2224/225 1005/2156/225
f 1005/2156/225 1042/2234/226 1006/2158/226
f 1006/2158/226 1041/2232/227 1008/2161/227
f 1041/2232/227 1007/2160/197 1008/2161/227
f 1039/2228/197 1009/2164/228 1007/2160/197
f 1004/2154/229 1040/2230/228 1038/2226/229
f 1002/2149/230 1038/2226/229 1036/2222/230
f 998/2140/231 1036/2222/230 1033/2213/231
f 1000/2145/232 1033/2215/231 1031/2210/232
f 1001/2147/233 1031/2210/232 1029/2206/233
f 996/2136/234 1029/2206/233 1027/2202/234
f 1010/2166/199 1027/2202/234 1024/2196/199
f 993/2130/235 1024/2196/199 1026/2200/235
f 990/2124/236 1026/2200/235 1023/2194/236
f 988/2120/237 1023/2194/236 1021/2190/237
f 986/2114/238 1021/2190/237 1019/2184/238
f 984/2110/239 1019/2186/238 1016/2178/239
f 982/2106/240 1016/2178/239 1017/2180/240
f 980/2102/241 1017/2180/240 1012/2170/241
f 980/2102/241 1011/2168/194 979/2100/194
f 979/2100/194 1013/2172/242 981/2104/242
f 981/2104/242 1014/2174/243 983/2108/243
f 983/2108/243 1015/2176/244 985/2112/244
f 985/2112/244 1018/2182/245 987/2116/245
f 987/2118/245 1020/2188/246 989/2122/246
f 989/2122/246 1022/2192/247 991/2126/247
f 991/2126/247 1025/2198/248 992/2128/248
f 992/2128/248 1028/2204/220 994/2132/220
f 1008/2162/193 1007/2159/193 869/1865/193
f 867/1859/193 979/2099/193 981/2103/193
f 867/1859/193 981/2103/193 983/2107/193
f 1006/2157/193 1008/2162/193 869/1865/193
f 1005/2155/193 1006/2157/193 869/1865/193
f 867/1859/193 983/2107/193 985/2111/193
f 867/1859/193 985/2111/193 987/2117/193
f 1003/2151/193 1005/2155/193 869/1865/193
f 999/2142/193 1003/2151/193 869/1865/193
f 867/1859/193 987/2117/193 989/2121/193
f 867/1859/193 989/2121/193 991/2125/193
f 997/2137/193 999/2142/193 869/1865/193
f 995/2133/193 997/2137/193 869/1865/193
f 867/1859/193 991/2125/193 992/2127/193
f 994/2131/193 995/2133/193 869/1865/193
f 867/1859/193 992/2127/193 994/2131/193
f 941/2018/193 917/1967/193 897/1926/193
f 897/1926/193 898/1928/193 941/2018/193
f 898/1928/193 899/1930/193 942/2021/193
f 942/2021/193 899/1930/193 940/2016/193
f 899/1930/193 900/1932/193 940/2016/193
f 900/1932/193 901/1934/193 940/2016/193
f 901/1934/193 902/1936/193 943/2022/193
f 902/1936/193 903/1938/193 943/2022/193
f 901/1934/193 943/2022/193 940/2016/193
f 903/1938/193 894/1919/193 943/2022/193
f 894/1919/193 869/1865/193 1009/2163/193
f 869/1865/193 1007/2159/193 1009/2163/193
f 1009/2163/193 1004/2153/193 894/1919/193
f 942/2021/193 941/2018/193 898/1928/193
f 1004/2153/193 1002/2148/193 894/1919/193
f 1002/2148/193 998/2139/193 894/1919/193
f 943/2022/193 894/1919/193 944/2025/193
f 894/1919/193 998/2139/193 1000/2144/193
f 944/2025/193 894/1919/193 945/2027/193
f 894/1919/193 1000/2144/193 945/2027/193
f 945/2027/193 1000/2144/193 946/2029/193
f 1000/2144/193 1001/2146/193 946/2029/193
f 946/2029/193 1001/2146/193 996/2135/193
f 939/2014/193 946/2029/193 996/2135/193
f 939/2014/193 996/2135/193 1010/2165/193
f 937/2010/193 939/2014/193 1010/2165/193
f 937/2010/193 1010/2165/193 993/2129/193
f 935/2006/193 937/2010/193 993/2129/193
f 935/2006/193 993/2129/193 990/2123/193
f 932/2000/193 935/2006/193 990/2123/193
f 932/2000/193 990/2123/193 988/2119/193
f 930/1996/193 932/2000/193 988/2119/193
f 930/1996/193 988/2119/193 871/1871/193
f 988/2119/193 986/2113/193 871/1871/193
f 929/1994/193 930/1996/193 871/1871/193
f 986/2113/193 984/2109/193 871/1871/193
f 925/1984/193 929/1994/193 871/1871/193
f 984/2109/193 982/2105/193 871/1871/193
f 927/1988/193 925/1984/193 875/1879/193
f 980/2101/193 979/2099/193 867/1859/193
f 925/1984/193 871/1871/193 873/1875/193
f 982/2105/193 980/2101/193 871/1871/193
f 923/1980/193 927/1988/193 877/1883/193
f 980/2101/193 867/1859/193 871/1871/193
f 873/1875/193 874/1877/193 925/1984/193
f 874/1877/193 875/1879/193 925/1984/193
f 875/1879/193 876/1881/193 927/1988/193
f 876/1881/193 877/1883/193 927/1988/193
f 877/1883/193 878/1885/193 923/1980/193
f 921/1976/193 878/1885/193 879/1887/193
f 879/1887/193 880/1889/193 921/1976/193
f 921/1976/193 880/1889/193 922/1978/193
f 880/1889/193 881/1892/193 926/1986/193
f 881/1892/193 872/1873/193 928/1990/193
f 880/1889/193 926/1986/193 922/1978/193
f 872/1873/193 931/1998/193 928/1990/193
f 928/1990/193 924/1982/193 881/1892/193
f 878/1885/193 921/1976/193 923/1980/193
f 933/2002/193 931/1998/193 872/1873/193
f 872/1873/193 893/1917/193 936/2008/193
f 893/1917/193 895/1921/193 920/1973/193
f 936/2008/193 893/1917/193 938/2012/193
f 895/1921/193 896/1924/193 916/1965/193
f 896/1924/193 897/1926/193 917/1967/193
f 895/1921/193 916/1965/193 918/1969/193
f 917/1967/193 916/1965/193 896/1924/193
f 934/2004/193 933/2002/193 872/1873/193
f 936/2008/193 934/2004/193 872/1873/193
f 918/1969/193 920/1973/193 895/1921/193
f 920/1973/193 919/1971/193 893/1917/193
f 938/2012/193 893/1917/193 915/1963/193
f 870/1869/194 869/1866/194 894/1920/195
f 870/1870/196 1039/2227/196 1041/2231/196
f 870/1870/196 1041/2231/196 1042/2233/196
f 1013/2171/196 1011/2167/196 868/1862/196
f 1014/2173/196 1013/2171/196 868/1862/196
f 870/1870/196 1042/2233/196 1037/2223/196
f 870/1870/196 1037/2223/196 1034/2216/196
f 1015/2175/196 1014/2173/196 868/1862/196
f 1018/2181/196 1015/2175/196 868/1862/196
f 870/1870/196 1034/2216/196 1035/2219/196
f 870/1870/196 1035/2219/196 1032/2211/196
f 1020/2187/196 1018/2181/196 868/1862/196
f 1022/2191/196 1020/2187/196 868/1862/196
f 870/1870/196 1032/2211/196 1030/2207/196
f 870/1870/196 1030/2207/196 1028/2203/196
f 1025/2197/196 1022/2191/196 868/1862/196
f 870/1870/196 1028/2203/196 868/1862/196
f 953/2044/196 948/2033/196 886/1903/196
f 886/1903/196 887/1905/196 953/2044/196
f 887/1905/196 888/1907/196 954/2046/196
f 954/2046/196 888/1907/196 955/2048/196
f 888/1907/196 889/1909/196 955/2048/196
f 889/1909/196 890/1911/196 955/2048/196
f 890/1911/196 891/1913/196 956/2050/196
f 891/1913/196 892/1915/196 956/2050/196
f 890/1911/196 956/2050/196 955/2048/196
f 892/1915/196 883/1896/196 956/2050/196
f 883/1896/196 868/1862/196 1012/2169/196
f 868/1862/196 1011/2167/196 1012/2169/196
f 1012/2169/196 1017/2179/196 883/1896/196
f 954/2046/196 953/2044/196 887/1905/196
f 1017/2179/196 1016/2177/196 883/1896/196
f 1016/2177/196 1019/2185/196 883/1896/196
f 956/2050/196 883/1896/196 957/2052/196
f 883/1896/196 1019/2185/196 1021/2189/196
f 957/2052/196 883/1896/196 958/2055/196
f 883/1896/196 1021/2189/196 958/2055/196
f 958/2055/196 1021/2189/196 959/2057/196
f 1021/2189/196 1023/2193/196 959/2057/196
f 959/2057/196 1023/2193/196 1026/2199/196
f 960/2059/196 959/2057/196 1026/2199/196
f 960/2059/196 1026/2199/196 1024/2195/196
f 963/2065/196 960/2059/196 1024/2195/196
f 963/2065/196 1024/2195/196 1027/2201/196
f 965/2069/196 963/2065/196 1027/2201/196
f 965/2069/196 1027/2201/196 1029/2205/196
f 967/2073/196 965/2069/196 1029/2205/196
f 967/2073/196 1029/2205/196 1031/2209/196
f 971/2083/196 967/2073/196 1031/2209/196
f 971/2083/196 1031/2209/196 904/1940/196
f 1031/2209/196 1033/2214/196 904/1940/196
f 968/2075/196 971/2083/196 904/1940/196
f 1033/2214/196 1036/2221/196 904/1940/196
f 973/2087/196 968/2075/196 904/1940/196
f 1036/2221/196 1038/2225/196 904/1940/196
f 974/2089/196 973/2087/196 908/1948/196
f 1040/2229/196 1039/2227/196 870/1870/196
f 973/2087/196 904/1940/196 906/1944/196
f 1038/2225/196 1040/2229/196 904/1940/196
f 977/2095/196 974/2089/196 910/1952/196
f 1040/2229/196 870/1870/196 904/1940/196
f 906/1944/196 907/1946/196 973/2087/196
f 907/1946/196 908/1948/196 973/2087/196
f 908/1948/196 909/1950/196 974/2089/196
f 909/1950/196 910/1952/196 974/2089/196
f 910/1952/196 911/1954/196 977/2095/196
f 975/2091/196 911/1954/196 912/1956/196
f 912/1956/196 913/1958/196 975/2091/196
f 975/2091/196 913/1958/196 976/2093/196
f 913/1958/196 914/1961/196 978/2097/196
f 914/1961/196 905/1942/196 969/2079/196
f 913/1958/196 978/2097/196 976/2093/196
f 905/1942/196 970/2081/196 969/2079/196
f 969/2079/196 972/2085/196 914/1961/196
f 911/1954/196 975/2091/196 977/2095/196
f 966/2071/196 970/2081/196 905/1942/196
f 905/1942/196 882/1895/196 962/2063/196
f 882/1895/196 884/1898/196 951/2040/196
f 962/2063/196 882/1895/196 961/2061/196
f 884/1898/196 885/1901/196 947/2031/196
f 885/1901/196 886/1903/196 948/2033/196
f 884/1898/196 947/2031/196 952/2042/196
f 948/2033/196 947/2031/196 885/1901/196
f 964/2067/196 966/2071/196 905/1942/196
f 962/2063/196 964/2067/196 905/1942/196
f 952/2042/196 951/2040/196 884/1898/196
f 951/2040/196 950/2037/196 882/1895/196
f 961/2061/196 882/1895/196 949/2035/196
f 867/1860/197 868/1863/197 883/1897/198
f 868/1864/199 867/1861/199 869/1867/199
f 872/1874/200 881/1893/201 884/1899/201
f 881/1893/201 880/1890/202 885/1902/202
f 880/1891/202 879/1888/203 886/1904/203
f 879/1888/203 878/1886/204 887/1906/204
f 878/1886/204 877/1884/205 888/1908/205
f 877/1884/205 876/1882/206 889/1910/206
f 876/1882/206 875/1880/207 890/1912/207
f 875/1880/207 874/1878/208 891/1914/208
f 874/1878/208 873/1876/209 892/1916/209
f 873/1876/209 871/1872/198 883/1897/198
f 905/1943/210 914/1962/211 895/1922/211
f 914/1962/211 913/1959/212 896/1925/212
f 913/1960/212 912/1957/213 897/1927/213
f 912/1957/213 911/1955/214 898/1929/214
f 911/1955/214 910/1953/215 899/1931/215
f 910/1953/215 909/1951/216 900/1933/216
f 909/1951/216 908/1949/217 901/1935/217
f 908/1949/217 907/1947/218 902/1937/218
f 907/1947/218 906/1945/219 903/1939/219
f 906/1945/219 904/1941/195 894/1920/195
f 905/1943/210 893/1918/210 872/1874/200
f 937/2011/220 963/2066/220 965/2070/221
f 939/2015/221 965/2070/221 967/2074/222
f 946/2030/222 967/2074/222 971/2084/223
f 945/2028/223 971/2084/223 968/2076/224
f 944/2026/224 968/2077/224 973/2088/225
f 943/2023/225 973/2088/225 974/2090/226
f 940/2017/226 974/2090/226 977/2096/227
f 977/2096/227 975/2092/197 941/2019/197
f 975/2092/197 976/2094/228 917/1968/228
f 916/1966/229 917/1968/228 976/2094/228
f 918/1970/230 916/1966/229 978/2098/229
f 920/1974/231 918/1970/230 972/2086/230
f 919/1972/232 920/1975/231 969/2080/231
f 915/1964/233 919/1972/232 970/2082/232
f 938/2013/234 915/1964/233 966/2072/233
f 936/2009/199 938/2013/234 964/2068/234
f 934/2005/235 936/2009/199 962/2064/199
f 933/2003/236 934/2005/235 961/2062/235
f 931/1999/237 933/2003/236 949/2036/236
f 928/1991/238 931/1999/237 950/2038/237
f 924/1983/239 928/1992/238 951/2041/238
f 926/1987/240 924/1983/239 952/2043/239
f 922/1979/241 926/1987/240 947/2032/240
f 921/1977/194 922/1979/241 948/2034/241
f 921/1977/194 953/2045/194 954/2047/242
f 923/1981/242 954/2047/242 955/2049/243
f 927/1989/243 955/2049/243 956/2051/244
f 925/1985/244 956/2051/244 957/2053/245
f 929/1995/245 957/2054/245 958/2056/246
f 930/1997/246 958/2056/246 959/2058/247
f 932/2001/247 959/2058/247 960/2060/248
f 935/2007/248 960/2060/248 963/2066/220
f 994/2132/220 1028/2204/220 1030/2208/221
f 995/2134/221 1030/2208/221 1032/2212/222
f 997/2138/222 1032/2212/222 1035/2220/223
f 999/2143/223 1035/2220/223 1034/2217/224
f 1003/2152/224 1034/2218/224 1037/2224/225
f 1005/2156/225 1037/2224/225 1042/2234/226
f 1006/2158/226 1042/2234/226 1041/2232/227
f 1041/2232/227 1039/2228/197 1007/2160/197
f 1039/2228/197 1040/2230/228 1009/2164/228
f 1004/2154/229 1009/2164/228 1040/2230/228
f 1002/2149/230 1004/2154/229 1038/2226/229
f 998/2140/231 1002/2149/230 1036/2222/230
f 1000/2145/232 998/2141/231 1033/2215/231
f 1001/2147/233 1000/2145/232 1031/2210/232
f 996/2136/234 1001/2147/233 1029/2206/233
f 1010/2166/199 996/2136/234 1027/2202/234
f 993/2130/235 1010/2166/199 1024/2196/199
f 990/2124/236 993/2130/235 1026/2200/235
f 988/2120/237 990/2124/236 1023/2194/236
f 986/2114/238 988/2120/237 1021/2190/237
f 984/2110/239 986/2115/238 1019/2186/238
f 982/2106/240 984/2110/239 1016/2178/239
f 980/2102/241 982/2106/240 1017/2180/240
f 980/2102/241 1012/2170/241 1011/2168/194
f 979/2100/194 1011/2168/194 1013/2172/242
f 981/2104/242 1013/2172/242 1014/2174/243
f 983/2108/243 1014/2174/243 1015/2176/244
f 985/2112/244 1015/2176/244 1018/2182/245
f 987/2118/245 1018/2183/245 1020/2188/246
f 989/2122/246 1020/2188/246 1022/2192/247
f 991/2126/247 1022/2192/247 1025/2198/248
f 992/2128/248 1025/2198/248 1028/2204/220
o fuss.l
v -2.675219 -6.371624 -0.976596
v -2.175219 -6.171623 -0.676596
v -0.675219 -6.371624 -0.976596
v -1.175219 -6.171623 -0.676596
v -2.675219 -6.371624 1.023404
v -2.175219 -6.171623 0.723404
v -0.675219 -6.371624 1.023404
v -1.175219 -6.171623 0.723404
v -2.675219 -6.171623 -0.976596
v -0.675219 -6.171623 -0.976596
v -0.675219 -6.171623 1.023404
v -2.675219 -6.171623 1.023404
v -2.375219 -6.171623 -0.676596
v -0.975219 -6.171623 -0.676596
v -0.975219 -6.171623 0.723404
v -2.375219 -6.171623 0.723404
v -0.975219 -5.471623 -0.076596
v -0.975219 -5.471623 0.123404
v -2.375219 -5.471623 0.123404
v -2.375219 -5.471623 -0.076596
v -1.175219 -5.471623 -0.076596
v -1.175219 -5.471623 0.123404
v -2.175219 -5.471623 0.123404
v -2.175219 -5.471623 -0.076596
v -0.975219 -5.489197 -0.252332
v -0.975219 -5.489197 0.299140
v -2.375219 -5.489197 0.299140
v -2.375219 -5.489197 -0.252332
v -1.175219 -5.489197 -0.252332
v -1.175219 -5.489197 0.299140
v -2.175219 -5.489197 0.299140
v -2.175219 -5.489197 -0.252332
v -0.975219 -5.536190 -0.446986
v -0.975219 -5.536190 0.493794
v -2.375219 -5.536190 0.493794
v -2.375219 -5.536190 -0.446986
v -1.175219 -5.536190 -0.446986
v -1.175219 -5.536190 0.493794
v -2.175219 -5.536190 0.493794
v -2.175219 -5.536190 -0.446986
v -0.975219 -5.592776 -0.559542
v -0.975219 -5.592776 0.606350
v -2.375219 -5.592776 0.606350
v -2.375219 -5.592776 -0.559542
v -1.175219 -5.592776 -0.559542
v -1.175219 -5.592776 0.606350
v -2.175219 -5.592776 0.606350
v -2.175219 -5.592776 -0.559542
v -0.975219 -5.771623 -0.676596
v -0.975219 -5.651912 -0.617786
v -0.975219 -5.651912 0.664594
v -0.975219 -5.771623 0.723404
v -2.375219 -5.771623 0.723404
v -2.375219 -5.651912 0.664594
v -2.375219 -5.651912 -0.617786
v -2.375219 -5.771623 -0.676596
v -1.175219 -5.651912 -0.617786
v -1.175219 -5.771623 -0.676596
v -1.175219 -5.771623 0.723404
v -1.175219 -5.651912 0.664594
v -2.175219 -5.651912 0.664594
v -2.175219 -5.771623 0.723404
v -2.175219 -5.771623 -0.676596
v -2.175219 -5.651912 -0.617786
v -2.175219 -5.971623 0.023404
v -2.175219 -5.967780 0.062422
v -2.175219 -5.956399 0.099941
v -2.175219 -5.771623 -0.176596
v -2.175219 -5.848160 -0.161372
v -2.175219 -5.810641 -0.172753
v -2.175219 -5.732605 -0.172753
v -2.175219 -5.937917 -0.087710
v -2.175219 -5.913044 -0.118017
v -2.175219 -5.882737 -0.142890
v -2.175219 -5.695086 -0.161372
v -2.175219 -5.967780 -0.015614
v -2.175219 -5.956399 -0.053133
v -2.175219 -5.771623 0.223404
v -2.175219 -5.810641 0.219561
v -2.175219 -5.732605 0.219561
v -2.175219 -5.882737 0.189698
v -2.175219 -5.848160 0.208180
v -2.175219 -5.937917 0.134518
v -2.175219 -5.913044 0.164825
v -2.175219 -5.660509 -0.142890
v -2.175219 -5.660509 -0.142890
v -2.175219 -5.630202 -0.118017
v -2.175219 -5.695086 0.208180
v -2.175219 -5.660509 0.189698
v -2.175219 -5.630202 0.164825
v -2.175219 -5.605329 -0.087710
v -2.175219 -5.575466 -0.015614
v -2.175219 -5.586847 -0.053133
v -2.175219 -5.605329 0.134518
v -2.175219 -5.586847 0.099941
v -2.175219 -5.575466 0.062422
v -2.175219 -5.571623 0.023404
v -1.175219 -5.956399 -0.053133
v -1.175219 -5.971623 0.023404
v -1.175219 -5.967780 -0.015614
v -1.175219 -5.810641 -0.172753
v -1.175219 -5.771623 -0.176596
v -1.175219 -5.848160 -0.161372
v -1.175219 -5.732605 -0.172753
v -1.175219 -5.913044 -0.118017
v -1.175219 -5.967780 0.062422
v -1.175219 -5.937917 -0.087710
v -1.175219 -5.882737 -0.142890
v -1.175219 -5.771623 0.223404
v -1.175219 -5.732605 0.219561
v -1.175219 -5.848160 0.208180
v -1.175219 -5.810641 0.219561
v -1.175219 -5.695086 0.208180
v -1.175219 -5.956399 0.099941
v -1.175219 -5.937917 0.134518
v -1.175219 -5.913044 0.164825
v -1.175219 -5.882737 0.189698
v -1.175219 -5.695086 -0.161372
v -1.175219 -5.660509 -0.142890
v -1.175219 -5.630202 -0.118017
v -1.175219 -5.630202 0.164825
v -1.175219 -5.660509 0.189698
v -1.175219 -5.660509 0.189698
v -1.175219 -5.605329 -0.087710
v -1.175219 -5.605329 -0.087710
v -1.175219 -5.586847 -0.053133
v -1.175219 -5.575466 -0.015614
v -1.175219 -5.571623 0.023404
v -1.175219 -5.605329 0.134518
v -1.175219 -5.586847 0.099941
v -1.175219 -5.575466 0.062422
v -0.975219 -5.971623 0.023404
v -0.975219 -5.967780 0.062422
v -0.975219 -5.956399 0.099941
v -0.975219 -5.771623 -0.176596
v -0.975219 -5.848160 -0.161372
v -0.975219 -5.810641 -0.172753
v -0.975219 -5.732605 -0.172753
v -0.975219 -5.956399 -0.053133
v -0.975219 -5.937917 -0.087710
v -0.975219 -5.913044 -0.118018
v -0.975219 -5.882737 -0.142890
v -0.975219 -5.695086 -0.161372
v -0.975219 -5.967780 -0.015614
v -0.975219 -5.771623 0.223404
v -0.975219 -5.732605 0.219561
v -0.975219 -5.848160 0.208180
v -0.975219 -5.810641 0.219561
v -0.975219 -5.937917 0.134518
v -0.975219 -5.913044 0.164825
v -0.975219 -5.882737 0.189698
v -0.975219 -5.660509 -0.142890
v -0.975219 -5.630202 -0.118018
v -0.975219 -5.695086 0.208180
v -0.975219 -5.660509 0.189698
v -0.975219 -5.630202 0.164825
v -0.975219 -5.605329 -0.087710
v -0.975219 -5.575466 -0.015614
v -0.975219 -5.586847 -0.053133
v -0.975219 -5.571623 0.023404
v -0.975219 -5.605329 0.134518
v -0.975219 -5.605329 0.134518
v -0.975219 -5.586847 0.099941
v -0.975219 -5.575466 0.062422
v -2.375219 -5.956399 -0.053133
v -2.375219 -5.971623 0.023404
v -2.375219 -5.967780 -0.015614
v -2.375219 -5.810641 -0.172753
v -2.375219 -5.771623 -0.176596
v -2.375219 -5.848160 -0.161372
v -2.375219 -5.732605 -0.172753
v -2.375219 -5.967780 0.062422
v -2.375219 -5.937917 -0.087710
v -2.375219 -5.913044 -0.118017
v -2.375219 -5.882737 -0.142890
v -2.375219 -5.771623 0.223404
v -2.375219 -5.732605 0.219561
v -2.375219 -5.848160 0.208180
v -2.375219 -5.810641 0.219561
v -2.375219 -5.695086 0.208180
v -2.375219 -5.956399 0.099941
v -2.375219 -5.937917 0.134518
v -2.375219 -5.913044 0.164825
v -2.375219 -5.882737 0.189698
v -2.375219 -5.695086 -0.161372
v -2.375219 -5.660509 -0.142890
v -2.375219 -5.630202 -0.118017
v -2.375219 -5.660509 0.189698
v -2.375219 -5.660509 0.189698
v -2.375219 -5.630202 0.164825
v -2.375219 -5.605329 -0.087710
v -2.375219 -5.586847 -0.053133
v -2.375219 -5.575466 -0.015614
v -2.375219 -5.605329 0.134518
v -2.375219 -5.586847 0.099941
v -2.375219 -5.575466 0.062422
v -2.375219 -5.571623 0.023404
vn -0.0000 -0.0000 -1.0000
vn 1.0000 -0.0000 -0.0000
vn -0.0000 -0.0000 1.0000
vn -1.0000 -0.0000 -0.0000
vn -0.0000 -1.0000 -0.0000
vn -0.0000 1.0000 -0.0000
vn -0.0000 0.9988 0.0498
vn -0.0000 0.9859 0.1675
vn -0.0000 0.9389 0.3442
vn -0.0000 0.9389 -0.3442
vn -0.0000 0.9859 -0.1675
vn -0.0000 0.9988 -0.0498
vn -0.0000 0.8084 0.5887
vn -0.0000 0.8084 -0.5887
vn -0.0000 0.5788 0.8155
vn -0.0000 0.5788 -0.8155
vn -0.0000 0.2263 -0.9740
vn -0.0000 0.2263 0.9740
vn -0.0000 -0.9808 -0.1951
vn -0.0000 -0.9239 -0.3827
vn -0.0000 -0.8315 -0.5556
vn -0.0000 -0.8819 -0.4714
vn -0.0000 -0.9700 -0.2430
vn -0.0000 -0.7071 -0.7071
vn -0.0000 -0.7730 -0.6344
vn -0.0000 -0.5556 -0.8315
vn -0.0000 -0.3827 -0.9239
vn -0.0000 -0.1951 -0.9808
vn -0.0000 0.1951 -0.9808
vn -0.0000 0.3827 -0.9239
vn -0.0000 0.5556 -0.8315
vn -0.0000 0.7071 -0.7071
vn -0.0000 0.8315 -0.5556
vn -0.0000 0.9239 -0.3827
vn -0.0000 0.9808 -0.1951
vn -0.0000 0.9808 0.1951
vn -0.0000 0.9239 0.3827
vn -0.0000 0.8315 0.5556
vn -0.0000 0.7071 0.7071
vn -0.0000 0.5556 0.8315
vn -0.0000 0.3827 0.9239
vn -0.0000 0.1951 0.9808
vn -0.0000 -0.1951 0.9808
vn -0.0000 -0.3827 0.9239
vn -0.0000 -0.4714 0.8819
vn -0.0000 -0.5556 0.8315
vn -0.0000 -0.6344 0.7730
vn -0.0000 -0.7071 0.7071
vn -0.0000 -0.8315 0.5556
vn -0.0000 -0.9239 0.3827
vn -0.0000 -0.9808 0.1951
vt 0.978170 0.171970
vt 0.590658 0.419670
vt 0.694200 0.234409
vt 0.608543 0.576318
vt 0.767620 0.587003
vt 0.800565 0.846959
vt 0.430639 0.720337
vt 0.788328 0.234409
vt 0.978170 0.077821
vt 0.720556 0.587003
vt 0.397694 0.953056
vt 0.654195 0.184970
vt 0.590658 0.513819
vt 0.327097 0.626198
vt 0.694200 0.328559
vt 0.767620 0.652908
vt 0.800565 0.912863
vt 0.972112 0.950038
vt 0.327097 0.720347
vt 0.430639 0.626188
vt 0.788328 0.328559
vt 0.824948 0.332041
vt 0.720556 0.652908
vt 0.397694 0.887151
vt 0.968771 0.171970
vt 0.581245 0.419670
vt 0.791152 0.572881
vt 0.968771 0.077821
vt 0.421227 0.720337
vt 0.697024 0.572881
vt 0.421227 0.626188
vt 0.317698 0.720347
vt 0.697024 0.667030
vt 0.317698 0.626198
vt 0.581245 0.513819
vt 0.791152 0.667030
vt 0.777033 0.587003
vt 0.918156 0.065904
vt 0.617955 0.576318
vt 0.711143 0.587003
vt 0.644782 0.184970
vt 0.920095 0.360268
vt 0.711143 0.652908
vt 0.920095 0.426173
vt 0.834361 0.332041
vt 0.777033 0.652908
vt 0.962699 0.950038
vt 0.918156 0.000000
vt 0.515251 0.966375
vt 0.953041 0.388513
vt 0.515251 0.975790
vt 0.953041 0.397928
vt 0.207647 0.975160
vt 0.951101 0.028245
vt 0.207647 0.965745
vt 0.951101 0.037660
vt 0.524664 0.966375
vt 0.430639 0.924811
vt 0.524664 0.975790
vt 0.430639 0.915396
vt 0.198235 0.975160
vt 0.833510 0.884618
vt 0.198235 0.965745
vt 0.833510 0.875203
vt 0.952213 0.380240
vt 0.515251 0.958103
vt 0.515251 0.984063
vt 0.952213 0.406201
vt 0.207647 0.983433
vt 0.950274 0.019972
vt 0.207647 0.957472
vt 0.950274 0.045932
vt 0.429812 0.933084
vt 0.524664 0.958103
vt 0.524664 0.984063
vt 0.429812 0.907123
vt 0.198235 0.983433
vt 0.832683 0.892891
vt 0.198235 0.957472
vt 0.832683 0.866931
vt 0.950002 0.371077
vt 0.515251 0.948939
vt 0.515251 0.993226
vt 0.950002 0.415364
vt 0.207647 0.992596
vt 0.948062 0.010809
vt 0.207647 0.948309
vt 0.948062 0.055096
vt 0.427600 0.942247
vt 0.524664 0.948939
vt 0.524664 0.993226
vt 0.427600 0.897960
vt 0.830472 0.902054
vt 0.198235 0.992596
vt 0.198235 0.948309
vt 0.830472 0.857767
vt 0.515251 0.943641
vt 0.947339 0.365779
vt 0.644782 0.212479
vt 0.515251 0.998525
vt 0.834361 0.359550
vt 0.947339 0.420662
vt 0.207647 0.997894
vt 0.962699 0.977547
vt 0.945399 0.005510
vt 0.207647 0.943011
vt 0.617955 0.603827
vt 0.945399 0.060394
vt 0.195553 0.234512
vt 0.424937 0.947545
vt 0.524664 0.943641
vt 0.654195 0.212479
vt 0.524664 0.998525
vt 0.824948 0.359550
vt 0.424937 0.892662
vt 0.827808 0.907353
vt 0.198235 0.997894
vt 0.972112 0.977547
vt 0.198235 0.943011
vt 0.827808 0.852469
vt 0.608543 0.603827
vt 0.938921 0.360268
vt 0.644782 0.203772
vt 0.944555 0.363037
vt 0.644782 0.209550
vt 0.944555 0.423404
vt 0.834361 0.356621
vt 0.938921 0.426173
vt 0.834361 0.350843
vt 0.936981 0.000000
vt 0.962699 0.968840
vt 0.195553 0.234512
vt 0.942616 0.002768
vt 0.962699 0.974618
vt 0.942616 0.063136
vt 0.617955 0.600897
vt 0.936981 0.065904
vt 0.617955 0.595120
vt 0.422154 0.950287
vt 0.654195 0.209550
vt 0.416520 0.953056
vt 0.654195 0.203772
vt 0.416520 0.887151
vt 0.824948 0.350843
vt 0.422154 0.889920
vt 0.824948 0.356621
vt 0.825025 0.910094
vt 0.972112 0.974618
vt 0.819391 0.912863
vt 0.972112 0.968840
vt 0.819391 0.846959
vt 0.608543 0.595120
vt 0.825025 0.849727
vt 0.608543 0.600897
vt 0.809978 0.879911
vt 0.938921 0.432830
vt 0.810159 0.881747
vt 0.938921 0.434667
vt 0.810695 0.883514
vt 0.938921 0.436433
vt 0.819391 0.870496
vt 0.402400 0.632986
vt 0.815789 0.871212
vt 0.402400 0.629349
vt 0.817554 0.870677
vt 0.402400 0.631142
vt 0.821228 0.870677
vt 0.402400 0.634810
vt 0.811564 0.874680
vt 0.938921 0.427599
vt 0.402400 0.626188
vt 0.812735 0.873253
vt 0.938921 0.426173
vt 0.814161 0.872082
vt 0.402400 0.627677
vt 0.195553 0.234512
vt 0.822993 0.871212
vt 0.402400 0.636544
vt 0.810159 0.878074
vt 0.938921 0.430993
vt 0.810695 0.876308
vt 0.938921 0.429227
vt 0.819391 0.889326
vt 0.009413 0.972196
vt 0.817554 0.889145
vt 0.009413 0.970352
vt 0.821228 0.889145
vt 0.009413 0.974020
vt 0.814161 0.887739
vt 0.009413 0.966886
vt 0.815789 0.888609
vt 0.009413 0.968559
vt 0.811564 0.885141
vt 0.938921 0.438061
vt 0.812735 0.886568
vt 0.009413 0.965398
vt 0.938921 0.439487
vt 0.402400 0.638122
vt 0.195553 0.234512
vt 0.824621 0.872082
vt 0.195553 0.234512
vt 0.223523 0.347490
vt 0.962573 0.156291
vt 0.826047 0.873253
vt 0.222163 0.347490
vt 0.822993 0.888609
vt 0.009413 0.975754
vt 0.824621 0.887739
vt 0.009413 0.977332
vt 0.826047 0.886568
vt 0.962573 0.169606
vt 0.009413 0.978693
vt 0.827218 0.874680
vt 0.962573 0.157718
vt 0.828623 0.878074
vt 0.962573 0.161112
vt 0.828087 0.876308
vt 0.962573 0.159346
vt 0.827218 0.885141
vt 0.962573 0.168179
vt 0.828087 0.883514
vt 0.962573 0.166552
vt 0.828623 0.881747
vt 0.962573 0.164785
vt 0.828804 0.879911
vt 0.962573 0.162949
vt 0.407824 0.923706
vt 0.882457 0.355308
vt 0.407107 0.920103
vt 0.882457 0.351705
vt 0.407288 0.921940
vt 0.882457 0.353542
vt 0.414683 0.929337
vt 0.967847 0.346393
vt 0.416520 0.929518
vt 0.967847 0.348236
vt 0.412918 0.928802
vt 0.967847 0.344600
vt 0.418356 0.929337
vt 0.967847 0.350061
vt 0.882457 0.358362
vt 0.409864 0.926761
vt 0.967847 0.341439
vt 0.407288 0.918267
vt 0.882457 0.349868
vt 0.408693 0.925334
vt 0.882457 0.356936
vt 0.411290 0.927932
vt 0.967847 0.342927
vt 0.416520 0.910689
vt 0.903428 0.971871
vt 0.418356 0.910869
vt 0.903428 0.973695
vt 0.412918 0.911405
vt 0.903428 0.968234
vt 0.414683 0.910869
vt 0.903428 0.970027
vt 0.195553 0.234512
vt 0.420122 0.911405
vt 0.903428 0.975429
vt 0.407824 0.916501
vt 0.882457 0.348102
vt 0.408693 0.914873
vt 0.882457 0.346475
vt 0.882457 0.345048
vt 0.409864 0.913446
vt 0.903428 0.965073
vt 0.411290 0.912275
vt 0.903428 0.966562
vt 0.420122 0.928802
vt 0.967847 0.351795
vt 0.421750 0.927932
vt 0.967847 0.353373
vt 0.967847 0.354733
vt 0.423176 0.926761
vt 0.901283 0.358363
vt 0.423176 0.913446
vt 0.901283 0.345048
vt 0.195553 0.234512
vt 0.903428 0.978368
vt 0.903428 0.977007
vt 0.195553 0.234512
vt 0.421750 0.912275
vt 0.195553 0.234512
vt 0.424346 0.925334
vt 0.195553 0.234512
vt 0.901283 0.356936
vt 0.424346 0.925334
vt 0.195553 0.234512
vt 0.425216 0.923706
vt 0.195553 0.234512
vt 0.901283 0.355308
vt 0.425752 0.921940
vt 0.901283 0.353542
vt 0.425933 0.920103
vt 0.901283 0.351705
vt 0.424346 0.914873
vt 0.901283 0.346475
vt 0.425216 0.916501
vt 0.901283 0.348102
vt 0.425752 0.918267
vt 0.901283 0.349868
vt 0.929508 0.393221
vt 0.891870 0.351705
vt 0.929689 0.395057
vt 0.891870 0.349868
vt 0.930225 0.396824
vt 0.891870 0.348102
vt 0.938921 0.383806
vt 0.977260 0.348236
vt 0.935319 0.384522
vt 0.977260 0.344600
vt 0.937085 0.383987
vt 0.977260 0.346393
vt 0.940758 0.383987
vt 0.977260 0.350061
vt 0.930225 0.389618
vt 0.891870 0.355308
vt 0.931095 0.387990
vt 0.891870 0.356936
vt 0.932265 0.386563
vt 0.891870 0.358362
vt 0.977260 0.341439
vt 0.933692 0.385392
vt 0.977260 0.342927
vt 0.942523 0.384522
vt 0.977260 0.351795
vt 0.929689 0.391384
vt 0.891870 0.353542
vt 0.938921 0.402636
vt 0.894015 0.971871
vt 0.940758 0.402455
vt 0.894015 0.973695
vt 0.935319 0.401919
vt 0.894015 0.968234
vt 0.937085 0.402455
vt 0.894015 0.970027
vt 0.931095 0.398451
vt 0.891870 0.346475
vt 0.932265 0.399878
vt 0.894015 0.965073
vt 0.891870 0.345048
vt 0.933692 0.401049
vt 0.894015 0.966562
vt 0.944151 0.385392
vt 0.977260 0.353373
vt 0.945577 0.386563
vt 0.977260 0.354733
vt 0.891870 0.358363
vt 0.942523 0.401919
vt 0.894015 0.975429
vt 0.944151 0.401049
vt 0.894015 0.977007
vt 0.891870 0.345048
vt 0.945577 0.399878
vt 0.894015 0.978368
vt 0.946748 0.387990
vt 0.891870 0.356936
vt 0.948153 0.391384
vt 0.891870 0.353542
vt 0.947618 0.389618
vt 0.891870 0.355308
vt 0.948334 0.393221
vt 0.891870 0.351705
vt 0.946748 0.398451
vt 0.891870 0.346475
vt 0.946748 0.398451
vt 0.891870 0.346475
vt 0.947618 0.396824
vt 0.891870 0.348102
vt 0.948153 0.395057
vt 0.891870 0.349868
vt 0.928285 0.036555
vt 0.948334 0.429227
vt 0.927568 0.032952
vt 0.948334 0.432830
vt 0.927750 0.034789
vt 0.948334 0.430993
vt 0.935145 0.042186
vt 0.392988 0.631142
vt 0.936981 0.042367
vt 0.392988 0.632986
vt 0.933379 0.041650
vt 0.392988 0.629349
vt 0.938818 0.042186
vt 0.392988 0.634810
vt 0.927750 0.031115
vt 0.948334 0.434667
vt 0.929155 0.038183
vt 0.948334 0.427599
vt 0.930326 0.039610
vt 0.948334 0.426173
vt 0.392988 0.626188
vt 0.931752 0.040780
vt 0.392988 0.627677
vt 0.936981 0.023537
vt 0.018826 0.972196
vt 0.938818 0.023718
vt 0.018826 0.974020
vt 0.933379 0.024254
vt 0.018826 0.968559
vt 0.935145 0.023718
vt 0.018826 0.970352
vt 0.940584 0.024254
vt 0.018826 0.975754
vt 0.928285 0.029349
vt 0.948334 0.436433
vt 0.929155 0.027722
vt 0.948334 0.438061
vt 0.948334 0.439487
vt 0.930326 0.026295
vt 0.018826 0.965398
vt 0.931752 0.025124
vt 0.018826 0.966886
vt 0.940584 0.041650
vt 0.392988 0.636544
vt 0.223523 0.338075
vt 0.942211 0.040780
vt 0.392988 0.638122
vt 0.195553 0.234512
vt 0.943637 0.039610
vt 0.222163 0.338075
vt 0.953160 0.156291
vt 0.018826 0.977332
vt 0.942211 0.025124
vt 0.195553 0.234512
vt 0.942211 0.025124
vt 0.195553 0.234512
vt 0.943637 0.026295
vt 0.953160 0.169606
vt 0.018826 0.978693
vt 0.195553 0.234512
vt 0.944808 0.038183
vt 0.953160 0.157718
vt 0.945678 0.036555
vt 0.953160 0.159346
vt 0.946213 0.034789
vt 0.953160 0.161112
vt 0.944808 0.027722
vt 0.953160 0.168179
vt 0.945678 0.029349
vt 0.953160 0.166552
vt 0.946213 0.031115
vt 0.953160 0.164785
vt 0.946394 0.032952
vt 0.953160 0.162949
s 1
usemtl 
f 1051/2259/249 1045/2243/249 1043/2235/249
f 1052/2263/250 1049/2254/250 1045/2241/250
f 1053/2266/251 1047/2248/251 1049/2253/251
f 1054/2269/252 1043/2236/252 1047/2247/252
f 1049/2255/253 1043/2237/253 1045/2242/253
f 1055/2271/254 1044/2239/254 1051/2261/254
f 1054/2270/254 1048/2250/254 1058/2280/254
f 1057/2277/254 1052/2264/254 1056/2274/254
f 1050/2257/254 1054/2270/254 1053/2267/254
f 1055/2271/254 1054/2270/254 1058/2280/254
f 1057/2277/254 1050/2257/254 1053/2267/254
f 1061/2287/255 1073/2311/256 1065/2295/255
f 1056/2274/254 1052/2264/254 1046/2244/254
f 1051/2261/254 1046/2244/254 1052/2264/254
f 1046/2244/254 1048/2250/254 1050/2257/254
f 1076/2317/257 1072/2309/256 1080/2325/257
f 1078/2321/258 1074/2313/259 1082/2329/258
f 1072/2309/256 1060/2285/255 1064/2293/255
f 1062/2289/260 1074/2313/259 1070/2305/259
f 1066/2297/260 1061/2287/255 1065/2295/255
f 1084/2334/261 1080/2325/257 1088/2347/261
f 1081/2328/257 1069/2303/256 1077/2319/257
f 1086/2340/262 1082/2329/258 1090/2353/262
f 1064/2293/255 1059/2283/260 1063/2291/260
f 1134/2449/250 1082/2330/250 1139/2459/250
f 1107/2389/250 1108/2391/250 1048/2251/250
f 1093/2361/263 1088/2348/261 1102/2380/263
f 1089/2351/261 1077/2319/257 1085/2337/261
f 1097/2370/264 1090/2355/262 1106/2388/264
f 1059/2283/260 1071/2308/259 1063/2291/260
f 1071/2307/252 1170/2529/252 1072/2310/252
f 1046/2245/252 1141/2463/252 1142/2465/252
f 1200/2593/250 1075/2315/250 1202/2597/250
f 1057/2278/250 1174/2537/250 1175/2539/250
f 1103/2382/263 1085/2338/261 1096/2368/263
f 1070/2306/252 1239/2679/252 1069/2304/252
f 1208/2609/252 1209/2611/252 1055/2272/252
f 1079/2324/258 1067/2300/259 1075/2316/258
f 1055/2273/249 1105/2386/265 1044/2238/249
f 1046/2246/249 1091/2357/265 1056/2275/249
f 1057/2279/251 1101/2378/266 1050/2256/251
f 1048/2252/251 1095/2365/266 1058/2281/251
f 1087/2345/262 1075/2316/258 1083/2331/262
f 1098/2372/265 1106/2388/264 1105/2386/265
f 1100/2376/265 1092/2359/264 1091/2357/265
f 1094/2363/266 1102/2380/263 1101/2378/266
f 1104/2384/266 1096/2368/263 1095/2365/266
f 1099/2374/264 1083/2333/262 1092/2359/264
f 1138/2458/267 1239/2680/253 1139/2460/253
f 1170/2530/253 1206/2606/267 1173/2536/267
f 1138/2458/267 1237/2676/268 1238/2678/267
f 1172/2534/268 1206/2606/267 1205/2604/268
f 1137/2456/268 1236/2674/269 1237/2676/268
f 1171/2532/270 1205/2604/268 1204/2602/271
f 1136/2454/269 1232/2664/272 1236/2674/269
f 1163/2512/272 1203/2600/273 1198/2588/272
f 1232/2665/272 1131/2443/274 1230/2658/274
f 1163/2514/272 1197/2587/274 1164/2515/274
f 1131/2443/274 1222/2639/275 1230/2658/274
f 1197/2587/274 1155/2494/275 1164/2515/274
f 1130/2441/275 1219/2633/276 1222/2639/275
f 1152/2487/276 1196/2585/275 1188/2567/276
f 1122/2422/276 1218/2631/249 1219/2633/276
f 1188/2567/276 1151/2485/249 1152/2487/276
f 1120/2418/249 1221/2637/277 1218/2631/249
f 1187/2565/249 1154/2491/277 1151/2485/249
f 1121/2420/277 1220/2635/278 1221/2637/277
f 1190/2571/277 1153/2489/278 1154/2491/277
f 1124/2426/278 1226/2648/279 1220/2635/278
f 1189/2569/278 1159/2503/279 1153/2489/278
f 1123/2424/279 1225/2646/280 1226/2648/279
f 1193/2578/279 1158/2501/280 1159/2503/279
f 1126/2431/280 1224/2643/281 1225/2644/280
f 1192/2576/280 1157/2498/281 1158/2499/280
f 1125/2428/281 1223/2641/282 1224/2643/281
f 1156/2496/282 1191/2573/281 1176/2542/282
f 1109/2394/282 1214/2622/283 1223/2641/282
f 1176/2542/282 1148/2479/283 1156/2496/282
f 1108/2392/283 1208/2610/254 1214/2622/283
f 1141/2464/254 1175/2540/283 1174/2538/254
f 1107/2390/254 1209/2612/284 1208/2610/254
f 1142/2466/284 1174/2538/254 1186/2563/284
f 1119/2416/285 1209/2612/284 1118/2414/284
f 1142/2466/284 1181/2552/285 1140/2462/285
f 1114/2404/286 1207/2608/285 1119/2416/285
f 1140/2462/285 1182/2554/286 1149/2481/286
f 1115/2407/287 1215/2624/286 1114/2404/286
f 1149/2481/286 1183/2556/287 1147/2475/287
f 1116/2409/288 1216/2627/287 1115/2405/287
f 1147/2477/287 1184/2559/288 1150/2483/288
f 1111/2398/289 1217/2629/288 1116/2409/288
f 1150/2483/288 1178/2546/289 1145/2472/289
f 1112/2400/290 1212/2618/289 1111/2398/289
f 1145/2472/289 1179/2548/290 1143/2468/290
f 1110/2396/251 1210/2614/290 1112/2400/290
f 1143/2468/290 1177/2544/251 1144/2470/251
f 1113/2402/291 1211/2616/251 1110/2396/251
f 1144/2470/251 1180/2550/291 1146/2474/291
f 1117/2412/292 1213/2620/291 1113/2402/291
f 1146/2474/291 1185/2561/292 1160/2505/292
f 1127/2432/293 1227/2650/292 1117/2412/292
f 1160/2505/292 1194/2580/294 1161/2507/294
f 1128/2436/295 1229/2656/296 1228/2651/295
f 1161/2507/294 1195/2582/296 1162/2508/296
f 1133/2448/297 1229/2657/296 1129/2437/296
f 1162/2510/296 1199/2592/297 1166/2521/297
f 1135/2452/298 1233/2668/297 1133/2448/297
f 1168/2526/298 1166/2521/297 1201/2596/298
f 1134/2450/299 1234/2670/298 1135/2452/298
f 1168/2526/298 1200/2594/299 1169/2528/299
f 1139/2460/253 1235/2672/299 1134/2450/299
f 1169/2528/299 1202/2598/253 1170/2530/253
f 1051/2259/249 1052/2262/249 1045/2243/249
f 1052/2263/250 1053/2265/250 1049/2254/250
f 1053/2266/251 1054/2268/251 1047/2248/251
f 1054/2269/252 1051/2260/252 1043/2236/252
f 1049/2255/253 1047/2249/253 1043/2237/253
f 1057/2277/254 1053/2267/254 1052/2264/254
f 1050/2257/254 1048/2250/254 1054/2270/254
f 1055/2271/254 1051/2261/254 1054/2270/254
f 1061/2287/255 1069/2303/256 1073/2311/256
f 1051/2261/254 1044/2239/254 1046/2244/254
f 1046/2244/254 1044/2239/254 1048/2250/254
f 1076/2317/257 1068/2301/256 1072/2309/256
f 1078/2321/258 1070/2305/259 1074/2313/259
f 1072/2309/256 1068/2301/256 1060/2285/255
f 1062/2289/260 1066/2297/260 1074/2313/259
f 1066/2297/260 1062/2289/260 1061/2287/255
f 1084/2334/261 1076/2317/257 1080/2325/257
f 1081/2328/257 1073/2311/256 1069/2303/256
f 1086/2340/262 1078/2321/258 1082/2329/258
f 1064/2293/255 1060/2285/255 1059/2283/260
f 1128/2434/250 1106/2387/250 1129/2438/250
f 1106/2387/250 1090/2354/250 1129/2438/250
f 1090/2354/250 1082/2330/250 1134/2449/250
f 1082/2330/250 1074/2314/250 1139/2459/250
f 1090/2354/250 1135/2451/250 1133/2447/250
f 1074/2314/250 1066/2298/250 1065/2296/250
f 1065/2296/250 1073/2312/250 1074/2314/250
f 1073/2312/250 1081/2327/250 1139/2459/250
f 1074/2314/250 1073/2312/250 1139/2459/250
f 1081/2327/250 1089/2350/250 1138/2457/250
f 1089/2350/250 1136/2453/250 1137/2455/250
f 1089/2350/250 1137/2455/250 1138/2457/250
f 1135/2451/250 1090/2354/250 1134/2449/250
f 1129/2438/250 1090/2354/250 1133/2447/250
f 1081/2327/250 1138/2457/250 1139/2459/250
f 1132/2444/250 1136/2453/250 1089/2350/250
f 1089/2350/250 1103/2381/250 1132/2444/250
f 1103/2381/250 1104/2383/250 1130/2440/250
f 1044/2240/250 1105/2385/250 1114/2403/250
f 1105/2385/250 1106/2387/250 1117/2411/250
f 1117/2411/250 1106/2387/250 1128/2434/250
f 1128/2435/254 1127/2433/254 1117/2410/254
f 1103/2381/250 1130/2440/250 1131/2442/250
f 1104/2383/250 1048/2251/250 1125/2427/250
f 1130/2440/250 1104/2383/250 1122/2421/250
f 1131/2442/250 1132/2444/250 1103/2381/250
f 1105/2385/250 1117/2411/250 1113/2401/250
f 1105/2385/250 1113/2401/250 1110/2395/250
f 1122/2421/250 1104/2383/250 1120/2417/250
f 1120/2417/250 1104/2383/250 1121/2419/250
f 1105/2385/250 1110/2395/250 1112/2399/250
f 1105/2385/250 1112/2399/250 1111/2397/250
f 1121/2419/250 1104/2383/250 1124/2425/250
f 1124/2425/250 1104/2383/250 1123/2423/250
f 1105/2385/250 1111/2397/250 1116/2408/250
f 1105/2385/250 1116/2408/250 1115/2406/250
f 1123/2423/250 1104/2383/250 1126/2429/250
f 1126/2429/250 1104/2383/250 1125/2427/250
f 1105/2385/250 1115/2406/250 1114/2403/250
f 1044/2240/250 1114/2403/250 1119/2415/250
f 1044/2240/250 1119/2415/250 1118/2413/250
f 1109/2393/250 1125/2427/250 1048/2251/250
f 1108/2391/250 1109/2393/250 1048/2251/250
f 1048/2251/250 1044/2240/250 1107/2389/250
f 1044/2240/250 1118/2413/250 1107/2389/250
f 1093/2361/263 1084/2335/261 1088/2348/261
f 1089/2351/261 1081/2328/257 1077/2319/257
f 1097/2370/264 1086/2341/262 1090/2355/262
f 1059/2283/260 1067/2300/259 1071/2308/259
f 1163/2511/252 1165/2517/252 1102/2379/252
f 1102/2379/252 1088/2349/252 1163/2511/252
f 1088/2349/252 1080/2326/252 1173/2535/252
f 1172/2533/252 1088/2349/252 1173/2535/252
f 1080/2326/252 1072/2310/252 1170/2529/252
f 1072/2310/252 1064/2294/252 1071/2307/252
f 1080/2326/252 1170/2529/252 1173/2535/252
f 1064/2294/252 1063/2292/252 1071/2307/252
f 1071/2307/252 1079/2323/252 1170/2529/252
f 1079/2323/252 1087/2344/252 1169/2527/252
f 1087/2344/252 1167/2522/252 1168/2524/252
f 1087/2344/252 1168/2524/252 1169/2527/252
f 1079/2323/252 1169/2527/252 1170/2529/252
f 1088/2349/252 1172/2533/252 1171/2531/252
f 1171/2531/252 1163/2511/252 1088/2349/252
f 1166/2520/254 1167/2523/254 1087/2343/254
f 1087/2344/252 1099/2373/252 1162/2509/252
f 1099/2373/252 1100/2375/252 1160/2504/252
f 1161/2506/252 1099/2373/252 1160/2504/252
f 1050/2258/252 1101/2377/252 1157/2497/252
f 1101/2377/252 1102/2379/252 1155/2493/252
f 1155/2493/252 1102/2379/252 1165/2517/252
f 1165/2518/254 1164/2516/254 1155/2492/254
f 1099/2373/252 1161/2506/252 1162/2509/252
f 1100/2375/252 1046/2245/252 1149/2480/252
f 1162/2509/252 1166/2519/252 1087/2344/252
f 1101/2377/252 1155/2493/252 1152/2486/252
f 1101/2377/252 1152/2486/252 1151/2484/252
f 1160/2504/252 1100/2375/252 1146/2473/252
f 1146/2473/252 1100/2375/252 1144/2469/252
f 1101/2377/252 1151/2484/252 1154/2490/252
f 1101/2377/252 1154/2490/252 1153/2488/252
f 1144/2469/252 1100/2375/252 1143/2467/252
f 1143/2467/252 1100/2375/252 1145/2471/252
f 1101/2377/252 1153/2488/252 1159/2502/252
f 1101/2377/252 1159/2502/252 1158/2500/252
f 1145/2471/252 1100/2375/252 1150/2482/252
f 1150/2482/252 1100/2375/252 1147/2476/252
f 1101/2377/252 1158/2500/252 1157/2497/252
f 1147/2476/252 1100/2375/252 1149/2480/252
f 1050/2258/252 1157/2497/252 1156/2495/252
f 1050/2258/252 1156/2495/252 1148/2478/252
f 1140/2461/252 1149/2480/252 1046/2245/252
f 1046/2245/252 1050/2258/252 1141/2463/252
f 1050/2258/252 1148/2478/252 1141/2463/252
f 1142/2465/252 1140/2461/252 1046/2245/252
f 1194/2579/250 1092/2358/250 1195/2581/250
f 1092/2358/250 1083/2332/250 1195/2581/250
f 1083/2332/250 1075/2315/250 1200/2593/250
f 1075/2315/250 1067/2299/250 1202/2597/250
f 1083/2332/250 1201/2595/250 1199/2591/250
f 1067/2299/250 1059/2284/250 1060/2286/250
f 1060/2286/250 1068/2302/250 1067/2299/250
f 1068/2302/250 1076/2318/250 1202/2597/250
f 1067/2299/250 1068/2302/250 1202/2597/250
f 1076/2318/250 1084/2336/250 1206/2605/250
f 1084/2336/250 1204/2601/250 1205/2603/250
f 1084/2336/250 1205/2603/250 1206/2605/250
f 1201/2595/250 1083/2332/250 1200/2593/250
f 1195/2581/250 1083/2332/250 1199/2591/250
f 1076/2318/250 1206/2605/250 1202/2597/250
f 1203/2599/250 1204/2601/250 1084/2336/250
f 1084/2336/250 1093/2360/250 1198/2589/250
f 1093/2360/250 1094/2362/250 1196/2584/250
f 1197/2586/250 1093/2360/250 1196/2584/250
f 1056/2276/250 1091/2356/250 1182/2553/250
f 1091/2356/250 1092/2358/250 1185/2560/250
f 1180/2549/250 1091/2356/250 1185/2560/250
f 1092/2358/250 1194/2579/250 1185/2560/250
f 1093/2360/250 1197/2586/250 1198/2589/250
f 1094/2362/250 1057/2278/250 1191/2572/250
f 1198/2589/250 1203/2599/250 1084/2336/250
f 1091/2356/250 1180/2549/250 1177/2543/250
f 1091/2356/250 1177/2543/250 1179/2547/250
f 1196/2584/250 1094/2362/250 1188/2566/250
f 1188/2566/250 1094/2362/250 1187/2564/250
f 1091/2356/250 1179/2547/250 1178/2545/250
f 1091/2356/250 1178/2545/250 1184/2558/250
f 1187/2564/250 1094/2362/250 1190/2570/250
f 1190/2570/250 1094/2362/250 1189/2568/250
f 1091/2356/250 1184/2558/250 1183/2555/250
f 1091/2356/250 1183/2555/250 1182/2553/250
f 1189/2568/250 1094/2362/250 1193/2577/250
f 1193/2577/250 1094/2362/250 1192/2574/250
f 1056/2276/250 1182/2553/250 1181/2551/250
f 1192/2574/250 1094/2362/250 1191/2572/250
f 1056/2276/250 1181/2551/250 1186/2562/250
f 1056/2276/250 1186/2562/250 1174/2537/250
f 1176/2541/250 1191/2572/250 1057/2278/250
f 1057/2278/250 1056/2276/250 1174/2537/250
f 1175/2539/250 1176/2541/250 1057/2278/250
f 1103/2382/263 1089/2352/261 1085/2338/261
f 1232/2663/252 1231/2661/252 1096/2367/252
f 1096/2367/252 1085/2339/252 1232/2663/252
f 1085/2339/252 1077/2320/252 1238/2677/252
f 1237/2675/252 1085/2339/252 1238/2677/252
f 1077/2320/252 1069/2304/252 1239/2679/252
f 1069/2304/252 1061/2288/252 1070/2306/252
f 1077/2320/252 1239/2679/252 1238/2677/252
f 1061/2288/252 1062/2290/252 1070/2306/252
f 1070/2306/252 1078/2322/252 1239/2679/252
f 1078/2322/252 1086/2342/252 1235/2671/252
f 1086/2342/252 1233/2667/252 1234/2669/252
f 1086/2342/252 1234/2669/252 1235/2671/252
f 1078/2322/252 1235/2671/252 1239/2679/252
f 1085/2339/252 1237/2675/252 1236/2673/252
f 1236/2673/252 1232/2663/252 1085/2339/252
f 1229/2655/252 1233/2667/252 1086/2342/252
f 1086/2342/252 1097/2369/252 1229/2655/252
f 1097/2369/252 1098/2371/252 1227/2649/252
f 1058/2282/252 1095/2364/252 1224/2642/252
f 1095/2364/252 1096/2367/252 1222/2638/252
f 1096/2366/252 1231/2662/252 1230/2660/252
f 1096/2367/252 1230/2659/252 1222/2638/252
f 1097/2369/252 1227/2649/252 1228/2652/252
f 1098/2371/252 1055/2272/252 1215/2623/252
f 1227/2649/252 1098/2371/252 1213/2619/252
f 1228/2652/252 1229/2655/252 1097/2369/252
f 1095/2364/252 1222/2638/252 1219/2632/252
f 1095/2364/252 1219/2632/252 1218/2630/252
f 1213/2619/252 1098/2371/252 1211/2615/252
f 1211/2615/252 1098/2371/252 1210/2613/252
f 1095/2364/252 1218/2630/252 1221/2636/252
f 1095/2364/252 1221/2636/252 1220/2634/252
f 1210/2613/252 1098/2371/252 1212/2617/252
f 1212/2617/252 1098/2371/252 1217/2628/252
f 1095/2364/252 1220/2634/252 1226/2647/252
f 1095/2364/252 1226/2647/252 1225/2645/252
f 1217/2628/252 1098/2371/252 1216/2625/252
f 1216/2625/252 1098/2371/252 1215/2623/252
f 1095/2364/252 1225/2645/252 1224/2642/252
f 1058/2282/252 1224/2642/252 1223/2640/252
f 1058/2282/252 1223/2640/252 1214/2621/252
f 1207/2607/252 1215/2623/252 1055/2272/252
f 1209/2611/252 1207/2607/252 1055/2272/252
f 1055/2272/252 1058/2282/252 1208/2609/252
f 1058/2282/252 1214/2621/252 1208/2609/252
f 1079/2324/258 1071/2308/259 1067/2300/259
f 1055/2273/249 1098/2372/265 1105/2386/265
f 1046/2246/249 1100/2376/265 1091/2357/265
f 1057/2279/251 1094/2363/266 1101/2378/266
f 1048/2252/251 1104/2384/266 1095/2365/266
f 1087/2345/262 1079/2324/258 1075/2316/258
f 1098/2372/265 1097/2370/264 1106/2388/264
f 1100/2376/265 1099/2374/264 1092/2359/264
f 1094/2363/266 1093/2361/263 1102/2380/263
f 1104/2384/266 1103/2382/263 1096/2368/263
f 1099/2374/264 1087/2346/262 1083/2333/262
f 1138/2458/267 1238/2678/267 1239/2680/253
f 1170/2530/253 1202/2598/253 1206/2606/267
f 1138/2458/267 1137/2456/268 1237/2676/268
f 1172/2534/268 1173/2536/267 1206/2606/267
f 1137/2456/268 1136/2454/269 1236/2674/269
f 1204/2602/271 1203/2600/253 1171/2532/270
f 1171/2532/270 1172/2534/268 1205/2604/268
f 1136/2454/269 1132/2445/272 1232/2664/272
f 1163/2512/272 1171/2532/273 1203/2600/273
f 1232/2665/272 1132/2446/272 1131/2443/274
f 1230/2660/254 1231/2662/254 1232/2666/254
f 1164/2516/254 1165/2518/254 1163/2513/254
f 1163/2514/272 1198/2590/272 1197/2587/274
f 1131/2443/274 1130/2441/275 1222/2639/275
f 1197/2587/274 1196/2585/275 1155/2494/275
f 1130/2441/275 1122/2422/276 1219/2633/276
f 1152/2487/276 1155/2494/275 1196/2585/275
f 1122/2422/276 1120/2418/249 1218/2631/249
f 1188/2567/276 1187/2565/249 1151/2485/249
f 1120/2418/249 1121/2420/277 1221/2637/277
f 1187/2565/249 1190/2571/277 1154/2491/277
f 1121/2420/277 1124/2426/278 1220/2635/278
f 1190/2571/277 1189/2569/278 1153/2489/278
f 1124/2426/278 1123/2424/279 1226/2648/279
f 1189/2569/278 1193/2578/279 1159/2503/279
f 1123/2424/279 1126/2430/280 1225/2646/280
f 1193/2578/279 1192/2575/280 1158/2501/280
f 1126/2431/280 1125/2428/281 1224/2643/281
f 1192/2576/280 1191/2573/281 1157/2498/281
f 1125/2428/281 1109/2394/282 1223/2641/282
f 1156/2496/282 1157/2498/281 1191/2573/281
f 1109/2394/282 1108/2392/283 1214/2622/283
f 1176/2542/282 1175/2540/283 1148/2479/283
f 1108/2392/283 1107/2390/254 1208/2610/254
f 1141/2464/254 1148/2479/283 1175/2540/283
f 1107/2390/254 1118/2414/284 1209/2612/284
f 1142/2466/284 1141/2464/254 1174/2538/254
f 1119/2416/285 1207/2608/285 1209/2612/284
f 1142/2466/284 1186/2563/284 1181/2552/285
f 1114/2404/286 1215/2624/286 1207/2608/285
f 1140/2462/285 1181/2552/285 1182/2554/286
f 1115/2407/287 1216/2626/287 1215/2624/286
f 1149/2481/286 1182/2554/286 1183/2556/287
f 1116/2409/288 1217/2629/288 1216/2627/287
f 1147/2477/287 1183/2557/287 1184/2559/288
f 1111/2398/289 1212/2618/289 1217/2629/288
f 1150/2483/288 1184/2559/288 1178/2546/289
f 1112/2400/290 1210/2614/290 1212/2618/289
f 1145/2472/289 1178/2546/289 1179/2548/290
f 1110/2396/251 1211/2616/251 1210/2614/290
f 1143/2468/290 1179/2548/290 1177/2544/251
f 1113/2402/291 1213/2620/291 1211/2616/251
f 1144/2470/251 1177/2544/251 1180/2550/291
f 1117/2412/292 1227/2650/292 1213/2620/291
f 1146/2474/291 1180/2550/291 1185/2561/292
f 1127/2432/293 1228/2653/293 1227/2650/292
f 1160/2505/292 1185/2561/292 1194/2580/294
f 1228/2654/254 1127/2433/254 1128/2435/254
f 1128/2436/295 1129/2439/296 1229/2656/296
f 1161/2507/294 1194/2580/294 1195/2582/296
f 1133/2448/297 1233/2668/297 1229/2657/296
f 1162/2510/296 1195/2583/296 1199/2592/297
f 1135/2452/298 1234/2670/298 1233/2668/297
f 1168/2525/254 1167/2523/254 1166/2520/254
f 1166/2521/297 1199/2592/297 1201/2596/298
f 1134/2450/299 1235/2672/299 1234/2670/298
f 1168/2526/298 1201/2596/298 1200/2594/299
f 1139/2460/253 1239/2680/253 1235/2672/299
f 1169/2528/299 1200/2594/299 1202/2598/253
o fuss.r
v 0.671041 -6.371623 -0.976595
v 1.171041 -6.171622 -0.676595
v 2.671041 -6.371623 -0.976596
v 2.171041 -6.171622 -0.676595
v 0.671042 -6.371623 1.023405
v 1.171041 -6.171622 0.723405
v 2.671041 -6.371623 1.023404
v 2.171041 -6.171622 0.723405
v 0.671041 -6.171622 -0.976595
v 2.671041 -6.171622 -0.976596
v 2.671041 -6.171622 1.023404
v 0.671042 -6.171622 1.023405
v 0.971041 -6.171622 -0.676595
v 2.371041 -6.171622 -0.676595
v 2.371041 -6.171622 0.723405
v 0.971041 -6.171622 0.723405
v 2.371041 -5.471623 -0.076596
v 2.371041 -5.471623 0.123404
v 0.971041 -5.471623 0.123405
v 0.971041 -5.471623 -0.076595
v 2.171041 -5.471623 -0.076596
v 2.171041 -5.471623 0.123405
v 1.171041 -5.471623 0.123405
v 1.171041 -5.471623 -0.076595
v 2.371041 -5.489196 -0.252331
v 2.371041 -5.489196 0.299140
v 0.971041 -5.489196 0.299141
v 0.971041 -5.489196 -0.252331
v 2.171041 -5.489196 -0.252331
v 2.171041 -5.489196 0.299140
v 1.171041 -5.489196 0.299141
v 1.171041 -5.489196 -0.252331
v 2.371041 -5.536190 -0.446985
v 2.371041 -5.536190 0.493794
v 0.971041 -5.536190 0.493795
v 0.971041 -5.536190 -0.446985
v 2.171041 -5.536190 -0.446985
v 2.171041 -5.536190 0.493794
v 1.171041 -5.536190 0.493795
v 1.171041 -5.536190 -0.446985
v 2.371041 -5.592776 -0.559541
v 2.371041 -5.592776 0.606350
v 0.971041 -5.592776 0.606351
v 0.971041 -5.592776 -0.559541
v 2.171041 -5.592776 -0.559541
v 2.171041 -5.592776 0.606350
v 1.171041 -5.592776 0.606350
v 1.171041 -5.592776 -0.559541
v 2.371041 -5.771623 -0.676595
v 2.371041 -5.651912 -0.617785
v 2.371041 -5.651912 0.664594
v 2.371041 -5.771623 0.723405
v 0.971041 -5.771623 0.723405
v 0.971041 -5.651912 0.664594
v 0.971041 -5.651912 -0.617785
v 0.971041 -5.771623 -0.676595
v 2.171041 -5.651912 -0.617785
v 2.171041 -5.771623 -0.676595
v 2.171041 -5.771623 0.723405
v 2.171041 -5.651912 0.664594
v 1.171041 -5.651912 0.664594
v 1.171041 -5.771623 0.723405
v 1.171041 -5.771623 -0.676595
v 1.171041 -5.651912 -0.617785
v 1.171041 -5.971623 0.023405
v 1.171041 -5.967780 0.062423
v 1.171041 -5.956399 0.099941
v 1.171041 -5.771623 -0.176595
v 1.171041 -5.848160 -0.161371
v 1.171041 -5.810641 -0.172752
v 1.171041 -5.732605 -0.172752
v 1.171041 -5.937917 -0.087709
v 1.171041 -5.913044 -0.118017
v 1.171041 -5.882737 -0.142889
v 1.171041 -5.695086 -0.161371
v 1.171041 -5.967780 -0.015613
v 1.171041 -5.956399 -0.053132
v 1.171041 -5.771623 0.223405
v 1.171041 -5.810641 0.219562
v 1.171041 -5.732605 0.219562
v 1.171041 -5.882737 0.189699
v 1.171041 -5.848160 0.208181
v 1.171041 -5.937917 0.134519
v 1.171041 -5.913044 0.164826
v 1.171041 -5.660509 -0.142889
v 1.171041 -5.660509 -0.142889
v 1.171041 -5.630202 -0.118017
v 1.171041 -5.695086 0.208181
v 1.171041 -5.660509 0.189699
v 1.171041 -5.630202 0.164826
v 1.171041 -5.605329 -0.087709
v 1.171041 -5.575466 -0.015613
v 1.171041 -5.586847 -0.053132
v 1.171041 -5.605329 0.134519
v 1.171041 -5.586847 0.099941
v 1.171041 -5.575466 0.062423
v 1.171041 -5.571623 0.023405
v 2.171041 -5.956399 -0.053132
v 2.171041 -5.971623 0.023405
v 2.171041 -5.967780 -0.015614
v 2.171041 -5.810641 -0.172753
v 2.171041 -5.771623 -0.176595
v 2.171041 -5.848160 -0.161371
v 2.171041 -5.732605 -0.172753
v 2.171041 -5.913044 -0.118017
v 2.171041 -5.967780 0.062423
v 2.171041 -5.937917 -0.087710
v 2.171041 -5.882737 -0.142889
v 2.171041 -5.771623 0.223404
v 2.171041 -5.732605 0.219562
v 2.171041 -5.848160 0.208180
v 2.171041 -5.810641 0.219562
v 2.171041 -5.695086 0.208180
v 2.171041 -5.956399 0.099941
v 2.171041 -5.937917 0.134519
v 2.171041 -5.913044 0.164826
v 2.171041 -5.882737 0.189698
v 2.171041 -5.695086 -0.161371
v 2.171041 -5.660509 -0.142889
v 2.171041 -5.630202 -0.118017
v 2.171041 -5.630202 0.164826
v 2.171041 -5.660509 0.189698
v 2.171041 -5.660509 0.189698
v 2.171041 -5.605329 -0.087710
v 2.171041 -5.605329 -0.087710
v 2.171041 -5.586847 -0.053132
v 2.171041 -5.575466 -0.015614
v 2.171041 -5.571623 0.023405
v 2.171041 -5.605329 0.134519
v 2.171041 -5.586847 0.099941
v 2.171041 -5.575466 0.062423
v 2.371041 -5.971623 0.023404
v 2.371041 -5.967780 0.062423
v 2.371041 -5.956399 0.099941
v 2.371041 -5.771623 -0.176595
v 2.371041 -5.848160 -0.161371
v 2.371041 -5.810641 -0.172753
v 2.371041 -5.732605 -0.172753
v 2.371041 -5.956399 -0.053132
v 2.371041 -5.937917 -0.087710
v 2.371041 -5.913044 -0.118017
v 2.371041 -5.882737 -0.142889
v 2.371041 -5.695086 -0.161371
v 2.371041 -5.967780 -0.015614
v 2.371041 -5.771623 0.223404
v 2.371041 -5.732605 0.219562
v 2.371041 -5.848160 0.208180
v 2.371041 -5.810641 0.219562
v 2.371041 -5.937917 0.134519
v 2.371041 -5.913044 0.164826
v 2.371041 -5.882737 0.189698
v 2.371041 -5.660509 -0.142889
v 2.371041 -5.630202 -0.118017
v 2.371041 -5.695086 0.208180
v 2.371041 -5.660509 0.189698
v 2.371041 -5.630202 0.164826
v 2.371041 -5.605329 -0.087710
v 2.371041 -5.575466 -0.015614
v 2.371041 -5.586847 -0.053132
v 2.371041 -5.571623 0.023404
v 2.371041 -5.605329 0.134519
v 2.371041 -5.605329 0.134518
v 2.371041 -5.586847 0.099941
v 2.371041 -5.575466 0.062423
v 0.971041 -5.956399 -0.053132
v 0.971041 -5.971623 0.023405
v 0.971041 -5.967780 -0.015613
v 0.971041 -5.810641 -0.172752
v 0.971041 -5.771623 -0.176595
v 0.971041 -5.848160 -0.161371
v 0.971041 -5.732605 -0.172752
v 0.971041 -5.967780 0.062423
v 0.971041 -5.937917 -0.087709
v 0.971041 -5.913044 -0.118017
v 0.971041 -5.882737 -0.142889
v 0.971041 -5.771623 0.223405
v 0.971041 -5.732605 0.219562
v 0.971041 -5.848160 0.208181
v 0.971041 -5.810641 0.219562
v 0.971041 -5.695086 0.208181
v 0.971041 -5.956399 0.099941
v 0.971041 -5.937917 0.134519
v 0.971041 -5.913044 0.164826
v 0.971041 -5.882737 0.189699
v 0.971041 -5.695086 -0.161371
v 0.971041 -5.660509 -0.142889
v 0.971041 -5.630202 -0.118017
v 0.971041 -5.660509 0.189699
v 0.971041 -5.660509 0.189699
v 0.971041 -5.630202 0.164826
v 0.971041 -5.605329 -0.087709
v 0.971041 -5.586847 -0.053132
v 0.971041 -5.575466 -0.015613
v 0.971041 -5.605329 0.134519
v 0.971041 -5.586847 0.099941
v 0.971041 -5.575466 0.062423
v 0.971041 -5.571623 0.023405
vn -0.0000 -0.0000 -1.0000
vn 1.0000 -0.0000 -0.0000
vn -0.0000 -0.0000 1.0000
vn -1.0000 -0.0000 -0.0000
vn -0.0000 -1.0000 -0.0000
vn -0.0000 1.0000 -0.0000
vn -0.0000 0.9988 0.0498
vn -0.0000 0.9859 0.1675
vn -0.0000 0.9389 0.3442
vn -0.0000 0.9389 -0.3442
vn -0.0000 0.9859 -0.1675
vn -0.0000 0.9988 -0.0498
vn -0.0000 0.8084 0.5887
vn -0.0000 0.8084 -0.5887
vn -0.0000 0.5788 0.8155
vn -0.0000 0.5788 -0.8155
vn -0.0000 0.2263 -0.9740
vn -0.0000 0.2263 0.9740
vn -0.0000 -0.9808 -0.1951
vn -0.0000 -0.9239 -0.3827
vn -0.0000 -0.8315 -0.5556
vn -0.0000 -0.8819 -0.4714
vn -0.0000 -0.7071 -0.7071
vn -0.0000 -0.7730 -0.6344
vn -0.0000 -0.5556 -0.8315
vn -0.0000 -0.3827 -0.9239
vn -0.0000 -0.1951 -0.9808
vn -0.0000 0.1951 -0.9808
vn -0.0000 0.3827 -0.9239
vn -0.0000 0.5556 -0.8315
vn -0.0000 0.7071 -0.7071
vn -0.0000 0.8315 -0.5556
vn -0.0000 0.9239 -0.3827
vn -0.0000 0.9808 -0.1951
vn -0.0000 0.9808 0.1951
vn -0.0000 0.9239 0.3827
vn -0.0000 0.8315 0.5556
vn -0.0000 0.7071 0.7071
vn -0.0000 0.5556 0.8315
vn -0.0000 0.3827 0.9239
vn -0.0000 0.1951 0.9808
vn -0.0000 -0.1951 0.9808
vn -0.0000 -0.3827 0.9239
vn -0.0000 -0.4714 0.8819
vn -0.0000 -0.5556 0.8315
vn -0.0000 -0.6344 0.7730
vn -0.0000 -0.7071 0.7071
vn -0.0000 -0.8315 0.5556
vn -0.0000 -0.9239 0.3827
vn -0.0000 -0.9808 0.1951
vt 0.984836 0.751765
vt 0.222850 0.234512
vt 0.697024 0.667030
vt 0.416429 0.953056
vt 0.595365 0.716240
vt 0.920094 0.440295
vt 0.590658 0.607968
vt 0.791152 0.667030
vt 0.984836 0.657616
vt 0.548300 0.716240
vt 0.922514 0.303779
vt 0.983039 0.885190
vt 0.222850 0.328661
vt 0.985055 0.784716
vt 0.697024 0.761179
vt 0.595365 0.782144
vt 0.920094 0.506199
vt 0.873570 0.949295
vt 0.985055 0.878865
vt 0.590658 0.513819
vt 0.791152 0.761179
vt 0.789153 0.958163
vt 0.548300 0.782144
vt 0.922514 0.237875
vt 0.975437 0.751765
vt 0.213437 0.234512
vt 0.618897 0.702117
vt 0.975437 0.657616
vt 0.581245 0.607968
vt 0.524768 0.702117
vt 0.581245 0.513819
vt 0.975656 0.878865
vt 0.524768 0.796266
vt 0.975656 0.784716
vt 0.213437 0.328661
vt 0.618897 0.796266
vt 0.604778 0.716240
vt 0.922514 0.237875
vt 0.425842 0.953056
vt 0.538888 0.716240
vt 0.973627 0.885190
vt 0.920578 0.084962
vt 0.538888 0.782144
vt 0.920578 0.150867
vt 0.798566 0.958163
vt 0.604778 0.782144
vt 0.864157 0.949295
vt 0.922514 0.171970
vt 0.663937 0.966245
vt 0.953523 0.113207
vt 0.663937 0.975660
vt 0.953523 0.122622
vt 0.280034 0.931137
vt 0.955460 0.200215
vt 0.280034 0.921722
vt 0.955460 0.209630
vt 0.673350 0.966245
vt 0.955460 0.275534
vt 0.673350 0.975660
vt 0.955460 0.266119
vt 0.270621 0.931137
vt 0.953040 0.477955
vt 0.270621 0.921722
vt 0.953040 0.468540
vt 0.952696 0.104935
vt 0.663937 0.957972
vt 0.663937 0.983933
vt 0.952696 0.130895
vt 0.280034 0.939409
vt 0.954632 0.191942
vt 0.280034 0.913449
vt 0.954632 0.217903
vt 0.954632 0.283807
vt 0.673350 0.957972
vt 0.673350 0.983933
vt 0.954632 0.257847
vt 0.270621 0.939409
vt 0.952212 0.486227
vt 0.270621 0.913449
vt 0.952212 0.460267
vt 0.950484 0.095771
vt 0.663937 0.948809
vt 0.663937 0.993096
vt 0.950484 0.140058
vt 0.280034 0.948572
vt 0.952421 0.182779
vt 0.280034 0.904286
vt 0.952421 0.227066
vt 0.952421 0.292970
vt 0.673350 0.948809
vt 0.673350 0.993096
vt 0.952421 0.248683
vt 0.950001 0.495391
vt 0.270621 0.948572
vt 0.270621 0.904286
vt 0.950001 0.451104
vt 0.663937 0.943511
vt 0.947821 0.090473
vt 0.973627 0.912699
vt 0.663937 0.998394
vt 0.798566 0.985672
vt 0.947821 0.145356
vt 0.280034 0.953871
vt 0.864157 0.976804
vt 0.949758 0.177481
vt 0.280034 0.898987
vt 0.425842 0.980565
vt 0.949758 0.232364
vt 0.195553 0.234512
vt 0.949758 0.298269
vt 0.673350 0.943511
vt 0.983039 0.912699
vt 0.673350 0.998394
vt 0.789153 0.985672
vt 0.949758 0.243385
vt 0.947338 0.500689
vt 0.270621 0.953871
vt 0.873570 0.976804
vt 0.270621 0.898987
vt 0.947338 0.445805
vt 0.416429 0.980565
vt 0.939404 0.084962
vt 0.973627 0.903992
vt 0.945038 0.087731
vt 0.973627 0.909770
vt 0.945038 0.148098
vt 0.798566 0.982742
vt 0.939404 0.150867
vt 0.798566 0.976965
vt 0.941340 0.171970
vt 0.864157 0.968097
vt 0.195553 0.234512
vt 0.946974 0.174739
vt 0.864157 0.973875
vt 0.946974 0.235106
vt 0.425842 0.977635
vt 0.941340 0.237875
vt 0.425842 0.971857
vt 0.946974 0.301011
vt 0.983039 0.909770
vt 0.941340 0.303779
vt 0.983039 0.903992
vt 0.941340 0.237875
vt 0.789153 0.976965
vt 0.946974 0.240643
vt 0.789153 0.982742
vt 0.944554 0.503431
vt 0.873570 0.973875
vt 0.938920 0.506199
vt 0.873570 0.968097
vt 0.938920 0.440295
vt 0.416429 0.971857
vt 0.944554 0.443064
vt 0.416429 0.977635
vt 0.929507 0.473247
vt 0.625486 0.712756
vt 0.929688 0.475084
vt 0.625486 0.714592
vt 0.930224 0.476850
vt 0.625486 0.716358
vt 0.938920 0.463832
vt 0.392988 0.632986
vt 0.935318 0.464549
vt 0.392988 0.629349
vt 0.937084 0.464013
vt 0.392988 0.631142
vt 0.940756 0.464013
vt 0.392988 0.634810
vt 0.931094 0.468017
vt 0.625486 0.707525
vt 0.392988 0.626188
vt 0.932264 0.466590
vt 0.625486 0.706098
vt 0.933691 0.465419
vt 0.392988 0.627677
vt 0.195553 0.234512
vt 0.942523 0.464549
vt 0.392988 0.636544
vt 0.929688 0.471410
vt 0.625486 0.710919
vt 0.930224 0.469644
vt 0.625486 0.709153
vt 0.938920 0.482662
vt 0.290387 0.969156
vt 0.937084 0.482481
vt 0.290387 0.967312
vt 0.940756 0.482481
vt 0.290387 0.970980
vt 0.933691 0.481075
vt 0.290387 0.963846
vt 0.935318 0.481945
vt 0.290387 0.965519
vt 0.931094 0.478478
vt 0.625486 0.717986
vt 0.932264 0.479905
vt 0.290387 0.962358
vt 0.625486 0.719413
vt 0.392988 0.638122
vt 0.195553 0.234512
vt 0.944149 0.465419
vt 0.195553 0.234512
vt 0.223523 0.338075
vt 0.788708 0.170780
vt 0.945576 0.466590
vt 0.222163 0.338075
vt 0.942523 0.481945
vt 0.290387 0.972714
vt 0.944149 0.481075
vt 0.290387 0.974292
vt 0.945576 0.479905
vt 0.788708 0.157465
vt 0.290387 0.975653
vt 0.946747 0.468017
vt 0.788708 0.169353
vt 0.948152 0.471410
vt 0.788708 0.165959
vt 0.947617 0.469644
vt 0.788708 0.167725
vt 0.946747 0.478478
vt 0.788708 0.158892
vt 0.947617 0.476850
vt 0.788708 0.160519
vt 0.948152 0.475084
vt 0.788708 0.162286
vt 0.948333 0.473247
vt 0.788708 0.164122
vt 0.932644 0.274430
vt 0.960514 0.073666
vt 0.931927 0.270827
vt 0.960514 0.077269
vt 0.932108 0.272664
vt 0.960514 0.075432
vt 0.939504 0.280061
vt 0.000000 0.970352
vt 0.941340 0.280242
vt 0.000000 0.972196
vt 0.937738 0.279525
vt 0.000000 0.968559
vt 0.943176 0.280061
vt 0.000000 0.974020
vt 0.960514 0.070612
vt 0.934684 0.277484
vt 0.000000 0.965398
vt 0.932108 0.268990
vt 0.960514 0.079106
vt 0.933514 0.276058
vt 0.960514 0.072038
vt 0.936110 0.278655
vt 0.000000 0.966886
vt 0.941340 0.261412
vt 0.912841 0.971871
vt 0.943176 0.261593
vt 0.912841 0.973695
vt 0.937738 0.262129
vt 0.912841 0.968234
vt 0.939504 0.261593
vt 0.912841 0.970027
vt 0.195553 0.234512
vt 0.944942 0.262129
vt 0.912841 0.975429
vt 0.932644 0.267224
vt 0.960514 0.080872
vt 0.933514 0.265596
vt 0.960514 0.082500
vt 0.960514 0.083926
vt 0.934684 0.264170
vt 0.912841 0.965073
vt 0.936110 0.262999
vt 0.912841 0.966562
vt 0.944942 0.279525
vt 0.000000 0.975754
vt 0.946569 0.278655
vt 0.000000 0.977332
vt 0.000000 0.978693
vt 0.947996 0.277484
vt 0.402400 0.626188
vt 0.947996 0.264170
vt 0.211461 0.401904
vt 0.195553 0.234512
vt 0.912841 0.978368
vt 0.912841 0.977007
vt 0.195553 0.234512
vt 0.946569 0.262999
vt 0.195553 0.234512
vt 0.949167 0.276058
vt 0.195553 0.234512
vt 0.402400 0.627615
vt 0.949167 0.276058
vt 0.195553 0.234512
vt 0.950037 0.274430
vt 0.195553 0.234512
vt 0.402400 0.629242
vt 0.950572 0.272664
vt 0.402400 0.631008
vt 0.950753 0.270827
vt 0.402400 0.632845
vt 0.949167 0.265596
vt 0.195553 0.234512
vt 0.402400 0.638076
vt 0.210035 0.401904
vt 0.950037 0.267224
vt 0.402400 0.636448
vt 0.950572 0.268990
vt 0.402400 0.634682
vt 0.929991 0.117915
vt 0.951101 0.077269
vt 0.930171 0.119751
vt 0.951101 0.079106
vt 0.930707 0.121518
vt 0.951101 0.080872
vt 0.939404 0.108500
vt 0.009413 0.972196
vt 0.935802 0.109216
vt 0.009413 0.968559
vt 0.937567 0.108681
vt 0.009413 0.970352
vt 0.941240 0.108681
vt 0.009413 0.974020
vt 0.930707 0.114312
vt 0.951101 0.073666
vt 0.931577 0.112684
vt 0.951101 0.072038
vt 0.932748 0.111257
vt 0.951101 0.070612
vt 0.009413 0.965398
vt 0.934174 0.110086
vt 0.009413 0.966886
vt 0.943006 0.109216
vt 0.009413 0.975754
vt 0.930171 0.116078
vt 0.951101 0.075432
vt 0.939404 0.127330
vt 0.903428 0.971871
vt 0.941240 0.127149
vt 0.903428 0.973695
vt 0.935802 0.126613
vt 0.903428 0.968234
vt 0.937567 0.127149
vt 0.903428 0.970027
vt 0.931577 0.123145
vt 0.951101 0.082500
vt 0.932748 0.124572
vt 0.903428 0.965073
vt 0.951101 0.083926
vt 0.934174 0.125743
vt 0.903428 0.966562
vt 0.944633 0.110086
vt 0.009413 0.977332
vt 0.946060 0.111257
vt 0.009413 0.978693
vt 0.411813 0.626188
vt 0.943006 0.126613
vt 0.903428 0.975429
vt 0.944633 0.125743
vt 0.903428 0.977007
vt 0.211461 0.392490
vt 0.946060 0.124572
vt 0.903428 0.978368
vt 0.947230 0.112684
vt 0.411813 0.627615
vt 0.948636 0.116078
vt 0.411813 0.631008
vt 0.948100 0.114312
vt 0.411813 0.629242
vt 0.948817 0.117915
vt 0.411813 0.632845
vt 0.947230 0.123145
vt 0.195553 0.234512
vt 0.210035 0.392490
vt 0.411813 0.638076
vt 0.947230 0.123145
vt 0.195553 0.234512
vt 0.948100 0.121518
vt 0.411813 0.636448
vt 0.948636 0.119751
vt 0.411813 0.634682
vt 0.932644 0.208525
vt 0.634899 0.709153
vt 0.931927 0.204922
vt 0.634899 0.712756
vt 0.932108 0.206759
vt 0.634899 0.710919
vt 0.939504 0.214157
vt 0.383575 0.631142
vt 0.941340 0.214337
vt 0.383575 0.632986
vt 0.937738 0.213621
vt 0.383575 0.629349
vt 0.943176 0.214157
vt 0.383575 0.634810
vt 0.932108 0.203086
vt 0.634899 0.714592
vt 0.933514 0.210153
vt 0.634899 0.707525
vt 0.934684 0.211580
vt 0.634899 0.706098
vt 0.383575 0.626188
vt 0.936110 0.212751
vt 0.383575 0.627677
vt 0.941340 0.195508
vt 0.299800 0.969156
vt 0.943176 0.195689
vt 0.299800 0.970980
vt 0.937738 0.196224
vt 0.299800 0.965519
vt 0.939504 0.195689
vt 0.299800 0.967312
vt 0.944942 0.196224
vt 0.299800 0.972714
vt 0.932644 0.201320
vt 0.634899 0.716358
vt 0.933514 0.199692
vt 0.634899 0.717986
vt 0.634899 0.719413
vt 0.934684 0.198265
vt 0.299800 0.962358
vt 0.936110 0.197094
vt 0.299800 0.963846
vt 0.944942 0.213621
vt 0.383575 0.636544
vt 0.223523 0.328661
vt 0.946569 0.212751
vt 0.383575 0.638122
vt 0.195553 0.234512
vt 0.947996 0.211580
vt 0.222163 0.328661
vt 0.798121 0.170780
vt 0.299800 0.974292
vt 0.946569 0.197094
vt 0.195553 0.234512
vt 0.946569 0.197094
vt 0.195553 0.234512
vt 0.947996 0.198265
vt 0.798121 0.157465
vt 0.299800 0.975653
vt 0.195553 0.234512
vt 0.949167 0.210153
vt 0.798121 0.169353
vt 0.950037 0.208525
vt 0.798121 0.167725
vt 0.950572 0.206759
vt 0.798121 0.165959
vt 0.949167 0.199692
vt 0.798121 0.158892
vt 0.950037 0.201320
vt 0.798121 0.160519
vt 0.950572 0.203086
vt 0.798121 0.162286
vt 0.950753 0.204922
vt 0.798121 0.164122
s 1
usemtl Material
f 1248/2705/300 1242/2689/300 1240/2681/300
f 1249/2709/301 1246/2700/301 1242/2687/301
f 1250/2712/302 1244/2694/302 1246/2699/302
f 1251/2715/303 1240/2682/303 1244/2693/303
f 1246/2701/304 1240/2683/304 1242/2688/304
f 1252/2717/305 1241/2685/305 1248/2707/305
f 1251/2716/305 1245/2696/305 1255/2726/305
f 1254/2723/305 1249/2710/305 1253/2720/305
f 1247/2703/305 1251/2716/305 1250/2713/305
f 1252/2717/305 1251/2716/305 1255/2726/305
f 1254/2723/305 1247/2703/305 1250/2713/305
f 1258/2733/306 1270/2757/307 1262/2741/306
f 1253/2720/305 1249/2710/305 1243/2690/305
f 1248/2707/305 1243/2690/305 1249/2710/305
f 1243/2690/305 1245/2696/305 1247/2703/305
f 1273/2763/308 1269/2755/307 1277/2771/308
f 1275/2767/309 1271/2759/310 1279/2775/309
f 1269/2755/307 1257/2731/306 1261/2739/306
f 1259/2735/311 1271/2759/310 1267/2751/310
f 1263/2743/311 1258/2733/306 1262/2741/306
f 1281/2780/312 1277/2771/308 1285/2793/312
f 1278/2774/308 1266/2749/307 1274/2765/308
f 1283/2786/313 1279/2775/309 1287/2799/313
f 1261/2739/306 1256/2729/311 1260/2737/311
f 1331/2895/301 1279/2776/301 1336/2905/301
f 1304/2835/301 1305/2837/301 1245/2697/301
f 1290/2807/314 1285/2794/312 1299/2826/314
f 1286/2797/312 1274/2765/308 1282/2783/312
f 1294/2816/315 1287/2801/313 1303/2834/315
f 1256/2729/311 1268/2754/310 1260/2737/311
f 1268/2753/303 1367/2975/303 1269/2756/303
f 1243/2691/303 1338/2909/303 1339/2911/303
f 1397/3041/301 1272/2761/301 1399/3045/301
f 1254/2724/301 1371/2985/301 1372/2987/301
f 1300/2828/314 1282/2784/312 1293/2814/314
f 1267/2752/303 1436/3129/303 1266/2750/303
f 1405/3059/303 1406/3061/303 1252/2718/303
f 1276/2770/309 1264/2746/310 1272/2762/309
f 1252/2719/300 1302/2832/316 1241/2684/300
f 1243/2692/300 1288/2803/316 1253/2721/300
f 1254/2725/302 1298/2824/317 1247/2702/302
f 1245/2698/302 1292/2811/317 1255/2727/302
f 1284/2791/313 1272/2762/309 1280/2777/313
f 1295/2818/316 1303/2834/315 1302/2832/316
f 1297/2822/316 1289/2805/315 1288/2803/316
f 1291/2809/317 1299/2826/314 1298/2824/317
f 1301/2830/317 1293/2814/314 1292/2811/317
f 1296/2820/315 1280/2779/313 1289/2805/315
f 1335/2904/318 1436/3130/304 1336/2906/304
f 1367/2976/304 1403/3056/318 1370/2984/318
f 1335/2904/318 1434/3126/319 1435/3128/318
f 1369/2982/319 1403/3056/318 1402/3054/319
f 1334/2902/319 1433/3124/320 1434/3126/319
f 1368/2979/321 1402/3054/319 1401/3050/321
f 1333/2900/320 1429/3114/322 1433/3124/320
f 1360/2958/322 1400/3049/323 1395/3036/322
f 1429/3115/322 1328/2889/324 1427/3108/324
f 1360/2960/322 1394/3035/324 1361/2961/324
f 1328/2889/324 1419/3089/325 1427/3108/324
f 1394/3035/324 1352/2940/325 1361/2961/324
f 1327/2887/325 1416/3083/326 1419/3089/325
f 1349/2933/326 1393/3033/325 1385/3015/326
f 1319/2868/326 1415/3081/300 1416/3083/326
f 1385/3015/326 1348/2931/300 1349/2933/326
f 1317/2864/300 1418/3087/327 1415/3081/300
f 1384/3013/300 1351/2937/327 1348/2931/300
f 1318/2866/327 1417/3085/328 1418/3087/327
f 1387/3019/327 1350/2935/328 1351/2937/327
f 1321/2872/328 1423/3098/329 1417/3085/328
f 1386/3017/328 1356/2949/329 1350/2935/328
f 1320/2870/329 1422/3096/330 1423/3098/329
f 1390/3026/329 1355/2947/330 1356/2949/329
f 1323/2877/330 1421/3093/331 1422/3094/330
f 1389/3024/330 1354/2944/331 1355/2945/330
f 1322/2874/331 1420/3091/332 1421/3093/331
f 1353/2942/332 1388/3021/331 1373/2990/332
f 1306/2840/332 1411/3072/333 1420/3091/332
f 1373/2990/332 1345/2925/333 1353/2942/332
f 1305/2838/333 1405/3060/305 1411/3072/333
f 1338/2910/305 1372/2988/333 1371/2986/305
f 1304/2836/305 1406/3062/334 1405/3060/305
f 1339/2912/334 1371/2986/305 1383/3011/334
f 1316/2862/335 1406/3062/334 1315/2860/334
f 1339/2912/334 1378/3000/335 1337/2908/335
f 1311/2850/336 1404/3058/335 1316/2862/335
f 1337/2908/335 1379/3002/336 1346/2927/336
f 1312/2853/337 1412/3074/336 1311/2850/336
f 1346/2927/336 1380/3004/337 1344/2921/337
f 1313/2855/338 1413/3077/337 1312/2851/337
f 1344/2923/337 1381/3007/338 1347/2929/338
f 1308/2844/339 1414/3079/338 1313/2855/338
f 1347/2929/338 1375/2994/339 1342/2918/339
f 1309/2846/340 1409/3068/339 1308/2844/339
f 1342/2918/339 1376/2996/340 1340/2914/340
f 1307/2842/302 1407/3064/340 1309/2846/340
f 1340/2914/340 1374/2992/302 1341/2916/302
f 1310/2848/341 1408/3066/302 1307/2842/302
f 1341/2916/302 1377/2998/341 1343/2920/341
f 1314/2858/342 1410/3070/341 1310/2848/341
f 1343/2920/341 1382/3009/342 1357/2951/342
f 1324/2878/343 1424/3100/342 1314/2858/342
f 1357/2951/342 1391/3028/344 1358/2953/344
f 1325/2882/345 1426/3106/346 1425/3101/345
f 1358/2953/344 1392/3030/346 1359/2954/346
f 1330/2894/347 1426/3107/346 1326/2883/346
f 1359/2956/346 1396/3040/347 1363/2967/347
f 1332/2898/348 1430/3118/347 1330/2894/347
f 1365/2972/348 1363/2967/347 1398/3044/348
f 1331/2896/349 1431/3120/348 1332/2898/348
f 1365/2972/348 1397/3042/349 1366/2974/349
f 1336/2906/304 1432/3122/349 1331/2896/349
f 1366/2974/349 1399/3046/304 1367/2976/304
f 1248/2705/300 1249/2708/300 1242/2689/300
f 1249/2709/301 1250/2711/301 1246/2700/301
f 1250/2712/302 1251/2714/302 1244/2694/302
f 1251/2715/303 1248/2706/303 1240/2682/303
f 1246/2701/304 1244/2695/304 1240/2683/304
f 1254/2723/305 1250/2713/305 1249/2710/305
f 1247/2703/305 1245/2696/305 1251/2716/305
f 1252/2717/305 1248/2707/305 1251/2716/305
f 1258/2733/306 1266/2749/307 1270/2757/307
f 1248/2707/305 1241/2685/305 1243/2690/305
f 1243/2690/305 1241/2685/305 1245/2696/305
f 1273/2763/308 1265/2747/307 1269/2755/307
f 1275/2767/309 1267/2751/310 1271/2759/310
f 1269/2755/307 1265/2747/307 1257/2731/306
f 1259/2735/311 1263/2743/311 1271/2759/310
f 1263/2743/311 1259/2735/311 1258/2733/306
f 1281/2780/312 1273/2763/308 1277/2771/308
f 1278/2774/308 1270/2757/307 1266/2749/307
f 1283/2786/313 1275/2767/309 1279/2775/309
f 1261/2739/306 1257/2731/306 1256/2729/311
f 1325/2880/301 1303/2833/301 1326/2884/301
f 1303/2833/301 1287/2800/301 1326/2884/301
f 1287/2800/301 1279/2776/301 1331/2895/301
f 1279/2776/301 1271/2760/301 1336/2905/301
f 1287/2800/301 1332/2897/301 1330/2893/301
f 1271/2760/301 1263/2744/301 1262/2742/301
f 1262/2742/301 1270/2758/301 1271/2760/301
f 1270/2758/301 1278/2773/301 1336/2905/301
f 1271/2760/301 1270/2758/301 1336/2905/301
f 1278/2773/301 1286/2796/301 1335/2903/301
f 1286/2796/301 1333/2899/301 1334/2901/301
f 1286/2796/301 1334/2901/301 1335/2903/301
f 1332/2897/301 1287/2800/301 1331/2895/301
f 1326/2884/301 1287/2800/301 1330/2893/301
f 1278/2773/301 1335/2903/301 1336/2905/301
f 1329/2890/301 1333/2899/301 1286/2796/301
f 1286/2796/301 1300/2827/301 1329/2890/301
f 1300/2827/301 1301/2829/301 1327/2886/301
f 1241/2686/301 1302/2831/301 1311/2849/301
f 1302/2831/301 1303/2833/301 1314/2857/301
f 1314/2857/301 1303/2833/301 1325/2880/301
f 1325/2881/305 1324/2879/305 1314/2856/305
f 1300/2827/301 1327/2886/301 1328/2888/301
f 1301/2829/301 1245/2697/301 1322/2873/301
f 1327/2886/301 1301/2829/301 1319/2867/301
f 1328/2888/301 1329/2890/301 1300/2827/301
f 1302/2831/301 1314/2857/301 1310/2847/301
f 1302/2831/301 1310/2847/301 1307/2841/301
f 1319/2867/301 1301/2829/301 1317/2863/301
f 1317/2863/301 1301/2829/301 1318/2865/301
f 1302/2831/301 1307/2841/301 1309/2845/301
f 1302/2831/301 1309/2845/301 1308/2843/301
f 1318/2865/301 1301/2829/301 1321/2871/301
f 1321/2871/301 1301/2829/301 1320/2869/301
f 1302/2831/301 1308/2843/301 1313/2854/301
f 1302/2831/301 1313/2854/301 1312/2852/301
f 1320/2869/301 1301/2829/301 1323/2875/301
f 1323/2875/301 1301/2829/301 1322/2873/301
f 1302/2831/301 1312/2852/301 1311/2849/301
f 1241/2686/301 1311/2849/301 1316/2861/301
f 1241/2686/301 1316/2861/301 1315/2859/301
f 1306/2839/301 1322/2873/301 1245/2697/301
f 1305/2837/301 1306/2839/301 1245/2697/301
f 1245/2697/301 1241/2686/301 1304/2835/301
f 1241/2686/301 1315/2859/301 1304/2835/301
f 1290/2807/314 1281/2781/312 1285/2794/312
f 1286/2797/312 1278/2774/308 1274/2765/308
f 1294/2816/315 1283/2787/313 1287/2801/313
f 1256/2729/311 1264/2746/310 1268/2754/310
f 1360/2957/303 1362/2963/303 1299/2825/303
f 1299/2825/303 1285/2795/303 1360/2957/303
f 1285/2795/303 1277/2772/303 1370/2983/303
f 1369/2981/303 1285/2795/303 1370/2983/303
f 1277/2772/303 1269/2756/303 1367/2975/303
f 1269/2756/303 1261/2740/303 1268/2753/303
f 1277/2772/303 1367/2975/303 1370/2983/303
f 1261/2740/303 1260/2738/303 1268/2753/303
f 1268/2753/303 1276/2769/303 1367/2975/303
f 1276/2769/303 1284/2790/303 1366/2973/303
f 1284/2790/303 1364/2968/303 1365/2970/303
f 1284/2790/303 1365/2970/303 1366/2973/303
f 1276/2769/303 1366/2973/303 1367/2975/303
f 1285/2795/303 1369/2981/303 1368/2977/303
f 1368/2977/303 1360/2957/303 1285/2795/303
f 1363/2966/305 1364/2969/305 1284/2789/305
f 1284/2790/303 1296/2819/303 1359/2955/303
f 1296/2819/303 1297/2821/303 1357/2950/303
f 1358/2952/303 1296/2819/303 1357/2950/303
f 1247/2704/303 1298/2823/303 1354/2943/303
f 1298/2823/303 1299/2825/303 1352/2939/303
f 1352/2939/303 1299/2825/303 1362/2963/303
f 1362/2964/305 1361/2962/305 1352/2938/305
f 1296/2819/303 1358/2952/303 1359/2955/303
f 1297/2821/303 1243/2691/303 1346/2926/303
f 1359/2955/303 1363/2965/303 1284/2790/303
f 1298/2823/303 1352/2939/303 1349/2932/303
f 1298/2823/303 1349/2932/303 1348/2930/303
f 1357/2950/303 1297/2821/303 1343/2919/303
f 1343/2919/303 1297/2821/303 1341/2915/303
f 1298/2823/303 1348/2930/303 1351/2936/303
f 1298/2823/303 1351/2936/303 1350/2934/303
f 1341/2915/303 1297/2821/303 1340/2913/303
f 1340/2913/303 1297/2821/303 1342/2917/303
f 1298/2823/303 1350/2934/303 1356/2948/303
f 1298/2823/303 1356/2948/303 1355/2946/303
f 1342/2917/303 1297/2821/303 1347/2928/303
f 1347/2928/303 1297/2821/303 1344/2922/303
f 1298/2823/303 1355/2946/303 1354/2943/303
f 1344/2922/303 1297/2821/303 1346/2926/303
f 1247/2704/303 1354/2943/303 1353/2941/303
f 1247/2704/303 1353/2941/303 1345/2924/303
f 1337/2907/303 1346/2926/303 1243/2691/303
f 1243/2691/303 1247/2704/303 1338/2909/303
f 1247/2704/303 1345/2924/303 1338/2909/303
f 1339/2911/303 1337/2907/303 1243/2691/303
f 1391/3027/301 1289/2804/301 1392/3029/301
f 1289/2804/301 1280/2778/301 1392/3029/301
f 1280/2778/301 1272/2761/301 1397/3041/301
f 1272/2761/301 1264/2745/301 1399/3045/301
f 1280/2778/301 1398/3043/301 1396/3039/301
f 1264/2745/301 1256/2730/301 1257/2732/301
f 1257/2732/301 1265/2748/301 1264/2745/301
f 1265/2748/301 1273/2764/301 1399/3045/301
f 1264/2745/301 1265/2748/301 1399/3045/301
f 1273/2764/301 1281/2782/301 1403/3055/301
f 1281/2782/301 1401/3051/301 1402/3053/301
f 1281/2782/301 1402/3053/301 1403/3055/301
f 1398/3043/301 1280/2778/301 1397/3041/301
f 1392/3029/301 1280/2778/301 1396/3039/301
f 1273/2764/301 1403/3055/301 1399/3045/301
f 1400/3047/303 1401/3051/303 1281/2782/303
f 1281/2782/301 1290/2806/301 1395/3037/301
f 1290/2806/301 1291/2808/301 1393/3032/301
f 1394/3034/301 1290/2806/301 1393/3032/301
f 1253/2722/301 1288/2802/301 1379/3001/301
f 1288/2802/301 1289/2804/301 1382/3008/301
f 1377/2997/301 1288/2802/301 1382/3008/301
f 1289/2804/301 1391/3027/301 1382/3008/301
f 1290/2806/301 1394/3034/301 1395/3037/301
f 1291/2808/301 1254/2724/301 1388/3020/301
f 1395/3037/301 1400/3047/301 1281/2782/301
f 1288/2802/301 1377/2997/301 1374/2991/301
f 1288/2802/301 1374/2991/301 1376/2995/301
f 1393/3032/301 1291/2808/301 1385/3014/301
f 1385/3014/301 1291/2808/301 1384/3012/301
f 1288/2802/301 1376/2995/301 1375/2993/301
f 1288/2802/301 1375/2993/301 1381/3006/301
f 1384/3012/301 1291/2808/301 1387/3018/301
f 1387/3018/301 1291/2808/301 1386/3016/301
f 1288/2802/301 1381/3006/301 1380/3003/301
f 1288/2802/301 1380/3003/301 1379/3001/301
f 1386/3016/301 1291/2808/301 1390/3025/301
f 1390/3025/301 1291/2808/301 1389/3022/301
f 1253/2722/301 1379/3001/301 1378/2999/301
f 1389/3022/301 1291/2808/301 1388/3020/301
f 1253/2722/301 1378/2999/301 1383/3010/301
f 1253/2722/301 1383/3010/301 1371/2985/301
f 1373/2989/301 1388/3020/301 1254/2724/301
f 1254/2724/301 1253/2722/301 1371/2985/301
f 1372/2987/301 1373/2989/301 1254/2724/301
f 1300/2828/314 1286/2798/312 1282/2784/312
f 1429/3113/303 1428/3111/303 1293/2813/303
f 1293/2813/303 1282/2785/303 1429/3113/303
f 1282/2785/303 1274/2766/303 1435/3127/303
f 1434/3125/303 1282/2785/303 1435/3127/303
f 1274/2766/303 1266/2750/303 1436/3129/303
f 1266/2750/303 1258/2734/303 1267/2752/303
f 1274/2766/303 1436/3129/303 1435/3127/303
f 1258/2734/303 1259/2736/303 1267/2752/303
f 1267/2752/303 1275/2768/303 1436/3129/303
f 1275/2768/303 1283/2788/303 1432/3121/303
f 1283/2788/303 1430/3117/303 1431/3119/303
f 1283/2788/303 1431/3119/303 1432/3121/303
f 1275/2768/303 1432/3121/303 1436/3129/303
f 1282/2785/303 1434/3125/303 1433/3123/303
f 1433/3123/303 1429/3113/303 1282/2785/303
f 1426/3105/303 1430/3117/303 1283/2788/303
f 1283/2788/303 1294/2815/303 1426/3105/303
f 1294/2815/303 1295/2817/303 1424/3099/303
f 1255/2728/303 1292/2810/303 1421/3092/303
f 1292/2810/303 1293/2813/303 1419/3088/303
f 1293/2812/303 1428/3112/303 1427/3110/303
f 1293/2813/303 1427/3109/303 1419/3088/303
f 1294/2815/303 1424/3099/303 1425/3102/303
f 1295/2817/303 1252/2718/303 1412/3073/303
f 1424/3099/303 1295/2817/303 1410/3069/303
f 1425/3102/303 1426/3105/303 1294/2815/303
f 1292/2810/303 1419/3088/303 1416/3082/303
f 1292/2810/303 1416/3082/303 1415/3080/303
f 1410/3069/303 1295/2817/303 1408/3065/303
f 1408/3065/303 1295/2817/303 1407/3063/303
f 1292/2810/303 1415/3080/303 1418/3086/303
f 1292/2810/303 1418/3086/303 1417/3084/303
f 1407/3063/303 1295/2817/303 1409/3067/303
f 1409/3067/303 1295/2817/303 1414/3078/303
f 1292/2810/303 1417/3084/303 1423/3097/303
f 1292/2810/303 1423/3097/303 1422/3095/303
f 1414/3078/303 1295/2817/303 1413/3075/303
f 1413/3075/303 1295/2817/303 1412/3073/303
f 1292/2810/303 1422/3095/303 1421/3092/303
f 1255/2728/303 1421/3092/303 1420/3090/303
f 1255/2728/303 1420/3090/303 1411/3071/303
f 1404/3057/303 1412/3073/303 1252/2718/303
f 1406/3061/303 1404/3057/303 1252/2718/303
f 1252/2718/303 1255/2728/303 1405/3059/303
f 1255/2728/303 1411/3071/303 1405/3059/303
f 1276/2770/309 1268/2754/310 1264/2746/310
f 1252/2719/300 1295/2818/316 1302/2832/316
f 1243/2692/300 1297/2822/316 1288/2803/316
f 1254/2725/302 1291/2809/317 1298/2824/317
f 1245/2698/302 1301/2830/317 1292/2811/317
f 1284/2791/313 1276/2770/309 1272/2762/309
f 1295/2818/316 1294/2816/315 1303/2834/315
f 1297/2822/316 1296/2820/315 1289/2805/315
f 1291/2809/317 1290/2807/314 1299/2826/314
f 1301/2830/317 1300/2828/314 1293/2814/314
f 1296/2820/315 1284/2792/313 1280/2779/313
f 1335/2904/318 1435/3128/318 1436/3130/304
f 1367/2976/304 1399/3046/304 1403/3056/318
f 1335/2904/318 1334/2902/319 1434/3126/319
f 1369/2982/319 1370/2984/318 1403/3056/318
f 1334/2902/319 1333/2900/320 1433/3124/320
f 1401/3052/305 1400/3048/305 1368/2978/305
f 1368/2979/321 1369/2982/319 1402/3054/319
f 1333/2900/320 1329/2891/322 1429/3114/322
f 1360/2958/322 1368/2980/323 1400/3049/323
f 1429/3115/322 1329/2892/322 1328/2889/324
f 1427/3110/305 1428/3112/305 1429/3116/305
f 1361/2962/305 1362/2964/305 1360/2959/305
f 1360/2960/322 1395/3038/322 1394/3035/324
f 1328/2889/324 1327/2887/325 1419/3089/325
f 1394/3035/324 1393/3033/325 1352/2940/325
f 1327/2887/325 1319/2868/326 1416/3083/326
f 1349/2933/326 1352/2940/325 1393/3033/325
f 1319/2868/326 1317/2864/300 1415/3081/300
f 1385/3015/326 1384/3013/300 1348/2931/300
f 1317/2864/300 1318/2866/327 1418/3087/327
f 1384/3013/300 1387/3019/327 1351/2937/327
f 1318/2866/327 1321/2872/328 1417/3085/328
f 1387/3019/327 1386/3017/328 1350/2935/328
f 1321/2872/328 1320/2870/329 1423/3098/329
f 1386/3017/328 1390/3026/329 1356/2949/329
f 1320/2870/329 1323/2876/330 1422/3096/330
f 1390/3026/329 1389/3023/330 1355/2947/330
f 1323/2877/330 1322/2874/331 1421/3093/331
f 1389/3024/330 1388/3021/331 1354/2944/331
f 1322/2874/331 1306/2840/332 1420/3091/332
f 1353/2942/332 1354/2944/331 1388/3021/331
f 1306/2840/332 1305/2838/333 1411/3072/333
f 1373/2990/332 1372/2988/333 1345/2925/333
f 1305/2838/333 1304/2836/305 1405/3060/305
f 1338/2910/305 1345/2925/333 1372/2988/333
f 1304/2836/305 1315/2860/334 1406/3062/334
f 1339/2912/334 1338/2910/305 1371/2986/305
f 1316/2862/335 1404/3058/335 1406/3062/334
f 1339/2912/334 1383/3011/334 1378/3000/335
f 1311/2850/336 1412/3074/336 1404/3058/335
f 1337/2908/335 1378/3000/335 1379/3002/336
f 1312/2853/337 1413/3076/337 1412/3074/336
f 1346/2927/336 1379/3002/336 1380/3004/337
f 1313/2855/338 1414/3079/338 1413/3077/337
f 1344/2923/337 1380/3005/337 1381/3007/338
f 1308/2844/339 1409/3068/339 1414/3079/338
f 1347/2929/338 1381/3007/338 1375/2994/339
f 1309/2846/340 1407/3064/340 1409/3068/339
f 1342/2918/339 1375/2994/339 1376/2996/340
f 1307/2842/302 1408/3066/302 1407/3064/340
f 1340/2914/340 1376/2996/340 1374/2992/302
f 1310/2848/341 1410/3070/341 1408/3066/302
f 1341/2916/302 1374/2992/302 1377/2998/341
f 1314/2858/342 1424/3100/342 1410/3070/341
f 1343/2920/341 1377/2998/341 1382/3009/342
f 1324/2878/343 1425/3103/343 1424/3100/342
f 1357/2951/342 1382/3009/342 1391/3028/344
f 1425/3104/305 1324/2879/305 1325/2881/305
f 1325/2882/345 1326/2885/346 1426/3106/346
f 1358/2953/344 1391/3028/344 1392/3030/346
f 1330/2894/347 1430/3118/347 1426/3107/346
f 1359/2956/346 1392/3031/346 1396/3040/347
f 1332/2898/348 1431/3120/348 1430/3118/347
f 1365/2971/305 1364/2969/305 1363/2966/305
f 1363/2967/347 1396/3040/347 1398/3044/348
f 1331/2896/349 1432/3122/349 1431/3120/348
f 1365/2972/348 1398/3044/348 1397/3042/349
f 1336/2906/304 1436/3130/304 1432/3122/349
f 1366/2974/349 1397/3042/349 1399/3046/304
o hand.l
v -3.399430 1.125854 -0.208597
v -3.399430 0.483854 -0.706597
v -2.399431 0.483854 -0.706597
v -2.399431 1.125854 -0.208597
v -3.399430 0.483854 0.753403
v -3.399430 1.125854 0.255403
v -2.399431 1.125854 0.255403
v -2.399431 0.483854 0.753403
v -3.399430 0.055854 -0.706597
v -2.399431 0.055854 -0.706597
v -3.399430 0.055854 0.753403
v -2.399431 0.055854 0.753403
v -2.399431 0.849368 -0.078178
v -2.399431 0.868877 -0.080168
v -2.399431 0.888386 -0.078178
v -2.399431 0.830608 -0.072284
v -2.399431 0.907145 -0.072284
v -2.399431 0.813320 -0.062713
v -2.399431 0.924434 -0.062713
v -2.399431 0.798166 -0.049833
v -2.399431 0.785730 -0.034138
v -2.399431 0.776489 -0.016232
v -2.399431 0.770798 0.043609
v -2.399431 0.768877 0.023403
v -2.399431 0.770798 0.003197
v -2.399431 0.939587 -0.049833
v -2.399431 0.952024 -0.034138
v -2.399431 0.961265 -0.016232
v -2.399431 0.966955 0.003197
v -2.399431 0.776489 0.063038
v -2.399431 0.961265 0.063038
v -2.399431 0.968877 0.023403
v -2.399431 0.966955 0.043609
v -2.399431 0.939587 0.096639
v -2.399431 0.813320 0.109520
v -2.399431 0.924434 0.109520
v -2.399431 0.798166 0.096639
v -2.399431 0.868877 0.126975
v -2.399431 0.888386 0.124985
v -2.399431 0.830608 0.119091
v -2.399431 0.849368 0.124985
v -3.084833 0.610934 -0.085620
v -2.399431 0.907145 0.119091
v -2.399431 0.952024 0.080944
v -2.399431 0.785730 0.080944
v -3.399430 0.849368 -0.078178
v -3.399430 0.868877 -0.080168
v -3.084833 0.673582 -0.241365
v -2.704833 0.610934 -0.085620
v -3.399430 0.888386 -0.078178
v -3.399430 0.830608 -0.072284
v -2.704833 0.673582 -0.241365
v -3.399430 0.907145 -0.072284
v -3.399430 0.813320 -0.062713
v -3.399430 0.924434 -0.062713
v -3.399430 0.798166 -0.049833
v -3.084833 0.610934 0.166380
v -3.399430 0.785730 -0.034138
v -3.399430 0.776489 -0.016232
v -3.084833 0.673582 0.322124
v -3.399430 0.770798 0.043609
v -3.399430 0.768877 0.023403
v -3.399430 0.770798 0.003198
v -3.399430 0.939587 -0.049833
v -3.399430 0.952024 -0.034138
v -3.399430 0.961265 -0.016232
v -2.704833 0.610934 0.166380
v -3.399430 0.966955 0.003198
v -3.399430 0.776489 0.063038
v -3.399430 0.961265 0.063038
v -2.704833 0.673582 0.322124
v -3.399430 0.968877 0.023403
v -3.399430 0.966955 0.043609
v -3.399430 0.939587 0.096639
v -3.399430 0.813320 0.109520
v -3.399430 0.924434 0.109520
v -3.399430 0.798166 0.096639
v -3.399430 0.868877 0.126975
v -3.399430 0.888386 0.124985
v -3.399430 0.830608 0.119091
v -3.399430 0.849368 0.124985
v -3.399430 0.907145 0.119091
v -3.399430 0.952024 0.080945
v -3.399430 0.785730 0.080945
v -2.954833 0.610934 -0.085620
v -2.834833 0.610934 -0.085620
v -2.954833 0.673582 -0.241365
v -2.834833 0.673582 -0.241365
v -2.954833 0.610934 0.166380
v -2.834833 0.610934 0.166380
v -2.954833 0.673582 0.322124
v -2.834833 0.673582 0.322124
v -2.834833 1.125854 0.053377
v -2.704833 1.125854 0.113697
v -2.704833 1.125854 0.003749
v -3.084833 1.125854 -0.208597
v -3.084833 1.125854 -0.062623
v -2.954833 1.125854 -0.208597
v -2.954833 1.125854 -0.002303
v -2.834833 1.125854 -0.208597
v -2.704833 1.125854 -0.208597
v -2.834833 1.125854 0.104111
v -3.084833 1.125854 0.100111
v -2.834833 1.125854 0.255403
v -2.704833 1.125854 0.255403
v -3.084833 1.125854 0.255403
v -2.954833 1.125854 0.255403
v -2.834833 0.835114 -0.366194
v -2.704833 0.835114 -0.366194
v -3.084833 0.835114 -0.366194
v -2.954833 0.835114 -0.366194
v -3.084833 0.809291 0.426998
v -2.954833 0.809291 0.426998
v -2.834833 0.809291 0.426998
v -2.704833 0.809292 0.426998
v -3.084833 0.966955 0.043609
v -2.954833 0.966955 0.043609
v -2.834833 0.966955 0.043609
v -2.704833 0.966955 0.043609
v -3.084833 0.968877 0.023403
v -2.954833 0.968877 0.023403
v -2.834833 0.968877 0.023403
v -2.704833 0.968877 0.023403
v -3.084833 0.961265 0.063038
v -2.954833 0.961265 0.063038
v -2.834833 0.961265 0.063038
v -2.704833 0.961265 0.063038
v -3.084833 0.952024 0.080945
v -3.084833 0.954931 0.075311
v -2.954833 0.952024 0.080945
v -2.834833 0.952024 0.080945
v -2.704833 0.952024 0.080944
v -3.084833 0.939587 0.096639
v -2.954833 0.939587 0.096639
v -2.834833 0.939587 0.096639
v -2.704833 0.939587 0.096639
v -3.084833 0.924434 0.109520
v -2.954833 0.924434 0.109520
v -2.834833 0.924434 0.109520
v -2.704833 0.924434 0.109520
v -3.084833 0.907145 0.119091
v -2.954833 0.907145 0.119091
v -2.834833 0.907145 0.119091
v -2.704833 0.907145 0.119091
v -3.084833 0.888386 0.124985
v -2.704833 0.888386 0.124985
v -2.834833 0.888386 0.124985
v -2.954833 0.888386 0.124985
v -3.084833 0.868877 0.126975
v -2.704833 0.868877 0.126975
v -2.834833 0.868877 0.126975
v -2.954833 0.868877 0.126975
v -3.084833 0.849368 0.124985
v -2.704833 0.849368 0.124985
v -2.834833 0.849368 0.124985
v -2.954833 0.849368 0.124985
v -3.084833 0.830608 0.119091
v -2.704833 0.830608 0.119091
v -2.834833 0.830608 0.119091
v -2.954833 0.830608 0.119091
v -3.084833 0.813320 0.109520
v -2.954833 0.813320 0.109520
v -2.834833 0.813320 0.109520
v -2.704833 0.813320 0.109520
v -3.084833 0.798166 0.096639
v -2.954833 0.798166 0.096639
v -2.834833 0.798166 0.096639
v -2.704833 0.798166 0.096639
v -3.084833 0.785730 0.080945
v -2.954833 0.785730 0.080945
v -2.834833 0.785730 0.080945
v -2.704833 0.785730 0.080944
v -3.084833 0.776489 0.063038
v -2.954833 0.776489 0.063038
v -2.834833 0.776489 0.063038
v -2.704833 0.776489 0.063038
v -3.084833 0.770798 0.043609
v -2.954833 0.770798 0.043609
v -2.834833 0.770798 0.043609
v -2.704833 0.770798 0.043609
v -3.084833 0.768877 0.023403
v -2.954833 0.768877 0.023403
v -2.834833 0.768877 0.023403
v -2.704833 0.768877 0.023403
v -3.084833 0.770798 0.003198
v -2.954833 0.770798 0.003198
v -2.834833 0.770798 0.003198
v -2.704833 0.770798 0.003197
v -3.084833 0.776489 -0.016232
v -2.954833 0.776489 -0.016232
v -2.834833 0.776489 -0.016232
v -2.704833 0.776489 -0.016232
v -3.084833 0.785730 -0.034138
v -2.954833 0.785730 -0.034138
v -2.834833 0.785730 -0.034138
v -2.704833 0.785730 -0.034138
v -3.084833 0.798166 -0.049833
v -2.954833 0.798166 -0.049833
v -2.834833 0.798166 -0.049833
v -2.704833 0.798166 -0.049833
v -3.084833 0.813320 -0.062713
v -2.954833 0.813320 -0.062713
v -2.834833 0.813320 -0.062713
v -2.704833 0.813320 -0.062713
v -3.084833 0.830608 -0.072284
v -2.954833 0.830608 -0.072284
v -2.834833 0.830608 -0.072284
v -2.704833 0.830608 -0.072284
v -2.954833 0.849368 -0.078178
v -3.084833 0.849368 -0.078178
v -2.704833 0.849368 -0.078178
v -2.834833 0.849368 -0.078178
v -2.954833 0.868877 -0.080168
v -3.084833 0.868877 -0.080168
v -2.704833 0.868877 -0.080168
v -2.834833 0.868877 -0.080168
v -2.954833 0.888386 -0.078178
v -3.084833 0.888386 -0.078178
v -2.704833 0.888386 -0.078178
v -2.834833 0.888386 -0.078178
v -2.954833 0.907145 -0.072284
v -3.084833 0.907145 -0.072284
v -2.704833 0.907145 -0.072284
v -2.834833 0.907145 -0.072284
v -3.084833 0.924434 -0.062713
v -2.954833 0.924434 -0.062713
v -2.834833 0.924434 -0.062713
v -2.704833 0.924434 -0.062713
v -3.084833 0.939587 -0.049833
v -2.954833 0.939587 -0.049833
v -2.834833 0.939587 -0.049833
v -2.704833 0.939587 -0.049833
v -3.084833 0.952024 -0.034138
v -2.954833 0.952024 -0.034138
v -2.834833 0.952024 -0.034138
v -2.704833 0.952024 -0.034138
v -3.084833 0.961265 -0.016232
v -2.954833 0.961265 -0.016232
v -2.834833 0.961265 -0.016232
v -2.704833 0.961265 -0.016232
v -3.084833 0.966955 0.003198
v -2.954833 0.966955 0.003198
v -2.834833 0.966955 0.003198
v -2.704833 0.966955 0.003197
v -2.704833 0.967542 0.009368
v -2.399431 0.055854 -0.379355
v -2.399431 0.055854 0.426162
v -2.399431 0.565854 -0.104597
v -2.399431 0.259854 -0.379355
v -2.399431 0.565854 0.151403
v -2.399431 0.259854 0.426162
v -3.399430 0.055854 -0.379355
v -3.399430 0.055854 0.426162
v -3.399430 0.565854 -0.104597
v -3.399430 0.259854 -0.379355
v -3.399430 0.565854 0.151403
v -3.399430 0.259854 0.426162
v -2.399431 -0.984831 0.043403
v -2.399431 -0.428820 0.043403
v -2.399431 -0.428820 0.003403
v -2.399431 -0.984831 0.003403
v -3.399430 -0.984831 0.003403
v -3.399430 -0.428820 0.003403
v -3.399430 -0.428820 0.043403
v -3.399430 -0.984831 0.043403
vn -0.0000 1.0000 -0.0000
vn 1.0000 -0.0000 -0.0000
vn -1.0000 -0.0000 -0.0000
vn -0.0000 -0.0000 1.0000
vn -0.0000 0.6280 -0.7782
vn -0.0625 0.6660 -0.7433
vn 0.0707 0.6380 0.7668
vn 0.0851 0.5388 0.8381
vn 0.0709 0.6714 0.7377
vn -0.0000 -0.0000 -1.0000
vn -0.0000 -0.5636 -0.8261
vn -0.0000 -0.5636 0.8261
vn -0.0000 -1.0000 -0.0000
vn -0.0000 -0.9820 -0.1887
vn -0.0000 -0.9284 -0.3715
vn -0.0000 -0.8401 -0.5424
vn -0.0000 -0.8886 -0.4586
vn -0.0000 -0.7192 -0.6948
vn -0.0000 -0.5688 -0.8225
vn -0.0000 -0.3940 -0.9191
vn -0.0000 -0.2016 -0.9795
vn -0.0000 0.2016 -0.9795
vn -0.0000 0.3940 -0.9191
vn -0.0000 0.5688 -0.8225
vn -0.0000 0.7192 -0.6948
vn -0.0000 0.8401 -0.5424
vn -0.0000 0.9284 -0.3715
vn -0.0000 0.9820 -0.1887
vn -0.0000 0.9820 0.1887
vn -0.0000 0.9284 0.3715
vn -0.0000 0.8401 0.5424
vn -0.0000 0.7192 0.6948
vn -0.0000 0.5688 0.8225
vn -0.0000 0.3940 0.9191
vn -0.0000 0.2016 0.9795
vn -0.0000 -0.2016 0.9795
vn -0.0000 -0.3940 0.9191
vn -0.0000 -0.5688 0.8225
vn -0.0000 -0.7192 0.6948
vn -0.0000 -0.8401 0.5424
vn -0.0000 -0.9284 0.3715
vn -0.0000 -0.9820 0.1887
vn -0.0000 -0.9955 0.0947
vn -0.0000 0.9278 0.3732
vn -0.0000 0.9818 0.1901
vn -0.0000 0.6115 0.7913
vn -0.0000 0.9278 -0.3732
vn -0.0000 0.9818 -0.1901
vn -0.0000 0.6115 -0.7913
vn -0.0000 -0.6681 -0.7441
vn -0.0000 -0.6681 0.7441
vn -0.0000 0.6198 0.7848
vn -0.0000 0.6198 -0.7848
vn -0.0675 0.6305 -0.7733
vn -0.0000 0.4765 -0.8791
vn -0.0836 0.5413 -0.8367
vn 0.0621 0.6653 -0.7440
vn 0.0827 0.5426 -0.8359
vn 0.0646 0.6304 -0.7736
vn -0.0000 0.6369 0.7709
vn -0.0000 0.4765 0.8791
vn -0.0858 0.5375 0.8389
vn -0.0739 0.6380 0.7665
vn -0.0713 0.6722 0.7369
vn 1.0000 -0.0000 -0.0001
vt 0.820283 0.846958
vt 0.835393 0.553940
vt 0.783244 0.837447
vt 0.835394 0.516857
vt 0.697024 0.846958
vt 0.642729 0.733030
vt 0.788329 0.516857
vt 0.744088 0.846958
vt 0.679768 0.723519
vt 0.788328 0.553940
vt 0.837538 0.795322
vt 0.626429 0.905262
vt 0.835394 0.571147
vt 0.837538 0.833571
vt 0.626429 0.943511
vt 0.788330 0.571147
vt 0.697024 0.736907
vt 0.673493 0.943511
vt 0.697024 0.775156
vt 0.673493 0.905262
vt 0.697024 0.863348
vt 0.770898 0.821528
vt 0.630383 0.748950
vt 0.744088 0.863348
vt 0.825192 0.779402
vt 0.626428 0.889325
vt 0.694200 0.572050
vt 0.673492 0.889325
vt 0.684677 0.791075
vt 0.741264 0.572050
vt 0.676643 0.737567
vt 0.262757 0.986987
vt 0.677131 0.736783
vt 0.261973 0.986987
vt 0.677768 0.736115
vt 0.261304 0.986987
vt 0.411332 0.986171
vt 0.676321 0.738434
vt 0.263625 0.986987
vt 0.678529 0.735587
vt 0.410606 0.986171
vt 0.676178 0.739353
vt 0.264544 0.986987
vt 0.679383 0.735221
vt 0.409776 0.986171
vt 0.676220 0.740289
vt 0.265479 0.986987
vt 0.676445 0.741204
vt 0.266394 0.986987
vt 0.676844 0.742065
vt 0.267254 0.986987
vt 0.678905 0.744003
vt 0.231847 0.986288
vt 0.678098 0.743491
vt 0.231042 0.986288
vt 0.677402 0.742837
vt 0.230349 0.986289
vt 0.268025 0.986987
vt 0.680299 0.735029
vt 0.408874 0.986171
vt 0.681242 0.735019
vt 0.407934 0.986171
vt 0.682174 0.735192
vt 0.406992 0.986171
vt 0.683061 0.735541
vt 0.406086 0.986171
vt 0.679792 0.744352
vt 0.232732 0.986288
vt 0.685122 0.737479
vt 0.255041 0.971912
vt 0.683868 0.736052
vt 0.405249 0.986171
vt 0.684564 0.736707
vt 0.404513 0.986171
vt 0.254291 0.971912
vt 0.685746 0.739255
vt 0.256791 0.971912
vt 0.682583 0.744323
vt 0.235523 0.986288
vt 0.685788 0.740190
vt 0.257723 0.971912
vt 0.681667 0.744515
vt 0.234607 0.986288
vt 0.684835 0.742760
vt 0.260328 0.971912
vt 0.685323 0.741977
vt 0.259527 0.971912
vt 0.683438 0.743956
vt 0.236379 0.986288
vt 0.237142 0.986288
vt 0.684198 0.743428
vt 0.261020 0.971912
vt 0.955459 0.255790
vt 0.558111 0.970177
vt 0.736947 0.973865
vt 0.685645 0.741109
vt 0.258647 0.971912
vt 0.685521 0.738339
vt 0.255885 0.971912
vt 0.680724 0.744525
vt 0.233664 0.986288
vt 0.817157 0.832911
vt 0.978895 0.986353
vt 0.817646 0.833694
vt 0.979678 0.986353
vt 0.958408 0.248458
vt 0.558111 0.976995
vt 0.949392 0.936831
vt 0.985778 0.416758
vt 0.984289 0.159072
vt 0.980347 0.986353
vt 0.818283 0.834363
vt 0.538406 0.970177
vt 0.816835 0.832044
vt 0.978027 0.986353
vt 0.952341 0.944162
vt 0.985777 0.423576
vt 0.819043 0.834890
vt 0.537680 0.970177
vt 0.816693 0.831124
vt 0.977108 0.986353
vt 0.819898 0.835257
vt 0.536850 0.970177
vt 0.816735 0.830189
vt 0.976173 0.986353
vt 0.955459 0.267653
vt 0.736946 0.964520
vt 0.816959 0.829274
vt 0.975258 0.986353
vt 0.817359 0.828413
vt 0.974398 0.986353
vt 0.958408 0.274984
vt 0.736946 0.956928
vt 0.819420 0.826475
vt 0.546697 0.970177
vt 0.818613 0.826987
vt 0.545893 0.970177
vt 0.817917 0.827641
vt 0.545199 0.970177
vt 0.973627 0.986353
vt 0.820814 0.835449
vt 0.535948 0.970177
vt 0.821756 0.835459
vt 0.535008 0.970177
vt 0.822689 0.835286
vt 0.534066 0.970177
vt 0.949392 0.924968
vt 0.984288 0.149727
vt 0.823576 0.834937
vt 0.533160 0.970177
vt 0.820307 0.826126
vt 0.547583 0.970177
vt 0.825637 0.832999
vt 0.882477 0.985471
vt 0.952341 0.917636
vt 0.984288 0.142135
vt 0.824382 0.834426
vt 0.532322 0.970177
vt 0.531587 0.970177
vt 0.825078 0.833771
vt 0.881727 0.985471
vt 0.826261 0.831223
vt 0.884226 0.985471
vt 0.823098 0.826155
vt 0.550374 0.970177
vt 0.826303 0.830288
vt 0.885159 0.985471
vt 0.822182 0.825963
vt 0.549457 0.970177
vt 0.825349 0.827718
vt 0.887764 0.985471
vt 0.825838 0.828501
vt 0.886962 0.985471
vt 0.823952 0.826522
vt 0.551230 0.970177
vt 0.824713 0.827050
vt 0.888456 0.985471
vt 0.551992 0.970177
vt 0.826160 0.829369
vt 0.886083 0.985471
vt 0.826036 0.832139
vt 0.883320 0.985471
vt 0.821239 0.825953
vt 0.548515 0.970177
vt 0.564229 0.970177
vt 0.743065 0.973865
vt 0.626427 0.967642
vt 0.978171 0.159072
vt 0.160725 0.956218
vt 0.979659 0.416758
vt 0.564229 0.976995
vt 0.629376 0.974973
vt 0.163673 0.948887
vt 0.979659 0.423576
vt 0.743064 0.964520
vt 0.626427 0.955779
vt 0.160725 0.968081
vt 0.978170 0.149727
vt 0.743064 0.956928
vt 0.629376 0.948448
vt 0.163673 0.975413
vt 0.978170 0.142135
vt 0.808821 0.563655
vt 0.184959 0.962762
vt 0.802703 0.565892
vt 0.973627 0.927448
vt 0.802702 0.561815
vt 0.973627 0.932624
vt 0.820586 0.553940
vt 0.979694 0.250001
vt 0.820587 0.559353
vt 0.979694 0.256873
vt 0.814468 0.553940
vt 0.650662 0.973431
vt 0.814469 0.561590
vt 0.650662 0.963720
vt 0.808820 0.553940
vt 0.184959 0.950429
vt 0.802702 0.553940
vt 0.973627 0.942620
vt 0.808821 0.565536
vt 0.184959 0.965150
vt 0.820587 0.565388
vt 0.979694 0.264533
vt 0.808822 0.571147
vt 0.653001 0.943511
vt 0.184959 0.972272
vt 0.802703 0.571147
vt 0.659120 0.943511
vt 0.973627 0.920777
vt 0.820588 0.571147
vt 0.641235 0.943511
vt 0.979694 0.271844
vt 0.814469 0.571147
vt 0.647354 0.943511
vt 0.650662 0.951588
vt 0.808821 0.539665
vt 0.171276 0.943011
vt 0.979659 0.433186
vt 0.802702 0.539665
vt 0.959943 0.950039
vt 0.985778 0.433186
vt 0.558111 0.986605
vt 0.820587 0.539665
vt 0.966010 0.242582
vt 0.814469 0.539665
vt 0.564229 0.986605
vt 0.636978 0.980850
vt 0.736947 0.949104
vt 0.641235 0.926781
vt 0.964795 0.279921
vt 0.647353 0.926781
vt 0.743065 0.949104
vt 0.635763 0.943511
vt 0.653001 0.926781
vt 0.170061 0.980350
vt 0.978171 0.134311
vt 0.984289 0.134311
vt 0.659119 0.926781
vt 0.958728 0.912700
vt 0.531587 0.984986
vt 0.881727 0.970661
vt 0.972215 0.261873
vt 0.589774 0.233076
vt 0.840008 0.359550
vt 0.643183 0.961558
vt 0.595422 0.233076
vt 0.834361 0.359550
vt 0.177481 0.962302
vt 0.254291 0.986288
vt 0.404513 0.971795
vt 0.966148 0.930747
vt 0.532322 0.984986
vt 0.972306 0.260922
vt 0.589774 0.232341
vt 0.643274 0.962510
vt 0.595422 0.232341
vt 0.177571 0.961351
vt 0.405249 0.971795
vt 0.966239 0.931699
vt 0.882477 0.970661
vt 0.971947 0.262788
vt 0.840008 0.358801
vt 0.642915 0.960644
vt 0.834361 0.358801
vt 0.177213 0.963216
vt 0.255041 0.986288
vt 0.965880 0.929833
vt 0.883320 0.970661
vt 0.971512 0.263631
vt 0.883055 0.970661
vt 0.971649 0.263366
vt 0.840008 0.357956
vt 0.642481 0.959801
vt 0.834361 0.357956
vt 0.176778 0.964059
vt 0.255885 0.986288
vt 0.965445 0.928990
vt 0.884226 0.970661
vt 0.970927 0.264370
vt 0.840008 0.357051
vt 0.641895 0.959062
vt 0.834361 0.357051
vt 0.176193 0.964798
vt 0.256790 0.986288
vt 0.964860 0.928251
vt 0.885159 0.970661
vt 0.970214 0.264976
vt 0.840008 0.356118
vt 0.641182 0.958456
vt 0.834361 0.356118
vt 0.175480 0.965405
vt 0.257723 0.986288
vt 0.964147 0.927645
vt 0.886083 0.970661
vt 0.969400 0.265427
vt 0.840008 0.355193
vt 0.640368 0.958005
vt 0.834361 0.355193
vt 0.174666 0.965855
vt 0.258647 0.986288
vt 0.963333 0.927194
vt 0.886962 0.970661
vt 0.968517 0.265704
vt 0.259527 0.986288
vt 0.962450 0.926917
vt 0.834361 0.354314
vt 0.173783 0.966133
vt 0.840008 0.354314
vt 0.639486 0.957728
vt 0.887764 0.970661
vt 0.967599 0.265798
vt 0.260328 0.986288
vt 0.961532 0.926823
vt 0.834361 0.353512
vt 0.172865 0.966226
vt 0.840008 0.353512
vt 0.638567 0.957634
vt 0.888456 0.970661
vt 0.551992 0.984986
vt 0.966681 0.265704
vt 0.261020 0.986288
vt 0.237142 0.971912
vt 0.960614 0.926917
vt 0.834361 0.352820
vt 0.821229 0.350780
vt 0.171947 0.966133
vt 0.840008 0.352820
vt 0.815581 0.350780
vt 0.637649 0.957728
vt 0.551230 0.984986
vt 0.965798 0.265427
vt 0.236379 0.971912
vt 0.959731 0.927194
vt 0.821228 0.351543
vt 0.171064 0.965855
vt 0.815581 0.351543
vt 0.636766 0.958005
vt 0.550374 0.984986
vt 0.964985 0.264976
vt 0.815581 0.352399
vt 0.635953 0.958456
vt 0.821228 0.352399
vt 0.170250 0.965405
vt 0.235523 0.971912
vt 0.958917 0.927645
vt 0.549457 0.984986
vt 0.964271 0.264370
vt 0.815581 0.353316
vt 0.635239 0.959062
vt 0.821228 0.353316
vt 0.169537 0.964798
vt 0.234607 0.971912
vt 0.958204 0.928251
vt 0.548515 0.984986
vt 0.963686 0.263631
vt 0.815581 0.354259
vt 0.634654 0.959801
vt 0.821228 0.354259
vt 0.168952 0.964059
vt 0.233664 0.971912
vt 0.957619 0.928990
vt 0.547583 0.984986
vt 0.963251 0.262788
vt 0.815581 0.355191
vt 0.634219 0.960644
vt 0.821228 0.355191
vt 0.168517 0.963216
vt 0.232732 0.971912
vt 0.957184 0.929833
vt 0.546697 0.984986
vt 0.962983 0.261873
vt 0.815581 0.356076
vt 0.633951 0.961558
vt 0.821228 0.356076
vt 0.168249 0.962302
vt 0.231847 0.971912
vt 0.956916 0.930747
vt 0.545893 0.984986
vt 0.962893 0.260922
vt 0.815581 0.356881
vt 0.633861 0.962510
vt 0.821229 0.356881
vt 0.168158 0.961351
vt 0.231042 0.971912
vt 0.956826 0.931699
vt 0.545199 0.984986
vt 0.973627 0.971543
vt 0.962983 0.259971
vt 0.856952 0.359542
vt 0.815581 0.357575
vt 0.633951 0.963461
vt 0.821229 0.357575
vt 0.851304 0.359542
vt 0.168249 0.960399
vt 0.268025 0.972610
vt 0.230349 0.971912
vt 0.956916 0.932650
vt 0.974398 0.971543
vt 0.963251 0.259056
vt 0.856952 0.358770
vt 0.634219 0.964375
vt 0.851304 0.358770
vt 0.168517 0.959485
vt 0.267254 0.972610
vt 0.957184 0.933564
vt 0.975258 0.971544
vt 0.963686 0.258214
vt 0.856952 0.357911
vt 0.634654 0.965218
vt 0.851304 0.357911
vt 0.168952 0.958642
vt 0.266394 0.972610
vt 0.957619 0.934407
vt 0.976173 0.971544
vt 0.964271 0.257475
vt 0.856952 0.356995
vt 0.635239 0.965957
vt 0.851304 0.356995
vt 0.169537 0.957903
vt 0.265479 0.972610
vt 0.958204 0.935146
vt 0.977108 0.971544
vt 0.964985 0.256868
vt 0.856952 0.356060
vt 0.635953 0.966563
vt 0.851304 0.356060
vt 0.170250 0.957297
vt 0.264544 0.972610
vt 0.958917 0.935752
vt 0.978027 0.971544
vt 0.965798 0.256418
vt 0.856952 0.355141
vt 0.636766 0.967014
vt 0.851304 0.355141
vt 0.171064 0.956846
vt 0.263625 0.972610
vt 0.959731 0.936203
vt 0.856952 0.354272
vt 0.637649 0.967292
vt 0.978895 0.971543
vt 0.966681 0.256140
vt 0.262757 0.972610
vt 0.960614 0.936480
vt 0.851304 0.354272
vt 0.171947 0.956569
vt 0.856952 0.353489
vt 0.638567 0.967385
vt 0.979678 0.971543
vt 0.967599 0.256047
vt 0.261973 0.972610
vt 0.961532 0.936574
vt 0.851304 0.353489
vt 0.172865 0.956475
vt 0.856952 0.352820
vt 0.589774 0.226256
vt 0.639486 0.967292
vt 0.980347 0.971543
vt 0.538406 0.984986
vt 0.968517 0.256140
vt 0.411332 0.971795
vt 0.261304 0.972610
vt 0.962450 0.936480
vt 0.851304 0.352820
vt 0.595422 0.226256
vt 0.173783 0.956569
vt 0.589774 0.226982
vt 0.640368 0.967014
vt 0.537680 0.984986
vt 0.969400 0.256418
vt 0.410606 0.971795
vt 0.963333 0.936203
vt 0.595422 0.226982
vt 0.174666 0.956846
vt 0.536850 0.984986
vt 0.970214 0.256868
vt 0.589774 0.227812
vt 0.641182 0.966563
vt 0.595422 0.227812
vt 0.175480 0.957297
vt 0.409776 0.971795
vt 0.964147 0.935752
vt 0.535948 0.984986
vt 0.970927 0.257475
vt 0.589774 0.228715
vt 0.641895 0.965957
vt 0.595422 0.228715
vt 0.176193 0.957903
vt 0.408874 0.971795
vt 0.964860 0.935146
vt 0.535008 0.984986
vt 0.971512 0.258214
vt 0.589774 0.229655
vt 0.642481 0.965218
vt 0.595422 0.229655
vt 0.176778 0.958642
vt 0.407934 0.971795
vt 0.965445 0.934407
vt 0.534066 0.984986
vt 0.971947 0.259056
vt 0.589774 0.230597
vt 0.642915 0.964375
vt 0.595422 0.230597
vt 0.177213 0.959485
vt 0.406992 0.971795
vt 0.965880 0.933564
vt 0.533160 0.984986
vt 0.972215 0.259971
vt 0.589774 0.231504
vt 0.643183 0.963461
vt 0.595422 0.231504
vt 0.177481 0.960399
vt 0.406086 0.971795
vt 0.966148 0.932650
vt 0.405830 0.971795
vt 0.966176 0.932359
vt 0.642552 0.758392
vt 0.941081 0.905103
vt 0.672508 0.781633
vt 0.027047 0.918323
vt 0.118710 0.960427
vt 0.667482 0.747350
vt 0.930599 0.959774
vt 0.949392 0.959774
vt 0.648437 0.750804
vt 0.941081 0.912699
vt 0.000000 0.918323
vt 0.677002 0.754736
vt 0.920638 0.959774
vt 0.678393 0.774046
vt 0.019236 0.918323
vt 0.783067 0.812086
vt 0.894016 0.905103
vt 0.118710 0.913352
vt 0.813023 0.788844
vt 0.027047 0.965398
vt 0.807997 0.823128
vt 0.930599 0.912700
vt 0.788952 0.819674
vt 0.949392 0.912700
vt 0.894017 0.912699
vt 0.817517 0.815742
vt 0.920638 0.912700
vt 0.000000 0.965398
vt 0.818907 0.796432
vt 0.019236 0.965398
vt 0.741264 0.516856
vt 0.628254 0.809299
vt 0.970158 0.667031
vt 0.644293 0.788618
vt 0.090468 0.960426
vt 0.948870 0.667031
vt 0.642805 0.787464
vt 0.941081 0.876032
vt 0.941080 0.855329
vt 0.626766 0.808145
vt 0.744088 0.922639
vt 0.767281 0.762333
vt 0.697024 0.922639
vt 0.894015 0.855328
vt 0.783320 0.783014
vt 0.894017 0.876031
vt 0.948870 0.714105
vt 0.784807 0.781860
vt 0.090468 0.913352
vt 0.768768 0.761179
vt 0.694200 0.516856
vt 0.970158 0.714105
s 1
usemtl 
f 1535/3345/350 1543/3364/350 1538/3351/350
f 1440/3140/350 1537/3349/350 1531/3337/350
f 1539/3353/350 1533/3341/350 1437/3132/350
f 1443/3147/351 1469/3203/351 1468/3201/351
f 1686/3678/351 1476/3218/351 1477/3221/351
f 1457/3178/351 1458/3180/351 1684/3672/351
f 1690/3687/352 1487/3244/352 1482/3232/352
f 1505/3281/352 1497/3264/352 1692/3692/352
f 1437/3131/352 1504/3279/352 1508/3287/352
f 1444/3150/353 1447/3156/353 1448/3158/353
f 1544/3367/354 1439/3137/355 1547/3376/354
f 1548/3380/356 1442/3145/357 1441/3142/358
f 1438/3135/359 1446/3154/359 1445/3151/359
f 1446/3154/360 1698/3709/360 1445/3151/360
f 1448/3160/361 1701/3717/361 1694/3697/361
f 1468/3202/362 1555/3401/363 1559/3409/362
f 1508/3288/362 1552/3391/363 1509/3289/363
f 1557/3405/362 1554/3397/363 1553/3394/363
f 1469/3205/363 1563/3417/364 1555/3400/363
f 1509/3291/363 1560/3411/364 1506/3284/364
f 1554/3398/363 1561/3413/364 1553/3395/363
f 1467/3200/364 1568/3427/365 1563/3417/364
f 1506/3284/364 1565/3421/366 1519/3312/365
f 1561/3413/364 1567/3425/365 1566/3423/365
f 1480/3229/365 1572/3435/367 1568/3427/365
f 1519/3312/365 1569/3429/367 1510/3293/367
f 1566/3423/365 1571/3433/367 1570/3431/367
f 1470/3207/367 1576/3443/368 1572/3435/367
f 1510/3293/367 1573/3437/368 1512/3297/368
f 1570/3431/367 1575/3441/368 1574/3439/368
f 1472/3211/368 1580/3451/369 1576/3443/368
f 1512/3297/368 1577/3445/369 1518/3310/369
f 1574/3439/368 1579/3449/369 1578/3447/369
f 1475/3217/370 1580/3451/369 1479/3227/369
f 1515/3303/370 1577/3445/369 1581/3453/370
f 1584/3459/370 1579/3449/369 1583/3457/370
f 1474/3215/359 1582/3455/370 1475/3217/370
f 1514/3301/359 1581/3453/370 1585/3461/359
f 1588/3467/359 1583/3457/370 1587/3465/359
f 1477/3222/371 1586/3463/359 1474/3215/359
f 1589/3469/371 1514/3301/359 1585/3461/359
f 1592/3478/371 1587/3465/359 1591/3475/371
f 1476/3219/372 1590/3473/371 1477/3220/371
f 1516/3305/372 1589/3470/371 1593/3481/372
f 1596/3487/372 1591/3476/371 1595/3485/372
f 1476/3219/372 1600/3495/373 1594/3483/372
f 1511/3295/373 1593/3481/372 1597/3489/373
f 1595/3485/372 1598/3491/373 1596/3487/372
f 1471/3209/373 1604/3503/374 1600/3495/373
f 1513/3299/374 1597/3489/373 1601/3497/374
f 1599/3493/373 1602/3499/374 1598/3491/373
f 1473/3213/374 1608/3511/375 1604/3503/374
f 1520/3314/375 1601/3497/374 1605/3505/375
f 1603/3501/374 1606/3507/375 1602/3499/374
f 1481/3231/375 1612/3519/376 1608/3511/375
f 1505/3282/376 1605/3505/375 1609/3513/376
f 1607/3509/375 1610/3515/376 1606/3507/375
f 1466/3198/376 1616/3527/377 1612/3519/376
f 1497/3265/377 1609/3513/376 1613/3521/377
f 1611/3517/376 1614/3523/377 1610/3515/376
f 1459/3183/377 1620/3535/350 1616/3527/377
f 1498/3267/350 1613/3521/377 1617/3529/350
f 1615/3525/377 1618/3531/350 1614/3523/377
f 1460/3185/350 1624/3547/378 1620/3535/350
f 1499/3269/378 1617/3529/350 1621/3537/378
f 1619/3533/350 1622/3541/378 1618/3531/350
f 1461/3188/378 1628/3555/379 1624/3546/378
f 1495/3261/379 1621/3538/378 1625/3549/379
f 1623/3544/378 1626/3551/379 1622/3540/378
f 1458/3181/379 1632/3563/380 1628/3555/379
f 1494/3259/380 1625/3549/379 1629/3557/380
f 1627/3553/379 1630/3559/380 1626/3551/379
f 1457/3179/380 1636/3571/381 1632/3563/380
f 1492/3255/381 1629/3557/380 1633/3565/381
f 1631/3561/380 1634/3567/381 1630/3559/380
f 1456/3177/381 1640/3579/382 1636/3571/381
f 1490/3251/382 1633/3565/381 1637/3573/382
f 1635/3569/381 1638/3575/382 1634/3567/381
f 1454/3173/382 1644/3587/383 1640/3579/382
f 1487/3245/383 1637/3573/382 1641/3581/383
f 1639/3577/382 1642/3583/383 1638/3575/382
f 1452/3169/383 1647/3593/384 1644/3587/383
f 1487/3245/383 1646/3591/384 1482/3233/384
f 1642/3583/383 1648/3595/384 1645/3589/384
f 1449/3162/384 1651/3601/353 1647/3593/384
f 1482/3233/384 1650/3599/353 1483/3235/353
f 1645/3589/384 1652/3603/353 1649/3597/353
f 1450/3164/353 1655/3612/385 1651/3601/353
f 1483/3235/353 1654/3608/385 1486/3241/385
f 1649/3597/353 1656/3614/385 1653/3605/385
f 1451/3167/385 1659/3621/386 1655/3611/385
f 1486/3243/385 1658/3619/386 1489/3249/386
f 1653/3606/385 1660/3623/386 1657/3617/386
f 1453/3171/386 1664/3631/387 1659/3621/386
f 1489/3249/386 1661/3625/387 1491/3253/387
f 1657/3617/386 1663/3629/387 1662/3627/387
f 1455/3175/387 1668/3639/388 1664/3631/387
f 1491/3253/387 1665/3633/388 1500/3272/388
f 1662/3627/387 1667/3637/388 1666/3635/388
f 1462/3190/388 1672/3647/389 1668/3639/388
f 1500/3272/388 1669/3641/389 1501/3274/389
f 1666/3635/388 1671/3645/389 1670/3643/389
f 1463/3192/389 1676/3655/390 1672/3647/389
f 1501/3274/389 1673/3649/390 1502/3276/390
f 1670/3643/389 1675/3653/390 1674/3651/390
f 1464/3194/390 1680/3663/391 1676/3655/390
f 1502/3276/390 1677/3657/391 1504/3280/391
f 1674/3651/390 1679/3661/391 1678/3659/391
f 1468/3202/362 1559/3409/362 1681/3665/392
f 1504/3280/391 1556/3403/362 1508/3288/362
f 1557/3405/362 1679/3661/391 1558/3407/362
f 1538/3352/351 1567/3426/351 1562/3416/351
f 1627/3554/351 1522/3319/351 1631/3562/351
f 1616/3528/352 1620/3536/352 1503/3277/352
f 1555/3402/352 1563/3418/352 1530/3336/352
f 1617/3530/351 1478/3223/351 1621/3539/351
f 1539/3354/351 1552/3393/351 1556/3404/351
f 1484/3237/393 1521/3315/394 1523/3321/393
f 1524/3324/393 1485/3239/394 1488/3247/393
f 1484/3237/395 1547/3377/395 1546/3373/395
f 1488/3247/395 1544/3369/395 1524/3324/395
f 1528/3332/396 1503/3278/397 1526/3328/397
f 1493/3257/397 1527/3329/396 1525/3325/397
f 1507/3286/398 1550/3387/398 1551/3388/398
f 1549/3383/398 1496/3263/398 1548/3379/398
f 1525/3325/397 1478/3225/394 1493/3257/397
f 1526/3328/397 1485/3240/394 1522/3318/394
f 1596/3488/352 1598/3492/352 1525/3326/352
f 1535/3346/352 1666/3636/352 1670/3644/352
f 1686/3679/362 1690/3688/362 1684/3673/362
f 1687/3681/399 1692/3694/399 1686/3677/399
f 1687/3681/359 1689/3686/359 1693/3696/359
f 1684/3673/400 1691/3690/400 1685/3674/400
f 1682/3668/353 1691/3691/353 1688/3683/353
f 1688/3683/401 1696/3704/401 1682/3668/401
f 1683/3671/402 1700/3715/402 1689/3684/402
f 1696/3704/353 1698/3710/353 1697/3705/353
f 1695/3702/359 1701/3718/359 1700/3713/359
f 1540/3355/350 1538/3351/350 1543/3364/350
f 1538/3351/350 1529/3333/350 1535/3345/350
f 1529/3333/350 1536/3347/350 1535/3345/350
f 1536/3347/350 1534/3343/350 1535/3345/350
f 1531/3337/350 1530/3335/350 1443/3146/350
f 1530/3335/350 1541/3358/350 1443/3146/350
f 1531/3337/350 1443/3146/350 1440/3140/350
f 1533/3341/350 1532/3339/350 1437/3132/350
f 1437/3132/350 1442/3143/350 1539/3353/350
f 1442/3143/350 1542/3361/350 1539/3353/350
f 1455/3174/351 1453/3170/351 1440/3139/351
f 1443/3147/351 1479/3226/351 1472/3210/351
f 1443/3147/351 1472/3210/351 1470/3206/351
f 1462/3189/351 1455/3174/351 1440/3139/351
f 1463/3191/351 1462/3189/351 1440/3139/351
f 1443/3147/351 1470/3206/351 1480/3228/351
f 1443/3147/351 1480/3228/351 1467/3199/351
f 1463/3191/351 1440/3139/351 1464/3193/351
f 1440/3139/351 1443/3147/351 1468/3201/351
f 1464/3193/351 1440/3139/351 1465/3195/351
f 1465/3195/351 1440/3139/351 1468/3201/351
f 1443/3147/351 1467/3199/351 1469/3203/351
f 1475/3216/351 1479/3226/351 1443/3147/351
f 1443/3147/351 1444/3149/351 1687/3680/351
f 1444/3149/351 1448/3159/351 1687/3680/351
f 1443/3147/351 1474/3214/351 1475/3216/351
f 1448/3159/351 1694/3698/351 1683/3669/351
f 1694/3698/351 1695/3700/351 1683/3669/351
f 1474/3214/351 1443/3147/351 1477/3221/351
f 1443/3147/351 1687/3680/351 1686/3678/351
f 1448/3159/351 1683/3669/351 1687/3680/351
f 1686/3678/351 1473/3212/351 1471/3208/351
f 1686/3678/351 1471/3208/351 1476/3218/351
f 1477/3221/351 1443/3147/351 1686/3678/351
f 1696/3703/351 1697/3706/351 1682/3667/351
f 1697/3706/351 1446/3153/351 1682/3667/351
f 1446/3153/351 1439/3136/351 1685/3675/351
f 1439/3136/351 1440/3139/351 1685/3675/351
f 1685/3675/351 1440/3139/351 1684/3672/351
f 1440/3139/351 1453/3170/351 1451/3165/351
f 1440/3139/351 1451/3165/351 1450/3163/351
f 1685/3675/351 1682/3667/351 1446/3153/351
f 1440/3139/351 1450/3163/351 1449/3161/351
f 1440/3139/351 1449/3161/351 1684/3672/351
f 1473/3212/351 1686/3678/351 1481/3230/351
f 1686/3678/351 1684/3672/351 1460/3184/351
f 1481/3230/351 1686/3678/351 1466/3197/351
f 1466/3197/351 1686/3678/351 1459/3182/351
f 1684/3672/351 1449/3161/351 1452/3168/351
f 1459/3182/351 1686/3678/351 1460/3184/351
f 1684/3672/351 1452/3168/351 1454/3172/351
f 1684/3672/351 1454/3172/351 1456/3176/351
f 1461/3186/351 1460/3184/351 1684/3672/351
f 1684/3672/351 1456/3176/351 1457/3178/351
f 1458/3180/351 1461/3186/351 1684/3672/351
f 1486/3242/352 1489/3248/352 1437/3131/352
f 1437/3131/352 1438/3133/352 1691/3689/352
f 1438/3133/352 1445/3152/352 1691/3689/352
f 1437/3131/352 1483/3234/352 1486/3242/352
f 1445/3152/352 1698/3708/352 1688/3682/352
f 1698/3708/352 1699/3711/352 1688/3682/352
f 1483/3234/352 1437/3131/352 1482/3232/352
f 1437/3131/352 1691/3689/352 1690/3687/352
f 1445/3152/352 1688/3682/352 1691/3689/352
f 1690/3687/352 1492/3254/352 1490/3250/352
f 1690/3687/352 1490/3250/352 1487/3244/352
f 1482/3232/352 1437/3131/352 1690/3687/352
f 1701/3716/352 1447/3155/352 1689/3685/352
f 1447/3155/352 1441/3141/352 1693/3695/352
f 1689/3685/352 1447/3155/352 1693/3695/352
f 1441/3141/352 1442/3144/352 1693/3695/352
f 1442/3144/352 1518/3309/352 1515/3302/352
f 1442/3144/352 1515/3302/352 1514/3300/352
f 1689/3685/352 1700/3714/352 1701/3716/352
f 1442/3144/352 1514/3300/352 1517/3306/352
f 1442/3144/352 1517/3306/352 1692/3692/352
f 1693/3695/352 1442/3144/352 1692/3692/352
f 1492/3254/352 1690/3687/352 1494/3258/352
f 1690/3687/352 1692/3692/352 1498/3266/352
f 1494/3258/352 1690/3687/352 1495/3260/352
f 1692/3692/352 1517/3306/352 1516/3304/352
f 1516/3304/352 1511/3294/352 1692/3692/352
f 1495/3260/352 1690/3687/352 1499/3268/352
f 1499/3268/352 1690/3687/352 1498/3266/352
f 1692/3692/352 1511/3294/352 1513/3298/352
f 1692/3692/352 1513/3298/352 1520/3313/352
f 1692/3692/352 1520/3313/352 1505/3281/352
f 1497/3264/352 1498/3266/352 1692/3692/352
f 1512/3296/352 1518/3309/352 1442/3144/352
f 1437/3131/352 1489/3248/352 1491/3252/352
f 1437/3131/352 1491/3252/352 1500/3271/352
f 1510/3292/352 1512/3296/352 1442/3144/352
f 1519/3311/352 1510/3292/352 1442/3144/352
f 1437/3131/352 1500/3271/352 1501/3273/352
f 1437/3131/352 1501/3273/352 1502/3275/352
f 1519/3311/352 1442/3144/352 1506/3283/352
f 1442/3144/352 1437/3131/352 1508/3287/352
f 1506/3283/352 1442/3144/352 1509/3290/352
f 1509/3290/352 1442/3144/352 1508/3287/352
f 1437/3131/352 1502/3275/352 1504/3279/352
f 1444/3150/353 1441/3142/353 1447/3156/353
f 1545/3370/403 1537/3349/404 1440/3140/405
f 1438/3134/406 1437/3132/407 1546/3374/408
f 1437/3132/407 1532/3339/404 1546/3374/408
f 1545/3370/403 1440/3140/405 1439/3137/355
f 1534/3343/404 1536/3347/404 1544/3367/354
f 1544/3367/354 1545/3370/403 1439/3137/355
f 1439/3137/355 1438/3134/406 1547/3376/354
f 1438/3134/406 1546/3374/408 1547/3376/354
f 1547/3376/354 1534/3343/404 1544/3367/354
f 1550/3385/409 1540/3356/410 1543/3365/410
f 1550/3385/409 1543/3365/410 1549/3382/409
f 1443/3148/411 1541/3359/410 1551/3389/412
f 1550/3385/409 1549/3382/409 1444/3150/413
f 1549/3382/409 1548/3380/356 1441/3142/358
f 1444/3150/413 1443/3148/411 1551/3389/412
f 1551/3389/412 1550/3385/409 1444/3150/413
f 1549/3382/409 1441/3142/358 1444/3150/413
f 1548/3380/356 1542/3362/410 1442/3145/357
f 1438/3135/359 1439/3138/359 1446/3154/359
f 1446/3154/360 1697/3707/360 1698/3709/360
f 1448/3160/361 1447/3157/361 1701/3717/361
f 1468/3202/362 1469/3204/363 1555/3401/363
f 1508/3288/362 1556/3403/362 1552/3391/363
f 1557/3405/362 1558/3407/362 1554/3397/363
f 1469/3205/363 1467/3200/364 1563/3417/364
f 1509/3291/363 1552/3392/363 1560/3411/364
f 1554/3398/363 1562/3415/364 1561/3413/364
f 1467/3200/364 1480/3229/365 1568/3427/365
f 1560/3411/364 1565/3421/366 1506/3284/364
f 1565/3421/366 1564/3419/365 1519/3312/365
f 1561/3413/364 1562/3415/364 1567/3425/365
f 1480/3229/365 1470/3207/367 1572/3435/367
f 1519/3312/365 1564/3419/365 1569/3429/367
f 1566/3423/365 1567/3425/365 1571/3433/367
f 1470/3207/367 1472/3211/368 1576/3443/368
f 1510/3293/367 1569/3429/367 1573/3437/368
f 1570/3431/367 1571/3433/367 1575/3441/368
f 1472/3211/368 1479/3227/369 1580/3451/369
f 1512/3297/368 1573/3437/368 1577/3445/369
f 1574/3439/368 1575/3441/368 1579/3449/369
f 1475/3217/370 1582/3455/370 1580/3451/369
f 1515/3303/370 1518/3310/369 1577/3445/369
f 1584/3459/370 1578/3447/369 1579/3449/369
f 1474/3215/359 1586/3463/359 1582/3455/370
f 1514/3301/359 1515/3303/370 1581/3453/370
f 1588/3467/359 1584/3459/370 1583/3457/370
f 1477/3222/371 1590/3472/371 1586/3463/359
f 1589/3469/371 1517/3307/371 1514/3301/359
f 1592/3478/371 1588/3467/359 1587/3465/359
f 1476/3219/372 1594/3483/372 1590/3473/371
f 1516/3305/372 1517/3308/371 1589/3470/371
f 1596/3487/372 1592/3479/371 1591/3476/371
f 1476/3219/372 1471/3209/373 1600/3495/373
f 1511/3295/373 1516/3305/372 1593/3481/372
f 1595/3485/372 1599/3493/373 1598/3491/373
f 1471/3209/373 1473/3213/374 1604/3503/374
f 1513/3299/374 1511/3295/373 1597/3489/373
f 1599/3493/373 1603/3501/374 1602/3499/374
f 1473/3213/374 1481/3231/375 1608/3511/375
f 1520/3314/375 1513/3299/374 1601/3497/374
f 1603/3501/374 1607/3509/375 1606/3507/375
f 1481/3231/375 1466/3198/376 1612/3519/376
f 1505/3282/376 1520/3314/375 1605/3505/375
f 1607/3509/375 1611/3517/376 1610/3515/376
f 1466/3198/376 1459/3183/377 1616/3527/377
f 1497/3265/377 1505/3282/376 1609/3513/376
f 1611/3517/376 1615/3525/377 1614/3523/377
f 1459/3183/377 1460/3185/350 1620/3535/350
f 1498/3267/350 1497/3265/377 1613/3521/377
f 1615/3525/377 1619/3533/350 1618/3531/350
f 1460/3185/350 1461/3187/378 1624/3547/378
f 1499/3269/378 1498/3267/350 1617/3529/350
f 1619/3533/350 1623/3543/378 1622/3541/378
f 1461/3188/378 1458/3181/379 1628/3555/379
f 1495/3261/379 1499/3270/378 1621/3538/378
f 1623/3544/378 1627/3553/379 1626/3551/379
f 1458/3181/379 1457/3179/380 1632/3563/380
f 1494/3259/380 1495/3261/379 1625/3549/379
f 1627/3553/379 1631/3561/380 1630/3559/380
f 1457/3179/380 1456/3177/381 1636/3571/381
f 1492/3255/381 1494/3259/380 1629/3557/380
f 1631/3561/380 1635/3569/381 1634/3567/381
f 1456/3177/381 1454/3173/382 1640/3579/382
f 1490/3251/382 1492/3255/381 1633/3565/381
f 1635/3569/381 1639/3577/382 1638/3575/382
f 1454/3173/382 1452/3169/383 1644/3587/383
f 1487/3245/383 1490/3251/382 1637/3573/382
f 1639/3577/382 1643/3585/383 1642/3583/383
f 1452/3169/383 1449/3162/384 1647/3593/384
f 1487/3245/383 1641/3581/383 1646/3591/384
f 1642/3583/383 1643/3585/383 1648/3595/384
f 1449/3162/384 1450/3164/353 1651/3601/353
f 1482/3233/384 1646/3591/384 1650/3599/353
f 1645/3589/384 1648/3595/384 1652/3603/353
f 1450/3164/353 1451/3166/385 1655/3612/385
f 1483/3235/353 1650/3599/353 1654/3608/385
f 1649/3597/353 1652/3603/353 1656/3614/385
f 1451/3167/385 1453/3171/386 1659/3621/386
f 1486/3243/385 1654/3609/385 1658/3619/386
f 1653/3606/385 1656/3615/385 1660/3623/386
f 1453/3171/386 1455/3175/387 1664/3631/387
f 1489/3249/386 1658/3619/386 1661/3625/387
f 1657/3617/386 1660/3623/386 1663/3629/387
f 1455/3175/387 1462/3190/388 1668/3639/388
f 1491/3253/387 1661/3625/387 1665/3633/388
f 1662/3627/387 1663/3629/387 1667/3637/388
f 1462/3190/388 1463/3192/389 1672/3647/389
f 1500/3272/388 1665/3633/388 1669/3641/389
f 1666/3635/388 1667/3637/388 1671/3645/389
f 1463/3192/389 1464/3194/390 1676/3655/390
f 1501/3274/389 1669/3641/389 1673/3649/390
f 1670/3643/389 1671/3645/389 1675/3653/390
f 1464/3194/390 1465/3196/391 1680/3663/391
f 1502/3276/390 1673/3649/390 1677/3657/391
f 1674/3651/390 1675/3653/390 1679/3661/391
f 1681/3665/392 1680/3663/391 1465/3196/391
f 1465/3196/391 1468/3202/362 1681/3665/392
f 1504/3280/391 1677/3657/391 1556/3403/362
f 1557/3405/362 1678/3659/391 1679/3661/391
f 1562/3416/351 1554/3399/351 1529/3334/351
f 1529/3334/351 1538/3352/351 1562/3416/351
f 1571/3434/351 1567/3426/351 1538/3352/351
f 1538/3352/351 1540/3357/351 1579/3450/351
f 1540/3357/351 1550/3386/351 1528/3331/351
f 1538/3352/351 1575/3442/351 1571/3434/351
f 1528/3331/351 1526/3327/351 1591/3477/351
f 1603/3502/351 1526/3327/351 1607/3510/351
f 1526/3327/351 1522/3319/351 1619/3534/351
f 1522/3319/351 1524/3323/351 1643/3586/351
f 1526/3327/351 1619/3534/351 1615/3526/351
f 1524/3323/351 1544/3368/351 1536/3348/351
f 1536/3348/351 1529/3334/351 1671/3646/351
f 1529/3334/351 1554/3399/351 1558/3408/351
f 1529/3334/351 1558/3408/351 1679/3662/351
f 1526/3327/351 1603/3502/351 1599/3494/351
f 1575/3442/351 1538/3352/351 1579/3450/351
f 1579/3450/351 1540/3357/351 1583/3458/351
f 1529/3334/351 1679/3662/351 1675/3654/351
f 1529/3334/351 1675/3654/351 1671/3646/351
f 1583/3458/351 1540/3357/351 1587/3466/351
f 1587/3466/351 1540/3357/351 1528/3331/351
f 1536/3348/351 1671/3646/351 1667/3638/351
f 1591/3477/351 1587/3466/351 1528/3331/351
f 1536/3348/351 1667/3638/351 1663/3630/351
f 1536/3348/351 1663/3630/351 1660/3624/351
f 1595/3486/351 1591/3477/351 1526/3327/351
f 1599/3494/351 1595/3486/351 1526/3327/351
f 1524/3323/351 1536/3348/351 1652/3604/351
f 1536/3348/351 1660/3624/351 1656/3616/351
f 1536/3348/351 1656/3616/351 1652/3604/351
f 1524/3323/351 1652/3604/351 1648/3596/351
f 1611/3518/351 1607/3510/351 1526/3327/351
f 1615/3526/351 1611/3518/351 1526/3327/351
f 1524/3323/351 1648/3596/351 1643/3586/351
f 1643/3586/351 1639/3578/351 1522/3319/351
f 1619/3534/351 1522/3319/351 1623/3545/351
f 1623/3545/351 1522/3319/351 1627/3554/351
f 1639/3578/351 1635/3570/351 1522/3319/351
f 1635/3570/351 1631/3562/351 1522/3319/351
f 1680/3664/352 1681/3666/352 1531/3338/352
f 1531/3338/352 1537/3350/352 1668/3640/352
f 1537/3350/352 1545/3371/352 1488/3246/352
f 1531/3338/352 1668/3640/352 1672/3648/352
f 1488/3246/352 1485/3238/352 1644/3588/352
f 1628/3556/352 1485/3238/352 1624/3548/352
f 1485/3238/352 1503/3277/352 1620/3536/352
f 1503/3277/352 1507/3285/352 1590/3474/352
f 1485/3238/352 1620/3536/352 1624/3548/352
f 1507/3285/352 1551/3390/352 1541/3360/352
f 1541/3360/352 1530/3336/352 1580/3452/352
f 1530/3336/352 1568/3428/352 1572/3436/352
f 1530/3336/352 1572/3436/352 1576/3444/352
f 1485/3238/352 1628/3556/352 1632/3564/352
f 1676/3656/352 1680/3664/352 1531/3338/352
f 1672/3648/352 1676/3656/352 1531/3338/352
f 1530/3336/352 1576/3444/352 1580/3452/352
f 1668/3640/352 1537/3350/352 1664/3632/352
f 1664/3632/352 1537/3350/352 1659/3622/352
f 1507/3285/352 1541/3360/352 1586/3464/352
f 1541/3360/352 1580/3452/352 1582/3456/352
f 1541/3360/352 1582/3456/352 1586/3464/352
f 1659/3622/352 1537/3350/352 1655/3613/352
f 1655/3613/352 1537/3350/352 1651/3602/352
f 1507/3285/352 1586/3464/352 1590/3474/352
f 1651/3602/352 1537/3350/352 1488/3246/352
f 1590/3474/352 1594/3484/352 1503/3277/352
f 1594/3484/352 1600/3496/352 1503/3277/352
f 1647/3594/352 1651/3602/352 1488/3246/352
f 1644/3588/352 1647/3594/352 1488/3246/352
f 1600/3496/352 1604/3504/352 1503/3277/352
f 1604/3504/352 1608/3512/352 1503/3277/352
f 1640/3580/352 1644/3588/352 1485/3238/352
f 1636/3572/352 1640/3580/352 1485/3238/352
f 1608/3512/352 1612/3520/352 1503/3277/352
f 1612/3520/352 1616/3528/352 1503/3277/352
f 1632/3564/352 1636/3572/352 1485/3238/352
f 1563/3418/352 1568/3428/352 1530/3336/352
f 1530/3336/352 1531/3338/352 1555/3402/352
f 1531/3338/352 1681/3666/352 1559/3410/352
f 1531/3338/352 1559/3410/352 1555/3402/352
f 1564/3420/351 1565/3422/414 1539/3354/351
f 1539/3354/351 1542/3363/351 1573/3438/351
f 1542/3363/351 1548/3381/351 1496/3262/351
f 1539/3354/351 1569/3430/351 1564/3420/351
f 1496/3262/351 1493/3256/351 1589/3471/351
f 1601/3498/351 1493/3256/351 1605/3506/351
f 1493/3256/351 1478/3223/351 1617/3530/351
f 1478/3223/351 1484/3236/351 1641/3582/351
f 1493/3256/351 1613/3522/351 1609/3514/351
f 1484/3236/351 1546/3375/351 1532/3340/351
f 1532/3340/351 1533/3342/351 1658/3620/351
f 1533/3342/351 1669/3642/351 1665/3634/351
f 1533/3342/351 1665/3634/351 1661/3626/351
f 1493/3256/351 1601/3498/351 1597/3490/351
f 1613/3522/351 1493/3256/351 1617/3530/351
f 1569/3430/351 1539/3354/351 1573/3438/351
f 1573/3438/351 1542/3363/351 1577/3446/351
f 1533/3342/351 1661/3626/351 1658/3620/351
f 1577/3446/351 1542/3363/351 1581/3454/351
f 1581/3454/351 1542/3363/351 1585/3462/351
f 1484/3236/351 1532/3340/351 1650/3600/351
f 1532/3340/351 1658/3620/351 1654/3610/351
f 1532/3340/351 1654/3610/351 1650/3600/351
f 1585/3462/351 1542/3363/351 1496/3262/351
f 1484/3236/351 1650/3600/351 1646/3592/351
f 1589/3471/351 1585/3462/351 1496/3262/351
f 1593/3482/351 1589/3471/351 1493/3256/351
f 1484/3236/351 1646/3592/351 1641/3582/351
f 1641/3582/351 1637/3574/351 1478/3223/351
f 1597/3490/351 1593/3482/351 1493/3256/351
f 1637/3574/351 1633/3566/351 1478/3223/351
f 1633/3566/351 1629/3558/351 1478/3223/351
f 1609/3514/351 1605/3506/351 1493/3256/351
f 1629/3558/351 1625/3550/351 1478/3223/351
f 1625/3550/351 1621/3539/351 1478/3223/351
f 1673/3650/351 1669/3642/351 1533/3342/351
f 1533/3342/351 1539/3354/351 1556/3404/351
f 1539/3354/351 1565/3422/414 1560/3412/351
f 1539/3354/351 1560/3412/351 1552/3393/351
f 1677/3658/351 1673/3650/351 1533/3342/351
f 1556/3404/351 1677/3658/351 1533/3342/351
f 1484/3237/393 1478/3224/394 1521/3315/394
f 1524/3324/393 1522/3320/394 1485/3239/394
f 1484/3237/395 1523/3321/395 1547/3377/395
f 1488/3247/395 1545/3372/395 1544/3369/395
f 1528/3332/396 1507/3286/396 1503/3278/397
f 1493/3257/397 1496/3263/396 1527/3329/396
f 1507/3286/398 1528/3332/398 1550/3387/398
f 1549/3383/398 1527/3329/398 1496/3263/398
f 1525/3325/397 1521/3316/394 1478/3225/394
f 1526/3328/397 1503/3278/397 1485/3240/394
f 1653/3607/352 1657/3618/352 1534/3344/352
f 1534/3344/352 1547/3378/352 1523/3322/352
f 1523/3322/352 1521/3317/352 1642/3584/352
f 1521/3317/352 1525/3326/352 1618/3532/352
f 1614/3524/352 1525/3326/352 1610/3516/352
f 1525/3326/352 1527/3330/352 1592/3480/352
f 1527/3330/352 1549/3384/352 1543/3366/352
f 1525/3326/352 1602/3500/352 1606/3508/352
f 1543/3366/352 1535/3346/352 1566/3424/352
f 1535/3346/352 1678/3660/352 1557/3406/352
f 1535/3346/352 1557/3406/352 1553/3396/352
f 1525/3326/352 1614/3524/352 1618/3532/352
f 1602/3500/352 1525/3326/352 1598/3492/352
f 1610/3516/352 1525/3326/352 1606/3508/352
f 1653/3607/352 1534/3344/352 1649/3598/352
f 1534/3344/352 1523/3322/352 1649/3598/352
f 1535/3346/352 1553/3396/352 1561/3414/352
f 1535/3346/352 1561/3414/352 1566/3424/352
f 1645/3590/352 1649/3598/352 1523/3322/352
f 1642/3584/352 1645/3590/352 1523/3322/352
f 1543/3366/352 1566/3424/352 1570/3432/352
f 1543/3366/352 1570/3432/352 1574/3440/352
f 1638/3576/352 1642/3584/352 1521/3317/352
f 1634/3568/352 1638/3576/352 1521/3317/352
f 1543/3366/352 1574/3440/352 1578/3448/352
f 1543/3366/352 1578/3448/352 1584/3460/352
f 1630/3560/352 1634/3568/352 1521/3317/352
f 1626/3552/352 1630/3560/352 1521/3317/352
f 1543/3366/352 1584/3460/352 1588/3468/352
f 1543/3366/352 1588/3468/352 1527/3330/352
f 1622/3542/352 1626/3552/352 1521/3317/352
f 1618/3532/352 1622/3542/352 1521/3317/352
f 1588/3468/352 1592/3480/352 1527/3330/352
f 1592/3480/352 1596/3488/352 1525/3326/352
f 1674/3652/352 1678/3660/352 1535/3346/352
f 1535/3346/352 1534/3344/352 1666/3636/352
f 1534/3344/352 1657/3618/352 1662/3628/352
f 1534/3344/352 1662/3628/352 1666/3636/352
f 1670/3644/352 1674/3652/352 1535/3346/352
f 1686/3679/362 1692/3693/362 1690/3688/362
f 1687/3681/399 1693/3696/399 1692/3694/399
f 1687/3681/359 1683/3670/359 1689/3686/359
f 1684/3673/400 1690/3688/400 1691/3690/400
f 1682/3668/353 1685/3676/353 1691/3691/353
f 1688/3683/401 1699/3712/401 1696/3704/401
f 1683/3671/402 1695/3701/402 1700/3715/402
f 1696/3704/353 1699/3712/353 1698/3710/353
f 1695/3702/359 1694/3699/359 1701/3718/359
o hand.r
v 2.415251 1.125854 -0.208596
v 2.415251 0.483854 -0.706596
v 3.415251 0.483854 -0.706596
v 3.415251 1.125854 -0.208596
v 2.415251 0.483854 0.753404
v 2.415251 1.125854 0.255404
v 3.415251 1.125854 0.255404
v 3.415251 0.483854 0.753404
v 2.415251 0.055854 -0.706596
v 3.415251 0.055854 -0.706596
v 2.415251 0.055854 0.753404
v 3.415251 0.055854 0.753404
v 3.415251 0.849367 -0.078177
v 3.415251 0.868876 -0.080168
v 3.415251 0.888386 -0.078177
v 3.415251 0.830608 -0.072284
v 3.415251 0.907145 -0.072284
v 3.415251 0.813320 -0.062713
v 3.415251 0.924434 -0.062713
v 3.415251 0.798166 -0.049832
v 3.415251 0.785729 -0.034137
v 3.415251 0.776489 -0.016231
v 3.415251 0.770798 0.043610
v 3.415251 0.768876 0.023404
v 3.415251 0.770798 0.003198
v 3.415251 0.939587 -0.049832
v 3.415251 0.952023 -0.034137
v 3.415251 0.961264 -0.016231
v 3.415251 0.966955 0.003198
v 3.415251 0.776489 0.063039
v 3.415251 0.961264 0.063039
v 3.415251 0.968877 0.023404
v 3.415251 0.966955 0.043610
v 3.415251 0.939587 0.096640
v 3.415251 0.813320 0.109520
v 3.415251 0.924434 0.109520
v 3.415251 0.798166 0.096640
v 3.415251 0.868876 0.126975
v 3.415251 0.888386 0.124985
v 3.415251 0.830608 0.119091
v 3.415251 0.849367 0.124985
v 2.729849 0.610934 -0.085620
v 3.415251 0.907145 0.119091
v 3.415251 0.952023 0.080945
v 3.415251 0.785729 0.080945
v 2.415251 0.849367 -0.078177
v 2.415251 0.868876 -0.080167
v 2.729849 0.673581 -0.241364
v 3.109849 0.610934 -0.085620
v 2.415251 0.888386 -0.078177
v 2.415251 0.830608 -0.072283
v 3.109849 0.673581 -0.241364
v 2.415251 0.907145 -0.072283
v 2.415251 0.813320 -0.062712
v 2.415251 0.924434 -0.062712
v 2.415251 0.798166 -0.049832
v 2.729849 0.610934 0.166380
v 2.415251 0.785729 -0.034137
v 2.415251 0.776489 -0.016231
v 2.729849 0.673581 0.322125
v 2.415251 0.770798 0.043610
v 2.415251 0.768876 0.023404
v 2.415251 0.770798 0.003198
v 2.415251 0.939587 -0.049832
v 2.415251 0.952023 -0.034137
v 2.415251 0.961264 -0.016231
v 3.109849 0.610934 0.166380
v 2.415251 0.966955 0.003198
v 2.415251 0.776489 0.063039
v 2.415251 0.961264 0.063039
v 3.109849 0.673581 0.322125
v 2.415251 0.968877 0.023404
v 2.415251 0.966955 0.043610
v 2.415251 0.939587 0.096640
v 2.415251 0.813320 0.109521
v 2.415251 0.924434 0.109521
v 2.415251 0.798166 0.096640
v 2.415251 0.868876 0.126975
v 2.415251 0.888386 0.124985
v 2.415251 0.830608 0.119092
v 2.415251 0.849367 0.124985
v 2.415251 0.907145 0.119092
v 2.415251 0.952023 0.080945
v 2.415251 0.785729 0.080945
v 2.859849 0.610934 -0.085620
v 2.979849 0.610934 -0.085620
v 2.859849 0.673581 -0.241364
v 2.979849 0.673581 -0.241364
v 2.859849 0.610934 0.166380
v 2.979849 0.610934 0.166380
v 2.859849 0.673581 0.322125
v 2.979849 0.673581 0.322125
v 2.979849 1.125854 0.053377
v 3.109849 1.125854 0.113697
v 3.109849 1.125854 0.003750
v 2.729849 1.125854 -0.208596
v 2.729849 1.125854 -0.062623
v 2.859849 1.125854 -0.208596
v 2.859849 1.125854 -0.002303
v 2.979849 1.125854 -0.208596
v 3.109849 1.125854 -0.208596
v 2.979849 1.125854 0.104112
v 2.729849 1.125854 0.100112
v 2.979849 1.125854 0.255404
v 3.109849 1.125854 0.255404
v 2.729849 1.125854 0.255404
v 2.859849 1.125854 0.255404
v 2.979849 0.835114 -0.366193
v 3.109849 0.835114 -0.366193
v 2.729849 0.835114 -0.366193
v 2.859849 0.835114 -0.366193
v 2.729849 0.809291 0.426998
v 2.859849 0.809291 0.426998
v 2.979849 0.809291 0.426998
v 3.109849 0.809292 0.426998
v 2.729849 0.966955 0.043610
v 2.859849 0.966955 0.043610
v 2.979849 0.966955 0.043610
v 3.109849 0.966955 0.043610
v 2.729849 0.968877 0.023404
v 2.859849 0.968877 0.023404
v 2.979849 0.968877 0.023404
v 3.109849 0.968877 0.023404
v 2.729849 0.961264 0.063039
v 2.859849 0.961264 0.063039
v 2.979849 0.961264 0.063039
v 3.109849 0.961264 0.063039
v 2.729849 0.952023 0.080945
v 2.729849 0.954931 0.075312
v 2.859849 0.952023 0.080945
v 2.979849 0.952023 0.080945
v 3.109849 0.952023 0.080945
v 2.729849 0.939587 0.096640
v 2.859849 0.939587 0.096640
v 2.979849 0.939587 0.096640
v 3.109849 0.939587 0.096640
v 2.729849 0.924434 0.109520
v 2.859849 0.924434 0.109520
v 2.979849 0.924434 0.109520
v 3.109849 0.924434 0.109520
v 2.729849 0.907145 0.119091
v 2.859849 0.907145 0.119091
v 2.979849 0.907145 0.119091
v 3.109849 0.907145 0.119091
v 2.729849 0.888386 0.124985
v 3.109849 0.888386 0.124985
v 2.979849 0.888386 0.124985
v 2.859849 0.888386 0.124985
v 2.729849 0.868876 0.126975
v 3.109849 0.868876 0.126975
v 2.979849 0.868876 0.126975
v 2.859849 0.868876 0.126975
v 2.729849 0.849367 0.124985
v 3.109849 0.849367 0.124985
v 2.979849 0.849367 0.124985
v 2.859849 0.849367 0.124985
v 2.729849 0.830608 0.119091
v 3.109849 0.830608 0.119091
v 2.979849 0.830608 0.119091
v 2.859849 0.830608 0.119091
v 2.729849 0.813320 0.109520
v 2.859849 0.813320 0.109520
v 2.979849 0.813320 0.109520
v 3.109849 0.813320 0.109520
v 2.729849 0.798166 0.096640
v 2.859849 0.798166 0.096640
v 2.979849 0.798166 0.096640
v 3.109849 0.798166 0.096640
v 2.729849 0.785729 0.080945
v 2.859849 0.785729 0.080945
v 2.979849 0.785729 0.080945
v 3.109849 0.785729 0.080945
v 2.729849 0.776489 0.063039
v 2.859849 0.776489 0.063039
v 2.979849 0.776489 0.063039
v 3.109849 0.776489 0.063039
v 2.729849 0.770798 0.043610
v 2.859849 0.770798 0.043610
v 2.979849 0.770798 0.043610
v 3.109849 0.770798 0.043610
v 2.729849 0.768876 0.023404
v 2.859849 0.768876 0.023404
v 2.979849 0.768876 0.023404
v 3.109849 0.768876 0.023404
v 2.729849 0.770798 0.003198
v 2.859849 0.770798 0.003198
v 2.979849 0.770798 0.003198
v 3.109849 0.770798 0.003198
v 2.729849 0.776489 -0.016231
v 2.859849 0.776489 -0.016231
v 2.979849 0.776489 -0.016231
v 3.109849 0.776489 -0.016231
v 2.729849 0.785729 -0.034137
v 2.859849 0.785729 -0.034137
v 2.979849 0.785729 -0.034137
v 3.109849 0.785729 -0.034137
v 2.729849 0.798166 -0.049832
v 2.859849 0.798166 -0.049832
v 2.979849 0.798166 -0.049832
v 3.109849 0.798166 -0.049832
v 2.729849 0.813320 -0.062713
v 2.859849 0.813320 -0.062713
v 2.979849 0.813320 -0.062713
v 3.109849 0.813320 -0.062713
v 2.729849 0.830608 -0.072284
v 2.859849 0.830608 -0.072284
v 2.979849 0.830608 -0.072284
v 3.109849 0.830608 -0.072284
v 2.859849 0.849367 -0.078177
v 2.729849 0.849367 -0.078177
v 3.109849 0.849367 -0.078177
v 2.979849 0.849367 -0.078177
v 2.859849 0.868876 -0.080167
v 2.729849 0.868876 -0.080167
v 3.109849 0.868876 -0.080168
v 2.979849 0.868876 -0.080168
v 2.859849 0.888386 -0.078177
v 2.729849 0.888386 -0.078177
v 3.109849 0.888386 -0.078177
v 2.979849 0.888386 -0.078177
v 2.859849 0.907145 -0.072284
v 2.729849 0.907145 -0.072284
v 3.109849 0.907145 -0.072284
v 2.979849 0.907145 -0.072284
v 2.729849 0.924434 -0.062713
v 2.859849 0.924434 -0.062713
v 2.979849 0.924434 -0.062713
v 3.109849 0.924434 -0.062713
v 2.729849 0.939587 -0.049832
v 2.859849 0.939587 -0.049832
v 2.979849 0.939587 -0.049832
v 3.109849 0.939587 -0.049832
v 2.729849 0.952023 -0.034137
v 2.859849 0.952023 -0.034137
v 2.979849 0.952023 -0.034137
v 3.109849 0.952023 -0.034137
v 2.729849 0.961264 -0.016231
v 2.859849 0.961264 -0.016231
v 2.979849 0.961264 -0.016231
v 3.109849 0.961264 -0.016231
v 2.729849 0.966955 0.003198
v 2.859849 0.966955 0.003198
v 2.979849 0.966955 0.003198
v 3.109849 0.966955 0.003198
v 3.109849 0.967542 0.009369
v 3.415251 0.055854 -0.379355
v 3.415251 0.055854 0.426162
v 3.415251 0.565854 -0.104596
v 3.415251 0.259854 -0.379355
v 3.415251 0.565854 0.151404
v 3.415251 0.259854 0.426162
v 2.415251 0.055854 -0.379355
v 2.415251 0.055854 0.426163
v 2.415251 0.565854 -0.104596
v 2.415251 0.259854 -0.379355
v 2.415251 0.565854 0.151404
v 2.415251 0.259854 0.426163
v 3.415251 -0.984831 0.043404
v 3.415251 -0.428821 0.043404
v 3.415251 -0.428821 0.003404
v 3.415251 -0.984831 0.003404
v 2.415251 -0.984831 0.003404
v 2.415251 -0.428821 0.003404
v 2.415251 -0.428821 0.043404
v 2.415251 -0.984831 0.043404
vn -0.0000 1.0000 -0.0000
vn 1.0000 -0.0000 -0.0000
vn -1.0000 -0.0000 -0.0000
vn -0.0000 -0.0000 1.0000
vn -0.0000 0.6280 -0.7782
vn -0.0625 0.6660 -0.7433
vn 0.0707 0.6380 0.7668
vn 0.0851 0.5388 0.8381
vn 0.0709 0.6714 0.7377
vn -0.0000 -0.0000 -1.0000
vn -0.0000 -0.5636 -0.8261
vn -0.0000 -0.5636 0.8261
vn -0.0000 -1.0000 -0.0000
vn -0.0000 -0.9820 -0.1887
vn -0.0000 -0.9284 -0.3715
vn -0.0000 -0.8401 -0.5424
vn -0.0000 -0.8886 -0.4586
vn -0.0000 -0.7192 -0.6948
vn -0.0000 -0.5688 -0.8225
vn -0.0000 -0.3940 -0.9191
vn -0.0000 -0.2016 -0.9795
vn -0.0000 0.2016 -0.9795
vn -0.0000 0.3940 -0.9191
vn -0.0000 0.5688 -0.8225
vn -0.0000 0.7192 -0.6948
vn -0.0000 0.8401 -0.5424
vn -0.0000 0.9284 -0.3715
vn -0.0000 0.9820 -0.1887
vn -0.0000 0.9820 0.1887
vn -0.0000 0.9284 0.3715
vn -0.0000 0.8401 0.5424
vn -0.0000 0.7192 0.6948
vn -0.0000 0.5688 0.8225
vn -0.0000 0.3940 0.9191
vn -0.0000 0.2016 0.9795
vn -0.0000 -0.2016 0.9795
vn -0.0000 -0.3940 0.9191
vn -0.0000 -0.5688 0.8225
vn -0.0000 -0.7192 0.6948
vn -0.0000 -0.8401 0.5424
vn -0.0000 -0.9284 0.3715
vn -0.0000 -0.9820 0.1887
vn -0.0000 -0.9955 0.0947
vn -0.0000 0.9278 0.3732
vn -0.0000 0.9818 0.1901
vn -0.0000 0.6115 0.7913
vn -0.0000 0.9278 -0.3732
vn -0.0000 0.9818 -0.1901
vn -0.0000 0.6115 -0.7913
vn -0.0000 -0.6681 -0.7441
vn -0.0000 -0.6681 0.7441
vn -0.0000 0.6198 0.7848
vn -0.0000 0.6198 -0.7848
vn -0.0675 0.6305 -0.7733
vn -0.0000 0.4765 -0.8791
vn -0.0836 0.5413 -0.8367
vn 0.0621 0.6653 -0.7440
vn 0.0827 0.5426 -0.8359
vn 0.0646 0.6304 -0.7736
vn -0.0000 0.6369 0.7709
vn -0.0000 0.4765 0.8791
vn -0.0858 0.5375 0.8389
vn -0.0739 0.6380 0.7665
vn -0.0713 0.6722 0.7369
vt 0.750026 0.846958
vt 0.207789 0.925804
vt 0.712987 0.837447
vt 0.207790 0.888720
vt 0.760560 0.232328
vt 0.106431 0.750544
vt 0.160726 0.888720
vt 0.713496 0.232328
vt 0.143470 0.741033
vt 0.160725 0.925804
vt 0.767281 0.795322
vt 0.223557 0.914924
vt 0.207790 0.943011
vt 0.767281 0.833571
vt 0.223557 0.953173
vt 0.160726 0.943011
vt 0.160725 0.754421
vt 0.270621 0.953173
vt 0.160725 0.792669
vt 0.270621 0.914924
vt 0.760560 0.215938
vt 0.700640 0.821528
vt 0.094085 0.766464
vt 0.713496 0.215938
vt 0.754935 0.779403
vt 0.223556 0.898987
vt 0.741264 0.572050
vt 0.270620 0.898987
vt 0.148379 0.808589
vt 0.788328 0.572050
vt 0.140344 0.755080
vt 0.246109 0.971912
vt 0.140833 0.754297
vt 0.246893 0.971912
vt 0.141470 0.753629
vt 0.247562 0.971912
vt 0.404513 0.986171
vt 0.140022 0.755948
vt 0.245241 0.971912
vt 0.142230 0.753101
vt 0.403787 0.986171
vt 0.139879 0.756867
vt 0.244322 0.971912
vt 0.143085 0.752735
vt 0.402957 0.986171
vt 0.139921 0.757803
vt 0.243387 0.971912
vt 0.140146 0.758718
vt 0.242472 0.971912
vt 0.140545 0.759579
vt 0.241612 0.971912
vt 0.142607 0.761517
vt 0.225054 0.986288
vt 0.141800 0.761005
vt 0.224249 0.986288
vt 0.141104 0.760351
vt 0.223556 0.986289
vt 0.240841 0.971912
vt 0.144001 0.752543
vt 0.402055 0.986171
vt 0.144943 0.752533
vt 0.401115 0.986171
vt 0.145876 0.752706
vt 0.400173 0.986171
vt 0.146762 0.753055
vt 0.399267 0.986171
vt 0.143493 0.761866
vt 0.225939 0.986288
vt 0.148823 0.754993
vt 0.248311 0.971912
vt 0.147569 0.753566
vt 0.398430 0.986171
vt 0.148265 0.754221
vt 0.397694 0.986171
vt 0.247562 0.971912
vt 0.149448 0.756769
vt 0.250061 0.971912
vt 0.146284 0.761837
vt 0.228730 0.986288
vt 0.149490 0.757704
vt 0.250994 0.971912
vt 0.145368 0.762029
vt 0.227813 0.986288
vt 0.148536 0.760274
vt 0.253599 0.971912
vt 0.149025 0.759491
vt 0.252797 0.971912
vt 0.147139 0.761470
vt 0.229586 0.986288
vt 0.230349 0.986288
vt 0.147899 0.760942
vt 0.254291 0.971912
vt 0.430639 0.957731
vt 0.551992 0.970177
vt 0.968128 0.880089
vt 0.149347 0.758623
vt 0.251918 0.971912
vt 0.149223 0.755853
vt 0.249155 0.971912
vt 0.144426 0.762039
vt 0.226871 0.986288
vt 0.746900 0.832911
vt 0.834587 0.986019
vt 0.747389 0.833694
vt 0.835371 0.986019
vt 0.433588 0.950399
vt 0.551992 0.976995
vt 0.952399 0.616162
vt 0.985777 0.496784
vt 0.981579 0.779067
vt 0.836040 0.986019
vt 0.748026 0.834363
vt 0.531587 0.970177
vt 0.746578 0.832044
vt 0.833719 0.986019
vt 0.955348 0.623494
vt 0.985776 0.503603
vt 0.748786 0.834890
vt 0.530861 0.970177
vt 0.746435 0.831124
vt 0.832800 0.986019
vt 0.749641 0.835257
vt 0.530031 0.970177
vt 0.746477 0.830189
vt 0.831865 0.986019
vt 0.430639 0.969593
vt 0.968127 0.870744
vt 0.746702 0.829274
vt 0.830950 0.986019
vt 0.747101 0.828413
vt 0.830090 0.986019
vt 0.433588 0.976925
vt 0.968127 0.863152
vt 0.749163 0.826475
vt 0.543701 0.984986
vt 0.748356 0.826987
vt 0.544506 0.984986
vt 0.747660 0.827641
vt 0.545199 0.984986
vt 0.829319 0.986019
vt 0.750557 0.835449
vt 0.529129 0.970177
vt 0.751499 0.835459
vt 0.528189 0.970177
vt 0.752432 0.835286
vt 0.527247 0.970177
vt 0.952399 0.604300
vt 0.981579 0.769722
vt 0.753318 0.834937
vt 0.526340 0.970177
vt 0.750049 0.826126
vt 0.542816 0.984986
vt 0.755379 0.832999
vt 0.875747 0.985471
vt 0.955348 0.596968
vt 0.981579 0.762130
vt 0.754125 0.834426
vt 0.525503 0.970177
vt 0.524768 0.970177
vt 0.754821 0.833771
vt 0.874997 0.985471
vt 0.756004 0.831223
vt 0.877497 0.985471
vt 0.752840 0.826155
vt 0.540025 0.984986
vt 0.756046 0.830288
vt 0.878430 0.985471
vt 0.751924 0.825963
vt 0.540942 0.984986
vt 0.755092 0.827718
vt 0.881034 0.985471
vt 0.755581 0.828501
vt 0.880233 0.985471
vt 0.753695 0.826522
vt 0.539169 0.984986
vt 0.754455 0.827050
vt 0.881727 0.985471
vt 0.538406 0.984986
vt 0.755903 0.829369
vt 0.879353 0.985471
vt 0.755779 0.832139
vt 0.876591 0.985471
vt 0.750982 0.825953
vt 0.541884 0.984986
vt 0.558111 0.970177
vt 0.974246 0.880089
vt 0.477705 0.967772
vt 0.975461 0.779067
vt 0.327098 0.960184
vt 0.979658 0.496785
vt 0.558110 0.976995
vt 0.480653 0.975104
vt 0.330046 0.952853
vt 0.979658 0.503603
vt 0.974246 0.870745
vt 0.477705 0.955909
vt 0.327098 0.972047
vt 0.975460 0.769722
vt 0.974246 0.863153
vt 0.480653 0.948578
vt 0.330046 0.979379
vt 0.975460 0.762130
vt 0.181217 0.935519
vt 0.351332 0.966728
vt 0.175099 0.937756
vt 0.976634 0.606780
vt 0.175099 0.933679
vt 0.976634 0.611955
vt 0.192983 0.925804
vt 0.454874 0.951942
vt 0.192983 0.931217
vt 0.454874 0.958813
vt 0.186865 0.925804
vt 0.501939 0.973561
vt 0.186865 0.933454
vt 0.501939 0.963850
vt 0.181217 0.925804
vt 0.351332 0.954395
vt 0.175098 0.925804
vt 0.976634 0.621951
vt 0.181218 0.937400
vt 0.351332 0.969116
vt 0.192984 0.937252
vt 0.454874 0.966474
vt 0.181218 0.943011
vt 0.250129 0.953173
vt 0.351332 0.976238
vt 0.175100 0.943011
vt 0.256248 0.953173
vt 0.976634 0.600109
vt 0.192984 0.943011
vt 0.238363 0.953173
vt 0.454874 0.973784
vt 0.186866 0.943011
vt 0.244482 0.953173
vt 0.501939 0.951719
vt 0.181217 0.911529
vt 0.337648 0.946976
vt 0.979658 0.513213
vt 0.175099 0.911529
vt 0.962950 0.629370
vt 0.985777 0.513213
vt 0.551992 0.986605
vt 0.192983 0.911529
vt 0.441190 0.944523
vt 0.186865 0.911529
vt 0.558111 0.986605
vt 0.488256 0.980980
vt 0.968128 0.855328
vt 0.238363 0.936443
vt 0.439975 0.981862
vt 0.244481 0.936443
vt 0.974246 0.855328
vt 0.487041 0.943641
vt 0.250129 0.936443
vt 0.336433 0.984316
vt 0.975461 0.754306
vt 0.981579 0.754306
vt 0.256247 0.936443
vt 0.961735 0.592031
vt 0.524768 0.984986
vt 0.874997 0.970661
vt 0.447395 0.963814
vt 0.644782 0.232615
vt 0.845656 0.359550
vt 0.494461 0.961689
vt 0.650429 0.232615
vt 0.840009 0.359550
vt 0.343853 0.966268
vt 0.247562 0.986288
vt 0.397694 0.971795
vt 0.969155 0.610079
vt 0.525503 0.984986
vt 0.447486 0.962863
vt 0.644782 0.231879
vt 0.494551 0.962640
vt 0.650429 0.231879
vt 0.343944 0.965317
vt 0.398430 0.971795
vt 0.969246 0.611030
vt 0.875747 0.970661
vt 0.447127 0.964729
vt 0.845656 0.358801
vt 0.494193 0.960774
vt 0.840009 0.358801
vt 0.343586 0.967182
vt 0.248311 0.986288
vt 0.968887 0.609164
vt 0.876591 0.970661
vt 0.446692 0.965572
vt 0.876326 0.970661
vt 0.446829 0.965306
vt 0.845656 0.357956
vt 0.493758 0.959931
vt 0.840009 0.357956
vt 0.343151 0.968025
vt 0.249155 0.986288
vt 0.968452 0.608321
vt 0.877497 0.970661
vt 0.446107 0.966310
vt 0.845656 0.357051
vt 0.493173 0.959192
vt 0.840009 0.357051
vt 0.342565 0.968764
vt 0.250061 0.986288
vt 0.967867 0.607583
vt 0.878430 0.970661
vt 0.445394 0.966917
vt 0.845656 0.356118
vt 0.492460 0.958586
vt 0.840009 0.356118
vt 0.341852 0.969370
vt 0.250994 0.986288
vt 0.967154 0.606976
vt 0.879353 0.970661
vt 0.444580 0.967367
vt 0.845656 0.355193
vt 0.491646 0.958135
vt 0.840009 0.355193
vt 0.341038 0.969821
vt 0.251918 0.986288
vt 0.966340 0.606526
vt 0.880233 0.970661
vt 0.443697 0.967645
vt 0.252797 0.986288
vt 0.965457 0.606248
vt 0.840009 0.354314
vt 0.340156 0.970099
vt 0.845656 0.354314
vt 0.490763 0.957858
vt 0.881034 0.970661
vt 0.442779 0.967738
vt 0.253599 0.986288
vt 0.964539 0.606155
vt 0.840009 0.353512
vt 0.339237 0.970192
vt 0.845656 0.353512
vt 0.489845 0.957764
vt 0.881727 0.970661
vt 0.538406 0.970177
vt 0.441861 0.967645
vt 0.254291 0.986288
vt 0.230349 0.971912
vt 0.963621 0.606248
vt 0.840009 0.352820
vt 0.507825 0.717598
vt 0.338319 0.970099
vt 0.845656 0.352820
vt 0.513473 0.717598
vt 0.488927 0.957858
vt 0.539169 0.970177
vt 0.440978 0.967367
vt 0.229586 0.971912
vt 0.962738 0.606526
vt 0.507825 0.716836
vt 0.337436 0.969821
vt 0.513473 0.716836
vt 0.488044 0.958135
vt 0.540025 0.970177
vt 0.440165 0.966917
vt 0.513473 0.715979
vt 0.487230 0.958586
vt 0.507825 0.715979
vt 0.336623 0.969370
vt 0.228730 0.971912
vt 0.961924 0.606976
vt 0.540942 0.970177
vt 0.439451 0.966310
vt 0.513473 0.715062
vt 0.486517 0.959192
vt 0.507825 0.715062
vt 0.335909 0.968764
vt 0.227813 0.971912
vt 0.961211 0.607583
vt 0.541884 0.970177
vt 0.438866 0.965572
vt 0.513473 0.714120
vt 0.485932 0.959931
vt 0.507825 0.714120
vt 0.335324 0.968025
vt 0.226871 0.971912
vt 0.960626 0.608321
vt 0.542816 0.970177
vt 0.438431 0.964729
vt 0.513473 0.713188
vt 0.485497 0.960774
vt 0.507825 0.713188
vt 0.334889 0.967182
vt 0.225939 0.971912
vt 0.960191 0.609164
vt 0.543701 0.970177
vt 0.438163 0.963814
vt 0.513473 0.712302
vt 0.485229 0.961689
vt 0.507825 0.712302
vt 0.334621 0.966268
vt 0.225054 0.971912
vt 0.959923 0.610079
vt 0.544506 0.970177
vt 0.438073 0.962863
vt 0.513473 0.711497
vt 0.485138 0.962640
vt 0.507825 0.711497
vt 0.334531 0.965317
vt 0.224249 0.971912
vt 0.959833 0.611030
vt 0.545199 0.970177
vt 0.829319 0.971209
vt 0.438163 0.961912
vt 0.845657 0.352820
vt 0.513473 0.710804
vt 0.485229 0.963591
vt 0.507825 0.710804
vt 0.851304 0.352820
vt 0.334621 0.964365
vt 0.240841 0.986288
vt 0.223556 0.971912
vt 0.959923 0.611981
vt 0.830090 0.971209
vt 0.438431 0.960997
vt 0.845656 0.353591
vt 0.485497 0.964506
vt 0.851304 0.353591
vt 0.334889 0.963451
vt 0.241612 0.986288
vt 0.960191 0.612896
vt 0.830950 0.971209
vt 0.438866 0.960154
vt 0.845656 0.354451
vt 0.485932 0.965349
vt 0.851304 0.354451
vt 0.335324 0.962608
vt 0.242472 0.986289
vt 0.960626 0.613739
vt 0.831865 0.971209
vt 0.439451 0.959415
vt 0.845656 0.355366
vt 0.486517 0.966087
vt 0.851304 0.355366
vt 0.335909 0.961869
vt 0.243387 0.986289
vt 0.961211 0.614478
vt 0.832800 0.971209
vt 0.440165 0.958809
vt 0.845656 0.356301
vt 0.487230 0.966694
vt 0.851304 0.356301
vt 0.336623 0.961263
vt 0.244322 0.986289
vt 0.961924 0.615084
vt 0.833719 0.971209
vt 0.440978 0.958358
vt 0.845656 0.357221
vt 0.488044 0.967144
vt 0.851304 0.357221
vt 0.337436 0.960812
vt 0.245241 0.986289
vt 0.962738 0.615535
vt 0.845656 0.358089
vt 0.488927 0.967422
vt 0.834587 0.971209
vt 0.441861 0.958081
vt 0.246109 0.986289
vt 0.963621 0.615812
vt 0.851304 0.358089
vt 0.338319 0.960535
vt 0.845656 0.358873
vt 0.489845 0.967515
vt 0.835371 0.971209
vt 0.442779 0.957987
vt 0.246893 0.986288
vt 0.964539 0.615906
vt 0.851304 0.358873
vt 0.339237 0.960441
vt 0.845657 0.359542
vt 0.644782 0.225794
vt 0.490763 0.967422
vt 0.836040 0.971209
vt 0.531587 0.984986
vt 0.443697 0.958081
vt 0.404513 0.971795
vt 0.247562 0.986288
vt 0.965457 0.615812
vt 0.851304 0.359542
vt 0.650429 0.225794
vt 0.340156 0.960535
vt 0.644782 0.226520
vt 0.491646 0.967144
vt 0.530861 0.984986
vt 0.444580 0.958358
vt 0.403787 0.971795
vt 0.966340 0.615535
vt 0.650429 0.226520
vt 0.341038 0.960812
vt 0.530031 0.984986
vt 0.445394 0.958809
vt 0.644782 0.227351
vt 0.492460 0.966694
vt 0.650429 0.227351
vt 0.341852 0.961263
vt 0.402957 0.971795
vt 0.967154 0.615084
vt 0.529129 0.984986
vt 0.446107 0.959415
vt 0.644782 0.228253
vt 0.493173 0.966087
vt 0.650429 0.228253
vt 0.342565 0.961869
vt 0.402055 0.971795
vt 0.967867 0.614478
vt 0.528189 0.984986
vt 0.446692 0.960154
vt 0.644782 0.229194
vt 0.493758 0.965349
vt 0.650429 0.229194
vt 0.343151 0.962608
vt 0.401115 0.971795
vt 0.968452 0.613739
vt 0.527247 0.984986
vt 0.447127 0.960997
vt 0.644782 0.230135
vt 0.494193 0.964506
vt 0.650429 0.230135
vt 0.343586 0.963451
vt 0.400173 0.971795
vt 0.968887 0.612896
vt 0.526340 0.984986
vt 0.447395 0.961912
vt 0.644782 0.231042
vt 0.494461 0.963591
vt 0.650429 0.231042
vt 0.343853 0.964365
vt 0.399267 0.971795
vt 0.969155 0.611981
vt 0.399011 0.971795
vt 0.969183 0.611691
vt 0.106254 0.775906
vt 0.477705 0.936927
vt 0.136209 0.799147
vt 0.968127 0.855328
vt 0.118710 0.913351
vt 0.131183 0.764864
vt 0.810526 0.959937
vt 0.829319 0.959937
vt 0.112139 0.768318
vt 0.477705 0.944523
vt 0.941081 0.855328
vt 0.140703 0.772250
vt 0.800565 0.959937
vt 0.142094 0.791559
vt 0.960317 0.855328
vt 0.712810 0.812086
vt 0.430640 0.936926
vt 0.118710 0.960426
vt 0.742765 0.788844
vt 0.968127 0.902402
vt 0.737739 0.823128
vt 0.810526 0.912863
vt 0.718695 0.819674
vt 0.829319 0.912863
vt 0.430641 0.944522
vt 0.747259 0.815742
vt 0.800565 0.912863
vt 0.941081 0.902402
vt 0.748650 0.796432
vt 0.960317 0.902402
vt 0.788328 0.516856
vt 0.091955 0.826813
vt 0.395449 0.899902
vt 0.107994 0.806132
vt 0.146952 0.913352
vt 0.374162 0.899902
vt 0.106507 0.804978
vt 0.477705 0.907856
vt 0.477704 0.887152
vt 0.090468 0.825659
vt 0.713496 0.156648
vt 0.697024 0.762333
vt 0.760560 0.156648
vt 0.430639 0.887151
vt 0.713063 0.783014
vt 0.430641 0.907855
vt 0.374162 0.946977
vt 0.714550 0.781860
vt 0.146952 0.960427
vt 0.698511 0.761179
vt 0.741264 0.516856
vt 0.395449 0.946977
s 1
usemtl 
f 1800/3933/415 1808/3952/415 1803/3939/415
f 1705/3728/415 1802/3937/415 1796/3925/415
f 1804/3941/415 1798/3929/415 1702/3720/415
f 1708/3735/416 1734/3791/416 1733/3789/416
f 1951/4266/416 1741/3806/416 1742/3809/416
f 1722/3766/416 1723/3768/416 1949/4260/416
f 1955/4275/417 1752/3832/417 1747/3820/417
f 1770/3869/417 1762/3852/417 1957/4280/417
f 1702/3719/417 1769/3867/417 1773/3875/417
f 1709/3738/418 1712/3744/418 1713/3746/418
f 1809/3955/419 1704/3725/420 1812/3964/419
f 1813/3968/421 1707/3733/422 1706/3730/423
f 1703/3723/424 1711/3742/424 1710/3739/424
f 1711/3742/425 1963/4297/425 1710/3739/425
f 1713/3748/426 1966/4305/426 1959/4285/426
f 1733/3790/427 1820/3989/428 1824/3997/427
f 1773/3876/427 1817/3979/428 1774/3877/428
f 1822/3993/427 1819/3985/428 1818/3982/428
f 1734/3793/428 1828/4005/429 1820/3988/428
f 1774/3879/428 1825/3999/429 1771/3872/429
f 1819/3986/428 1826/4001/429 1818/3983/428
f 1732/3788/429 1833/4015/430 1828/4005/429
f 1771/3872/429 1830/4009/431 1784/3900/430
f 1826/4001/429 1832/4013/430 1831/4011/430
f 1745/3817/430 1837/4023/432 1833/4015/430
f 1784/3900/430 1834/4017/432 1775/3881/432
f 1831/4011/430 1836/4021/432 1835/4019/432
f 1735/3795/432 1841/4031/433 1837/4023/432
f 1775/3881/432 1838/4025/433 1777/3885/433
f 1835/4019/432 1840/4029/433 1839/4027/433
f 1737/3799/433 1845/4039/434 1841/4031/433
f 1777/3885/433 1842/4033/434 1783/3898/434
f 1839/4027/433 1844/4037/434 1843/4035/434
f 1740/3805/435 1845/4039/434 1744/3815/434
f 1780/3891/435 1842/4033/434 1846/4041/435
f 1849/4047/435 1844/4037/434 1848/4045/435
f 1739/3803/424 1847/4043/435 1740/3805/435
f 1779/3889/424 1846/4041/435 1850/4049/424
f 1853/4055/424 1848/4045/435 1852/4053/424
f 1742/3810/436 1851/4051/424 1739/3803/424
f 1854/4057/436 1779/3889/424 1850/4049/424
f 1857/4066/436 1852/4053/424 1856/4063/436
f 1741/3807/437 1855/4061/436 1742/3808/436
f 1781/3893/437 1854/4058/436 1858/4069/437
f 1861/4075/437 1856/4064/436 1860/4073/437
f 1741/3807/437 1865/4083/438 1859/4071/437
f 1776/3883/438 1858/4069/437 1862/4077/438
f 1860/4073/437 1863/4079/438 1861/4075/437
f 1736/3797/438 1869/4091/439 1865/4083/438
f 1778/3887/439 1862/4077/438 1866/4085/439
f 1864/4081/438 1867/4087/439 1863/4079/438
f 1738/3801/439 1873/4099/440 1869/4091/439
f 1785/3902/440 1866/4085/439 1870/4093/440
f 1868/4089/439 1871/4095/440 1867/4087/439
f 1746/3819/440 1877/4107/441 1873/4099/440
f 1770/3870/441 1870/4093/440 1874/4101/441
f 1872/4097/440 1875/4103/441 1871/4095/440
f 1731/3786/441 1881/4115/442 1877/4107/441
f 1762/3853/442 1874/4101/441 1878/4109/442
f 1876/4105/441 1879/4111/442 1875/4103/441
f 1724/3771/442 1885/4123/415 1881/4115/442
f 1763/3855/415 1878/4109/442 1882/4117/415
f 1880/4113/442 1883/4119/415 1879/4111/442
f 1725/3773/415 1889/4135/443 1885/4123/415
f 1764/3857/443 1882/4117/415 1886/4125/443
f 1884/4121/415 1887/4129/443 1883/4119/415
f 1726/3776/443 1893/4143/444 1889/4134/443
f 1760/3849/444 1886/4126/443 1890/4137/444
f 1888/4132/443 1891/4139/444 1887/4128/443
f 1723/3769/444 1897/4151/445 1893/4143/444
f 1759/3847/445 1890/4137/444 1894/4145/445
f 1892/4141/444 1895/4147/445 1891/4139/444
f 1722/3767/445 1901/4159/446 1897/4151/445
f 1757/3843/446 1894/4145/445 1898/4153/446
f 1896/4149/445 1899/4155/446 1895/4147/445
f 1721/3765/446 1905/4167/447 1901/4159/446
f 1755/3839/447 1898/4153/446 1902/4161/447
f 1900/4157/446 1903/4163/447 1899/4155/446
f 1719/3761/447 1909/4175/448 1905/4167/447
f 1752/3833/448 1902/4161/447 1906/4169/448
f 1904/4165/447 1907/4171/448 1903/4163/447
f 1717/3757/448 1912/4181/449 1909/4175/448
f 1752/3833/448 1911/4179/449 1747/3821/449
f 1907/4171/448 1913/4183/449 1910/4177/449
f 1714/3750/449 1916/4189/418 1912/4181/449
f 1747/3821/449 1915/4187/418 1748/3823/418
f 1910/4177/449 1917/4191/418 1914/4185/418
f 1715/3752/418 1920/4200/450 1916/4189/418
f 1748/3823/418 1919/4196/450 1751/3829/450
f 1914/4185/418 1921/4202/450 1918/4193/450
f 1716/3755/450 1924/4209/451 1920/4199/450
f 1751/3831/450 1923/4207/451 1754/3837/451
f 1918/4194/450 1925/4211/451 1922/4205/451
f 1718/3759/451 1929/4219/452 1924/4209/451
f 1754/3837/451 1926/4213/452 1756/3841/452
f 1922/4205/451 1928/4217/452 1927/4215/452
f 1720/3763/452 1933/4227/453 1929/4219/452
f 1756/3841/452 1930/4221/453 1765/3860/453
f 1927/4215/452 1932/4225/453 1931/4223/453
f 1727/3778/453 1937/4235/454 1933/4227/453
f 1765/3860/453 1934/4229/454 1766/3862/454
f 1931/4223/453 1936/4233/454 1935/4231/454
f 1728/3780/454 1941/4243/455 1937/4235/454
f 1766/3862/454 1938/4237/455 1767/3864/455
f 1935/4231/454 1940/4241/455 1939/4239/455
f 1729/3782/455 1945/4251/456 1941/4243/455
f 1767/3864/455 1942/4245/456 1769/3868/456
f 1939/4239/455 1944/4249/456 1943/4247/456
f 1733/3790/427 1824/3997/427 1946/4253/457
f 1769/3868/456 1821/3991/427 1773/3876/427
f 1822/3993/427 1944/4249/456 1823/3995/427
f 1803/3940/416 1832/4014/416 1827/4004/416
f 1892/4142/416 1787/3907/416 1896/4150/416
f 1881/4116/417 1885/4124/417 1768/3865/417
f 1820/3990/417 1828/4006/417 1795/3924/417
f 1882/4118/416 1743/3811/416 1886/4127/416
f 1804/3942/416 1817/3981/416 1821/3992/416
f 1749/3825/458 1786/3903/459 1788/3909/458
f 1789/3912/458 1750/3827/459 1753/3835/458
f 1749/3825/460 1812/3965/460 1811/3961/460
f 1753/3835/460 1809/3957/460 1789/3912/460
f 1793/3920/461 1768/3866/462 1791/3916/462
f 1758/3845/462 1792/3917/461 1790/3913/462
f 1772/3874/463 1815/3975/463 1816/3976/463
f 1814/3971/463 1761/3851/463 1813/3967/463
f 1790/3913/462 1743/3813/459 1758/3845/462
f 1791/3916/462 1750/3828/459 1787/3906/459
f 1861/4076/417 1863/4080/417 1790/3914/417
f 1800/3934/417 1931/4224/417 1935/4232/417
f 1951/4267/427 1955/4276/427 1949/4261/427
f 1952/4269/464 1957/4282/464 1951/4265/464
f 1952/4269/424 1954/4274/424 1958/4284/424
f 1949/4261/465 1956/4278/465 1950/4262/465
f 1947/4256/418 1956/4279/418 1953/4271/418
f 1953/4271/466 1961/4292/466 1947/4256/466
f 1948/4259/467 1965/4303/467 1954/4272/467
f 1961/4292/418 1963/4298/418 1962/4293/418
f 1960/4290/424 1966/4306/424 1965/4301/424
f 1805/3943/415 1803/3939/415 1808/3952/415
f 1803/3939/415 1794/3921/415 1800/3933/415
f 1794/3921/415 1801/3935/415 1800/3933/415
f 1801/3935/415 1799/3931/415 1800/3933/415
f 1796/3925/415 1795/3923/415 1708/3734/415
f 1795/3923/415 1806/3946/415 1708/3734/415
f 1796/3925/415 1708/3734/415 1705/3728/415
f 1798/3929/415 1797/3927/415 1702/3720/415
f 1702/3720/415 1707/3731/415 1804/3941/415
f 1707/3731/415 1807/3949/415 1804/3941/415
f 1720/3762/416 1718/3758/416 1705/3727/416
f 1708/3735/416 1744/3814/416 1737/3798/416
f 1708/3735/416 1737/3798/416 1735/3794/416
f 1727/3777/416 1720/3762/416 1705/3727/416
f 1728/3779/416 1727/3777/416 1705/3727/416
f 1708/3735/416 1735/3794/416 1745/3816/416
f 1708/3735/416 1745/3816/416 1732/3787/416
f 1728/3779/416 1705/3727/416 1729/3781/416
f 1705/3727/416 1708/3735/416 1733/3789/416
f 1729/3781/416 1705/3727/416 1730/3783/416
f 1730/3783/416 1705/3727/416 1733/3789/416
f 1708/3735/416 1732/3787/416 1734/3791/416
f 1740/3804/416 1744/3814/416 1708/3735/416
f 1708/3735/416 1709/3737/416 1952/4268/416
f 1709/3737/416 1713/3747/416 1952/4268/416
f 1708/3735/416 1739/3802/416 1740/3804/416
f 1713/3747/416 1959/4286/416 1948/4257/416
f 1959/4286/416 1960/4288/416 1948/4257/416
f 1739/3802/416 1708/3735/416 1742/3809/416
f 1708/3735/416 1952/4268/416 1951/4266/416
f 1713/3747/416 1948/4257/416 1952/4268/416
f 1951/4266/416 1738/3800/416 1736/3796/416
f 1951/4266/416 1736/3796/416 1741/3806/416
f 1742/3809/416 1708/3735/416 1951/4266/416
f 1961/4291/416 1962/4294/416 1947/4255/416
f 1962/4294/416 1711/3741/416 1947/4255/416
f 1711/3741/416 1704/3724/416 1950/4263/416
f 1704/3724/416 1705/3727/416 1950/4263/416
f 1950/4263/416 1705/3727/416 1949/4260/416
f 1705/3727/416 1718/3758/416 1716/3753/416
f 1705/3727/416 1716/3753/416 1715/3751/416
f 1950/4263/416 1947/4255/416 1711/3741/416
f 1705/3727/416 1715/3751/416 1714/3749/416
f 1705/3727/416 1714/3749/416 1949/4260/416
f 1738/3800/416 1951/4266/416 1746/3818/416
f 1951/4266/416 1949/4260/416 1725/3772/416
f 1746/3818/416 1951/4266/416 1731/3785/416
f 1731/3785/416 1951/4266/416 1724/3770/416
f 1949/4260/416 1714/3749/416 1717/3756/416
f 1724/3770/416 1951/4266/416 1725/3772/416
f 1949/4260/416 1717/3756/416 1719/3760/416
f 1949/4260/416 1719/3760/416 1721/3764/416
f 1726/3774/416 1725/3772/416 1949/4260/416
f 1949/4260/416 1721/3764/416 1722/3766/416
f 1723/3768/416 1726/3774/416 1949/4260/416
f 1751/3830/417 1754/3836/417 1702/3719/417
f 1702/3719/417 1703/3721/417 1956/4277/417
f 1703/3721/417 1710/3740/417 1956/4277/417
f 1702/3719/417 1748/3822/417 1751/3830/417
f 1710/3740/417 1963/4296/417 1953/4270/417
f 1963/4296/417 1964/4299/417 1953/4270/417
f 1748/3822/417 1702/3719/417 1747/3820/417
f 1702/3719/417 1956/4277/417 1955/4275/417
f 1710/3740/417 1953/4270/417 1956/4277/417
f 1955/4275/417 1757/3842/417 1755/3838/417
f 1955/4275/417 1755/3838/417 1752/3832/417
f 1747/3820/417 1702/3719/417 1955/4275/417
f 1966/4304/417 1712/3743/417 1954/4273/417
f 1712/3743/417 1706/3729/417 1958/4283/417
f 1954/4273/417 1712/3743/417 1958/4283/417
f 1706/3729/417 1707/3732/417 1958/4283/417
f 1707/3732/417 1783/3897/417 1780/3890/417
f 1707/3732/417 1780/3890/417 1779/3888/417
f 1954/4273/417 1965/4302/417 1966/4304/417
f 1707/3732/417 1779/3888/417 1782/3894/417
f 1707/3732/417 1782/3894/417 1957/4280/417
f 1958/4283/417 1707/3732/417 1957/4280/417
f 1757/3842/417 1955/4275/417 1759/3846/417
f 1955/4275/417 1957/4280/417 1763/3854/417
f 1759/3846/417 1955/4275/417 1760/3848/417
f 1957/4280/417 1782/3894/417 1781/3892/417
f 1781/3892/417 1776/3882/417 1957/4280/417
f 1760/3848/417 1955/4275/417 1764/3856/417
f 1764/3856/417 1955/4275/417 1763/3854/417
f 1957/4280/417 1776/3882/417 1778/3886/417
f 1957/4280/417 1778/3886/417 1785/3901/417
f 1957/4280/417 1785/3901/417 1770/3869/417
f 1762/3852/417 1763/3854/417 1957/4280/417
f 1777/3884/417 1783/3897/417 1707/3732/417
f 1702/3719/417 1754/3836/417 1756/3840/417
f 1702/3719/417 1756/3840/417 1765/3859/417
f 1775/3880/417 1777/3884/417 1707/3732/417
f 1784/3899/417 1775/3880/417 1707/3732/417
f 1702/3719/417 1765/3859/417 1766/3861/417
f 1702/3719/417 1766/3861/417 1767/3863/417
f 1784/3899/417 1707/3732/417 1771/3871/417
f 1707/3732/417 1702/3719/417 1773/3875/417
f 1771/3871/417 1707/3732/417 1774/3878/417
f 1774/3878/417 1707/3732/417 1773/3875/417
f 1702/3719/417 1767/3863/417 1769/3867/417
f 1709/3738/418 1706/3730/418 1712/3744/418
f 1810/3958/468 1802/3937/469 1705/3728/470
f 1703/3722/471 1702/3720/472 1811/3962/473
f 1702/3720/472 1797/3927/469 1811/3962/473
f 1810/3958/468 1705/3728/470 1704/3725/420
f 1799/3931/469 1801/3935/469 1809/3955/419
f 1809/3955/419 1810/3958/468 1704/3725/420
f 1704/3725/420 1703/3722/471 1812/3964/419
f 1703/3722/471 1811/3962/473 1812/3964/419
f 1812/3964/419 1799/3931/469 1809/3955/419
f 1815/3973/474 1805/3944/475 1808/3953/475
f 1815/3973/474 1808/3953/475 1814/3970/474
f 1708/3736/476 1806/3947/475 1816/3977/477
f 1815/3973/474 1814/3970/474 1709/3738/478
f 1814/3970/474 1813/3968/421 1706/3730/423
f 1709/3738/478 1708/3736/476 1816/3977/477
f 1816/3977/477 1815/3973/474 1709/3738/478
f 1814/3970/474 1706/3730/423 1709/3738/478
f 1813/3968/421 1807/3950/475 1707/3733/422
f 1703/3723/424 1704/3726/424 1711/3742/424
f 1711/3742/425 1962/4295/425 1963/4297/425
f 1713/3748/426 1712/3745/426 1966/4305/426
f 1733/3790/427 1734/3792/428 1820/3989/428
f 1773/3876/427 1821/3991/427 1817/3979/428
f 1822/3993/427 1823/3995/427 1819/3985/428
f 1734/3793/428 1732/3788/429 1828/4005/429
f 1774/3879/428 1817/3980/428 1825/3999/429
f 1819/3986/428 1827/4003/429 1826/4001/429
f 1732/3788/429 1745/3817/430 1833/4015/430
f 1825/3999/429 1830/4009/431 1771/3872/429
f 1830/4009/431 1829/4007/430 1784/3900/430
f 1826/4001/429 1827/4003/429 1832/4013/430
f 1745/3817/430 1735/3795/432 1837/4023/432
f 1784/3900/430 1829/4007/430 1834/4017/432
f 1831/4011/430 1832/4013/430 1836/4021/432
f 1735/3795/432 1737/3799/433 1841/4031/433
f 1775/3881/432 1834/4017/432 1838/4025/433
f 1835/4019/432 1836/4021/432 1840/4029/433
f 1737/3799/433 1744/3815/434 1845/4039/434
f 1777/3885/433 1838/4025/433 1842/4033/434
f 1839/4027/433 1840/4029/433 1844/4037/434
f 1740/3805/435 1847/4043/435 1845/4039/434
f 1780/3891/435 1783/3898/434 1842/4033/434
f 1849/4047/435 1843/4035/434 1844/4037/434
f 1739/3803/424 1851/4051/424 1847/4043/435
f 1779/3889/424 1780/3891/435 1846/4041/435
f 1853/4055/424 1849/4047/435 1848/4045/435
f 1742/3810/436 1855/4060/436 1851/4051/424
f 1854/4057/436 1782/3895/436 1779/3889/424
f 1857/4066/436 1853/4055/424 1852/4053/424
f 1741/3807/437 1859/4071/437 1855/4061/436
f 1781/3893/437 1782/3896/436 1854/4058/436
f 1861/4075/437 1857/4067/436 1856/4064/436
f 1741/3807/437 1736/3797/438 1865/4083/438
f 1776/3883/438 1781/3893/437 1858/4069/437
f 1860/4073/437 1864/4081/438 1863/4079/438
f 1736/3797/438 1738/3801/439 1869/4091/439
f 1778/3887/439 1776/3883/438 1862/4077/438
f 1864/4081/438 1868/4089/439 1867/4087/439
f 1738/3801/439 1746/3819/440 1873/4099/440
f 1785/3902/440 1778/3887/439 1866/4085/439
f 1868/4089/439 1872/4097/440 1871/4095/440
f 1746/3819/440 1731/3786/441 1877/4107/441
f 1770/3870/441 1785/3902/440 1870/4093/440
f 1872/4097/440 1876/4105/441 1875/4103/441
f 1731/3786/441 1724/3771/442 1881/4115/442
f 1762/3853/442 1770/3870/441 1874/4101/441
f 1876/4105/441 1880/4113/442 1879/4111/442
f 1724/3771/442 1725/3773/415 1885/4123/415
f 1763/3855/415 1762/3853/442 1878/4109/442
f 1880/4113/442 1884/4121/415 1883/4119/415
f 1725/3773/415 1726/3775/443 1889/4135/443
f 1764/3857/443 1763/3855/415 1882/4117/415
f 1884/4121/415 1888/4131/443 1887/4129/443
f 1726/3776/443 1723/3769/444 1893/4143/444
f 1760/3849/444 1764/3858/443 1886/4126/443
f 1888/4132/443 1892/4141/444 1891/4139/444
f 1723/3769/444 1722/3767/445 1897/4151/445
f 1759/3847/445 1760/3849/444 1890/4137/444
f 1892/4141/444 1896/4149/445 1895/4147/445
f 1722/3767/445 1721/3765/446 1901/4159/446
f 1757/3843/446 1759/3847/445 1894/4145/445
f 1896/4149/445 1900/4157/446 1899/4155/446
f 1721/3765/446 1719/3761/447 1905/4167/447
f 1755/3839/447 1757/3843/446 1898/4153/446
f 1900/4157/446 1904/4165/447 1903/4163/447
f 1719/3761/447 1717/3757/448 1909/4175/448
f 1752/3833/448 1755/3839/447 1902/4161/447
f 1904/4165/447 1908/4173/448 1907/4171/448
f 1717/3757/448 1714/3750/449 1912/4181/449
f 1752/3833/448 1906/4169/448 1911/4179/449
f 1907/4171/448 1908/4173/448 1913/4183/449
f 1714/3750/449 1715/3752/418 1916/4189/418
f 1747/3821/449 1911/4179/449 1915/4187/418
f 1910/4177/449 1913/4183/449 1917/4191/418
f 1715/3752/418 1716/3754/450 1920/4200/450
f 1748/3823/418 1915/4187/418 1919/4196/450
f 1914/4185/418 1917/4191/418 1921/4202/450
f 1716/3755/450 1718/3759/451 1924/4209/451
f 1751/3831/450 1919/4197/450 1923/4207/451
f 1918/4194/450 1921/4203/450 1925/4211/451
f 1718/3759/451 1720/3763/452 1929/4219/452
f 1754/3837/451 1923/4207/451 1926/4213/452
f 1922/4205/451 1925/4211/451 1928/4217/452
f 1720/3763/452 1727/3778/453 1933/4227/453
f 1756/3841/452 1926/4213/452 1930/4221/453
f 1927/4215/452 1928/4217/452 1932/4225/453
f 1727/3778/453 1728/3780/454 1937/4235/454
f 1765/3860/453 1930/4221/453 1934/4229/454
f 1931/4223/453 1932/4225/453 1936/4233/454
f 1728/3780/454 1729/3782/455 1941/4243/455
f 1766/3862/454 1934/4229/454 1938/4237/455
f 1935/4231/454 1936/4233/454 1940/4241/455
f 1729/3782/455 1730/3784/456 1945/4251/456
f 1767/3864/455 1938/4237/455 1942/4245/456
f 1939/4239/455 1940/4241/455 1944/4249/456
f 1946/4253/457 1945/4251/456 1730/3784/456
f 1730/3784/456 1733/3790/427 1946/4253/457
f 1769/3868/456 1942/4245/456 1821/3991/427
f 1822/3993/427 1943/4247/456 1944/4249/456
f 1827/4004/416 1819/3987/416 1794/3922/416
f 1794/3922/416 1803/3940/416 1827/4004/416
f 1836/4022/416 1832/4014/416 1803/3940/416
f 1803/3940/416 1805/3945/416 1844/4038/416
f 1805/3945/416 1815/3974/416 1793/3919/416
f 1803/3940/416 1840/4030/416 1836/4022/416
f 1793/3919/416 1791/3915/416 1856/4065/416
f 1868/4090/416 1791/3915/416 1872/4098/416
f 1791/3915/416 1787/3907/416 1884/4122/416
f 1787/3907/416 1789/3911/416 1908/4174/416
f 1791/3915/416 1884/4122/416 1880/4114/416
f 1789/3911/416 1809/3956/416 1801/3936/416
f 1801/3936/416 1794/3922/416 1936/4234/416
f 1794/3922/416 1819/3987/416 1823/3996/416
f 1794/3922/416 1823/3996/416 1944/4250/416
f 1791/3915/416 1868/4090/416 1864/4082/416
f 1840/4030/416 1803/3940/416 1844/4038/416
f 1844/4038/416 1805/3945/416 1848/4046/416
f 1794/3922/416 1944/4250/416 1940/4242/416
f 1794/3922/416 1940/4242/416 1936/4234/416
f 1848/4046/416 1805/3945/416 1852/4054/416
f 1852/4054/416 1805/3945/416 1793/3919/416
f 1801/3936/416 1936/4234/416 1932/4226/416
f 1856/4065/416 1852/4054/416 1793/3919/416
f 1801/3936/416 1932/4226/416 1928/4218/416
f 1801/3936/416 1928/4218/416 1925/4212/416
f 1860/4074/416 1856/4065/416 1791/3915/416
f 1864/4082/416 1860/4074/416 1791/3915/416
f 1789/3911/416 1801/3936/416 1917/4192/416
f 1801/3936/416 1925/4212/416 1921/4204/416
f 1801/3936/416 1921/4204/416 1917/4192/416
f 1789/3911/416 1917/4192/416 1913/4184/416
f 1876/4106/416 1872/4098/416 1791/3915/416
f 1880/4114/416 1876/4106/416 1791/3915/416
f 1789/3911/416 1913/4184/416 1908/4174/416
f 1908/4174/416 1904/4166/416 1787/3907/416
f 1884/4122/416 1787/3907/416 1888/4133/416
f 1888/4133/416 1787/3907/416 1892/4142/416
f 1904/4166/416 1900/4158/416 1787/3907/416
f 1900/4158/416 1896/4150/416 1787/3907/416
f 1945/4252/417 1946/4254/417 1796/3926/417
f 1796/3926/417 1802/3938/417 1933/4228/417
f 1802/3938/417 1810/3959/417 1753/3834/417
f 1796/3926/417 1933/4228/417 1937/4236/417
f 1753/3834/417 1750/3826/417 1909/4176/417
f 1893/4144/417 1750/3826/417 1889/4136/417
f 1750/3826/417 1768/3865/417 1885/4124/417
f 1768/3865/417 1772/3873/417 1855/4062/417
f 1750/3826/417 1885/4124/417 1889/4136/417
f 1772/3873/417 1816/3978/417 1806/3948/417
f 1806/3948/417 1795/3924/417 1845/4040/417
f 1795/3924/417 1833/4016/417 1837/4024/417
f 1795/3924/417 1837/4024/417 1841/4032/417
f 1750/3826/417 1893/4144/417 1897/4152/417
f 1941/4244/417 1945/4252/417 1796/3926/417
f 1937/4236/417 1941/4244/417 1796/3926/417
f 1795/3924/417 1841/4032/417 1845/4040/417
f 1933/4228/417 1802/3938/417 1929/4220/417
f 1929/4220/417 1802/3938/417 1924/4210/417
f 1772/3873/417 1806/3948/417 1851/4052/417
f 1806/3948/417 1845/4040/417 1847/4044/417
f 1806/3948/417 1847/4044/417 1851/4052/417
f 1924/4210/417 1802/3938/417 1920/4201/417
f 1920/4201/417 1802/3938/417 1916/4190/417
f 1772/3873/417 1851/4052/417 1855/4062/417
f 1916/4190/417 1802/3938/417 1753/3834/417
f 1855/4062/417 1859/4072/417 1768/3865/417
f 1859/4072/417 1865/4084/417 1768/3865/417
f 1912/4182/417 1916/4190/417 1753/3834/417
f 1909/4176/417 1912/4182/417 1753/3834/417
f 1865/4084/417 1869/4092/417 1768/3865/417
f 1869/4092/417 1873/4100/417 1768/3865/417
f 1905/4168/417 1909/4176/417 1750/3826/417
f 1901/4160/417 1905/4168/417 1750/3826/417
f 1873/4100/417 1877/4108/417 1768/3865/417
f 1877/4108/417 1881/4116/417 1768/3865/417
f 1897/4152/417 1901/4160/417 1750/3826/417
f 1828/4006/417 1833/4016/417 1795/3924/417
f 1795/3924/417 1796/3926/417 1820/3990/417
f 1796/3926/417 1946/4254/417 1824/3998/417
f 1796/3926/417 1824/3998/417 1820/3990/417
f 1829/4008/416 1830/4010/416 1804/3942/416
f 1804/3942/416 1807/3951/416 1838/4026/416
f 1807/3951/416 1813/3969/416 1761/3850/416
f 1804/3942/416 1834/4018/416 1829/4008/416
f 1761/3850/416 1758/3844/416 1854/4059/416
f 1866/4086/416 1758/3844/416 1870/4094/416
f 1758/3844/416 1743/3811/416 1882/4118/416
f 1743/3811/416 1749/3824/416 1906/4170/416
f 1758/3844/416 1878/4110/416 1874/4102/416
f 1749/3824/416 1811/3963/416 1797/3928/416
f 1797/3928/416 1798/3930/416 1923/4208/416
f 1798/3930/416 1934/4230/416 1930/4222/416
f 1798/3930/416 1930/4222/416 1926/4214/416
f 1758/3844/416 1866/4086/416 1862/4078/416
f 1878/4110/416 1758/3844/416 1882/4118/416
f 1834/4018/416 1804/3942/416 1838/4026/416
f 1838/4026/416 1807/3951/416 1842/4034/416
f 1798/3930/416 1926/4214/416 1923/4208/416
f 1842/4034/416 1807/3951/416 1846/4042/416
f 1846/4042/416 1807/3951/416 1850/4050/416
f 1749/3824/416 1797/3928/416 1915/4188/416
f 1797/3928/416 1923/4208/416 1919/4198/416
f 1797/3928/416 1919/4198/416 1915/4188/416
f 1850/4050/416 1807/3951/416 1761/3850/416
f 1749/3824/416 1915/4188/416 1911/4180/416
f 1854/4059/416 1850/4050/416 1761/3850/416
f 1858/4070/416 1854/4059/416 1758/3844/416
f 1749/3824/416 1911/4180/416 1906/4170/416
f 1906/4170/416 1902/4162/416 1743/3811/416
f 1862/4078/416 1858/4070/416 1758/3844/416
f 1902/4162/416 1898/4154/416 1743/3811/416
f 1898/4154/416 1894/4146/416 1743/3811/416
f 1874/4102/416 1870/4094/416 1758/3844/416
f 1894/4146/416 1890/4138/416 1743/3811/416
f 1890/4138/416 1886/4127/416 1743/3811/416
f 1938/4238/416 1934/4230/416 1798/3930/416
f 1798/3930/416 1804/3942/416 1821/3992/416
f 1804/3942/416 1830/4010/416 1825/4000/416
f 1804/3942/416 1825/4000/416 1817/3981/416
f 1942/4246/416 1938/4238/416 1798/3930/416
f 1821/3992/416 1942/4246/416 1798/3930/416
f 1749/3825/458 1743/3812/459 1786/3903/459
f 1789/3912/458 1787/3908/459 1750/3827/459
f 1749/3825/460 1788/3909/460 1812/3965/460
f 1753/3835/460 1810/3960/460 1809/3957/460
f 1793/3920/461 1772/3874/461 1768/3866/462
f 1758/3845/462 1761/3851/461 1792/3917/461
f 1772/3874/463 1793/3920/463 1815/3975/463
f 1814/3971/463 1792/3917/463 1761/3851/463
f 1790/3913/462 1786/3904/459 1743/3813/459
f 1791/3916/462 1768/3866/462 1750/3828/459
f 1918/4195/417 1922/4206/417 1799/3932/417
f 1799/3932/417 1812/3966/417 1788/3910/417
f 1788/3910/417 1786/3905/417 1907/4172/417
f 1786/3905/417 1790/3914/417 1883/4120/417
f 1879/4112/417 1790/3914/417 1875/4104/417
f 1790/3914/417 1792/3918/417 1857/4068/417
f 1792/3918/417 1814/3972/417 1808/3954/417
f 1790/3914/417 1867/4088/417 1871/4096/417
f 1808/3954/417 1800/3934/417 1831/4012/417
f 1800/3934/417 1943/4248/417 1822/3994/417
f 1800/3934/417 1822/3994/417 1818/3984/417
f 1790/3914/417 1879/4112/417 1883/4120/417
f 1867/4088/417 1790/3914/417 1863/4080/417
f 1875/4104/417 1790/3914/417 1871/4096/417
f 1918/4195/417 1799/3932/417 1914/4186/417
f 1799/3932/417 1788/3910/417 1914/4186/417
f 1800/3934/417 1818/3984/417 1826/4002/417
f 1800/3934/417 1826/4002/417 1831/4012/417
f 1910/4178/417 1914/4186/417 1788/3910/417
f 1907/4172/417 1910/4178/417 1788/3910/417
f 1808/3954/417 1831/4012/417 1835/4020/417
f 1808/3954/417 1835/4020/417 1839/4028/417
f 1903/4164/417 1907/4172/417 1786/3905/417
f 1899/4156/417 1903/4164/417 1786/3905/417
f 1808/3954/417 1839/4028/417 1843/4036/417
f 1808/3954/417 1843/4036/417 1849/4048/417
f 1895/4148/417 1899/4156/417 1786/3905/417
f 1891/4140/417 1895/4148/417 1786/3905/417
f 1808/3954/417 1849/4048/417 1853/4056/417
f 1808/3954/417 1853/4056/417 1792/3918/417
f 1887/4130/417 1891/4140/417 1786/3905/417
f 1883/4120/417 1887/4130/417 1786/3905/417
f 1853/4056/417 1857/4068/417 1792/3918/417
f 1857/4068/417 1861/4076/417 1790/3914/417
f 1939/4240/417 1943/4248/417 1800/3934/417
f 1800/3934/417 1799/3932/417 1931/4224/417
f 1799/3932/417 1922/4206/417 1927/4216/417
f 1799/3932/417 1927/4216/417 1931/4224/417
f 1935/4232/417 1939/4240/417 1800/3934/417
f 1951/4267/427 1957/4281/427 1955/4276/427
f 1952/4269/464 1958/4284/464 1957/4282/464
f 1952/4269/424 1948/4258/424 1954/4274/424
f 1949/4261/465 1955/4276/465 1956/4278/465
f 1947/4256/418 1950/4264/418 1956/4279/418
f 1953/4271/466 1964/4300/466 1961/4292/466
f 1948/4259/467 1960/4289/467 1965/4303/467
f 1961/4292/418 1964/4300/418 1963/4298/418
f 1960/4290/424 1959/4287/424 1966/4306/424
o kopf
v -0.987090 7.228374 -0.976596
v -0.987090 9.228374 -0.976596
v 1.012911 7.228374 -0.976597
v 1.012911 9.228374 -0.976597
v -0.987089 7.228374 1.023404
v -0.987089 9.228374 1.023404
v 1.012912 7.228374 1.023403
v 1.012912 9.228374 1.023403
vn -0.0000 -0.0000 -1.0000
vn 1.0000 -0.0000 -0.0000
vn -0.0000 -0.0000 1.0000
vn -1.0000 -0.0000 -0.0000
vn -0.0000 -1.0000 -0.0000
vn -0.0000 1.0000 -0.0000
vt 0.421227 0.732969
vt 0.788328 0.328558
vt 0.223556 0.732979
vt 0.327098 0.732969
vt 0.694200 0.328558
vt 0.524768 0.607968
vt 0.788328 0.516857
vt 0.223556 0.638830
vt 0.421227 0.638820
vt 0.327098 0.638820
vt 0.694200 0.516857
vt 0.524768 0.702117
vt 0.788328 0.422707
vt 0.094129 0.643117
vt 0.317684 0.732979
vt 0.000000 0.643117
vt 0.694200 0.422707
vt 0.618897 0.607968
vt 0.094129 0.737266
vt 0.788328 0.422707
vt 0.317684 0.638830
vt 0.618897 0.702117
vt 0.694200 0.422707
vt 0.000000 0.737266
s 1
f 1968/4310/479 1969/4315/479 1967/4307/479
f 1970/4317/480 1973/4326/480 1969/4313/480
f 1974/4330/481 1971/4320/481 1973/4325/481
f 1972/4323/482 1967/4308/482 1971/4319/482
f 1973/4327/483 1967/4309/483 1969/4314/483
f 1970/4318/484 1972/4324/484 1974/4328/484
f 1968/4310/479 1970/4316/479 1969/4315/479
f 1970/4317/480 1974/4329/480 1973/4326/480
f 1974/4330/481 1972/4322/481 1971/4320/481
f 1972/4323/482 1968/4311/482 1967/4308/482
f 1973/4327/483 1971/4321/483 1967/4309/483
f 1970/4318/484 1968/4312/484 1972/4324/484
o oberarm.l
v -3.319429 6.716479 -0.176596
v -3.084831 4.950572 -0.159620
v -3.319430 5.292478 -0.976597
v -3.084831 4.885575 -0.406834
v -3.319429 6.646783 -0.423810
v -3.319429 6.444519 -0.646825
v -3.084831 4.696946 -0.629849
v -3.319430 6.129485 -0.823810
v -3.084832 4.403150 -0.806834
v -3.319430 5.732519 -0.937442
v -2.519429 5.292478 -0.976597
v -2.519429 6.716479 -0.176597
v -2.704831 4.950572 -0.159620
v -2.519429 5.732519 -0.937442
v -2.704832 4.403150 -0.806834
v -2.519429 6.129485 -0.823810
v -2.519429 6.444519 -0.646825
v -2.704831 4.696946 -0.629849
v -2.519429 6.646783 -0.423810
v -2.704831 4.885575 -0.406834
v -3.319429 5.292478 1.023404
v -3.319429 6.716479 0.223404
v -3.084831 4.950572 0.240380
v -3.319429 5.732519 0.984249
v -3.319429 6.129485 0.870617
v -3.084831 4.403150 0.887593
v -3.084831 4.696946 0.710608
v -3.319429 6.444519 0.693632
v -3.084831 4.885575 0.487593
v -3.319429 6.646783 0.470617
v -2.704831 4.950572 0.240380
v -2.519429 6.716479 0.223403
v -2.519429 5.292478 1.023403
v -2.519429 6.646783 0.470617
v -2.704831 4.885575 0.487593
v -2.519429 6.444519 0.693632
v -2.704831 4.696946 0.710608
v -2.519429 6.129485 0.870617
v -2.704831 4.403150 0.887593
v -2.519429 5.732519 0.984249
v -3.319430 4.580478 -0.976597
v -3.319429 3.156477 -0.176597
v -3.319430 4.140438 -0.937442
v -3.319430 3.743472 -0.823810
v -3.319429 3.428438 -0.646825
v -3.319429 3.226173 -0.423810
v -2.519429 3.156477 -0.176597
v -2.519429 4.580478 -0.976597
v -2.519429 3.226173 -0.423811
v -2.519429 3.428438 -0.646825
v -2.519429 3.743472 -0.823811
v -2.519429 4.140438 -0.937442
v -3.319429 3.156477 0.223403
v -3.319429 4.580478 1.023403
v -3.319429 3.226173 0.470617
v -3.319429 3.428438 0.693632
v -3.319429 3.743472 0.870617
v -3.319429 4.140438 0.984249
v -2.519429 4.580478 1.023403
v -2.519429 3.156477 0.223403
v -2.519429 4.140438 0.984249
v -2.519429 3.743472 0.870617
v -2.519429 3.428438 0.693631
v -2.519429 3.226173 0.470617
v -3.084831 3.156477 -0.176597
v -2.704831 3.156477 -0.176597
v -3.084831 3.226173 -0.423810
v -2.704831 3.226173 -0.423810
v -3.084831 3.428438 -0.646825
v -2.704831 3.428438 -0.646825
v -3.084832 3.743472 -0.823810
v -2.704832 3.743472 -0.823811
v -3.084832 4.056199 -0.913328
v -2.704832 4.056199 -0.913329
v -3.084831 3.156477 0.223403
v -2.704831 3.156477 0.223403
v -3.084831 3.226173 0.470617
v -2.704831 3.226173 0.470617
v -3.084831 3.428438 0.693631
v -2.704831 3.428438 0.693631
v -2.704831 3.743472 0.870617
v -3.084831 3.743472 0.870617
v -3.084831 4.113435 0.976519
v -2.704831 4.113435 0.976519
v -2.459430 3.683816 0.023403
v -2.459430 3.679973 0.062421
v -2.459430 3.668592 0.099940
v -2.459430 3.650110 0.134517
v -2.459430 3.625238 0.164825
v -2.459430 3.594930 0.189697
v -2.459430 3.560353 0.208179
v -2.459430 3.522834 0.219560
v -2.459430 3.483816 0.223403
v -2.459430 3.444798 0.219560
v -2.459430 3.407279 0.208179
v -2.459430 3.372702 0.189697
v -2.459430 3.342395 0.164824
v -2.459430 3.317523 0.134517
v -2.459430 3.299040 0.099940
v -2.459430 3.287659 0.062421
v -2.459430 3.283816 0.023403
v -2.459430 3.287659 -0.015615
v -2.459430 3.299040 -0.053134
v -2.459430 3.317523 -0.087711
v -2.459430 3.342395 -0.118018
v -2.459430 3.372702 -0.142891
v -2.459430 3.407279 -0.161373
v -2.459430 3.444798 -0.172754
v -2.459430 3.483816 -0.176597
v -2.459430 3.522834 -0.172754
v -2.459430 3.560353 -0.161373
v -2.459430 3.594930 -0.142891
v -2.459430 3.625238 -0.118018
v -2.459430 3.650110 -0.087711
v -2.459430 3.668592 -0.053134
v -2.459430 3.679973 -0.015615
v -2.519429 3.683816 0.023403
v -2.704831 3.683816 0.023403
v -3.084831 3.683816 0.023403
v -2.519429 3.679973 0.062421
v -2.704831 3.679973 0.062421
v -3.084831 3.679973 0.062421
v -2.519429 3.668592 0.099940
v -2.704831 3.668592 0.099940
v -3.084831 3.668592 0.099940
v -2.519429 3.650110 0.134517
v -2.704831 3.650110 0.134517
v -3.084831 3.650110 0.134517
v -2.519429 3.625238 0.164825
v -2.704831 3.625238 0.164825
v -3.084831 3.625238 0.164825
v -2.519429 3.594930 0.189697
v -2.704831 3.594930 0.189697
v -3.084831 3.594930 0.189697
v -2.519429 3.560353 0.208179
v -2.704831 3.560353 0.208179
v -3.084831 3.560353 0.208179
v -2.519429 3.522834 0.219560
v -2.704831 3.522834 0.219560
v -3.084831 3.522834 0.219560
v -2.519429 3.483816 0.223403
v -2.704831 3.483816 0.223403
v -3.084831 3.483816 0.223403
v -2.519429 3.444798 0.219560
v -2.704831 3.444798 0.219560
v -3.084831 3.444798 0.219560
v -2.519429 3.407279 0.208179
v -2.704831 3.407279 0.208179
v -3.084831 3.407279 0.208179
v -2.519429 3.372702 0.189697
v -2.704831 3.372702 0.189697
v -3.084831 3.372702 0.189697
v -2.519429 3.342395 0.164824
v -2.704831 3.342395 0.164825
v -3.084831 3.342395 0.164825
v -2.519429 3.317523 0.134517
v -2.704831 3.317523 0.134517
v -3.084831 3.317523 0.134517
v -2.519429 3.299040 0.099940
v -2.704831 3.299040 0.099940
v -3.084831 3.299040 0.099940
v -2.519429 3.287659 0.062421
v -2.704831 3.287659 0.062421
v -3.084831 3.287659 0.062421
v -2.519429 3.283816 0.023403
v -2.704831 3.283816 0.023403
v -3.084831 3.283816 0.023403
v -2.519429 3.287659 -0.015615
v -2.704831 3.287659 -0.015615
v -3.084831 3.287659 -0.015615
v -2.519429 3.299040 -0.053134
v -2.704831 3.299040 -0.053133
v -3.084831 3.299040 -0.053133
v -2.519429 3.317523 -0.087711
v -2.704831 3.317523 -0.087711
v -3.084831 3.317523 -0.087711
v -2.519429 3.342395 -0.118018
v -2.704831 3.342395 -0.118018
v -3.084831 3.342395 -0.118018
v -2.519429 3.372702 -0.142891
v -2.704831 3.372702 -0.142891
v -3.084831 3.372702 -0.142891
v -2.519429 3.407279 -0.161373
v -2.704831 3.407279 -0.161373
v -3.084831 3.407279 -0.161373
v -2.519429 3.444798 -0.172754
v -2.704831 3.444798 -0.172754
v -3.084831 3.444798 -0.172754
v -2.519429 3.483816 -0.176597
v -2.704831 3.483816 -0.176597
v -3.084831 3.483816 -0.176597
v -2.519429 3.522834 -0.172754
v -2.704831 3.522834 -0.172754
v -3.084831 3.522834 -0.172754
v -2.519429 3.560353 -0.161373
v -2.704831 3.560353 -0.161373
v -3.084831 3.560353 -0.161373
v -2.519429 3.594930 -0.142891
v -2.704831 3.594930 -0.142891
v -3.084831 3.594930 -0.142891
v -2.519429 3.625238 -0.118018
v -2.704831 3.625238 -0.118018
v -3.084831 3.625238 -0.118018
v -2.519429 3.650110 -0.087711
v -2.704831 3.650110 -0.087711
v -3.084831 3.650110 -0.087711
v -2.519429 3.668592 -0.053134
v -2.704831 3.668592 -0.053133
v -3.084831 3.668592 -0.053133
v -2.519429 3.679973 -0.015615
v -2.704831 3.679973 -0.015615
v -3.084831 3.679973 -0.015615
v -2.519429 6.050339 -0.368911
v -2.519429 6.128376 -0.376597
v -2.519429 6.281449 -0.346148
v -2.519429 6.206412 -0.368911
v -2.519429 6.350604 -0.309184
v -2.519429 6.411218 -0.259439
v -2.519429 6.460964 -0.198825
v -2.519429 6.520689 -0.054633
v -2.519429 6.497927 -0.129670
v -2.519429 6.460964 0.245632
v -2.519429 6.497927 0.176477
v -2.519429 6.411218 0.306246
v -2.519429 6.350604 0.355991
v -2.519429 5.975302 0.392955
v -2.519429 6.281449 0.392955
v -2.519429 6.128376 0.423403
v -2.519429 6.050339 0.415718
v -2.519429 6.206412 0.415718
v -2.519429 5.906147 0.355991
v -2.519429 6.528376 0.023403
v -2.519429 6.520689 0.101440
v -2.519429 5.906147 -0.309184
v -2.519429 5.975302 -0.346148
v -2.519429 5.845533 -0.259439
v -2.519429 5.758824 -0.129670
v -2.519429 5.795787 -0.198825
v -2.519429 5.736062 -0.054633
v -2.519429 5.736062 0.101439
v -2.519429 5.728376 0.023403
v -2.519429 5.845533 0.306246
v -2.519429 5.795787 0.245631
v -2.519429 5.758824 0.176477
v -3.319429 6.050339 -0.368911
v -3.319429 6.128376 -0.376596
v -3.319429 6.281449 -0.346148
v -3.319429 5.975302 -0.346148
v -3.319429 6.206412 -0.368911
v -3.319429 6.411218 -0.259439
v -3.319429 5.906147 -0.309184
v -3.319429 6.460964 -0.198825
v -3.319429 6.497927 -0.129670
v -3.319429 6.350604 -0.309184
v -3.319429 6.497927 0.176477
v -3.319429 6.460964 0.245632
v -3.319429 6.520689 0.101440
v -3.319429 6.350604 0.355991
v -3.319429 6.281449 0.392955
v -3.319429 6.128376 0.423404
v -3.319429 6.050339 0.415718
v -3.319429 6.206412 0.415718
v -3.319429 6.411218 0.306246
v -3.319429 6.528376 0.023404
v -3.319429 6.520689 -0.054633
v -3.319429 5.795787 -0.198825
v -3.319429 5.845533 -0.259439
v -3.319429 5.728376 0.023404
v -3.319429 5.736062 -0.054633
v -3.319429 5.758824 -0.129670
v -3.319429 5.758824 0.176477
v -3.319429 5.845533 0.306246
v -3.319429 5.795787 0.245632
v -3.319429 5.906147 0.355991
v -3.319429 5.975302 0.392955
v -3.319429 5.736062 0.101440
vn -0.0000 0.9906 -0.1370
vn -0.0000 0.9906 0.1370
vn 1.0000 -0.0000 -0.0000
vn -1.0000 -0.0000 -0.0000
vn -0.0000 0.0444 0.9990
vn -0.0000 -0.0444 0.9990
vn -0.0000 0.8748 -0.4844
vn -0.0000 0.6233 -0.7820
vn -0.0000 0.3851 -0.9229
vn -0.0000 0.1827 -0.9832
vn -0.0000 0.0444 -0.9990
vn -0.0000 0.8748 0.4844
vn -0.0000 0.6233 0.7820
vn -0.0000 0.3851 0.9229
vn -0.0000 0.1827 0.9832
vn -0.0000 -0.0444 -0.9990
vn -0.0000 -0.8748 -0.4844
vn -0.0000 -0.9906 -0.1370
vn -0.0000 -0.6233 -0.7820
vn -0.0000 -0.3851 -0.9229
vn -0.0000 -0.2752 -0.9614
vn -0.0000 -0.1827 -0.9832
vn -0.0000 -0.9906 0.1370
vn -0.0000 -0.8748 0.4844
vn -0.0000 -0.6233 0.7820
vn -0.0000 -0.3851 0.9229
vn -0.0000 -0.2752 0.9614
vn -0.0000 -0.1827 0.9832
vn -0.0000 -0.9917 -0.1282
vn -0.0000 -0.9917 0.1282
vn -0.0000 -0.8872 0.4614
vn -0.0000 -0.6484 0.7613
vn -0.0000 -0.4078 0.9131
vn -0.0000 -0.2934 0.9560
vn -0.0000 -0.8872 -0.4614
vn -0.0000 -0.6484 -0.7613
vn -0.0000 -0.4078 -0.9131
vn -0.0000 -0.2934 -0.9560
vn -0.0000 1.0000 -0.0000
vn -0.0000 0.9808 0.1951
vn -0.0000 0.9239 0.3827
vn -0.0000 0.8315 0.5556
vn -0.0000 0.7071 0.7071
vn -0.0000 0.5556 0.8315
vn -0.0000 0.3827 0.9239
vn -0.0000 0.1951 0.9808
vn -0.0000 -0.0000 1.0000
vn -0.0000 -0.1951 0.9808
vn -0.0000 -0.3827 0.9239
vn -0.0000 -0.5556 0.8315
vn -0.0000 -0.7071 0.7071
vn -0.0000 -0.8315 0.5556
vn -0.0000 -0.9239 0.3827
vn -0.0000 -0.9808 0.1951
vn -0.0000 -1.0000 -0.0000
vn -0.0000 -0.9808 -0.1951
vn -0.0000 -0.9239 -0.3827
vn -0.0000 -0.8315 -0.5556
vn -0.0000 -0.7071 -0.7071
vn -0.0000 -0.5556 -0.8315
vn -0.0000 -0.3827 -0.9239
vn -0.0000 -0.1951 -0.9808
vn -0.0000 -0.0000 -1.0000
vn -0.0000 0.1951 -0.9808
vn -0.0000 0.3827 -0.9239
vn -0.0000 0.5556 -0.8315
vn -0.0000 0.7071 -0.7071
vn -0.0000 0.8315 -0.5556
vn -0.0000 0.9239 -0.3827
vn -0.0000 0.9808 -0.1951
vt 0.541008 0.189721
vt 0.468291 0.401995
vt 0.673493 0.912148
vt 0.246075 0.738422
vt 0.430639 0.334961
vt 0.056477 0.511249
vt 0.235731 0.744566
vt 0.673493 0.900346
vt 0.456656 0.398714
vt 0.541008 0.178084
vt 0.056477 0.458146
vt 0.446160 0.389192
vt 0.541008 0.167585
vt 0.590658 0.607288
vt 0.228083 0.755992
vt 0.673493 0.889325
vt 0.437830 0.374362
vt 0.056477 0.472401
vt 0.223880 0.771581
vt 0.590658 0.592943
vt 0.432482 0.355675
vt 0.056477 0.490698
vt 0.195553 0.335063
vt 0.094129 0.511249
vt 0.157901 0.402097
vt 0.503356 0.189721
vt 0.022519 0.818729
vt 0.691377 0.912148
vt 0.193710 0.355777
vt 0.094129 0.490698
vt 0.000325 0.785570
vt 0.608543 0.592943
vt 0.188362 0.374464
vt 0.094129 0.472401
vt 0.180032 0.389294
vt 0.503356 0.167585
vt 0.094129 0.458146
vt 0.004528 0.801159
vt 0.691377 0.889325
vt 0.608543 0.607288
vt 0.169536 0.398816
vt 0.503356 0.178084
vt 0.012175 0.812585
vt 0.691377 0.900346
vt 0.524768 0.334961
vt 0.835393 0.260545
vt 0.487117 0.401995
vt 0.541008 0.208551
vt 0.264174 0.733240
vt 0.673493 0.930943
vt 0.522925 0.355675
vt 0.835393 0.281096
vt 0.517577 0.374362
vt 0.835393 0.299393
vt 0.300548 0.749630
vt 0.092246 0.623893
vt 0.288735 0.738627
vt 0.673493 0.952309
vt 0.092246 0.638238
vt 0.509248 0.389192
vt 0.541008 0.230687
vt 0.835393 0.313648
vt 0.276201 0.732979
vt 0.673493 0.942372
vt 0.498752 0.398714
vt 0.541008 0.220188
vt 0.691377 0.930943
vt 0.040618 0.823911
vt 0.503356 0.208551
vt 0.139075 0.402097
vt 0.101424 0.335063
vt 0.873044 0.260545
vt 0.127440 0.398816
vt 0.503356 0.220188
vt 0.052646 0.824172
vt 0.691377 0.942372
vt 0.873044 0.313648
vt 0.116944 0.389294
vt 0.503356 0.230687
vt 0.074362 0.638238
vt 0.065179 0.818524
vt 0.691377 0.952309
vt 0.108615 0.374464
vt 0.873044 0.299393
vt 0.076993 0.807521
vt 0.074362 0.623893
vt 0.103267 0.355777
vt 0.873044 0.281096
vt 0.430639 0.301444
vt 0.056477 0.544694
vt 0.468291 0.234409
vt 1.000000 0.326619
vt 0.432482 0.280729
vt 0.056477 0.565485
vt 0.437830 0.262042
vt 0.056477 0.584482
vt 0.446160 0.247212
vt 0.056477 0.599824
vt 0.056477 0.610011
vt 0.456656 0.237690
vt 1.000000 0.338035
vt 0.157901 0.234511
vt 0.476911 0.955938
vt 0.195553 0.301546
vt 0.094129 0.544694
vt 0.169536 0.237792
vt 0.476911 0.944523
vt 0.094129 0.610011
vt 0.180032 0.247314
vt 0.094129 0.599824
vt 0.188362 0.262144
vt 0.094129 0.584482
vt 0.193710 0.280831
vt 0.094129 0.565485
vt 0.487117 0.234409
vt 1.000000 0.307825
vt 0.524768 0.301444
vt 0.835393 0.227100
vt 0.498752 0.237690
vt 1.000000 0.296009
vt 1.000000 0.284949
vt 0.509248 0.247212
vt 0.835393 0.171970
vt 0.517577 0.262042
vt 0.835393 0.187313
vt 0.522925 0.280729
vt 0.835393 0.206309
vt 0.101424 0.301546
vt 0.873044 0.227100
vt 0.139075 0.234511
vt 0.476911 0.974733
vt 0.103267 0.280831
vt 0.873044 0.206309
vt 0.108615 0.262144
vt 0.873044 0.187313
vt 0.116944 0.247314
vt 0.476911 0.997609
vt 0.873044 0.171970
vt 0.127440 0.237792
vt 0.476911 0.986549
vt 0.988959 0.326619
vt 0.268544 0.819837
vt 0.468185 0.955938
vt 0.044988 0.737314
vt 0.988959 0.338035
vt 0.067518 0.610011
vt 0.256455 0.819886
vt 0.468185 0.944523
vt 0.085403 0.610011
vt 0.032900 0.737265
vt 0.067518 0.599824
vt 0.243745 0.813621
vt 0.085403 0.599824
vt 0.020189 0.743530
vt 0.067518 0.584482
vt 0.231656 0.801656
vt 0.085403 0.584482
vt 0.008101 0.755495
vt 0.067518 0.569517
vt 0.223556 0.788663
vt 0.590658 0.576318
vt 0.608543 0.576318
vt 0.085403 0.569517
vt 0.000000 0.768488
vt 0.988959 0.307825
vt 0.286643 0.814655
vt 0.468185 0.974733
vt 0.063087 0.742496
vt 0.988959 0.296009
vt 0.296926 0.808299
vt 0.468185 0.986549
vt 0.073370 0.748852
vt 0.988959 0.284949
vt 0.846434 0.171970
vt 0.304397 0.796255
vt 0.864318 0.171970
vt 0.468185 0.997609
vt 0.080841 0.760895
vt 0.864318 0.187313
vt 0.084769 0.777446
vt 0.846434 0.187313
vt 0.308324 0.779705
vt 0.092246 0.610010
vt 0.846434 0.205017
vt 0.308324 0.761590
vt 0.864318 0.205017
vt 0.084769 0.795561
vt 0.074362 0.610010
vt 0.210035 0.385832
vt 0.872504 0.517436
vt 0.210035 0.387669
vt 0.871798 0.519141
vt 0.210035 0.389435
vt 0.870773 0.520675
vt 0.210035 0.391063
vt 0.869468 0.521980
vt 0.210035 0.392489
vt 0.523961 0.622757
vt 0.867934 0.523006
vt 0.523961 0.621410
vt 0.866229 0.523712
vt 0.523961 0.619842
vt 0.864419 0.524072
vt 0.523961 0.618115
vt 0.862574 0.524072
vt 0.523961 0.616294
vt 0.860764 0.523712
vt 0.523961 0.614449
vt 0.859059 0.523006
vt 0.523961 0.612652
vt 0.857525 0.521980
vt 0.523961 0.610971
vt 0.856220 0.520675
vt 0.523961 0.609471
vt 0.523961 0.596185
vt 0.855195 0.519141
vt 0.523961 0.594689
vt 0.854489 0.517436
vt 0.523961 0.593011
vt 0.854129 0.515625
vt 0.523961 0.591216
vt 0.854129 0.513780
vt 0.523961 0.589372
vt 0.854489 0.511970
vt 0.523961 0.587549
vt 0.855195 0.510265
vt 0.523961 0.585819
vt 0.856220 0.508730
vt 0.523961 0.584247
vt 0.857525 0.507425
vt 0.523961 0.582895
vt 0.521137 0.596185
vt 0.859059 0.506400
vt 0.521137 0.597685
vt 0.860764 0.505693
vt 0.521137 0.599366
vt 0.862574 0.505333
vt 0.521137 0.601163
vt 0.864419 0.505333
vt 0.521137 0.603008
vt 0.866229 0.505693
vt 0.521137 0.604829
vt 0.867934 0.506400
vt 0.521137 0.606556
vt 0.869468 0.507425
vt 0.521137 0.608124
vt 0.870773 0.508730
vt 0.521137 0.609471
vt 0.210035 0.379175
vt 0.871798 0.510265
vt 0.210035 0.380601
vt 0.872504 0.511970
vt 0.210035 0.382229
vt 0.872864 0.513780
vt 0.210035 0.383995
vt 0.872864 0.515625
vt 0.212859 0.385832
vt 0.613033 0.865843
vt 0.854013 0.760237
vt 0.824588 0.338678
vt 0.854013 0.742349
vt 0.430241 0.874852
vt 0.212859 0.387669
vt 0.613739 0.864138
vt 0.855850 0.760237
vt 0.824948 0.340488
vt 0.855850 0.742349
vt 0.430601 0.873042
vt 0.212859 0.389435
vt 0.614099 0.862328
vt 0.857616 0.760237
vt 0.824948 0.342334
vt 0.857616 0.742349
vt 0.430601 0.871196
vt 0.212859 0.391063
vt 0.614099 0.860482
vt 0.859243 0.760237
vt 0.824588 0.344144
vt 0.859243 0.742349
vt 0.430241 0.869386
vt 0.212859 0.392489
vt 0.521137 0.622757
vt 0.613739 0.858672
vt 0.860669 0.760237
vt 0.813848 0.977825
vt 0.823882 0.345849
vt 0.860669 0.742349
vt 0.813848 0.959937
vt 0.429535 0.867681
vt 0.521137 0.621410
vt 0.613033 0.856967
vt 0.815196 0.977825
vt 0.822857 0.347384
vt 0.815196 0.959937
vt 0.428510 0.866146
vt 0.521137 0.619842
vt 0.612008 0.855432
vt 0.816762 0.977825
vt 0.821552 0.348689
vt 0.816762 0.959937
vt 0.427205 0.864841
vt 0.521137 0.618115
vt 0.610703 0.854127
vt 0.818490 0.977825
vt 0.820018 0.349714
vt 0.818490 0.959937
vt 0.425671 0.863816
vt 0.521137 0.616294
vt 0.609169 0.853102
vt 0.820310 0.977825
vt 0.818313 0.350420
vt 0.820310 0.959937
vt 0.423966 0.863110
vt 0.521137 0.614449
vt 0.607464 0.852395
vt 0.822155 0.977825
vt 0.816503 0.350780
vt 0.822155 0.959937
vt 0.422156 0.862750
vt 0.521137 0.612652
vt 0.605654 0.852035
vt 0.823951 0.977825
vt 0.814658 0.350780
vt 0.823951 0.959937
vt 0.420311 0.862750
vt 0.521137 0.610971
vt 0.603809 0.852035
vt 0.825632 0.977825
vt 0.812848 0.350420
vt 0.825632 0.959937
vt 0.418501 0.863110
vt 0.521137 0.609471
vt 0.521137 0.596185
vt 0.601999 0.852395
vt 0.920638 0.977663
vt 0.827132 0.977825
vt 0.811143 0.349714
vt 0.827132 0.959937
vt 0.920638 0.959774
vt 0.416797 0.863816
vt 0.521137 0.594689
vt 0.600294 0.853102
vt 0.922134 0.977663
vt 0.809609 0.348689
vt 0.922133 0.959774
vt 0.415262 0.864841
vt 0.521137 0.593011
vt 0.598760 0.854127
vt 0.923811 0.977663
vt 0.808304 0.347384
vt 0.923811 0.959774
vt 0.413958 0.866146
vt 0.521137 0.591216
vt 0.597456 0.855432
vt 0.925606 0.977663
vt 0.807279 0.345849
vt 0.925606 0.959774
vt 0.412932 0.867681
vt 0.521137 0.589372
vt 0.596430 0.856967
vt 0.927450 0.977663
vt 0.806573 0.344144
vt 0.927450 0.959774
vt 0.412226 0.869386
vt 0.521137 0.587549
vt 0.595724 0.858672
vt 0.929272 0.977663
vt 0.806213 0.342334
vt 0.929272 0.959774
vt 0.411866 0.871196
vt 0.521137 0.585819
vt 0.595364 0.860482
vt 0.931002 0.977663
vt 0.806213 0.340488
vt 0.931002 0.959774
vt 0.411866 0.873042
vt 0.521137 0.584247
vt 0.595364 0.862328
vt 0.932573 0.977663
vt 0.806573 0.338678
vt 0.932573 0.959774
vt 0.412226 0.874852
vt 0.521137 0.582895
vt 0.523961 0.596185
vt 0.595724 0.864138
vt 0.933925 0.977663
vt 0.710307 0.960299
vt 0.807279 0.336973
vt 0.710307 0.978187
vt 0.933925 0.959774
vt 0.412932 0.876557
vt 0.523961 0.597685
vt 0.596430 0.865843
vt 0.708807 0.960299
vt 0.808304 0.335438
vt 0.708807 0.978187
vt 0.413957 0.878092
vt 0.523961 0.599366
vt 0.597456 0.867378
vt 0.707127 0.960299
vt 0.809609 0.334133
vt 0.707127 0.978187
vt 0.415262 0.879397
vt 0.523961 0.601163
vt 0.598760 0.868683
vt 0.705330 0.960299
vt 0.811143 0.333108
vt 0.705330 0.978187
vt 0.416796 0.880422
vt 0.523961 0.603008
vt 0.600294 0.869708
vt 0.703485 0.960299
vt 0.812848 0.332401
vt 0.703485 0.978187
vt 0.418501 0.881129
vt 0.523961 0.604829
vt 0.601999 0.870414
vt 0.701665 0.960299
vt 0.814658 0.332041
vt 0.701665 0.978187
vt 0.420311 0.881489
vt 0.523961 0.606556
vt 0.603809 0.870774
vt 0.699938 0.960299
vt 0.816503 0.332041
vt 0.699938 0.978187
vt 0.422156 0.881489
vt 0.523961 0.608124
vt 0.605654 0.870774
vt 0.698371 0.960299
vt 0.818313 0.332401
vt 0.698371 0.978187
vt 0.423966 0.881129
vt 0.523961 0.609471
vt 0.212859 0.379175
vt 0.607464 0.870414
vt 0.697024 0.960299
vt 0.847357 0.760237
vt 0.820018 0.333108
vt 0.847357 0.742349
vt 0.697024 0.978187
vt 0.425671 0.880422
vt 0.212859 0.380601
vt 0.609169 0.869708
vt 0.848784 0.760237
vt 0.821552 0.334133
vt 0.848784 0.742349
vt 0.427205 0.879397
vt 0.212859 0.382229
vt 0.610703 0.868683
vt 0.850411 0.760237
vt 0.822857 0.335438
vt 0.850411 0.742349
vt 0.428510 0.878092
vt 0.212859 0.383995
vt 0.612008 0.867378
vt 0.852177 0.760237
vt 0.823882 0.336973
vt 0.852177 0.742349
vt 0.429535 0.876557
vt 0.166952 0.370739
vt 0.597615 0.975145
vt 0.167314 0.374412
vt 0.593973 0.975145
vt 0.165881 0.381618
vt 0.586691 0.975145
vt 0.166952 0.378086
vt 0.590285 0.975145
vt 0.164141 0.384873
vt 0.583330 0.975145
vt 0.524768 0.932517
vt 0.161800 0.387727
vt 0.580330 0.975145
vt 0.158947 0.390069
vt 0.527758 0.932517
vt 0.152161 0.392880
vt 0.534703 0.932517
vt 0.155693 0.391809
vt 0.531113 0.932517
vt 0.138029 0.390069
vt 0.548637 0.932517
vt 0.141284 0.391809
vt 0.545495 0.932517
vt 0.135176 0.387727
vt 0.551342 0.932517
vt 0.132835 0.384873
vt 0.554342 0.932517
vt 0.131095 0.367206
vt 0.572081 0.932517
vt 0.131095 0.381618
vt 0.557703 0.932517
vt 0.129662 0.374412
vt 0.564985 0.932517
vt 0.130024 0.370739
vt 0.568627 0.932517
vt 0.130024 0.378086
vt 0.561297 0.932517
vt 0.132835 0.363951
vt 0.575215 0.932517
vt 0.148488 0.393242
vt 0.538391 0.932517
vt 0.144816 0.392880
vt 0.542035 0.932517
vt 0.164141 0.363951
vt 0.604203 0.975145
vt 0.165881 0.367206
vt 0.601068 0.975145
vt 0.161800 0.361097
vt 0.697024 0.960299
vt 0.606897 0.975145
vt 0.155693 0.357016
vt 0.703131 0.960299
vt 0.158947 0.358756
vt 0.699876 0.960299
vt 0.152161 0.355944
vt 0.706663 0.960299
vt 0.144816 0.355944
vt 0.714008 0.960299
vt 0.148488 0.355582
vt 0.710335 0.960299
vt 0.135176 0.361097
vt 0.577909 0.932517
vt 0.723647 0.960299
vt 0.138029 0.358756
vt 0.720794 0.960299
vt 0.141284 0.357016
vt 0.717540 0.960299
vt 0.459240 0.370637
vt 0.597615 0.937485
vt 0.458878 0.374310
vt 0.593973 0.937485
vt 0.460311 0.381516
vt 0.586691 0.937485
vt 0.460311 0.367104
vt 0.601068 0.937485
vt 0.459240 0.377984
vt 0.590285 0.937485
vt 0.464392 0.387625
vt 0.580330 0.937485
vt 0.524768 0.970177
vt 0.462051 0.363849
vt 0.604203 0.937485
vt 0.467245 0.389966
vt 0.527758 0.970177
vt 0.470499 0.391707
vt 0.531113 0.970177
vt 0.462051 0.384771
vt 0.583330 0.937485
vt 0.484908 0.391707
vt 0.545495 0.970177
vt 0.488163 0.389966
vt 0.548637 0.970177
vt 0.481376 0.392778
vt 0.542035 0.970177
vt 0.493357 0.384771
vt 0.554342 0.970177
vt 0.495096 0.381516
vt 0.557703 0.970177
vt 0.496529 0.374310
vt 0.564985 0.970177
vt 0.496168 0.370637
vt 0.568627 0.970177
vt 0.496168 0.377984
vt 0.561297 0.970177
vt 0.491015 0.387625
vt 0.551342 0.970177
vt 0.477704 0.393140
vt 0.538391 0.970177
vt 0.474031 0.392778
vt 0.534703 0.970177
vt 0.467245 0.358654
vt 0.699876 0.922639
vt 0.606897 0.937485
vt 0.464392 0.360995
vt 0.697024 0.922639
vt 0.477704 0.355480
vt 0.710335 0.922639
vt 0.474031 0.355842
vt 0.706663 0.922639
vt 0.470499 0.356914
vt 0.703131 0.922639
vt 0.484908 0.356914
vt 0.717540 0.922639
vt 0.723647 0.922639
vt 0.491015 0.360995
vt 0.577909 0.970177
vt 0.488163 0.358654
vt 0.720794 0.922639
vt 0.493357 0.363849
vt 0.575215 0.970177
vt 0.495096 0.367104
vt 0.572081 0.970177
vt 0.481376 0.355842
vt 0.714008 0.922639
s 1
usemtl 
f 1986/4356/485 1996/4378/486 2006/4399/486
f 1986/4355/487 2193/4804/487 2192/4802/487
f 2218/4856/487 2037/4466/487 2214/4847/487
f 2244/4910/488 2019/4427/488 2243/4908/488
f 2237/4895/488 2232/4885/488 2004/4395/488
f 2007/4402/489 2028/4448/490 2033/4459/490
f 1986/4356/485 1979/4340/491 1975/4331/485
f 1993/4372/491 1980/4343/492 1979/4340/491
f 1991/4367/492 1982/4348/493 1980/4341/492
f 1990/4364/493 1984/4352/494 1982/4348/493
f 1988/4360/494 1977/4336/495 1984/4352/494
f 1996/4378/486 2008/4404/496 2006/4399/486
f 2004/4396/496 2010/4409/497 2008/4404/496
f 2002/4392/497 2012/4414/498 2010/4407/497
f 1999/4384/498 2014/4418/499 2012/4414/498
f 1998/4382/499 2007/4402/489 2014/4418/499
f 1977/4336/495 2022/4435/500 2015/4420/500
f 2020/4431/501 2039/4471/502 2016/4422/502
f 2023/4437/501 2040/4473/502 2042/4478/501
f 2019/4428/503 2041/4476/501 2020/4429/501
f 2023/4438/501 2044/4483/503 2024/4440/503
f 2018/4426/504 2043/4481/503 2019/4428/503
f 2025/4442/504 2044/4483/503 2046/4487/504
f 2047/4489/505 2017/4424/506 2026/4444/506
f 2017/4424/506 2022/4435/500 2026/4444/506
f 2034/4461/507 2052/4501/508 2050/4497/507
f 2027/4446/507 2051/4499/508 2029/4450/508
f 2038/4470/508 2054/4507/509 2052/4501/508
f 2029/4450/508 2053/4503/509 2030/4451/509
f 2037/4468/509 2055/4509/510 2054/4506/509
f 2031/4455/510 2053/4504/509 2056/4511/510
f 2057/4514/511 2058/4516/511 2035/4463/512
f 2035/4463/512 2028/4448/490 2032/4457/512
f 2016/4422/502 2049/4495/507 2027/4446/507
f 2021/4433/502 2050/4497/507 2040/4473/502
f 1997/4380/513 1987/4358/514 2005/4397/513
f 2052/4502/488 2054/4508/488 2009/4405/488
f 2041/4477/487 2043/4482/487 1981/4345/487
f 1978/4338/515 1987/4358/514 1976/4333/514
f 1981/4346/516 1994/4374/515 1978/4338/515
f 1983/4350/517 1992/4370/516 1981/4344/516
f 1989/4362/517 2047/4491/518 2048/4492/518
f 2009/4406/519 1997/4380/513 2005/4397/513
f 2011/4412/520 2003/4394/519 2009/4406/519
f 2013/4416/521 2001/4389/520 2011/4410/520
f 2000/4386/521 2058/4518/522 2057/4513/522
f 2059/4519/523 2094/4593/524 2060/4521/524
f 2095/4595/524 2093/4591/523 2096/4597/524
f 2099/4603/525 2095/4595/524 2096/4597/524
f 2060/4521/524 2097/4599/525 2061/4523/525
f 2102/4609/526 2098/4601/525 2099/4603/525
f 2061/4523/525 2100/4605/526 2062/4525/526
f 2105/4617/527 2101/4607/526 2102/4609/526
f 2062/4525/526 2103/4611/527 2063/4527/527
f 2104/4615/527 2108/4624/528 2107/4622/528
f 2064/4530/528 2103/4612/527 2106/4620/528
f 2065/4532/529 2106/4620/528 2109/4626/529
f 2108/4624/528 2110/4628/529 2107/4622/528
f 2111/4630/529 2113/4634/530 2110/4628/529
f 2066/4534/530 2109/4626/529 2112/4632/530
f 2114/4636/530 2116/4640/531 2113/4634/530
f 2067/4536/531 2112/4632/530 2115/4638/531
f 2117/4642/531 2119/4646/532 2116/4640/531
f 2068/4538/532 2115/4638/531 2118/4644/532
f 2120/4648/532 2122/4652/533 2119/4646/532
f 2069/4540/533 2118/4644/532 2121/4650/533
f 2123/4654/533 2125/4658/534 2122/4652/533
f 2070/4542/534 2121/4650/533 2124/4656/534
f 2126/4660/534 2128/4666/535 2125/4658/534
f 2071/4544/535 2124/4656/534 2127/4662/535
f 2129/4669/535 2131/4673/536 2128/4665/535
f 2072/4547/536 2127/4663/535 2130/4671/536
f 2073/4549/537 2130/4671/536 2133/4677/537
f 2134/4679/537 2132/4675/536 2135/4681/537
f 2135/4681/537 2137/4685/538 2134/4679/537
f 2074/4551/538 2133/4677/537 2136/4683/538
f 2075/4553/539 2136/4683/538 2139/4689/539
f 2138/4687/538 2140/4691/539 2137/4685/538
f 2076/4555/540 2139/4689/539 2142/4695/540
f 2143/4697/540 2141/4693/539 2144/4699/540
f 2144/4699/540 2146/4703/541 2143/4697/540
f 2077/4557/541 2142/4695/540 2145/4701/541
f 2078/4559/542 2145/4701/541 2148/4707/542
f 2147/4705/541 2149/4709/542 2146/4703/541
f 2150/4711/542 2152/4716/543 2149/4709/542
f 2079/4561/543 2148/4707/542 2151/4713/543
f 2156/4726/544 2152/4717/543 2153/4719/543
f 2079/4562/543 2154/4722/544 2080/4564/544
f 2159/4732/545 2155/4724/544 2156/4726/544
f 2080/4564/544 2157/4728/545 2081/4566/545
f 2162/4738/546 2158/4730/545 2159/4732/545
f 2081/4566/545 2160/4734/546 2082/4568/546
f 2162/4738/546 2164/4742/547 2161/4736/546
f 2082/4568/546 2163/4740/547 2083/4570/547
f 2168/4750/548 2164/4742/547 2165/4744/547
f 2083/4570/547 2166/4746/548 2084/4572/548
f 2171/4756/549 2167/4748/548 2168/4750/548
f 2084/4572/548 2169/4752/549 2085/4574/549
f 2174/4762/550 2170/4754/549 2171/4756/549
f 2085/4574/549 2172/4758/550 2086/4576/550
f 2177/4771/551 2173/4760/550 2174/4762/550
f 2086/4576/550 2175/4764/551 2087/4578/551
f 2180/4777/552 2176/4768/551 2177/4770/551
f 2087/4579/551 2178/4773/552 2088/4581/552
f 2183/4783/553 2179/4775/552 2180/4777/552
f 2088/4581/552 2181/4779/553 2089/4583/553
f 2186/4789/554 2182/4781/553 2183/4783/553
f 2089/4583/553 2184/4785/554 2090/4585/554
f 2093/4591/523 2185/4787/554 2186/4789/554
f 2090/4585/554 2091/4587/523 2059/4519/523
f 2086/4577/487 2087/4580/487 2080/4565/487
f 2124/4657/488 2121/4651/488 2106/4621/488
f 2176/4769/487 2179/4776/487 2152/4718/487
f 2177/4772/488 2174/4763/488 2153/4721/488
f 2207/4833/540 2238/4898/539 2206/4831/539
f 2197/4813/541 2231/4884/540 2207/4833/540
f 2196/4811/542 2229/4880/541 2197/4813/541
f 2198/4815/543 2230/4882/542 2196/4811/542
f 2199/4817/544 2237/4896/543 2198/4815/543
f 2199/4817/544 2233/4888/545 2232/4886/544
f 2201/4821/545 2236/4894/546 2233/4888/545
f 2204/4827/546 2234/4890/547 2236/4894/546
f 2202/4823/547 2235/4892/548 2234/4890/547
f 2200/4819/549 2235/4892/548 2203/4825/548
f 2200/4819/549 2248/4920/550 2249/4922/549
f 2205/4829/550 2246/4916/551 2248/4920/550
f 2216/4853/551 2247/4918/552 2246/4914/551
f 2217/4855/552 2245/4913/553 2247/4918/552
f 2218/4857/553 2250/4924/554 2245/4913/553
f 2214/4848/554 2242/4907/523 2250/4924/554
f 2215/4850/523 2243/4909/524 2242/4907/523
f 2213/4846/524 2244/4911/525 2243/4909/524
f 2211/4842/525 2240/4902/526 2244/4911/525
f 2212/4844/526 2241/4905/527 2240/4902/526
f 2210/4840/527 2225/4872/528 2241/4903/527
f 2209/4837/529 2225/4872/528 2208/4835/528
f 2187/4792/530 2222/4865/529 2209/4837/529
f 2188/4794/531 2219/4859/530 2187/4792/530
f 2190/4798/532 2220/4861/531 2188/4794/531
f 2189/4796/533 2223/4867/532 2190/4798/532
f 2191/4800/534 2221/4863/533 2189/4796/533
f 2192/4803/535 2228/4878/534 2191/4800/534
f 2193/4805/536 2224/4870/535 2192/4801/535
f 2195/4809/537 2226/4874/536 2193/4805/536
f 2194/4807/538 2227/4876/537 2195/4809/537
f 2206/4831/539 2239/4900/538 2194/4807/538
f 1986/4356/485 1975/4331/485 1996/4378/486
f 2188/4793/487 1990/4363/487 1991/4365/487
f 1991/4365/487 1993/4371/487 2189/4795/487
f 1993/4371/487 1986/4355/487 2192/4802/487
f 2189/4795/487 1993/4371/487 2191/4799/487
f 1986/4355/487 2006/4400/487 2206/4830/487
f 2006/4400/487 2197/4812/487 2207/4832/487
f 2006/4400/487 2207/4832/487 2206/4830/487
f 2190/4797/487 2188/4793/487 1991/4365/487
f 2189/4795/487 2190/4797/487 1991/4365/487
f 1986/4355/487 2206/4830/487 2194/4806/487
f 2191/4799/487 1993/4371/487 2192/4802/487
f 1986/4355/487 2194/4806/487 2195/4808/487
f 1986/4355/487 2195/4808/487 2193/4804/487
f 2196/4810/487 2197/4812/487 2006/4400/487
f 2006/4400/487 2008/4403/487 2198/4814/487
f 2008/4403/487 2010/4408/487 2201/4820/487
f 2199/4816/487 2008/4403/487 2201/4820/487
f 2010/4408/487 2012/4413/487 2202/4822/487
f 2012/4413/487 2014/4417/487 2200/4818/487
f 2010/4408/487 2204/4826/487 2201/4820/487
f 2014/4417/487 2007/4401/487 2205/4828/487
f 2007/4401/487 2033/4458/487 2216/4851/487
f 2014/4417/487 2205/4828/487 2200/4818/487
f 2033/4458/487 2035/4462/487 2218/4856/487
f 2035/4462/487 2036/4464/487 2218/4856/487
f 2033/4458/487 2218/4856/487 2217/4854/487
f 2036/4464/487 2037/4466/487 2218/4856/487
f 2037/4466/487 2038/4469/487 2214/4847/487
f 2038/4469/487 2034/4460/487 2214/4847/487
f 2034/4460/487 2021/4432/487 2215/4849/487
f 2033/4458/487 2217/4854/487 2216/4851/487
f 2021/4432/487 2023/4436/487 2213/4845/487
f 2023/4436/487 2024/4439/487 2213/4845/487
f 2213/4845/487 2024/4439/487 2211/4841/487
f 2024/4439/487 2025/4441/487 2211/4841/487
f 2025/4441/487 2026/4443/487 2211/4841/487
f 2026/4443/487 2022/4434/487 2211/4841/487
f 2022/4434/487 1985/4353/487 2210/4838/487
f 1985/4353/487 1988/4359/487 2208/4834/487
f 1988/4359/487 1990/4363/487 2209/4836/487
f 1985/4353/487 2208/4834/487 2210/4838/487
f 1990/4363/487 2188/4793/487 2187/4791/487
f 1990/4363/487 2187/4791/487 2209/4836/487
f 2022/4434/487 2210/4838/487 2212/4843/487
f 2008/4403/487 2199/4816/487 2198/4814/487
f 2204/4826/487 2010/4408/487 2202/4822/487
f 2198/4814/487 2196/4810/487 2006/4400/487
f 2205/4828/487 2007/4401/487 2216/4851/487
f 2209/4836/487 2208/4834/487 1988/4359/487
f 2022/4434/487 2212/4843/487 2211/4841/487
f 2202/4822/487 2012/4413/487 2203/4824/487
f 2203/4824/487 2012/4413/487 2200/4818/487
f 2021/4432/487 2213/4845/487 2215/4849/487
f 2215/4849/487 2214/4847/487 2034/4460/487
f 2226/4873/488 2227/4875/488 1975/4332/488
f 1975/4332/488 1979/4339/488 2224/4868/488
f 1979/4339/488 1980/4342/488 2221/4862/488
f 2228/4877/488 1979/4339/488 2221/4862/488
f 1980/4342/488 1982/4347/488 2220/4860/488
f 1982/4347/488 1984/4351/488 2222/4864/488
f 1980/4342/488 2223/4866/488 2221/4862/488
f 1984/4351/488 1977/4335/488 2225/4871/488
f 1977/4335/488 2015/4419/488 2241/4904/488
f 1984/4351/488 2225/4871/488 2222/4864/488
f 2015/4419/488 2017/4423/488 2244/4910/488
f 2017/4423/488 2018/4425/488 2244/4910/488
f 2015/4419/488 2244/4910/488 2240/4901/488
f 2018/4425/488 2019/4427/488 2244/4910/488
f 2019/4427/488 2020/4430/488 2243/4908/488
f 2020/4430/488 2016/4421/488 2243/4908/488
f 2016/4421/488 2027/4445/488 2242/4906/488
f 2015/4419/488 2240/4901/488 2241/4904/488
f 2027/4445/488 2029/4449/488 2250/4923/488
f 2029/4449/488 2030/4452/488 2250/4923/488
f 2250/4923/488 2030/4452/488 2245/4912/488
f 2030/4452/488 2031/4454/488 2245/4912/488
f 2031/4454/488 2032/4456/488 2245/4912/488
f 2032/4456/488 2028/4447/488 2245/4912/488
f 2028/4447/488 1995/4375/488 2246/4915/488
f 1995/4375/488 1998/4381/488 2248/4919/488
f 1998/4381/488 1999/4383/488 2249/4921/488
f 1995/4375/488 2248/4919/488 2246/4915/488
f 1999/4383/488 2234/4889/488 2235/4891/488
f 1999/4383/488 2235/4891/488 2249/4921/488
f 2028/4447/488 2246/4915/488 2247/4917/488
f 1979/4339/488 2228/4877/488 2224/4868/488
f 2223/4866/488 1980/4342/488 2220/4860/488
f 2224/4868/488 2226/4873/488 1975/4332/488
f 2225/4871/488 1977/4335/488 2241/4904/488
f 2249/4921/488 2248/4919/488 1998/4381/488
f 2028/4447/488 2247/4917/488 2245/4912/488
f 2220/4860/488 1982/4347/488 2219/4858/488
f 2219/4858/488 1982/4347/488 2222/4864/488
f 2027/4445/488 2250/4923/488 2242/4906/488
f 2242/4906/488 2243/4908/488 2016/4421/488
f 2236/4893/488 2234/4889/488 2002/4390/488
f 2234/4889/488 1999/4383/488 2002/4390/488
f 2002/4390/488 2004/4395/488 2233/4887/488
f 2233/4887/488 2004/4395/488 2232/4885/488
f 2004/4395/488 1996/4377/488 2237/4895/488
f 1996/4377/488 1975/4332/488 2238/4897/488
f 2230/4881/488 1996/4377/488 2229/4879/488
f 1975/4332/488 2227/4875/488 2239/4899/488
f 1975/4332/488 2239/4899/488 2238/4897/488
f 1996/4377/488 2230/4881/488 2237/4895/488
f 2233/4887/488 2236/4893/488 2002/4390/488
f 2238/4897/488 2231/4883/488 1996/4377/488
f 2231/4883/488 2229/4879/488 1996/4377/488
f 2007/4402/489 1995/4376/489 2028/4448/490
f 1986/4356/485 1993/4372/491 1979/4340/491
f 1993/4372/491 1991/4366/492 1980/4343/492
f 1991/4367/492 1990/4364/493 1982/4348/493
f 1990/4364/493 1988/4360/494 1984/4352/494
f 1988/4360/494 1985/4354/495 1977/4336/495
f 1996/4378/486 2004/4396/496 2008/4404/496
f 2004/4396/496 2002/4391/497 2010/4409/497
f 2002/4392/497 1999/4384/498 2012/4414/498
f 1999/4384/498 1998/4382/499 2014/4418/499
f 1998/4382/499 1995/4376/489 2007/4402/489
f 1977/4336/495 1985/4354/495 2022/4435/500
f 2020/4431/501 2041/4475/501 2039/4471/502
f 2023/4437/501 2021/4433/502 2040/4473/502
f 2019/4428/503 2043/4481/503 2041/4476/501
f 2023/4438/501 2042/4479/501 2044/4483/503
f 2018/4426/504 2045/4485/504 2043/4481/503
f 2025/4442/504 2024/4440/503 2044/4483/503
f 2047/4489/505 2045/4485/504 2018/4426/504
f 2026/4444/506 2025/4442/504 2048/4493/505
f 2025/4442/504 2046/4487/504 2048/4493/505
f 2047/4489/505 2018/4426/504 2017/4424/506
f 2026/4444/506 2048/4493/505 2047/4489/505
f 2017/4424/506 2015/4420/500 2022/4435/500
f 2034/4461/507 2038/4470/508 2052/4501/508
f 2027/4446/507 2049/4495/507 2051/4499/508
f 2038/4470/508 2037/4467/509 2054/4507/509
f 2029/4450/508 2051/4499/508 2053/4503/509
f 2037/4468/509 2036/4465/510 2055/4509/510
f 2031/4455/510 2030/4453/509 2053/4504/509
f 2058/4516/511 2055/4509/510 2036/4465/510
f 2032/4457/512 2031/4455/510 2057/4514/511
f 2031/4455/510 2056/4511/510 2057/4514/511
f 2058/4516/511 2036/4465/510 2035/4463/512
f 2032/4457/512 2057/4514/511 2035/4463/512
f 2035/4463/512 2033/4459/490 2028/4448/490
f 2016/4422/502 2039/4471/502 2049/4495/507
f 2021/4433/502 2034/4461/507 2050/4497/507
f 1997/4380/513 1976/4333/514 1987/4358/514
f 2055/4510/488 2058/4517/488 2013/4415/488
f 2013/4415/488 2011/4411/488 2055/4510/488
f 2011/4411/488 2009/4405/488 2054/4508/488
f 2055/4510/488 2011/4411/488 2054/4508/488
f 2009/4405/488 2005/4398/488 2052/4502/488
f 2005/4398/488 1987/4357/488 2050/4498/488
f 2050/4498/488 1987/4357/488 2040/4474/488
f 1987/4357/488 1994/4373/488 2040/4474/488
f 1994/4373/488 1992/4368/488 2042/4480/488
f 2042/4480/488 1992/4368/488 2044/4484/488
f 1992/4368/488 1989/4361/488 2044/4484/488
f 1989/4361/488 2048/4494/488 2046/4488/488
f 2044/4484/488 1989/4361/488 2046/4488/488
f 2042/4480/488 2040/4474/488 1994/4373/488
f 2050/4498/488 2052/4502/488 2005/4398/488
f 2045/4486/487 2047/4490/487 1983/4349/487
f 1983/4349/487 1981/4345/487 2043/4482/487
f 1981/4345/487 1978/4337/487 2041/4477/487
f 1983/4349/487 2043/4482/487 2045/4486/487
f 1978/4337/487 1976/4334/487 2039/4472/487
f 1976/4334/487 1997/4379/487 2049/4496/487
f 1997/4379/487 2003/4393/487 2051/4500/487
f 2003/4393/487 2001/4387/487 2053/4505/487
f 2001/4387/487 2000/4385/487 2056/4512/487
f 2000/4385/487 2057/4515/487 2056/4512/487
f 2056/4512/487 2053/4505/487 2001/4387/487
f 2053/4505/487 2051/4500/487 2003/4393/487
f 2051/4500/487 2049/4496/487 1997/4379/487
f 2049/4496/487 2039/4472/487 1976/4334/487
f 2039/4472/487 2041/4477/487 1978/4337/487
f 1978/4338/515 1994/4374/515 1987/4358/514
f 1981/4346/516 1992/4369/516 1994/4374/515
f 1983/4350/517 1989/4362/517 1992/4370/516
f 1989/4362/517 1983/4350/517 2047/4491/518
f 2009/4406/519 2003/4394/519 1997/4380/513
f 2011/4412/520 2001/4388/520 2003/4394/519
f 2013/4416/521 2000/4386/521 2001/4389/520
f 2000/4386/521 2013/4416/521 2058/4518/522
f 2059/4519/523 2091/4587/523 2094/4593/524
f 2095/4595/524 2092/4589/523 2093/4591/523
f 2099/4603/525 2098/4601/525 2095/4595/524
f 2060/4521/524 2094/4593/524 2097/4599/525
f 2102/4609/526 2101/4607/526 2098/4601/525
f 2061/4523/525 2097/4599/525 2100/4605/526
f 2105/4617/527 2104/4614/527 2101/4607/526
f 2062/4525/526 2100/4605/526 2103/4611/527
f 2104/4615/527 2105/4618/527 2108/4624/528
f 2064/4530/528 2063/4528/527 2103/4612/527
f 2065/4532/529 2064/4530/528 2106/4620/528
f 2108/4624/528 2111/4630/529 2110/4628/529
f 2111/4630/529 2114/4636/530 2113/4634/530
f 2066/4534/530 2065/4532/529 2109/4626/529
f 2114/4636/530 2117/4642/531 2116/4640/531
f 2067/4536/531 2066/4534/530 2112/4632/530
f 2117/4642/531 2120/4648/532 2119/4646/532
f 2068/4538/532 2067/4536/531 2115/4638/531
f 2120/4648/532 2123/4654/533 2122/4652/533
f 2069/4540/533 2068/4538/532 2118/4644/532
f 2123/4654/533 2126/4660/534 2125/4658/534
f 2070/4542/534 2069/4540/533 2121/4650/533
f 2126/4660/534 2129/4668/535 2128/4666/535
f 2071/4544/535 2070/4542/534 2124/4656/534
f 2129/4669/535 2132/4675/536 2131/4673/536
f 2072/4547/536 2071/4545/535 2127/4663/535
f 2073/4549/537 2072/4547/536 2130/4671/536
f 2134/4679/537 2131/4673/536 2132/4675/536
f 2135/4681/537 2138/4687/538 2137/4685/538
f 2074/4551/538 2073/4549/537 2133/4677/537
f 2075/4553/539 2074/4551/538 2136/4683/538
f 2138/4687/538 2141/4693/539 2140/4691/539
f 2076/4555/540 2075/4553/539 2139/4689/539
f 2143/4697/540 2140/4691/539 2141/4693/539
f 2144/4699/540 2147/4705/541 2146/4703/541
f 2077/4557/541 2076/4555/540 2142/4695/540
f 2078/4559/542 2077/4557/541 2145/4701/541
f 2147/4705/541 2150/4711/542 2149/4709/542
f 2150/4711/542 2153/4720/543 2152/4716/543
f 2079/4561/543 2078/4559/542 2148/4707/542
f 2156/4726/544 2155/4724/544 2152/4717/543
f 2079/4562/543 2151/4714/543 2154/4722/544
f 2159/4732/545 2158/4730/545 2155/4724/544
f 2080/4564/544 2154/4722/544 2157/4728/545
f 2162/4738/546 2161/4736/546 2158/4730/545
f 2081/4566/545 2157/4728/545 2160/4734/546
f 2162/4738/546 2165/4744/547 2164/4742/547
f 2082/4568/546 2160/4734/546 2163/4740/547
f 2168/4750/548 2167/4748/548 2164/4742/547
f 2083/4570/547 2163/4740/547 2166/4746/548
f 2171/4756/549 2170/4754/549 2167/4748/548
f 2084/4572/548 2166/4746/548 2169/4752/549
f 2174/4762/550 2173/4760/550 2170/4754/549
f 2085/4574/549 2169/4752/549 2172/4758/550
f 2177/4771/551 2176/4767/551 2173/4760/550
f 2086/4576/550 2172/4758/550 2175/4764/551
f 2180/4777/552 2179/4775/552 2176/4768/551
f 2087/4579/551 2175/4765/551 2178/4773/552
f 2183/4783/553 2182/4781/553 2179/4775/552
f 2088/4581/552 2178/4773/552 2181/4779/553
f 2186/4789/554 2185/4787/554 2182/4781/553
f 2089/4583/553 2181/4779/553 2184/4785/554
f 2093/4591/523 2092/4589/523 2185/4787/554
f 2090/4585/554 2184/4785/554 2091/4587/523
f 2088/4582/487 2089/4584/487 2077/4558/487
f 2089/4584/487 2090/4586/487 2076/4556/487
f 2090/4586/487 2059/4520/487 2076/4556/487
f 2059/4520/487 2060/4522/487 2075/4554/487
f 2076/4556/487 2059/4520/487 2075/4554/487
f 2060/4522/487 2061/4524/487 2073/4550/487
f 2061/4524/487 2062/4526/487 2072/4548/487
f 2062/4526/487 2063/4529/487 2072/4548/487
f 2063/4529/487 2064/4531/487 2071/4546/487
f 2072/4548/487 2063/4529/487 2071/4546/487
f 2064/4531/487 2065/4533/487 2069/4541/487
f 2065/4533/487 2066/4535/487 2068/4539/487
f 2066/4535/487 2067/4537/487 2068/4539/487
f 2068/4539/487 2069/4541/487 2065/4533/487
f 2069/4541/487 2070/4543/487 2064/4531/487
f 2070/4543/487 2071/4546/487 2064/4531/487
f 2072/4548/487 2073/4550/487 2061/4524/487
f 2073/4550/487 2074/4552/487 2060/4522/487
f 2074/4552/487 2075/4554/487 2060/4522/487
f 2076/4556/487 2077/4558/487 2089/4584/487
f 2077/4558/487 2078/4560/487 2088/4582/487
f 2078/4560/487 2079/4563/487 2088/4582/487
f 2079/4563/487 2080/4565/487 2087/4580/487
f 2088/4582/487 2079/4563/487 2087/4580/487
f 2080/4565/487 2081/4567/487 2085/4575/487
f 2081/4567/487 2082/4569/487 2084/4573/487
f 2082/4569/487 2083/4571/487 2084/4573/487
f 2084/4573/487 2085/4575/487 2081/4567/487
f 2085/4575/487 2086/4577/487 2080/4565/487
f 2118/4645/488 2115/4639/488 2112/4633/488
f 2112/4633/488 2109/4627/488 2118/4645/488
f 2109/4627/488 2106/4621/488 2121/4651/488
f 2118/4645/488 2109/4627/488 2121/4651/488
f 2106/4621/488 2103/4613/488 2127/4664/488
f 2103/4613/488 2100/4606/488 2130/4672/488
f 2100/4606/488 2097/4600/488 2130/4672/488
f 2097/4600/488 2094/4594/488 2133/4678/488
f 2130/4672/488 2097/4600/488 2133/4678/488
f 2094/4594/488 2091/4588/488 2139/4690/488
f 2091/4588/488 2184/4786/488 2142/4696/488
f 2184/4786/488 2181/4780/488 2142/4696/488
f 2181/4780/488 2178/4774/488 2145/4702/488
f 2142/4696/488 2181/4780/488 2145/4702/488
f 2178/4774/488 2175/4766/488 2151/4715/488
f 2175/4766/488 2172/4759/488 2154/4723/488
f 2172/4759/488 2169/4753/488 2154/4723/488
f 2169/4753/488 2166/4747/488 2157/4729/488
f 2154/4723/488 2169/4753/488 2157/4729/488
f 2166/4747/488 2163/4741/488 2160/4735/488
f 2160/4735/488 2157/4729/488 2166/4747/488
f 2154/4723/488 2151/4715/488 2175/4766/488
f 2151/4715/488 2148/4708/488 2178/4774/488
f 2148/4708/488 2145/4702/488 2178/4774/488
f 2142/4696/488 2139/4690/488 2091/4588/488
f 2139/4690/488 2136/4684/488 2094/4594/488
f 2136/4684/488 2133/4678/488 2094/4594/488
f 2130/4672/488 2127/4664/488 2103/4613/488
f 2127/4664/488 2124/4657/488 2106/4621/488
f 2182/4782/487 2185/4788/487 2143/4698/487
f 2185/4788/487 2092/4590/487 2140/4692/487
f 2092/4590/487 2095/4596/487 2137/4686/487
f 2095/4596/487 2098/4602/487 2134/4680/487
f 2098/4602/487 2101/4608/487 2134/4680/487
f 2101/4608/487 2104/4616/487 2131/4674/487
f 2134/4680/487 2101/4608/487 2131/4674/487
f 2104/4616/487 2107/4623/487 2128/4667/487
f 2107/4623/487 2110/4629/487 2125/4659/487
f 2128/4667/487 2107/4623/487 2125/4659/487
f 2110/4629/487 2113/4635/487 2122/4653/487
f 2113/4635/487 2116/4641/487 2119/4647/487
f 2122/4653/487 2113/4635/487 2119/4647/487
f 2122/4653/487 2125/4659/487 2110/4629/487
f 2128/4667/487 2131/4674/487 2104/4616/487
f 2134/4680/487 2137/4686/487 2095/4596/487
f 2137/4686/487 2140/4692/487 2092/4590/487
f 2140/4692/487 2143/4698/487 2185/4788/487
f 2143/4698/487 2146/4704/487 2182/4782/487
f 2146/4704/487 2149/4710/487 2182/4782/487
f 2149/4710/487 2152/4718/487 2179/4776/487
f 2182/4782/487 2149/4710/487 2179/4776/487
f 2152/4718/487 2155/4725/487 2176/4769/487
f 2155/4725/487 2158/4731/487 2173/4761/487
f 2176/4769/487 2155/4725/487 2173/4761/487
f 2158/4731/487 2161/4737/487 2170/4755/487
f 2161/4737/487 2164/4743/487 2167/4749/487
f 2170/4755/487 2161/4737/487 2167/4749/487
f 2170/4755/487 2173/4761/487 2158/4731/487
f 2171/4757/488 2168/4751/488 2159/4733/488
f 2168/4751/488 2165/4745/488 2162/4739/488
f 2159/4733/488 2168/4751/488 2162/4739/488
f 2159/4733/488 2156/4727/488 2171/4757/488
f 2156/4727/488 2153/4721/488 2174/4763/488
f 2171/4757/488 2156/4727/488 2174/4763/488
f 2153/4721/488 2150/4712/488 2177/4772/488
f 2150/4712/488 2147/4706/488 2180/4778/488
f 2177/4772/488 2150/4712/488 2180/4778/488
f 2147/4706/488 2144/4700/488 2186/4790/488
f 2144/4700/488 2141/4694/488 2093/4592/488
f 2141/4694/488 2138/4688/488 2096/4598/488
f 2138/4688/488 2135/4682/488 2099/4604/488
f 2135/4682/488 2132/4676/488 2099/4604/488
f 2132/4676/488 2129/4670/488 2102/4610/488
f 2099/4604/488 2132/4676/488 2102/4610/488
f 2129/4670/488 2126/4661/488 2105/4619/488
f 2126/4661/488 2123/4655/488 2108/4625/488
f 2105/4619/488 2126/4661/488 2108/4625/488
f 2123/4655/488 2120/4649/488 2111/4631/488
f 2120/4649/488 2117/4643/488 2114/4637/488
f 2111/4631/488 2120/4649/488 2114/4637/488
f 2111/4631/488 2108/4625/488 2123/4655/488
f 2105/4619/488 2102/4610/488 2129/4670/488
f 2099/4604/488 2096/4598/488 2138/4688/488
f 2096/4598/488 2093/4592/488 2141/4694/488
f 2093/4592/488 2186/4790/488 2144/4700/488
f 2186/4790/488 2183/4784/488 2147/4706/488
f 2183/4784/488 2180/4778/488 2147/4706/488
f 2207/4833/540 2231/4884/540 2238/4898/539
f 2197/4813/541 2229/4880/541 2231/4884/540
f 2196/4811/542 2230/4882/542 2229/4880/541
f 2198/4815/543 2237/4896/543 2230/4882/542
f 2199/4817/544 2232/4886/544 2237/4896/543
f 2199/4817/544 2201/4821/545 2233/4888/545
f 2201/4821/545 2204/4827/546 2236/4894/546
f 2204/4827/546 2202/4823/547 2234/4890/547
f 2202/4823/547 2203/4825/548 2235/4892/548
f 2200/4819/549 2249/4922/549 2235/4892/548
f 2200/4819/549 2205/4829/550 2248/4920/550
f 2205/4829/550 2216/4852/551 2246/4916/551
f 2216/4853/551 2217/4855/552 2247/4918/552
f 2217/4855/552 2218/4857/553 2245/4913/553
f 2218/4857/553 2214/4848/554 2250/4924/554
f 2214/4848/554 2215/4850/523 2242/4907/523
f 2215/4850/523 2213/4846/524 2243/4909/524
f 2213/4846/524 2211/4842/525 2244/4911/525
f 2211/4842/525 2212/4844/526 2240/4902/526
f 2212/4844/526 2210/4839/527 2241/4905/527
f 2210/4840/527 2208/4835/528 2225/4872/528
f 2209/4837/529 2222/4865/529 2225/4872/528
f 2187/4792/530 2219/4859/530 2222/4865/529
f 2188/4794/531 2220/4861/531 2219/4859/530
f 2190/4798/532 2223/4867/532 2220/4861/531
f 2189/4796/533 2221/4863/533 2223/4867/532
f 2191/4800/534 2228/4878/534 2221/4863/533
f 2192/4803/535 2224/4869/535 2228/4878/534
f 2193/4805/536 2226/4874/536 2224/4870/535
f 2195/4809/537 2227/4876/537 2226/4874/536
f 2194/4807/538 2239/4900/538 2227/4876/537
f 2206/4831/539 2238/4898/539 2239/4900/538
o oberarm.r
v 2.495252 6.716479 -0.176596
v 2.729850 4.950572 -0.159620
v 2.495252 5.292478 -0.976596
v 2.729850 4.885575 -0.406833
v 2.495252 6.646783 -0.423809
v 2.495252 6.444519 -0.646824
v 2.729850 4.696946 -0.629848
v 2.495252 6.129485 -0.823809
v 2.729850 4.403150 -0.806833
v 2.495252 5.732519 -0.937441
v 3.295252 5.292478 -0.976596
v 3.295252 6.716479 -0.176596
v 3.109850 4.950572 -0.159620
v 3.295252 5.732519 -0.937441
v 3.109850 4.403150 -0.806833
v 3.295252 6.129485 -0.823810
v 3.295252 6.444519 -0.646824
v 3.109850 4.696946 -0.629848
v 3.295252 6.646783 -0.423809
v 3.109850 4.885575 -0.406833
v 2.495252 5.292478 1.023404
v 2.495252 6.716479 0.223404
v 2.729850 4.950572 0.240380
v 2.495252 5.732519 0.984250
v 2.495252 6.129485 0.870618
v 2.729850 4.403150 0.887594
v 2.729850 4.696946 0.710609
v 2.495252 6.444519 0.693633
v 2.729850 4.885575 0.487594
v 2.495252 6.646783 0.470618
v 3.109850 4.950572 0.240380
v 3.295252 6.716479 0.223404
v 3.295252 5.292478 1.023404
v 3.295252 6.646783 0.470618
v 3.109850 4.885575 0.487594
v 3.295252 6.444519 0.693632
v 3.109850 4.696946 0.710609
v 3.295252 6.129485 0.870618
v 3.109850 4.403150 0.887594
v 3.295252 5.732519 0.984249
v 2.495252 4.580478 -0.976596
v 2.495252 3.156477 -0.176596
v 2.495252 4.140438 -0.937441
v 2.495252 3.743472 -0.823810
v 2.495252 3.428438 -0.646824
v 2.495252 3.226173 -0.423810
v 3.295252 3.156477 -0.176596
v 3.295252 4.580478 -0.976596
v 3.295252 3.226173 -0.423810
v 3.295252 3.428438 -0.646824
v 3.295252 3.743472 -0.823810
v 3.295252 4.140438 -0.937441
v 2.495252 3.156477 0.223404
v 2.495252 4.580478 1.023404
v 2.495252 3.226173 0.470618
v 2.495252 3.428438 0.693632
v 2.495252 3.743472 0.870618
v 2.495252 4.140438 0.984249
v 3.295252 4.580478 1.023404
v 3.295252 3.156477 0.223404
v 3.295252 4.140438 0.984249
v 3.295252 3.743472 0.870618
v 3.295252 3.428438 0.693632
v 3.295252 3.226173 0.470618
v 2.729850 3.156477 -0.176596
v 3.109850 3.156477 -0.176596
v 2.729850 3.226173 -0.423810
v 3.109850 3.226173 -0.423810
v 2.729850 3.428438 -0.646824
v 3.109850 3.428438 -0.646824
v 2.729850 3.743472 -0.823810
v 3.109850 3.743472 -0.823810
v 2.729850 4.056199 -0.913328
v 3.109850 4.056199 -0.913328
v 2.729850 3.156477 0.223404
v 3.109850 3.156477 0.223404
v 2.729850 3.226173 0.470618
v 3.109850 3.226173 0.470618
v 2.729850 3.428438 0.693632
v 3.109850 3.428438 0.693632
v 3.109850 3.743472 0.870618
v 2.729850 3.743472 0.870618
v 2.729850 4.113435 0.976520
v 3.109850 4.113435 0.976520
v 3.355252 3.683816 0.023404
v 3.355252 3.679973 0.062422
v 3.355252 3.668592 0.099941
v 3.355252 3.650110 0.134518
v 3.355252 3.625238 0.164825
v 3.355252 3.594930 0.189698
v 3.355252 3.560353 0.208180
v 3.355252 3.522834 0.219561
v 3.355252 3.483816 0.223404
v 3.355252 3.444798 0.219561
v 3.355252 3.407279 0.208180
v 3.355252 3.372702 0.189698
v 3.355252 3.342395 0.164825
v 3.355252 3.317523 0.134518
v 3.355252 3.299040 0.099941
v 3.355252 3.287659 0.062422
v 3.355252 3.283816 0.023404
v 3.355252 3.287659 -0.015614
v 3.355252 3.299040 -0.053133
v 3.355252 3.317523 -0.087710
v 3.355252 3.342395 -0.118017
v 3.355252 3.372702 -0.142890
v 3.355252 3.407279 -0.161372
v 3.355252 3.444798 -0.172753
v 3.355252 3.483816 -0.176596
v 3.355252 3.522834 -0.172753
v 3.355252 3.560353 -0.161372
v 3.355252 3.594930 -0.142890
v 3.355252 3.625238 -0.118017
v 3.355252 3.650110 -0.087710
v 3.355252 3.668592 -0.053133
v 3.355252 3.679973 -0.015614
v 3.295253 3.683816 0.023404
v 3.109850 3.683816 0.023404
v 2.729850 3.683816 0.023404
v 3.295253 3.679973 0.062422
v 3.109850 3.679973 0.062422
v 2.729850 3.679973 0.062422
v 3.295253 3.668592 0.099941
v 3.109850 3.668592 0.099941
v 2.729850 3.668592 0.099941
v 3.295253 3.650110 0.134518
v 3.109850 3.650110 0.134518
v 2.729850 3.650110 0.134518
v 3.295253 3.625238 0.164825
v 3.109850 3.625238 0.164825
v 2.729850 3.625238 0.164825
v 3.295253 3.594930 0.189698
v 3.109850 3.594930 0.189698
v 2.729850 3.594930 0.189698
v 3.295253 3.560353 0.208180
v 3.109850 3.560353 0.208180
v 2.729850 3.560353 0.208180
v 3.295253 3.522834 0.219561
v 3.109850 3.522834 0.219561
v 2.729850 3.522834 0.219561
v 3.295253 3.483816 0.223404
v 3.109850 3.483816 0.223404
v 2.729850 3.483816 0.223404
v 3.295253 3.444798 0.219561
v 3.109850 3.444798 0.219561
v 2.729850 3.444798 0.219561
v 3.295253 3.407279 0.208180
v 3.109850 3.407279 0.208180
v 2.729850 3.407279 0.208180
v 3.295253 3.372702 0.189698
v 3.109850 3.372702 0.189698
v 2.729850 3.372702 0.189698
v 3.295253 3.342395 0.164825
v 3.109850 3.342395 0.164825
v 2.729850 3.342395 0.164825
v 3.295253 3.317523 0.134518
v 3.109850 3.317523 0.134518
v 2.729850 3.317523 0.134518
v 3.295253 3.299040 0.099941
v 3.109850 3.299040 0.099941
v 2.729850 3.299040 0.099941
v 3.295253 3.287659 0.062422
v 3.109850 3.287659 0.062422
v 2.729850 3.287659 0.062422
v 3.295253 3.283816 0.023404
v 3.109850 3.283816 0.023404
v 2.729850 3.283816 0.023404
v 3.295253 3.287659 -0.015614
v 3.109850 3.287659 -0.015614
v 2.729850 3.287659 -0.015614
v 3.295253 3.299040 -0.053133
v 3.109850 3.299040 -0.053133
v 2.729850 3.299040 -0.053133
v 3.295253 3.317523 -0.087710
v 3.109850 3.317523 -0.087710
v 2.729850 3.317523 -0.087710
v 3.295253 3.342395 -0.118017
v 3.109850 3.342395 -0.118017
v 2.729850 3.342395 -0.118017
v 3.295253 3.372702 -0.142890
v 3.109850 3.372702 -0.142890
v 2.729850 3.372702 -0.142890
v 3.295253 3.407279 -0.161372
v 3.109850 3.407279 -0.161372
v 2.729850 3.407279 -0.161372
v 3.295253 3.444798 -0.172753
v 3.109850 3.444798 -0.172753
v 2.729850 3.444798 -0.172753
v 3.295253 3.483816 -0.176596
v 3.109850 3.483816 -0.176596
v 2.729850 3.483816 -0.176596
v 3.295253 3.522834 -0.172753
v 3.109850 3.522834 -0.172753
v 2.729850 3.522834 -0.172753
v 3.295253 3.560353 -0.161372
v 3.109850 3.560353 -0.161372
v 2.729850 3.560353 -0.161372
v 3.295253 3.594930 -0.142890
v 3.109850 3.594930 -0.142890
v 2.729850 3.594930 -0.142890
v 3.295253 3.625238 -0.118017
v 3.109850 3.625238 -0.118017
v 2.729850 3.625238 -0.118017
v 3.295253 3.650110 -0.087710
v 3.109850 3.650110 -0.087710
v 2.729850 3.650110 -0.087710
v 3.295253 3.668592 -0.053133
v 3.109850 3.668592 -0.053133
v 2.729850 3.668592 -0.053133
v 3.295253 3.679973 -0.015614
v 3.109850 3.679973 -0.015614
v 2.729850 3.679973 -0.015614
v 3.295252 6.050339 -0.368910
v 3.295252 6.128376 -0.376596
v 3.295252 6.281449 -0.346148
v 3.295252 6.206412 -0.368910
v 3.295252 6.350604 -0.309184
v 3.295252 6.411218 -0.259439
v 3.295252 6.460964 -0.198824
v 3.295252 6.520689 -0.054632
v 3.295252 6.497927 -0.129669
v 3.295252 6.460964 0.245632
v 3.295252 6.497927 0.176478
v 3.295252 6.411218 0.306247
v 3.295252 6.350604 0.355992
v 3.295252 5.975302 0.392956
v 3.295252 6.281449 0.392956
v 3.295252 6.128376 0.423404
v 3.295252 6.050339 0.415718
v 3.295252 6.206412 0.415718
v 3.295252 5.906147 0.355992
v 3.295252 6.528376 0.023404
v 3.295252 6.520689 0.101440
v 3.295252 5.906147 -0.309184
v 3.295252 5.975302 -0.346148
v 3.295252 5.845533 -0.259439
v 3.295252 5.758824 -0.129669
v 3.295252 5.795787 -0.198824
v 3.295252 5.736062 -0.054632
v 3.295252 5.736062 0.101440
v 3.295252 5.728376 0.023404
v 3.295252 5.845533 0.306247
v 3.295252 5.795787 0.245632
v 3.295252 5.758824 0.176477
v 2.495252 6.050339 -0.368910
v 2.495252 6.128376 -0.376596
v 2.495252 6.281449 -0.346147
v 2.495252 5.975302 -0.346148
v 2.495252 6.206412 -0.368910
v 2.495252 6.411218 -0.259438
v 2.495252 5.906147 -0.309184
v 2.495252 6.460964 -0.198824
v 2.495252 6.497927 -0.129669
v 2.495252 6.350604 -0.309183
v 2.495252 6.497927 0.176478
v 2.495252 6.460964 0.245632
v 2.495252 6.520689 0.101440
v 2.495252 6.350604 0.355992
v 2.495252 6.281449 0.392956
v 2.495252 6.128376 0.423404
v 2.495252 6.050339 0.415718
v 2.495252 6.206412 0.415718
v 2.495252 6.411218 0.306247
v 2.495252 6.528376 0.023404
v 2.495252 6.520689 -0.054632
v 2.495252 5.795787 -0.198824
v 2.495252 5.845533 -0.259438
v 2.495252 5.728376 0.023404
v 2.495252 5.736062 -0.054632
v 2.495252 5.758824 -0.129669
v 2.495252 5.758824 0.176478
v 2.495252 5.845533 0.306247
v 2.495252 5.795787 0.245632
v 2.495252 5.906147 0.355992
v 2.495252 5.975302 0.392956
v 2.495252 5.736062 0.101440
vn -0.0000 0.9906 -0.1370
vn -0.0000 0.9906 0.1370
vn 1.0000 -0.0000 -0.0000
vn -1.0000 -0.0000 -0.0000
vn -0.0000 0.0444 0.9990
vn -0.0000 -0.0444 0.9990
vn -0.0000 0.8748 -0.4844
vn -0.0000 0.6233 -0.7820
vn -0.0000 0.3851 -0.9229
vn -0.0000 0.1827 -0.9832
vn -0.0000 0.0444 -0.9990
vn -0.0000 0.8748 0.4844
vn -0.0000 0.6233 0.7820
vn -0.0000 0.3851 0.9229
vn -0.0000 0.1827 0.9832
vn -0.0000 -0.0444 -0.9990
vn -0.0000 -0.8748 -0.4844
vn -0.0000 -0.9906 -0.1370
vn -0.0000 -0.6233 -0.7820
vn -0.0000 -0.3851 -0.9229
vn -0.0000 -0.2752 -0.9614
vn -0.0000 -0.1827 -0.9832
vn -0.0000 -0.9906 0.1370
vn -0.0000 -0.8748 0.4844
vn -0.0000 -0.6233 0.7820
vn -0.0000 -0.3851 0.9229
vn -0.0000 -0.2752 0.9614
vn -0.0000 -0.1827 0.9832
vn -0.0000 -0.9917 -0.1282
vn -0.0000 -0.9917 0.1282
vn -0.0000 -0.8872 0.4614
vn -0.0000 -0.6484 0.7613
vn -0.0000 -0.4078 0.9131
vn -0.0000 -0.2934 0.9560
vn -0.0000 -0.8872 -0.4614
vn -0.0000 -0.6484 -0.7613
vn -0.0000 -0.4078 -0.9131
vn -0.0000 -0.2934 -0.9560
vn -0.0000 1.0000 -0.0000
vn -0.0000 0.9808 0.1951
vn -0.0000 0.9239 0.3827
vn -0.0000 0.8315 0.5556
vn -0.0000 0.7071 0.7071
vn -0.0000 0.5556 0.8315
vn -0.0000 0.3827 0.9239
vn -0.0000 0.1951 0.9808
vn -0.0000 -0.0000 1.0000
vn -0.0000 -0.1951 0.9808
vn -0.0000 -0.3827 0.9239
vn -0.0000 -0.5556 0.8315
vn -0.0000 -0.7071 0.7071
vn -0.0000 -0.8315 0.5556
vn -0.0000 -0.9239 0.3827
vn -0.0000 -0.9808 0.1951
vn -0.0000 -1.0000 -0.0000
vn -0.0000 -0.9808 -0.1951
vn -0.0000 -0.9239 -0.3827
vn -0.0000 -0.8315 -0.5556
vn -0.0000 -0.7071 -0.7071
vn -0.0000 -0.5556 -0.8315
vn -0.0000 -0.3827 -0.9239
vn -0.0000 -0.1951 -0.9808
vn -0.0000 -0.0000 -1.0000
vn -0.0000 0.1951 -0.9808
vn -0.0000 0.3827 -0.9239
vn -0.0000 0.5556 -0.8315
vn -0.0000 0.7071 -0.7071
vn -0.0000 0.8315 -0.5556
vn -0.0000 0.9239 -0.3827
vn -0.0000 0.9808 -0.1951
vn 1.0000 -0.0000 0.0001
vn 1.0000 -0.0000 -0.0001
vn -1.0000 -0.0000 0.0001
vn -1.0000 -0.0000 -0.0001
vt 0.948870 0.690137
vt 0.468291 0.569580
vt 0.308324 0.755115
vt 0.349617 0.738412
vt 0.430639 0.502546
vt 0.873044 0.448844
vt 0.339273 0.744556
vt 0.308324 0.743477
vt 0.456656 0.566299
vt 0.948870 0.678270
vt 0.873044 0.501946
vt 0.446160 0.556778
vt 0.948870 0.667031
vt 0.056477 0.640980
vt 0.331625 0.755982
vt 0.308324 0.732979
vt 0.437830 0.541948
vt 0.873044 0.487692
vt 0.327422 0.771571
vt 0.056477 0.626636
vt 0.432482 0.523261
vt 0.873044 0.469394
vt 0.541240 0.100551
vt 0.835393 0.448844
vt 0.503589 0.167585
vt 0.911218 0.690137
vt 0.453158 0.801682
vt 0.326209 0.755115
vt 0.539397 0.121266
vt 0.835393 0.469394
vt 0.430964 0.768523
vt 0.074362 0.626636
vt 0.534049 0.139953
vt 0.835393 0.487692
vt 0.525720 0.154783
vt 0.911218 0.667031
vt 0.835393 0.501946
vt 0.435167 0.784112
vt 0.326209 0.732979
vt 0.074362 0.640980
vt 0.515224 0.164304
vt 0.911218 0.678270
vt 0.442815 0.795538
vt 0.326209 0.743477
vt 0.524768 0.502546
vt 0.198376 0.800145
vt 0.487117 0.569580
vt 0.948870 0.708904
vt 0.367715 0.733230
vt 0.308324 0.773945
vt 0.522925 0.523261
vt 0.198376 0.779595
vt 0.517577 0.541948
vt 0.198376 0.761297
vt 0.404090 0.749620
vt 0.806213 0.345924
vt 0.392277 0.738617
vt 0.308324 0.796081
vt 0.806213 0.360269
vt 0.509248 0.556778
vt 0.948870 0.729922
vt 0.198376 0.747043
vt 0.379743 0.732969
vt 0.308324 0.785582
vt 0.498752 0.566299
vt 0.948870 0.720235
vt 0.326209 0.773945
vt 0.471257 0.806864
vt 0.911218 0.708904
vt 0.484763 0.167585
vt 0.447111 0.100551
vt 0.160725 0.800145
vt 0.473128 0.164304
vt 0.911218 0.720235
vt 0.483285 0.807125
vt 0.326209 0.785582
vt 0.160725 0.747043
vt 0.462632 0.154783
vt 0.911218 0.729922
vt 0.788328 0.360269
vt 0.495819 0.801477
vt 0.326209 0.796081
vt 0.454302 0.139953
vt 0.160725 0.761297
vt 0.507632 0.790474
vt 0.788328 0.345924
vt 0.448954 0.121266
vt 0.160725 0.779595
vt 0.430639 0.469029
vt 0.873044 0.415398
vt 0.468291 0.401995
vt 0.986794 0.934835
vt 0.432482 0.448314
vt 0.873044 0.394607
vt 0.437830 0.429627
vt 0.873044 0.375611
vt 0.873044 0.360268
vt 0.446160 0.414797
vt 0.986794 0.912699
vt 0.456656 0.405276
vt 0.986794 0.923198
vt 0.503589 0.000000
vt 0.213437 0.369626
vt 0.541240 0.067034
vt 0.835393 0.415398
vt 0.515224 0.003281
vt 0.213437 0.381264
vt 0.213437 0.391762
vt 0.525720 0.012803
vt 0.835393 0.360268
vt 0.534049 0.027632
vt 0.835393 0.375611
vt 0.539397 0.046319
vt 0.835393 0.394607
vt 0.487117 0.401995
vt 0.986794 0.953665
vt 0.524768 0.469029
vt 0.198376 0.833591
vt 0.498752 0.405276
vt 0.986794 0.965302
vt 0.986794 0.975801
vt 0.509248 0.414797
vt 0.198376 0.888720
vt 0.517577 0.429627
vt 0.198376 0.873378
vt 0.522925 0.448314
vt 0.198376 0.854381
vt 0.447111 0.067034
vt 0.160725 0.833591
vt 0.484763 0.000000
vt 0.213437 0.350796
vt 0.448954 0.046319
vt 0.160725 0.854381
vt 0.454302 0.027632
vt 0.160725 0.873378
vt 0.462632 0.012803
vt 0.213437 0.328661
vt 0.160725 0.888720
vt 0.473128 0.003281
vt 0.213437 0.339159
vt 0.997836 0.934835
vt 0.372086 0.819827
vt 0.222163 0.369626
vt 0.475627 0.720267
vt 0.997836 0.923198
vt 0.359997 0.819876
vt 0.222163 0.381264
vt 0.463539 0.720219
vt 0.997836 0.912699
vt 0.862003 0.360268
vt 0.347287 0.813611
vt 0.222163 0.391762
vt 0.844119 0.360268
vt 0.450829 0.726484
vt 0.862003 0.375611
vt 0.335198 0.801646
vt 0.844119 0.375611
vt 0.438740 0.738448
vt 0.862003 0.390576
vt 0.327097 0.788653
vt 0.056477 0.610010
vt 0.074362 0.610010
vt 0.844119 0.390576
vt 0.430639 0.751442
vt 0.997836 0.953665
vt 0.390184 0.814645
vt 0.222163 0.350796
vt 0.493726 0.725449
vt 0.997836 0.965302
vt 0.400467 0.808289
vt 0.222163 0.339159
vt 0.504009 0.731806
vt 0.997836 0.975801
vt 0.187335 0.888720
vt 0.407938 0.796245
vt 0.169451 0.888720
vt 0.222163 0.328661
vt 0.511480 0.743849
vt 0.169451 0.873378
vt 0.515408 0.760399
vt 0.187335 0.873378
vt 0.411866 0.779695
vt 0.806213 0.332041
vt 0.187335 0.855674
vt 0.411866 0.761580
vt 0.169451 0.855674
vt 0.515408 0.778514
vt 0.788328 0.332041
vt 0.523961 0.655740
vt 0.804957 0.743415
vt 0.523961 0.653924
vt 0.806491 0.744441
vt 0.523961 0.652208
vt 0.807796 0.745745
vt 0.523961 0.650656
vt 0.808821 0.747280
vt 0.523961 0.649330
vt 0.523961 0.636043
vt 0.809527 0.748985
vt 0.523961 0.634696
vt 0.809887 0.750796
vt 0.523961 0.633129
vt 0.809887 0.752641
vt 0.523961 0.631401
vt 0.809527 0.754451
vt 0.523961 0.629580
vt 0.808821 0.756156
vt 0.523961 0.627736
vt 0.807796 0.757691
vt 0.523961 0.625938
vt 0.806491 0.758996
vt 0.523961 0.624257
vt 0.804957 0.760021
vt 0.523961 0.622757
vt 0.523961 0.582895
vt 0.803252 0.760728
vt 0.523961 0.581468
vt 0.801442 0.761088
vt 0.523961 0.579840
vt 0.799597 0.761088
vt 0.523961 0.578074
vt 0.797787 0.760728
vt 0.523961 0.576237
vt 0.796083 0.760021
vt 0.523961 0.574401
vt 0.794548 0.758996
vt 0.523961 0.572634
vt 0.793244 0.757691
vt 0.523961 0.571007
vt 0.792218 0.756156
vt 0.523961 0.569580
vt 0.521137 0.636043
vt 0.791512 0.754451
vt 0.521137 0.637543
vt 0.791152 0.752641
vt 0.521137 0.639225
vt 0.791152 0.750796
vt 0.521137 0.641022
vt 0.791512 0.748985
vt 0.521137 0.642867
vt 0.792218 0.747280
vt 0.521137 0.644688
vt 0.793244 0.745745
vt 0.521137 0.646415
vt 0.794548 0.744441
vt 0.521137 0.647982
vt 0.796083 0.743415
vt 0.521137 0.649330
vt 0.523961 0.662600
vt 0.797787 0.742709
vt 0.523961 0.661083
vt 0.799597 0.742349
vt 0.523961 0.659389
vt 0.801442 0.742349
vt 0.523961 0.657585
vt 0.803252 0.742709
vt 0.521137 0.655740
vt 0.836460 0.510265
vt 0.716716 0.960299
vt 0.309391 0.801012
vt 0.716716 0.978187
vt 0.810953 0.747280
vt 0.521137 0.653924
vt 0.835754 0.511970
vt 0.714900 0.960299
vt 0.310416 0.799477
vt 0.714900 0.978187
vt 0.810247 0.748985
vt 0.521137 0.652208
vt 0.835394 0.513780
vt 0.713184 0.960299
vt 0.311721 0.798172
vt 0.713184 0.978187
vt 0.809887 0.750795
vt 0.521137 0.650656
vt 0.835394 0.515625
vt 0.711633 0.960299
vt 0.313255 0.797147
vt 0.711633 0.978187
vt 0.809887 0.752641
vt 0.521137 0.649330
vt 0.521137 0.636043
vt 0.835754 0.517436
vt 0.710307 0.960299
vt 0.933925 0.977662
vt 0.314960 0.796441
vt 0.710307 0.978187
vt 0.933925 0.959774
vt 0.810247 0.754451
vt 0.521137 0.634696
vt 0.836460 0.519141
vt 0.935272 0.977662
vt 0.316770 0.796081
vt 0.935272 0.959774
vt 0.810953 0.756156
vt 0.521137 0.633129
vt 0.837486 0.520675
vt 0.936839 0.977662
vt 0.318615 0.796081
vt 0.936839 0.959774
vt 0.811979 0.757691
vt 0.521137 0.631401
vt 0.838790 0.521980
vt 0.938566 0.977662
vt 0.320425 0.796441
vt 0.938566 0.959774
vt 0.813283 0.758996
vt 0.521137 0.629580
vt 0.840324 0.523006
vt 0.940387 0.977662
vt 0.322129 0.797147
vt 0.940387 0.959774
vt 0.814817 0.760021
vt 0.521137 0.627736
vt 0.842029 0.523712
vt 0.942231 0.977662
vt 0.323663 0.798172
vt 0.942231 0.959774
vt 0.816522 0.760728
vt 0.521137 0.625938
vt 0.843839 0.524072
vt 0.944028 0.977662
vt 0.324968 0.799477
vt 0.944028 0.959774
vt 0.818332 0.761088
vt 0.521137 0.624257
vt 0.845684 0.524072
vt 0.945709 0.977662
vt 0.325994 0.801012
vt 0.945709 0.959774
vt 0.820177 0.761088
vt 0.521137 0.622757
vt 0.521137 0.582895
vt 0.847494 0.523712
vt 0.950202 0.065904
vt 0.947209 0.977662
vt 0.326700 0.802717
vt 0.947209 0.959774
vt 0.950202 0.083793
vt 0.821987 0.760728
vt 0.521137 0.581468
vt 0.849199 0.523006
vt 0.948776 0.065904
vt 0.327060 0.804527
vt 0.948776 0.083793
vt 0.823692 0.760021
vt 0.521137 0.579840
vt 0.850733 0.521980
vt 0.947149 0.065904
vt 0.327060 0.806373
vt 0.947149 0.083793
vt 0.825226 0.758996
vt 0.521137 0.578074
vt 0.852038 0.520675
vt 0.945383 0.065904
vt 0.326700 0.808183
vt 0.945383 0.083793
vt 0.826531 0.757691
vt 0.521137 0.576237
vt 0.853063 0.519141
vt 0.943547 0.065904
vt 0.325994 0.809888
vt 0.943547 0.083793
vt 0.827556 0.756156
vt 0.521137 0.574401
vt 0.853769 0.517436
vt 0.941710 0.065904
vt 0.324968 0.811423
vt 0.941710 0.083793
vt 0.828262 0.754451
vt 0.521137 0.572634
vt 0.854129 0.515625
vt 0.939944 0.065904
vt 0.323663 0.812728
vt 0.939944 0.083793
vt 0.828622 0.752641
vt 0.521137 0.571007
vt 0.854129 0.513780
vt 0.938317 0.065904
vt 0.322129 0.813753
vt 0.938317 0.083793
vt 0.828622 0.750795
vt 0.521137 0.569580
vt 0.523961 0.636043
vt 0.853769 0.511970
vt 0.936891 0.065904
vt 0.813849 0.959937
vt 0.320425 0.814460
vt 0.813849 0.977825
vt 0.936891 0.083793
vt 0.828262 0.748985
vt 0.523961 0.637543
vt 0.853063 0.510265
vt 0.812349 0.959937
vt 0.318615 0.814820
vt 0.812349 0.977825
vt 0.827556 0.747280
vt 0.523961 0.639225
vt 0.852038 0.508730
vt 0.810668 0.959937
vt 0.316770 0.814820
vt 0.810668 0.977825
vt 0.826531 0.745745
vt 0.523961 0.641022
vt 0.850733 0.507425
vt 0.808871 0.959937
vt 0.314960 0.814460
vt 0.808871 0.977825
vt 0.825226 0.744440
vt 0.523961 0.642867
vt 0.849199 0.506399
vt 0.807027 0.959937
vt 0.313255 0.813753
vt 0.807027 0.977825
vt 0.823692 0.743415
vt 0.523961 0.644688
vt 0.847494 0.505693
vt 0.805206 0.959937
vt 0.311721 0.812728
vt 0.805206 0.977825
vt 0.821987 0.742709
vt 0.523961 0.646415
vt 0.845684 0.505333
vt 0.803479 0.959937
vt 0.310416 0.811423
vt 0.803479 0.977825
vt 0.820177 0.742349
vt 0.523961 0.647982
vt 0.843839 0.505333
vt 0.801912 0.959937
vt 0.309391 0.809888
vt 0.801912 0.977825
vt 0.818332 0.742349
vt 0.523961 0.649330
vt 0.521137 0.662600
vt 0.842029 0.505693
vt 0.800565 0.959937
vt 0.723574 0.960299
vt 0.308685 0.808183
vt 0.723574 0.978187
vt 0.800565 0.977825
vt 0.816522 0.742709
vt 0.521137 0.661083
vt 0.840324 0.506399
vt 0.722057 0.960299
vt 0.308325 0.806373
vt 0.722057 0.978187
vt 0.814817 0.743415
vt 0.521137 0.659389
vt 0.838790 0.507425
vt 0.720364 0.960299
vt 0.308325 0.804527
vt 0.720364 0.978187
vt 0.813283 0.744440
vt 0.521137 0.657585
vt 0.837486 0.508730
vt 0.718561 0.960299
vt 0.308685 0.802717
vt 0.718561 0.978187
vt 0.811979 0.745745
vt 0.512640 0.136227
vt 0.964802 0.667030
vt 0.513001 0.139901
vt 0.961161 0.667030
vt 0.511568 0.147106
vt 0.953878 0.667030
vt 0.512640 0.143574
vt 0.957472 0.667030
vt 0.509829 0.150362
vt 0.950517 0.667030
vt 0.935721 0.817668
vt 0.507488 0.153215
vt 0.947517 0.667030
vt 0.504635 0.155557
vt 0.938573 0.817668
vt 0.497848 0.158369
vt 0.945360 0.817668
vt 0.501380 0.157297
vt 0.941828 0.817668
vt 0.483717 0.155557
vt 0.959491 0.817668
vt 0.486971 0.157297
vt 0.956237 0.817668
vt 0.948870 0.714105
vt 0.480864 0.153215
vt 0.962344 0.817668
vt 0.478523 0.150362
vt 0.951870 0.714105
vt 0.476783 0.132695
vt 0.969609 0.714105
vt 0.476783 0.147106
vt 0.955231 0.714105
vt 0.475350 0.139901
vt 0.962513 0.714105
vt 0.475712 0.136227
vt 0.966155 0.714105
vt 0.475712 0.143574
vt 0.958825 0.714105
vt 0.478523 0.129439
vt 0.972743 0.714105
vt 0.494176 0.158730
vt 0.949032 0.817668
vt 0.490503 0.158369
vt 0.952705 0.817668
vt 0.509829 0.129439
vt 0.971390 0.667030
vt 0.511568 0.132695
vt 0.968256 0.667030
vt 0.507488 0.126586
vt 0.975647 0.303779
vt 0.974084 0.667030
vt 0.501380 0.122504
vt 0.969893 0.303779
vt 0.504635 0.124244
vt 0.972995 0.303779
vt 0.497848 0.121433
vt 0.966460 0.303779
vt 0.490503 0.121433
vt 0.959139 0.303779
vt 0.494176 0.121071
vt 0.962829 0.303779
vt 0.480864 0.126586
vt 0.975437 0.714105
vt 0.949112 0.303779
vt 0.483717 0.124244
vt 0.952146 0.303779
vt 0.486971 0.122504
vt 0.955532 0.303779
vt 0.459240 0.538222
vt 0.964802 0.629370
vt 0.458878 0.541895
vt 0.961161 0.629370
vt 0.460311 0.549101
vt 0.953878 0.629370
vt 0.460311 0.534689
vt 0.968256 0.629370
vt 0.459240 0.545569
vt 0.957472 0.629370
vt 0.464392 0.555210
vt 0.947517 0.629370
vt 0.935721 0.855328
vt 0.462051 0.531434
vt 0.971390 0.629370
vt 0.467245 0.557552
vt 0.938573 0.855328
vt 0.470499 0.559292
vt 0.941828 0.855328
vt 0.462051 0.552357
vt 0.950517 0.629370
vt 0.484908 0.559292
vt 0.956237 0.855328
vt 0.488163 0.557552
vt 0.959491 0.855328
vt 0.481376 0.560363
vt 0.952705 0.855328
vt 0.493357 0.552357
vt 0.951870 0.751765
vt 0.495096 0.549101
vt 0.955231 0.751765
vt 0.496529 0.541895
vt 0.962513 0.751765
vt 0.496168 0.538222
vt 0.966155 0.751765
vt 0.496168 0.545569
vt 0.958825 0.751765
vt 0.491016 0.555210
vt 0.962344 0.855328
vt 0.948870 0.751765
vt 0.477704 0.560725
vt 0.949032 0.855328
vt 0.474031 0.560363
vt 0.945360 0.855328
vt 0.467245 0.526239
vt 0.972995 0.341439
vt 0.974084 0.629370
vt 0.464392 0.528581
vt 0.975647 0.341439
vt 0.477704 0.523065
vt 0.962829 0.341439
vt 0.474031 0.523427
vt 0.966460 0.341439
vt 0.470499 0.524499
vt 0.969893 0.341439
vt 0.484908 0.524499
vt 0.955532 0.341439
vt 0.949112 0.341439
vt 0.491016 0.528581
vt 0.975437 0.751765
vt 0.488163 0.526239
vt 0.952146 0.341439
vt 0.493357 0.531434
vt 0.972743 0.751765
vt 0.495096 0.534689
vt 0.969609 0.751765
vt 0.481376 0.523427
vt 0.959139 0.341439
s 1
usemtl 
f 2262/4950/555 2272/4972/556 2282/4993/556
f 2262/4949/557 2469/5398/557 2468/5396/557
f 2494/5451/557 2313/5060/557 2490/5442/557
f 2520/5506/558 2295/5022/558 2519/5504/558
f 2513/5490/558 2508/5480/558 2280/4989/558
f 2283/4996/559 2304/5042/560 2309/5053/560
f 2262/4950/555 2255/4934/561 2251/4925/555
f 2269/4966/561 2256/4937/562 2255/4934/561
f 2267/4961/562 2258/4942/563 2256/4935/562
f 2266/4958/563 2260/4946/564 2258/4942/563
f 2264/4954/564 2253/4930/565 2260/4946/564
f 2272/4972/556 2284/4998/566 2282/4993/556
f 2280/4990/566 2286/5003/567 2284/4998/566
f 2278/4986/567 2288/5008/568 2286/5001/567
f 2275/4978/568 2290/5012/569 2288/5008/568
f 2274/4976/569 2283/4996/559 2290/5012/569
f 2253/4930/565 2298/5029/570 2291/5014/570
f 2296/5025/571 2315/5065/572 2292/5016/572
f 2299/5031/571 2316/5067/572 2318/5071/571
f 2295/5023/573 2317/5069/571 2296/5025/571
f 2299/5031/571 2320/5076/573 2300/5032/573
f 2294/5020/574 2319/5074/573 2295/5021/573
f 2301/5036/574 2320/5077/573 2322/5081/574
f 2323/5083/575 2293/5018/576 2302/5038/576
f 2293/5018/576 2298/5029/570 2302/5038/576
f 2310/5055/577 2328/5095/578 2326/5091/577
f 2303/5040/577 2327/5093/578 2305/5044/578
f 2314/5064/578 2330/5101/579 2328/5095/578
f 2305/5044/578 2329/5097/579 2306/5045/579
f 2313/5062/579 2331/5103/580 2330/5100/579
f 2307/5049/580 2329/5098/579 2332/5105/580
f 2333/5108/581 2334/5110/581 2311/5057/582
f 2311/5057/582 2304/5042/560 2308/5051/582
f 2292/5016/572 2325/5089/577 2303/5040/577
f 2297/5027/572 2326/5091/577 2316/5067/572
f 2273/4974/583 2263/4952/584 2281/4991/583
f 2328/5096/558 2330/5102/558 2285/4999/558
f 2317/5070/557 2319/5075/557 2257/4939/557
f 2254/4932/585 2263/4952/584 2252/4927/584
f 2257/4940/586 2270/4968/585 2254/4932/585
f 2259/4944/587 2268/4964/586 2257/4938/586
f 2265/4956/587 2323/5085/588 2324/5086/588
f 2285/5000/589 2273/4974/583 2281/4991/583
f 2287/5006/590 2279/4988/589 2285/5000/589
f 2289/5010/591 2277/4983/590 2287/5004/590
f 2276/4980/591 2334/5112/592 2333/5107/592
f 2335/5113/593 2370/5187/594 2336/5115/594
f 2371/5189/594 2369/5185/593 2372/5191/594
f 2375/5197/595 2371/5189/594 2372/5191/594
f 2336/5115/594 2373/5193/595 2337/5117/595
f 2378/5203/596 2374/5195/595 2375/5197/595
f 2337/5117/595 2376/5199/596 2338/5119/596
f 2381/5211/597 2377/5201/596 2378/5203/596
f 2338/5119/596 2379/5205/597 2339/5121/597
f 2380/5209/597 2384/5218/598 2383/5216/598
f 2340/5124/598 2379/5206/597 2382/5214/598
f 2341/5126/599 2382/5214/598 2385/5220/599
f 2384/5218/598 2386/5222/599 2383/5216/598
f 2387/5224/599 2389/5228/600 2386/5222/599
f 2342/5128/600 2385/5220/599 2388/5226/600
f 2390/5230/600 2392/5234/601 2389/5228/600
f 2343/5130/601 2388/5226/600 2391/5232/601
f 2393/5236/601 2395/5240/602 2392/5234/601
f 2344/5132/602 2391/5232/601 2394/5238/602
f 2396/5242/602 2398/5246/603 2395/5240/602
f 2345/5134/603 2394/5238/602 2397/5244/603
f 2399/5248/603 2401/5252/604 2398/5246/603
f 2346/5136/604 2397/5244/603 2400/5250/604
f 2402/5254/604 2404/5260/605 2401/5252/604
f 2347/5138/605 2400/5250/604 2403/5256/605
f 2405/5263/605 2407/5267/606 2404/5259/605
f 2348/5141/606 2403/5257/605 2406/5265/606
f 2349/5143/607 2406/5265/606 2409/5271/607
f 2410/5273/607 2408/5269/606 2411/5275/607
f 2411/5275/607 2413/5279/608 2410/5273/607
f 2350/5145/608 2409/5271/607 2412/5277/608
f 2351/5147/609 2412/5277/608 2415/5283/609
f 2414/5281/608 2416/5285/609 2413/5279/608
f 2352/5149/610 2415/5283/609 2418/5289/610
f 2419/5291/610 2417/5287/609 2420/5293/610
f 2420/5293/610 2422/5297/611 2419/5291/610
f 2353/5151/611 2418/5289/610 2421/5295/611
f 2354/5153/612 2421/5295/611 2424/5301/612
f 2423/5299/611 2425/5303/612 2422/5297/611
f 2426/5305/612 2428/5310/613 2425/5303/612
f 2355/5155/613 2424/5301/612 2427/5307/613
f 2432/5320/614 2428/5311/613 2429/5313/613
f 2355/5156/613 2430/5316/614 2356/5158/614
f 2435/5326/615 2431/5318/614 2432/5320/614
f 2356/5158/614 2433/5322/615 2357/5160/615
f 2438/5332/616 2434/5324/615 2435/5326/615
f 2357/5160/615 2436/5328/616 2358/5162/616
f 2438/5332/616 2440/5336/617 2437/5330/616
f 2358/5162/616 2439/5334/617 2359/5164/617
f 2444/5344/618 2440/5336/617 2441/5338/617
f 2359/5164/617 2442/5340/618 2360/5166/618
f 2447/5350/619 2443/5342/618 2444/5344/618
f 2360/5166/618 2445/5346/619 2361/5168/619
f 2450/5356/620 2446/5348/619 2447/5350/619
f 2361/5168/619 2448/5352/620 2362/5170/620
f 2453/5365/621 2449/5354/620 2450/5356/620
f 2362/5170/620 2451/5358/621 2363/5172/621
f 2456/5371/622 2452/5362/621 2453/5364/621
f 2363/5173/621 2454/5367/622 2364/5175/622
f 2459/5377/623 2455/5369/622 2456/5371/622
f 2364/5175/622 2457/5373/623 2365/5177/623
f 2462/5383/624 2458/5375/623 2459/5377/623
f 2365/5177/623 2460/5379/624 2366/5179/624
f 2369/5185/593 2461/5381/624 2462/5383/624
f 2366/5179/624 2367/5181/593 2335/5113/593
f 2362/5171/557 2363/5174/557 2356/5159/557
f 2400/5251/558 2397/5245/558 2382/5215/558
f 2452/5363/557 2455/5370/557 2428/5312/557
f 2453/5366/558 2450/5357/558 2429/5315/558
f 2483/5428/610 2514/5494/609 2482/5426/609
f 2473/5407/611 2507/5479/610 2483/5428/610
f 2472/5405/612 2505/5475/611 2473/5407/611
f 2474/5410/613 2506/5477/612 2472/5405/612
f 2475/5412/614 2513/5492/613 2474/5408/613
f 2475/5412/614 2509/5483/615 2508/5481/614
f 2477/5416/615 2512/5489/616 2509/5483/615
f 2480/5422/616 2510/5485/617 2512/5489/616
f 2478/5418/617 2511/5487/618 2510/5485/617
f 2476/5414/619 2511/5487/618 2479/5420/618
f 2476/5414/619 2524/5516/620 2525/5518/619
f 2481/5424/620 2522/5512/621 2524/5516/620
f 2492/5448/621 2523/5514/622 2522/5510/621
f 2493/5450/622 2521/5509/623 2523/5514/622
f 2494/5452/623 2526/5520/624 2521/5509/623
f 2490/5443/624 2518/5503/593 2526/5520/624
f 2491/5445/593 2519/5505/594 2518/5503/593
f 2489/5441/594 2520/5507/595 2519/5505/594
f 2487/5437/595 2516/5498/596 2520/5507/595
f 2488/5439/596 2517/5501/597 2516/5498/596
f 2486/5435/597 2501/5467/598 2517/5499/597
f 2485/5432/599 2501/5467/598 2484/5430/598
f 2463/5386/600 2498/5460/599 2485/5432/599
f 2464/5388/601 2495/5454/600 2463/5386/600
f 2466/5392/602 2496/5456/601 2464/5388/601
f 2465/5390/603 2499/5462/602 2466/5392/602
f 2467/5394/604 2497/5458/603 2465/5390/603
f 2468/5397/605 2504/5473/604 2467/5394/604
f 2469/5399/606 2500/5465/605 2468/5395/605
f 2471/5403/607 2502/5469/606 2469/5399/606
f 2470/5401/608 2503/5471/607 2471/5403/607
f 2482/5426/609 2515/5496/608 2470/5401/608
f 2262/4950/555 2251/4925/555 2272/4972/556
f 2464/5387/557 2266/4957/557 2267/4959/557
f 2267/4959/557 2269/4965/557 2465/5389/557
f 2269/4965/557 2262/4949/557 2468/5396/557
f 2465/5389/557 2269/4965/557 2467/5393/557
f 2262/4949/557 2282/4994/557 2482/5425/557
f 2282/4994/557 2473/5406/557 2483/5427/557
f 2282/4994/557 2483/5427/557 2482/5425/557
f 2466/5391/557 2464/5387/557 2267/4959/557
f 2465/5389/557 2466/5391/557 2267/4959/557
f 2262/4949/557 2482/5425/557 2470/5400/557
f 2467/5393/557 2269/4965/557 2468/5396/557
f 2262/4949/557 2470/5400/557 2471/5402/557
f 2262/4949/557 2471/5402/557 2469/5398/557
f 2472/5404/557 2473/5406/557 2282/4994/557
f 2282/4994/557 2284/4997/557 2474/5409/557
f 2284/4997/557 2286/5002/557 2477/5415/557
f 2475/5411/557 2284/4997/557 2477/5415/557
f 2286/5002/557 2288/5007/557 2478/5417/557
f 2288/5007/557 2290/5011/557 2476/5413/557
f 2286/5002/557 2480/5421/557 2477/5415/557
f 2290/5011/557 2283/4995/557 2481/5423/557
f 2283/4995/557 2309/5052/557 2492/5446/557
f 2290/5011/557 2481/5423/557 2476/5413/557
f 2309/5052/557 2311/5056/557 2494/5451/557
f 2311/5056/557 2312/5058/557 2494/5451/557
f 2309/5052/557 2494/5451/557 2493/5449/557
f 2312/5058/557 2313/5060/557 2494/5451/557
f 2313/5060/557 2314/5063/557 2490/5442/557
f 2314/5063/557 2310/5054/557 2490/5442/557
f 2310/5054/557 2297/5026/557 2491/5444/557
f 2309/5052/557 2493/5449/557 2492/5446/557
f 2297/5026/557 2299/5030/557 2489/5440/557
f 2299/5030/557 2300/5033/557 2489/5440/557
f 2489/5440/557 2300/5033/557 2487/5436/557
f 2300/5033/557 2301/5035/557 2487/5436/557
f 2301/5035/557 2302/5037/557 2487/5436/557
f 2302/5037/557 2298/5028/557 2487/5436/557
f 2298/5028/557 2261/4947/557 2486/5433/557
f 2261/4947/557 2264/4953/557 2484/5429/557
f 2264/4953/557 2266/4957/557 2485/5431/557
f 2261/4947/557 2484/5429/557 2486/5433/557
f 2266/4957/557 2464/5387/557 2463/5385/557
f 2266/4957/557 2463/5385/557 2485/5431/557
f 2298/5028/557 2486/5433/557 2488/5438/557
f 2284/4997/557 2475/5411/557 2474/5409/557
f 2480/5421/557 2286/5002/557 2478/5417/557
f 2474/5409/557 2472/5404/557 2282/4994/557
f 2481/5423/557 2283/4995/557 2492/5446/557
f 2485/5431/557 2484/5429/557 2264/4953/557
f 2298/5028/557 2488/5438/557 2487/5436/557
f 2478/5417/557 2288/5007/557 2479/5419/557
f 2479/5419/557 2288/5007/557 2476/5413/557
f 2297/5026/557 2489/5440/557 2491/5444/557
f 2491/5444/557 2490/5442/557 2310/5054/557
f 2502/5468/558 2503/5470/558 2251/4926/558
f 2251/4926/558 2255/4933/558 2500/5463/558
f 2255/4933/558 2256/4936/558 2497/5457/558
f 2504/5472/558 2255/4933/558 2497/5457/558
f 2256/4936/558 2258/4941/558 2496/5455/558
f 2258/4941/558 2260/4945/558 2498/5459/558
f 2256/4936/558 2499/5461/558 2497/5457/558
f 2260/4945/558 2253/4929/558 2501/5466/558
f 2253/4929/558 2291/5013/558 2517/5500/558
f 2260/4945/558 2501/5466/558 2498/5459/558
f 2291/5013/558 2293/5017/558 2520/5506/558
f 2293/5017/558 2294/5019/558 2520/5506/558
f 2291/5013/558 2520/5506/558 2516/5497/558
f 2294/5019/558 2295/5022/558 2520/5506/558
f 2295/5022/558 2296/5024/558 2519/5504/558
f 2296/5024/558 2292/5015/558 2519/5504/558
f 2292/5015/558 2303/5039/558 2518/5502/558
f 2291/5013/558 2516/5497/558 2517/5500/558
f 2303/5039/558 2305/5043/558 2526/5519/558
f 2305/5043/558 2306/5046/558 2526/5519/558
f 2526/5519/558 2306/5046/558 2521/5508/558
f 2306/5046/558 2307/5048/558 2521/5508/558
f 2307/5048/558 2308/5050/558 2521/5508/558
f 2308/5050/558 2304/5041/558 2521/5508/558
f 2304/5041/558 2271/4969/558 2522/5511/558
f 2271/4969/558 2274/4975/558 2524/5515/558
f 2274/4975/558 2275/4977/558 2525/5517/558
f 2271/4969/558 2524/5515/558 2522/5511/558
f 2275/4977/558 2510/5484/558 2511/5486/558
f 2275/4977/558 2511/5486/558 2525/5517/558
f 2304/5041/558 2522/5511/558 2523/5513/558
f 2255/4933/558 2504/5472/558 2500/5463/558
f 2499/5461/558 2256/4936/558 2496/5455/558
f 2500/5463/558 2502/5468/558 2251/4926/558
f 2501/5466/558 2253/4929/558 2517/5500/558
f 2525/5517/558 2524/5515/558 2274/4975/558
f 2304/5041/558 2523/5513/558 2521/5508/558
f 2496/5455/558 2258/4941/558 2495/5453/558
f 2495/5453/558 2258/4941/558 2498/5459/558
f 2303/5039/558 2526/5519/558 2518/5502/558
f 2518/5502/558 2519/5504/558 2292/5015/558
f 2512/5488/558 2510/5484/558 2278/4984/558
f 2510/5484/558 2275/4977/558 2278/4984/558
f 2278/4984/558 2280/4989/558 2509/5482/558
f 2509/5482/558 2280/4989/558 2508/5480/558
f 2280/4989/558 2272/4971/558 2513/5490/558
f 2272/4971/558 2251/4926/558 2514/5493/558
f 2506/5476/558 2272/4971/558 2505/5474/558
f 2251/4926/558 2503/5470/558 2515/5495/558
f 2251/4926/558 2515/5495/558 2514/5493/558
f 2272/4971/558 2506/5476/558 2513/5490/558
f 2509/5482/558 2512/5488/558 2278/4984/558
f 2514/5493/558 2507/5478/558 2272/4971/558
f 2507/5478/558 2505/5474/558 2272/4971/558
f 2283/4996/559 2271/4970/559 2304/5042/560
f 2262/4950/555 2269/4966/561 2255/4934/561
f 2269/4966/561 2267/4960/562 2256/4937/562
f 2267/4961/562 2266/4958/563 2258/4942/563
f 2266/4958/563 2264/4954/564 2260/4946/564
f 2264/4954/564 2261/4948/565 2253/4930/565
f 2272/4972/556 2280/4990/566 2284/4998/566
f 2280/4990/566 2278/4985/567 2286/5003/567
f 2278/4986/567 2275/4978/568 2288/5008/568
f 2275/4978/568 2274/4976/569 2290/5012/569
f 2274/4976/569 2271/4970/559 2283/4996/559
f 2253/4930/565 2261/4948/565 2298/5029/570
f 2296/5025/571 2317/5069/571 2315/5065/572
f 2299/5031/571 2297/5027/572 2316/5067/572
f 2295/5023/573 2319/5073/573 2317/5069/571
f 2299/5031/571 2318/5071/571 2320/5076/573
f 2294/5020/574 2321/5079/574 2319/5074/573
f 2301/5036/574 2300/5034/573 2320/5077/573
f 2323/5083/575 2321/5079/574 2294/5020/574
f 2302/5038/576 2301/5036/574 2324/5087/575
f 2301/5036/574 2322/5081/574 2324/5087/575
f 2323/5083/575 2294/5020/574 2293/5018/576
f 2302/5038/576 2324/5087/575 2323/5083/575
f 2293/5018/576 2291/5014/570 2298/5029/570
f 2310/5055/577 2314/5064/578 2328/5095/578
f 2303/5040/577 2325/5089/577 2327/5093/578
f 2314/5064/578 2313/5061/579 2330/5101/579
f 2305/5044/578 2327/5093/578 2329/5097/579
f 2313/5062/579 2312/5059/580 2331/5103/580
f 2307/5049/580 2306/5047/579 2329/5098/579
f 2334/5110/581 2331/5103/580 2312/5059/580
f 2308/5051/582 2307/5049/580 2333/5108/581
f 2307/5049/580 2332/5105/580 2333/5108/581
f 2334/5110/581 2312/5059/580 2311/5057/582
f 2308/5051/582 2333/5108/581 2311/5057/582
f 2311/5057/582 2309/5053/560 2304/5042/560
f 2292/5016/572 2315/5065/572 2325/5089/577
f 2297/5027/572 2310/5055/577 2326/5091/577
f 2273/4974/583 2252/4927/584 2263/4952/584
f 2331/5104/558 2334/5111/558 2289/5009/558
f 2289/5009/558 2287/5005/558 2331/5104/558
f 2287/5005/558 2285/4999/558 2330/5102/558
f 2331/5104/558 2287/5005/558 2330/5102/558
f 2285/4999/558 2281/4992/558 2328/5096/558
f 2281/4992/558 2263/4951/558 2326/5092/558
f 2326/5092/558 2263/4951/558 2316/5068/558
f 2263/4951/558 2270/4967/558 2316/5068/558
f 2270/4967/558 2268/4962/558 2318/5072/558
f 2318/5072/558 2268/4962/558 2320/5078/558
f 2268/4962/558 2265/4955/558 2320/5078/558
f 2265/4955/558 2324/5088/558 2322/5082/558
f 2320/5078/558 2265/4955/558 2322/5082/558
f 2318/5072/558 2316/5068/558 2270/4967/558
f 2326/5092/558 2328/5096/558 2281/4992/558
f 2321/5080/557 2323/5084/557 2259/4943/557
f 2259/4943/557 2257/4939/557 2319/5075/557
f 2257/4939/557 2254/4931/557 2317/5070/557
f 2259/4943/557 2319/5075/557 2321/5080/557
f 2254/4931/557 2252/4928/557 2315/5066/557
f 2252/4928/557 2273/4973/557 2325/5090/557
f 2273/4973/557 2279/4987/557 2327/5094/557
f 2279/4987/557 2277/4981/557 2329/5099/557
f 2277/4981/557 2276/4979/557 2332/5106/557
f 2276/4979/557 2333/5109/557 2332/5106/557
f 2332/5106/557 2329/5099/557 2277/4981/557
f 2329/5099/557 2327/5094/557 2279/4987/557
f 2327/5094/557 2325/5090/557 2273/4973/557
f 2325/5090/557 2315/5066/557 2252/4928/557
f 2315/5066/557 2317/5070/557 2254/4931/557
f 2254/4932/585 2270/4968/585 2263/4952/584
f 2257/4940/586 2268/4963/586 2270/4968/585
f 2259/4944/587 2265/4956/587 2268/4964/586
f 2265/4956/587 2259/4944/587 2323/5085/588
f 2285/5000/589 2279/4988/589 2273/4974/583
f 2287/5006/590 2277/4982/590 2279/4988/589
f 2289/5010/591 2276/4980/591 2277/4983/590
f 2276/4980/591 2289/5010/591 2334/5112/592
f 2335/5113/593 2367/5181/593 2370/5187/594
f 2371/5189/594 2368/5183/593 2369/5185/593
f 2375/5197/595 2374/5195/595 2371/5189/594
f 2336/5115/594 2370/5187/594 2373/5193/595
f 2378/5203/596 2377/5201/596 2374/5195/595
f 2337/5117/595 2373/5193/595 2376/5199/596
f 2381/5211/597 2380/5208/597 2377/5201/596
f 2338/5119/596 2376/5199/596 2379/5205/597
f 2380/5209/597 2381/5212/597 2384/5218/598
f 2340/5124/598 2339/5122/597 2379/5206/597
f 2341/5126/599 2340/5124/598 2382/5214/598
f 2384/5218/598 2387/5224/599 2386/5222/599
f 2387/5224/599 2390/5230/600 2389/5228/600
f 2342/5128/600 2341/5126/599 2385/5220/599
f 2390/5230/600 2393/5236/601 2392/5234/601
f 2343/5130/601 2342/5128/600 2388/5226/600
f 2393/5236/601 2396/5242/602 2395/5240/602
f 2344/5132/602 2343/5130/601 2391/5232/601
f 2396/5242/602 2399/5248/603 2398/5246/603
f 2345/5134/603 2344/5132/602 2394/5238/602
f 2399/5248/603 2402/5254/604 2401/5252/604
f 2346/5136/604 2345/5134/603 2397/5244/603
f 2402/5254/604 2405/5262/605 2404/5260/605
f 2347/5138/605 2346/5136/604 2400/5250/604
f 2405/5263/605 2408/5269/606 2407/5267/606
f 2348/5141/606 2347/5139/605 2403/5257/605
f 2349/5143/607 2348/5141/606 2406/5265/606
f 2410/5273/607 2407/5267/606 2408/5269/606
f 2411/5275/607 2414/5281/608 2413/5279/608
f 2350/5145/608 2349/5143/607 2409/5271/607
f 2351/5147/609 2350/5145/608 2412/5277/608
f 2414/5281/608 2417/5287/609 2416/5285/609
f 2352/5149/610 2351/5147/609 2415/5283/609
f 2419/5291/610 2416/5285/609 2417/5287/609
f 2420/5293/610 2423/5299/611 2422/5297/611
f 2353/5151/611 2352/5149/610 2418/5289/610
f 2354/5153/612 2353/5151/611 2421/5295/611
f 2423/5299/611 2426/5305/612 2425/5303/612
f 2426/5305/612 2429/5314/613 2428/5310/613
f 2355/5155/613 2354/5153/612 2424/5301/612
f 2432/5320/614 2431/5318/614 2428/5311/613
f 2355/5156/613 2427/5308/613 2430/5316/614
f 2435/5326/615 2434/5324/615 2431/5318/614
f 2356/5158/614 2430/5316/614 2433/5322/615
f 2438/5332/616 2437/5330/616 2434/5324/615
f 2357/5160/615 2433/5322/615 2436/5328/616
f 2438/5332/616 2441/5338/617 2440/5336/617
f 2358/5162/616 2436/5328/616 2439/5334/617
f 2444/5344/618 2443/5342/618 2440/5336/617
f 2359/5164/617 2439/5334/617 2442/5340/618
f 2447/5350/619 2446/5348/619 2443/5342/618
f 2360/5166/618 2442/5340/618 2445/5346/619
f 2450/5356/620 2449/5354/620 2446/5348/619
f 2361/5168/619 2445/5346/619 2448/5352/620
f 2453/5365/621 2452/5361/621 2449/5354/620
f 2362/5170/620 2448/5352/620 2451/5358/621
f 2456/5371/622 2455/5369/622 2452/5362/621
f 2363/5173/621 2451/5359/621 2454/5367/622
f 2459/5377/623 2458/5375/623 2455/5369/622
f 2364/5175/622 2454/5367/622 2457/5373/623
f 2462/5383/624 2461/5381/624 2458/5375/623
f 2365/5177/623 2457/5373/623 2460/5379/624
f 2369/5185/593 2368/5183/593 2461/5381/624
f 2366/5179/624 2460/5379/624 2367/5181/593
f 2364/5176/557 2365/5178/557 2353/5152/557
f 2365/5178/557 2366/5180/557 2352/5150/557
f 2366/5180/557 2335/5114/557 2352/5150/557
f 2335/5114/557 2336/5116/557 2351/5148/557
f 2352/5150/557 2335/5114/557 2351/5148/557
f 2336/5116/557 2337/5118/557 2349/5144/557
f 2337/5118/557 2338/5120/557 2348/5142/557
f 2338/5120/557 2339/5123/557 2348/5142/557
f 2339/5123/557 2340/5125/557 2347/5140/557
f 2348/5142/557 2339/5123/557 2347/5140/557
f 2340/5125/557 2341/5127/557 2345/5135/557
f 2341/5127/557 2342/5129/557 2344/5133/625
f 2342/5129/557 2343/5131/625 2344/5133/625
f 2344/5133/625 2345/5135/557 2341/5127/557
f 2345/5135/557 2346/5137/557 2340/5125/557
f 2346/5137/557 2347/5140/557 2340/5125/557
f 2348/5142/557 2349/5144/557 2337/5118/557
f 2349/5144/557 2350/5146/557 2336/5116/557
f 2350/5146/557 2351/5148/557 2336/5116/557
f 2352/5150/557 2353/5152/557 2365/5178/557
f 2353/5152/557 2354/5154/557 2364/5176/557
f 2354/5154/557 2355/5157/557 2364/5176/557
f 2355/5157/557 2356/5159/557 2363/5174/557
f 2364/5176/557 2355/5157/557 2363/5174/557
f 2356/5159/557 2357/5161/557 2361/5169/557
f 2357/5161/557 2358/5163/557 2360/5167/626
f 2358/5163/557 2359/5165/626 2360/5167/626
f 2360/5167/626 2361/5169/557 2357/5161/557
f 2361/5169/557 2362/5171/557 2356/5159/557
f 2394/5239/558 2391/5233/627 2388/5227/558
f 2388/5227/558 2385/5221/558 2394/5239/558
f 2385/5221/558 2382/5215/558 2397/5245/558
f 2394/5239/558 2385/5221/558 2397/5245/558
f 2382/5215/558 2379/5207/558 2403/5258/558
f 2379/5207/558 2376/5200/558 2406/5266/558
f 2376/5200/558 2373/5194/558 2406/5266/558
f 2373/5194/558 2370/5188/558 2409/5272/558
f 2406/5266/558 2373/5194/558 2409/5272/558
f 2370/5188/558 2367/5182/558 2415/5284/558
f 2367/5182/558 2460/5380/558 2418/5290/558
f 2460/5380/558 2457/5374/558 2418/5290/558
f 2457/5374/558 2454/5368/558 2421/5296/558
f 2418/5290/558 2457/5374/558 2421/5296/558
f 2454/5368/558 2451/5360/558 2427/5309/558
f 2451/5360/558 2448/5353/558 2430/5317/558
f 2448/5353/558 2445/5347/558 2430/5317/558
f 2445/5347/558 2442/5341/558 2433/5323/558
f 2430/5317/558 2445/5347/558 2433/5323/558
f 2442/5341/558 2439/5335/628 2436/5329/558
f 2436/5329/558 2433/5323/558 2442/5341/558
f 2430/5317/558 2427/5309/558 2451/5360/558
f 2427/5309/558 2424/5302/558 2454/5368/558
f 2424/5302/558 2421/5296/558 2454/5368/558
f 2418/5290/558 2415/5284/558 2367/5182/558
f 2415/5284/558 2412/5278/558 2370/5188/558
f 2412/5278/558 2409/5272/558 2370/5188/558
f 2406/5266/558 2403/5258/558 2379/5207/558
f 2403/5258/558 2400/5251/558 2382/5215/558
f 2458/5376/557 2461/5382/557 2419/5292/557
f 2461/5382/557 2368/5184/557 2416/5286/557
f 2368/5184/557 2371/5190/557 2413/5280/557
f 2371/5190/557 2374/5196/557 2410/5274/557
f 2374/5196/557 2377/5202/557 2410/5274/557
f 2377/5202/557 2380/5210/557 2407/5268/557
f 2410/5274/557 2377/5202/557 2407/5268/557
f 2380/5210/557 2383/5217/557 2404/5261/557
f 2383/5217/557 2386/5223/557 2401/5253/557
f 2404/5261/557 2383/5217/557 2401/5253/557
f 2386/5223/557 2389/5229/557 2398/5247/557
f 2389/5229/557 2392/5235/557 2395/5241/557
f 2398/5247/557 2389/5229/557 2395/5241/557
f 2398/5247/557 2401/5253/557 2386/5223/557
f 2404/5261/557 2407/5268/557 2380/5210/557
f 2410/5274/557 2413/5280/557 2371/5190/557
f 2413/5280/557 2416/5286/557 2368/5184/557
f 2416/5286/557 2419/5292/557 2461/5382/557
f 2419/5292/557 2422/5298/557 2458/5376/557
f 2422/5298/557 2425/5304/557 2458/5376/557
f 2425/5304/557 2428/5312/557 2455/5370/557
f 2458/5376/557 2425/5304/557 2455/5370/557
f 2428/5312/557 2431/5319/557 2452/5363/557
f 2431/5319/557 2434/5325/557 2449/5355/557
f 2452/5363/557 2431/5319/557 2449/5355/557
f 2434/5325/557 2437/5331/557 2446/5349/557
f 2437/5331/557 2440/5337/557 2443/5343/557
f 2446/5349/557 2437/5331/557 2443/5343/557
f 2446/5349/557 2449/5355/557 2434/5325/557
f 2447/5351/558 2444/5345/558 2435/5327/558
f 2444/5345/558 2441/5339/558 2438/5333/558
f 2435/5327/558 2444/5345/558 2438/5333/558
f 2435/5327/558 2432/5321/558 2447/5351/558
f 2432/5321/558 2429/5315/558 2450/5357/558
f 2447/5351/558 2432/5321/558 2450/5357/558
f 2429/5315/558 2426/5306/558 2453/5366/558
f 2426/5306/558 2423/5300/558 2456/5372/558
f 2453/5366/558 2426/5306/558 2456/5372/558
f 2423/5300/558 2420/5294/558 2462/5384/558
f 2420/5294/558 2417/5288/558 2369/5186/558
f 2417/5288/558 2414/5282/558 2372/5192/558
f 2414/5282/558 2411/5276/558 2375/5198/558
f 2411/5276/558 2408/5270/558 2375/5198/558
f 2408/5270/558 2405/5264/558 2378/5204/558
f 2375/5198/558 2408/5270/558 2378/5204/558
f 2405/5264/558 2402/5255/558 2381/5213/558
f 2402/5255/558 2399/5249/558 2384/5219/558
f 2381/5213/558 2402/5255/558 2384/5219/558
f 2399/5249/558 2396/5243/558 2387/5225/558
f 2396/5243/558 2393/5237/558 2390/5231/558
f 2387/5225/558 2396/5243/558 2390/5231/558
f 2387/5225/558 2384/5219/558 2399/5249/558
f 2381/5213/558 2378/5204/558 2405/5264/558
f 2375/5198/558 2372/5192/558 2414/5282/558
f 2372/5192/558 2369/5186/558 2417/5288/558
f 2369/5186/558 2462/5384/558 2420/5294/558
f 2462/5384/558 2459/5378/558 2423/5300/558
f 2459/5378/558 2456/5372/558 2423/5300/558
f 2483/5428/610 2507/5479/610 2514/5494/609
f 2473/5407/611 2505/5475/611 2507/5479/610
f 2472/5405/612 2506/5477/612 2505/5475/611
f 2474/5410/613 2513/5491/613 2506/5477/612
f 2475/5412/614 2508/5481/614 2513/5492/613
f 2475/5412/614 2477/5416/615 2509/5483/615
f 2477/5416/615 2480/5422/616 2512/5489/616
f 2480/5422/616 2478/5418/617 2510/5485/617
f 2478/5418/617 2479/5420/618 2511/5487/618
f 2476/5414/619 2525/5518/619 2511/5487/618
f 2476/5414/619 2481/5424/620 2524/5516/620
f 2481/5424/620 2492/5447/621 2522/5512/621
f 2492/5448/621 2493/5450/622 2523/5514/622
f 2493/5450/622 2494/5452/623 2521/5509/623
f 2494/5452/623 2490/5443/624 2526/5520/624
f 2490/5443/624 2491/5445/593 2518/5503/593
f 2491/5445/593 2489/5441/594 2519/5505/594
f 2489/5441/594 2487/5437/595 2520/5507/595
f 2487/5437/595 2488/5439/596 2516/5498/596
f 2488/5439/596 2486/5434/597 2517/5501/597
f 2486/5435/597 2484/5430/598 2501/5467/598
f 2485/5432/599 2498/5460/599 2501/5467/598
f 2463/5386/600 2495/5454/600 2498/5460/599
f 2464/5388/601 2496/5456/601 2495/5454/600
f 2466/5392/602 2499/5462/602 2496/5456/601
f 2465/5390/603 2497/5458/603 2499/5462/602
f 2467/5394/604 2504/5473/604 2497/5458/603
f 2468/5397/605 2500/5464/605 2504/5473/604
f 2469/5399/606 2502/5469/606 2500/5465/605
f 2471/5403/607 2503/5471/607 2502/5469/606
f 2470/5401/608 2515/5496/608 2503/5471/607
f 2482/5426/609 2514/5494/609 2515/5496/608
o oberkoerper
v 3.452911 6.528376 0.023403
v -3.447088 6.528375 0.023405
v 3.452911 6.520689 0.101439
v -3.447088 6.520689 0.101441
v 3.452911 6.497927 0.176476
v -3.447088 6.497927 0.176478
v 3.452911 6.460963 0.245631
v -3.447088 6.460962 0.245633
v 3.452911 6.411218 0.306246
v -3.447088 6.411218 0.306247
v 3.452911 6.350603 0.355991
v -3.447088 6.350603 0.355993
v 3.452911 6.281448 0.392955
v -3.447088 6.281448 0.392957
v 3.452911 6.206411 0.415717
v -3.447088 6.206411 0.415719
v 3.452911 6.128375 0.423403
v -3.447088 6.128375 0.423405
v 3.452911 6.050339 0.415717
v -3.447088 6.050339 0.415719
v 3.452911 5.975302 0.392955
v -3.447088 5.975302 0.392957
v 3.452911 5.906147 0.355991
v -3.447088 5.906147 0.355993
v 3.452911 5.845532 0.306246
v -3.447088 5.845532 0.306248
v 3.452911 5.795788 0.245631
v -3.447088 5.795787 0.245633
v 3.452911 5.758823 0.176476
v -3.447088 5.758823 0.176478
v 3.452911 5.736061 0.101439
v -3.447088 5.736061 0.101441
v 3.452911 5.728375 0.023403
v -3.447088 5.728374 0.023405
v 3.452911 5.736061 -0.054633
v -3.447088 5.736061 -0.054631
v 3.452911 5.758823 -0.129670
v -3.447088 5.758823 -0.129669
v 3.452911 5.795788 -0.198825
v -3.447088 5.795787 -0.198823
v 3.452911 5.845532 -0.259440
v -3.447088 5.845532 -0.259438
v 3.452911 5.906147 -0.309185
v -3.447088 5.906147 -0.309183
v 3.452911 5.975302 -0.346149
v -3.447088 5.975302 -0.346147
v 3.452911 6.050339 -0.368911
v -3.447088 6.050339 -0.368909
v 3.452911 6.128375 -0.376597
v -3.447088 6.128375 -0.376595
v 3.452911 6.206411 -0.368911
v -3.447088 6.206411 -0.368909
v 3.452911 6.281448 -0.346149
v -3.447088 6.281448 -0.346147
v 3.452911 6.350603 -0.309185
v -3.447088 6.350603 -0.309183
v 3.452911 6.411218 -0.259440
v -3.447088 6.411218 -0.259438
v 3.452911 6.460963 -0.198825
v -3.447088 6.460962 -0.198823
v 3.452911 6.497927 -0.129671
v -3.447088 6.497927 -0.129669
v 3.452911 6.520689 -0.054633
v -3.447088 6.520689 -0.054631
v 2.350462 6.528375 0.023403
v -2.354640 6.528375 0.023404
v 2.349600 6.520689 0.101439
v -2.353777 6.520689 0.101441
v 2.347045 6.497927 0.176477
v -2.351223 6.497927 0.176478
v 2.342896 6.460963 0.245631
v -2.347074 6.460963 0.245633
v 2.337313 6.411218 0.306246
v -2.341491 6.411218 0.306247
v 2.330510 6.350603 0.355991
v -2.334687 6.350603 0.355992
v 2.322748 6.281448 0.392955
v -2.326926 6.281448 0.392956
v 2.314326 6.206411 0.415717
v -2.318504 6.206411 0.415719
v 2.305568 6.128375 0.423403
v -2.309745 6.128375 0.423404
v 2.296809 6.050339 0.415717
v -2.300987 6.050339 0.415719
v 2.288387 5.975302 0.392955
v -2.292565 5.975302 0.392956
v 2.280625 5.906147 0.355991
v -2.284803 5.906147 0.355992
v 2.273822 5.845532 0.306246
v -2.278000 5.845532 0.306247
v 2.268239 5.795787 0.245631
v -2.272416 5.795787 0.245633
v 2.264090 5.758823 0.176477
v -2.268268 5.758823 0.176478
v 2.261535 5.736061 0.101439
v -2.265713 5.736061 0.101441
v 2.260673 5.728375 0.023403
v -2.264850 5.728375 0.023405
v 2.261535 5.736061 -0.054633
v -2.265713 5.736061 -0.054632
v 2.264090 5.758823 -0.129670
v -2.268268 5.758823 -0.129669
v 2.268239 5.795787 -0.198825
v -2.272416 5.795787 -0.198824
v 2.273822 5.845532 -0.259439
v -2.278000 5.845532 -0.259438
v 2.280625 5.906147 -0.309185
v -2.284803 5.906147 -0.309183
v 2.288387 5.975302 -0.346149
v -2.292565 5.975302 -0.346147
v 2.296809 6.050339 -0.368911
v -2.300987 6.050339 -0.368910
v 2.305568 6.128375 -0.376597
v -2.309745 6.128375 -0.376595
v 2.314326 6.206411 -0.368911
v -2.318504 6.206411 -0.368910
v 2.322748 6.281448 -0.346149
v -2.326926 6.281448 -0.346147
v 2.330510 6.350603 -0.309185
v -2.334687 6.350603 -0.309183
v 2.337313 6.411218 -0.259440
v -2.341491 6.411218 -0.259438
v 2.342896 6.460963 -0.198825
v -2.347074 6.460963 -0.198824
v 2.347045 6.497927 -0.129670
v -2.351223 6.497927 -0.129669
v 2.349600 6.520689 -0.054633
v -2.353777 6.520689 -0.054632
v 2.252912 1.228382 0.023404
v -2.247090 1.228382 0.023405
v 2.252912 1.224539 0.062422
v -2.247090 1.224539 0.062423
v 2.252912 1.213158 0.099940
v -2.247090 1.213158 0.099942
v 2.252912 1.194676 0.134518
v -2.247090 1.194676 0.134519
v 2.252912 1.169803 0.164825
v -2.247090 1.169803 0.164826
v 2.252912 1.139496 0.189698
v -2.247090 1.139496 0.189699
v 2.252912 1.104919 0.208180
v -2.247090 1.104919 0.208181
v 2.252912 1.067400 0.219561
v -2.247090 1.067400 0.219562
v 2.252912 1.028382 0.223404
v -2.247090 1.028382 0.223405
v 2.252912 0.989364 0.219561
v -2.247090 0.989364 0.219562
v 2.252912 0.951845 0.208180
v -2.247090 0.951845 0.208181
v 2.252912 0.917268 0.189698
v -2.247090 0.917268 0.189699
v 2.252912 0.886961 0.164825
v -2.247090 0.886961 0.164826
v 2.252912 0.862088 0.134518
v -2.247090 0.862088 0.134519
v 2.252912 0.843606 0.099940
v -2.247090 0.843606 0.099942
v 2.252912 0.832225 0.062422
v -2.247090 0.832225 0.062423
v 2.252912 0.828382 0.023404
v -2.247090 0.828382 0.023405
v 2.252912 0.832225 -0.015614
v -2.247090 0.832225 -0.015613
v 2.252912 0.843606 -0.053133
v -2.247090 0.843606 -0.053132
v 2.252912 0.862088 -0.087710
v -2.247090 0.862088 -0.087709
v 2.252912 0.886961 -0.118018
v -2.247090 0.886961 -0.118016
v 2.252912 0.917268 -0.142890
v -2.247090 0.917268 -0.142889
v 2.252912 0.951845 -0.161372
v -2.247090 0.951845 -0.161371
v 2.252912 0.989364 -0.172753
v -2.247090 0.989364 -0.172752
v 2.252912 1.028382 -0.176596
v -2.247090 1.028382 -0.176595
v 2.252912 1.067400 -0.172753
v -2.247090 1.067400 -0.172752
v 2.252912 1.104919 -0.161372
v -2.247090 1.104919 -0.161371
v 2.252912 1.139496 -0.142890
v -2.247090 1.139496 -0.142889
v 2.252912 1.169803 -0.118018
v -2.247090 1.169803 -0.118016
v 2.252912 1.194676 -0.087710
v -2.247090 1.194676 -0.087709
v 2.252912 1.213158 -0.053133
v -2.247090 1.213158 -0.053132
v 2.252912 1.224539 -0.015614
v -2.247090 1.224539 -0.015613
v 1.002911 1.228382 0.023404
v -0.997089 1.228382 0.023405
v 1.002911 1.224539 0.062422
v -0.997089 1.224539 0.062423
v 1.002911 1.213158 0.099941
v -0.997089 1.213158 0.099941
v 1.002911 1.194676 0.134518
v -0.997089 1.194676 0.134519
v 1.002911 1.169803 0.164825
v -0.997089 1.169803 0.164826
v 1.002911 1.139496 0.189698
v -0.997089 1.139496 0.189698
v 1.002911 1.104919 0.208180
v -0.997089 1.104919 0.208180
v 1.002911 1.067400 0.219561
v -0.997089 1.067400 0.219562
v 1.002911 1.028382 0.223404
v -0.997089 1.028382 0.223405
v 1.002911 0.989364 0.219561
v -0.997089 0.989364 0.219562
v 1.002911 0.951845 0.208180
v -0.997089 0.951845 0.208180
v 1.002911 0.917268 0.189698
v -0.997089 0.917268 0.189698
v 1.002911 0.886961 0.164825
v -0.997089 0.886961 0.164826
v 1.002911 0.862088 0.134518
v -0.997089 0.862088 0.134519
v 1.002911 0.843606 0.099941
v -0.997089 0.843606 0.099941
v 1.002911 0.832225 0.062422
v -0.997089 0.832225 0.062423
v 1.002911 0.828382 0.023404
v -0.997089 0.828382 0.023405
v 1.002911 0.832225 -0.015614
v -0.997089 0.832225 -0.015613
v 1.002911 0.843606 -0.053133
v -0.997089 0.843606 -0.053132
v 1.002911 0.862088 -0.087710
v -0.997089 0.862088 -0.087709
v 1.002911 0.886961 -0.118017
v -0.997089 0.886961 -0.118017
v 1.002911 0.917268 -0.142890
v -0.997089 0.917268 -0.142889
v 1.002911 0.951845 -0.161372
v -0.997089 0.951845 -0.161371
v 1.002911 0.989364 -0.172753
v -0.997089 0.989364 -0.172752
v 1.002911 1.028382 -0.176596
v -0.997089 1.028382 -0.176595
v 1.002911 1.067400 -0.172753
v -0.997089 1.067400 -0.172752
v 1.002911 1.104919 -0.161372
v -0.997089 1.104919 -0.161371
v 1.002911 1.139496 -0.142890
v -0.997089 1.139496 -0.142889
v 1.002911 1.169803 -0.118017
v -0.997089 1.169803 -0.118017
v 1.002911 1.194676 -0.087710
v -0.997089 1.194676 -0.087709
v 1.002911 1.213158 -0.053133
v -0.997089 1.213158 -0.053132
v 1.002911 1.224539 -0.015614
v -0.997089 1.224539 -0.015613
v -0.997089 0.728388 -0.576595
v 1.002911 0.728388 -0.576596
v -0.997089 0.728388 0.623405
v 1.002911 0.728388 0.623404
v -0.997089 1.728387 -0.826595
v 1.002911 1.728387 -0.826596
v 1.002911 1.728387 0.873404
v -0.997089 1.728387 0.873404
v -2.227089 1.728387 -0.826595
v -2.077089 2.728387 -1.076595
v -2.077089 2.728387 1.123405
v -2.227089 1.728387 0.873405
v 2.072911 2.728387 -1.076596
v 2.072912 2.728387 1.123403
v 2.222911 1.728387 -0.826596
v 2.222911 1.728387 0.873403
v -2.377089 6.728387 1.123404
v -2.377090 6.728387 -1.076595
v 2.372911 6.728387 1.123403
v 2.372911 6.728387 -1.076597
v 2.147911 4.723705 1.123403
v -2.152089 4.723705 1.123405
v -2.152090 4.723705 -1.076595
v 2.147911 4.723705 -1.076597
v 0.630325 8.284008 0.036552
v 0.618363 8.216233 0.153450
v 0.583804 8.151174 0.265836
v 0.527975 8.091329 0.369388
v 0.453022 8.039001 0.460130
v 0.361826 7.996198 0.534572
v 0.257890 7.964566 0.589854
v 0.145209 7.945322 0.623852
v 0.028114 7.939203 0.635260
v -0.088896 7.946446 0.623638
v -0.201325 7.966773 0.589434
v -0.304850 7.999401 0.533962
v -0.395495 8.043077 0.459354
v -0.469776 8.096124 0.368476
v -0.524838 8.156501 0.264822
v -0.558565 8.221889 0.152374
v -0.569660 8.289774 0.035455
v -0.557699 8.357550 -0.081444
v -0.523139 8.422609 -0.193829
v -0.467311 8.482454 -0.297382
v -0.392358 8.534782 -0.388123
v -0.301161 8.577585 -0.462565
v -0.197225 8.609217 -0.517847
v -0.084545 8.628460 -0.551846
v 0.032551 8.634579 -0.563253
v 0.149561 8.627337 -0.551632
v 0.261989 8.607010 -0.517427
v 0.365515 8.574381 -0.461955
v 0.456160 8.530704 -0.387347
v 0.530440 8.477659 -0.296470
v 0.585502 8.417282 -0.192815
v 0.619229 8.351894 -0.080368
v 0.622853 6.728387 0.033221
v 0.611217 6.728387 0.150265
v 0.576970 6.728387 0.262789
v 0.521429 6.728387 0.366470
v 0.446727 6.728387 0.457323
v 0.355736 6.728387 0.531857
v 0.251952 6.728387 0.587207
v 0.139364 6.728387 0.621247
v 0.022298 6.728387 0.632667
v -0.094747 6.728387 0.621030
v -0.207273 6.728387 0.586783
v -0.310955 6.728387 0.531241
v -0.401810 6.728387 0.456539
v -0.476345 6.728387 0.365548
v -0.531697 6.728387 0.261764
v -0.565738 6.728387 0.149177
v -0.577160 6.728387 0.032112
v -0.565524 6.728387 -0.084932
v -0.531277 6.728387 -0.197456
v -0.475736 6.728387 -0.301137
v -0.401034 6.728387 -0.391991
v -0.310043 6.728387 -0.466524
v -0.206259 6.728387 -0.521874
v -0.093671 6.728387 -0.555914
v 0.023395 6.728387 -0.567334
v 0.140440 6.728387 -0.555697
v 0.252966 6.728387 -0.521450
v 0.356648 6.728387 -0.465908
v 0.447503 6.728387 -0.391206
v 0.522038 6.728387 -0.300215
v 0.577390 6.728387 -0.196431
v 0.611431 6.728387 -0.083844
vn -0.0000 1.0000 -0.0000
vn -0.0000 0.9808 0.1951
vn -0.0000 0.9805 0.1964
vn -0.0000 0.9239 0.3827
vn -0.0000 0.9229 0.3851
vn -0.0000 0.8315 0.5556
vn -0.0000 0.8293 0.5588
vn -0.0000 0.7071 0.7071
vn -0.0000 0.7036 0.7106
vn -0.0000 0.5556 0.8315
vn -0.0000 0.5508 0.8347
vn -0.0000 0.3827 0.9239
vn -0.0000 0.3767 0.9263
vn -0.0000 0.1951 0.9808
vn -0.0000 0.1884 0.9821
vn -0.0000 -0.0000 1.0000
vn -0.0000 -0.0070 1.0000
vn -0.0000 -0.1951 0.9808
vn -0.0000 -0.2018 0.9794
vn -0.0000 -0.3827 0.9239
vn -0.0000 -0.3886 0.9214
vn -0.0000 -0.5556 0.8315
vn -0.0000 -0.5604 0.8282
vn -0.0000 -0.7071 0.7071
vn -0.0000 -0.7106 0.7036
vn -0.0000 -0.8315 0.5556
vn -0.0000 -0.8336 0.5523
vn -0.0000 -0.9239 0.3827
vn -0.0000 -0.9249 0.3802
vn -0.0000 -0.9808 0.1951
vn -0.0000 -0.9811 0.1937
vn -0.0000 -1.0000 -0.0000
vn -0.0000 -0.9811 -0.1937
vn -0.0000 -0.9808 -0.1951
vn -0.0000 -0.9249 -0.3802
vn -0.0000 -0.9239 -0.3827
vn -0.0000 -0.8336 -0.5523
vn -0.0000 -0.8315 -0.5556
vn -0.0000 -0.7106 -0.7036
vn -0.0000 -0.7071 -0.7071
vn -0.0000 -0.5604 -0.8282
vn -0.0000 -0.5556 -0.8315
vn -0.0000 -0.3886 -0.9214
vn -0.0000 -0.3827 -0.9239
vn -0.0000 -0.2018 -0.9794
vn -0.0000 -0.1951 -0.9808
vn -0.0000 -0.0070 -1.0000
vn -0.0000 -0.0000 -1.0000
vn -0.0000 0.1884 -0.9821
vn -0.0000 0.1951 -0.9808
vn -0.0000 0.3767 -0.9263
vn -0.0000 0.3827 -0.9239
vn -0.0000 0.5508 -0.8347
vn -0.0000 0.5556 -0.8315
vn -0.0000 0.7036 -0.7106
vn -0.0000 0.7071 -0.7071
vn -0.0000 0.8293 -0.5588
vn -0.0000 0.8315 -0.5556
vn -0.0000 0.9229 -0.3851
vn -0.0000 0.9239 -0.3827
vn -1.0000 -0.0000 -0.0000
vn -0.0000 0.9805 -0.1964
vn -0.0000 0.9808 -0.1951
vn 1.0000 -0.0000 -0.0000
vn 0.9938 0.1115 -0.0000
vn -0.9938 0.1115 -0.0000
vn -0.0000 -0.2425 0.9701
vn -0.0000 -0.2425 -0.9701
vn -0.9989 0.0478 -0.0000
vn -0.9889 0.1483 -0.0000
vn 0.9989 0.0478 -0.0000
vn 0.9889 0.1483 -0.0000
vn -0.0000 -0.1261 0.9920
vn -0.0000 -0.1261 -0.9920
vn -0.9972 -0.0746 -0.0000
vn -0.9938 -0.1115 -0.0000
vn 0.9972 -0.0746 -0.0000
vn 0.9938 -0.1115 -0.0000
vn 1.0000 -0.0048 0.0008
vn 0.9864 -0.0051 0.1645
vn 0.9806 -0.0051 0.1959
vn 0.9347 -0.0053 0.3554
vn 0.9235 -0.0053 0.3835
vn 0.8459 -0.0052 0.5333
vn 0.8309 -0.0052 0.5564
vn 0.7230 -0.0050 0.6909
vn 0.7064 -0.0049 0.7078
vn 0.5704 -0.0045 0.8214
vn 0.5546 -0.0044 0.8321
vn 0.3939 -0.0039 0.9191
vn 0.3816 -0.0038 0.9243
vn 0.2008 -0.0031 0.9796
vn 0.1939 -0.0030 0.9810
vn -0.0009 -0.0021 1.0000
vn -0.0012 -0.0021 1.0000
vn -0.1963 -0.0012 0.9805
vn -0.2026 -0.0011 0.9793
vn -0.3838 -0.0001 0.9234
vn -0.3956 -0.0001 0.9184
vn -0.5566 0.0009 0.8308
vn -0.5719 0.0010 0.8203
vn -0.7080 0.0019 0.7062
vn -0.7243 0.0020 0.6895
vn -0.8321 0.0028 0.5546
vn -0.8469 0.0029 0.5317
vn -0.9243 0.0036 0.3816
vn -0.9353 0.0037 0.3537
vn -0.9810 0.0043 0.1940
vn -0.9867 0.0044 0.1627
vn -1.0000 0.0048 -0.0010
vn -0.9994 0.0049 -0.0336
vn -0.9806 0.0051 -0.1961
vn -0.9737 0.0052 -0.2276
vn -0.9235 0.0053 -0.3835
vn -0.9112 0.0053 -0.4119
vn -0.8310 0.0052 -0.5563
vn -0.8148 0.0052 -0.5797
vn -0.7065 0.0049 -0.7077
vn -0.6887 0.0049 -0.7250
vn -0.5549 0.0044 -0.8319
vn -0.5382 0.0044 -0.8428
vn -0.3820 0.0038 -0.9241
vn -0.3689 0.0038 -0.9295
vn -0.1944 0.0030 -0.9809
vn -0.1871 0.0030 -0.9823
vn 0.0006 0.0021 -1.0000
vn 0.1889 0.0012 -0.9820
vn 0.1957 0.0012 -0.9807
vn 0.3706 0.0002 -0.9288
vn 0.3832 0.0001 -0.9237
vn 0.5397 -0.0008 -0.8419
vn 0.5561 -0.0009 -0.8311
vn 0.6901 -0.0018 -0.7237
vn 0.7075 -0.0019 -0.7067
vn 0.8159 -0.0027 -0.5782
vn 0.8318 -0.0028 -0.5550
vn 0.9120 -0.0035 -0.4102
vn 0.9241 -0.0036 -0.3821
vn 0.9742 -0.0042 -0.2258
vn 0.9809 -0.0043 -0.1944
vn 0.9995 -0.0047 -0.0318
vn 0.0037 0.8649 0.5018
vn 0.0037 0.8649 0.5019
vn 0.9938 0.1116 -0.0000
vn -0.9938 0.1116 -0.0000
vn 0.0009 0.0021 -1.0000
vn 0.0037 0.8650 0.5018
vt 0.290581 0.962350
vt 0.947517 0.646264
vt 0.874997 0.932402
vt 0.903622 0.912700
vt 0.294251 0.962349
vt 0.947517 0.649955
vt 0.907292 0.912700
vt 0.874998 0.928711
vt 0.297926 0.962350
vt 0.946798 0.653575
vt 0.910967 0.912700
vt 0.874278 0.925091
vt 0.301464 0.962352
vt 0.945386 0.656986
vt 0.914505 0.912702
vt 0.872866 0.921680
vt 0.304730 0.962354
vt 0.943336 0.660055
vt 0.917771 0.912704
vt 0.870817 0.918611
vt 0.307597 0.962357
vt 0.595364 0.852035
vt 0.940728 0.662665
vt 0.920638 0.912708
vt 0.956121 0.571146
vt 0.868208 0.916001
vt 0.598315 0.852035
vt 0.937660 0.664716
vt 0.953171 0.571146
vt 0.865140 0.913950
vt 0.601642 0.852035
vt 0.934252 0.666128
vt 0.949844 0.571146
vt 0.861732 0.912538
vt 0.605216 0.852035
vt 0.930633 0.666848
vt 0.946270 0.571146
vt 0.858114 0.911817
vt 0.608901 0.852035
vt 0.926944 0.666848
vt 0.942585 0.571146
vt 0.854424 0.911817
vt 0.612555 0.852035
vt 0.923325 0.666128
vt 0.938931 0.571146
vt 0.850806 0.912538
vt 0.616037 0.852035
vt 0.919917 0.664716
vt 0.935449 0.571146
vt 0.847397 0.913950
vt 0.619214 0.852035
vt 0.916849 0.662665
vt 0.932272 0.571146
vt 0.844329 0.916001
vt 0.621963 0.852034
vt 0.760560 0.232328
vt 0.914240 0.660055
vt 0.929523 0.571147
vt 0.949112 0.359432
vt 0.841721 0.918611
vt 0.763513 0.232328
vt 0.912190 0.656986
vt 0.946159 0.359432
vt 0.839671 0.921680
vt 0.766842 0.232328
vt 0.910778 0.653575
vt 0.942830 0.359432
vt 0.838258 0.925091
vt 0.770417 0.232328
vt 0.910058 0.649955
vt 0.939255 0.359432
vt 0.837538 0.928711
vt 0.774102 0.232328
vt 0.910058 0.646264
vt 0.935570 0.359432
vt 0.837538 0.932402
vt 0.777755 0.232328
vt 0.910777 0.642643
vt 0.931917 0.359432
vt 0.838258 0.936023
vt 0.781236 0.232328
vt 0.912189 0.639233
vt 0.928436 0.359432
vt 0.839669 0.939433
vt 0.784411 0.232328
vt 0.914238 0.636164
vt 0.925261 0.359432
vt 0.841719 0.942502
vt 0.787158 0.232328
vt 0.770424 0.903449
vt 0.916847 0.633554
vt 0.922514 0.359432
vt 0.770423 0.903449
vt 0.844327 0.945112
vt 0.767258 0.903449
vt 0.919915 0.631503
vt 0.773589 0.903448
vt 0.847395 0.947163
vt 0.763783 0.903449
vt 0.923323 0.630090
vt 0.777064 0.903448
vt 0.850803 0.948575
vt 0.760133 0.903450
vt 0.926942 0.629370
vt 0.780714 0.903448
vt 0.854422 0.949296
vt 0.756447 0.903450
vt 0.930631 0.629370
vt 0.784400 0.903448
vt 0.858111 0.949296
vt 0.752867 0.903449
vt 0.934250 0.630090
vt 0.787980 0.903448
vt 0.861730 0.948575
vt 0.749531 0.903449
vt 0.937659 0.631503
vt 0.791317 0.903448
vt 0.865139 0.947163
vt 0.746567 0.903449
vt 0.940726 0.633554
vt 0.794281 0.903449
vt 0.868207 0.945112
vt 0.744088 0.903448
vt 0.280974 0.962358
vt 0.943336 0.636164
vt 0.796759 0.903449
vt 0.894015 0.912708
vt 0.870815 0.942502
vt 0.283812 0.962354
vt 0.945385 0.639233
vt 0.872865 0.939433
vt 0.896853 0.912704
vt 0.287056 0.962352
vt 0.946797 0.642643
vt 0.874278 0.936023
vt 0.900097 0.912702
vt 0.290581 0.910453
vt 0.557898 0.193116
vt 0.903622 0.964127
vt 0.852283 0.313648
vt 0.294251 0.910412
vt 0.554278 0.193836
vt 0.907292 0.964167
vt 0.855973 0.313650
vt 0.297926 0.910292
vt 0.550869 0.195251
vt 0.910967 0.964287
vt 0.859593 0.314373
vt 0.301464 0.910098
vt 0.547800 0.197305
vt 0.914505 0.964484
vt 0.863003 0.315791
vt 0.304730 0.909838
vt 0.545190 0.199920
vt 0.917771 0.964750
vt 0.866071 0.317848
vt 0.307597 0.909521
vt 0.595364 0.799198
vt 0.543140 0.202996
vt 0.920638 0.965073
vt 0.956121 0.518781
vt 0.868681 0.320465
vt 0.598315 0.798833
vt 0.541728 0.206413
vt 0.953171 0.518415
vt 0.870731 0.323543
vt 0.601642 0.798437
vt 0.541008 0.210043
vt 0.949844 0.518018
vt 0.872144 0.326962
vt 0.605216 0.798025
vt 0.541008 0.213743
vt 0.946270 0.517606
vt 0.872864 0.330591
vt 0.608901 0.797612
vt 0.541728 0.217372
vt 0.942585 0.517194
vt 0.872864 0.334291
vt 0.612555 0.797216
vt 0.543140 0.220791
vt 0.938931 0.516797
vt 0.872144 0.337919
vt 0.616037 0.796850
vt 0.545190 0.223869
vt 0.935449 0.516432
vt 0.870731 0.341337
vt 0.619214 0.796530
vt 0.547800 0.226486
vt 0.932272 0.516112
vt 0.868681 0.344412
vt 0.621963 0.796266
vt 0.760560 0.176561
vt 0.550869 0.228543
vt 0.929523 0.515850
vt 0.949112 0.304135
vt 0.866071 0.347028
vt 0.763513 0.176365
vt 0.554278 0.229961
vt 0.946159 0.303940
vt 0.863003 0.349082
vt 0.766842 0.176245
vt 0.557898 0.230685
vt 0.942830 0.303820
vt 0.859593 0.350496
vt 0.770417 0.176204
vt 0.561588 0.230686
vt 0.939255 0.303779
vt 0.855973 0.351216
vt 0.774102 0.176245
vt 0.565208 0.229967
vt 0.935570 0.303820
vt 0.852283 0.351214
vt 0.777755 0.176365
vt 0.568618 0.228552
vt 0.931917 0.303940
vt 0.848663 0.350491
vt 0.781236 0.176561
vt 0.571686 0.226498
vt 0.928436 0.304135
vt 0.845254 0.349074
vt 0.784411 0.176823
vt 0.574296 0.223882
vt 0.925261 0.304398
vt 0.842185 0.347017
vt 0.787158 0.177144
vt 0.770424 0.958634
vt 0.576346 0.220807
vt 0.770423 0.958163
vt 0.922514 0.304718
vt 0.839575 0.344399
vt 0.767258 0.958269
vt 0.577759 0.217389
vt 0.773589 0.957797
vt 0.837525 0.341322
vt 0.763783 0.957872
vt 0.578479 0.213760
vt 0.777063 0.957400
vt 0.836113 0.337903
vt 0.760133 0.957460
vt 0.578479 0.210060
vt 0.780714 0.956988
vt 0.835393 0.334273
vt 0.756447 0.957048
vt 0.577759 0.206431
vt 0.784400 0.956575
vt 0.835393 0.330574
vt 0.752867 0.956651
vt 0.576346 0.203011
vt 0.787980 0.956179
vt 0.836113 0.326945
vt 0.749531 0.956285
vt 0.574296 0.199934
vt 0.791316 0.955814
vt 0.837525 0.323528
vt 0.746567 0.955965
vt 0.571686 0.197316
vt 0.794281 0.955494
vt 0.839575 0.320452
vt 0.744088 0.955701
vt 0.280974 0.910104
vt 0.568618 0.195259
vt 0.894015 0.964490
vt 0.796759 0.955232
vt 0.842185 0.317837
vt 0.283812 0.910296
vt 0.565208 0.193841
vt 0.896853 0.964292
vt 0.845254 0.315783
vt 0.287056 0.910414
vt 0.561588 0.193118
vt 0.900097 0.964169
vt 0.848663 0.314368
vt 0.406202 0.819879
vt 0.261020 0.961620
vt 0.955459 0.290213
vt 0.316105 0.968368
vt 0.404367 0.819880
vt 0.261020 0.963466
vt 0.314270 0.968368
vt 0.955819 0.292023
vt 0.402529 0.819879
vt 0.260661 0.965276
vt 0.312433 0.968368
vt 0.956525 0.293729
vt 0.400760 0.819879
vt 0.259955 0.966981
vt 0.310664 0.968367
vt 0.957550 0.295263
vt 0.399127 0.819877
vt 0.258930 0.968515
vt 0.309031 0.968366
vt 0.958854 0.296568
vt 0.397694 0.819876
vt 0.874997 0.970661
vt 0.257625 0.969820
vt 0.307597 0.968364
vt 0.040346 0.977167
vt 0.960388 0.297594
vt 0.876473 0.970661
vt 0.256091 0.970846
vt 0.038871 0.977167
vt 0.962093 0.298300
vt 0.878136 0.970661
vt 0.254387 0.971552
vt 0.037207 0.977167
vt 0.963902 0.298660
vt 0.879923 0.970661
vt 0.252578 0.971912
vt 0.035420 0.977167
vt 0.965746 0.298660
vt 0.881766 0.970661
vt 0.250733 0.971912
vt 0.033578 0.977167
vt 0.967556 0.298300
vt 0.883593 0.970661
vt 0.248924 0.971551
vt 0.031751 0.977167
vt 0.969260 0.297594
vt 0.885334 0.970661
vt 0.247220 0.970845
vt 0.030010 0.977167
vt 0.970794 0.296569
vt 0.886922 0.970661
vt 0.245686 0.969820
vt 0.028421 0.977167
vt 0.972098 0.295264
vt 0.888297 0.970661
vt 0.723647 0.981482
vt 0.244381 0.968515
vt 0.027047 0.977167
vt 0.968771 0.171970
vt 0.973123 0.293729
vt 0.725124 0.981482
vt 0.243356 0.966980
vt 0.970248 0.171970
vt 0.973829 0.292024
vt 0.726788 0.981482
vt 0.242651 0.965275
vt 0.971912 0.171970
vt 0.974189 0.290214
vt 0.728576 0.981482
vt 0.242291 0.963464
vt 0.973700 0.171970
vt 0.974189 0.288369
vt 0.730418 0.981482
vt 0.242291 0.961619
vt 0.975542 0.171970
vt 0.973829 0.286558
vt 0.732245 0.981482
vt 0.242651 0.959809
vt 0.977369 0.171970
vt 0.973123 0.284853
vt 0.733985 0.981482
vt 0.243356 0.958104
vt 0.979109 0.171970
vt 0.972098 0.283319
vt 0.735573 0.981482
vt 0.244381 0.956569
vt 0.980697 0.171970
vt 0.970794 0.282013
vt 0.736946 0.981482
vt 0.969434 0.574693
vt 0.245686 0.955264
vt 0.982070 0.171970
vt 0.986794 0.971543
vt 0.969260 0.280988
vt 0.971016 0.574693
vt 0.247220 0.954239
vt 0.985212 0.971543
vt 0.967556 0.280282
vt 0.972754 0.574693
vt 0.248924 0.953533
vt 0.983474 0.971543
vt 0.965747 0.279921
vt 0.974579 0.574693
vt 0.250733 0.953173
vt 0.981649 0.971543
vt 0.963902 0.279921
vt 0.976422 0.574693
vt 0.252578 0.953173
vt 0.979806 0.971543
vt 0.962093 0.280281
vt 0.978212 0.574693
vt 0.254387 0.953533
vt 0.978016 0.971543
vt 0.960388 0.280987
vt 0.979880 0.574693
vt 0.256092 0.954239
vt 0.976348 0.971543
vt 0.958854 0.282013
vt 0.981362 0.574693
vt 0.257625 0.955265
vt 0.974866 0.971543
vt 0.957550 0.283318
vt 0.982601 0.574694
vt 0.411005 0.819876
vt 0.258930 0.956570
vt 0.973627 0.971543
vt 0.320909 0.968364
vt 0.956525 0.284852
vt 0.409586 0.819877
vt 0.259955 0.958104
vt 0.955819 0.286557
vt 0.319490 0.968366
vt 0.407964 0.819879
vt 0.260661 0.959810
vt 0.955459 0.288367
vt 0.317868 0.968367
vt 0.406202 0.878723
vt 0.789153 0.966610
vt 0.316105 0.909525
vt 0.261304 0.964163
vt 0.404367 0.878723
vt 0.788793 0.964800
vt 0.314270 0.909525
vt 0.261304 0.962317
vt 0.402529 0.878723
vt 0.788087 0.963095
vt 0.312433 0.909525
vt 0.261664 0.960507
vt 0.400760 0.878722
vt 0.787062 0.961560
vt 0.310664 0.909524
vt 0.262370 0.958802
vt 0.399127 0.878720
vt 0.785758 0.960255
vt 0.309031 0.909523
vt 0.263395 0.957267
vt 0.397694 0.878719
vt 0.874997 0.911818
vt 0.784224 0.959229
vt 0.040346 0.918324
vt 0.307597 0.909521
vt 0.264699 0.955962
vt 0.876473 0.911818
vt 0.782520 0.958523
vt 0.038871 0.918324
vt 0.266233 0.954937
vt 0.878136 0.911818
vt 0.780711 0.958163
vt 0.037207 0.918324
vt 0.267938 0.954231
vt 0.879923 0.911818
vt 0.778866 0.958163
vt 0.035420 0.918323
vt 0.269747 0.953871
vt 0.881766 0.911818
vt 0.777057 0.958523
vt 0.033578 0.918323
vt 0.271592 0.953871
vt 0.883593 0.911818
vt 0.775352 0.959229
vt 0.031751 0.918324
vt 0.273401 0.954231
vt 0.885334 0.911818
vt 0.773818 0.960254
vt 0.030010 0.918324
vt 0.275105 0.954938
vt 0.886922 0.911818
vt 0.772514 0.961559
vt 0.028421 0.918324
vt 0.276639 0.955963
vt 0.888297 0.911817
vt 0.723647 0.922639
vt 0.771489 0.963094
vt 0.968771 0.230813
vt 0.027047 0.918324
vt 0.277943 0.957268
vt 0.725124 0.922639
vt 0.770783 0.964799
vt 0.970248 0.230813
vt 0.278968 0.958803
vt 0.726788 0.922639
vt 0.770423 0.966609
vt 0.971912 0.230813
vt 0.279674 0.960508
vt 0.728576 0.922639
vt 0.770423 0.968455
vt 0.973700 0.230813
vt 0.280034 0.962318
vt 0.730418 0.922639
vt 0.770783 0.970265
vt 0.975542 0.230813
vt 0.280034 0.964164
vt 0.732245 0.922639
vt 0.771489 0.971970
vt 0.977369 0.230813
vt 0.279674 0.965974
vt 0.733985 0.922639
vt 0.772514 0.973505
vt 0.979109 0.230813
vt 0.278968 0.967679
vt 0.735573 0.922639
vt 0.773818 0.974810
vt 0.980697 0.230813
vt 0.277943 0.969214
vt 0.736946 0.922639
vt 0.969434 0.515850
vt 0.775352 0.975835
vt 0.986794 0.912700
vt 0.982070 0.230813
vt 0.276639 0.970519
vt 0.971016 0.515850
vt 0.777057 0.976542
vt 0.985212 0.912700
vt 0.275105 0.971544
vt 0.972754 0.515850
vt 0.778866 0.976902
vt 0.983474 0.912700
vt 0.273401 0.972250
vt 0.974579 0.515850
vt 0.780711 0.976902
vt 0.981649 0.912700
vt 0.271592 0.972610
vt 0.976422 0.515850
vt 0.782520 0.976542
vt 0.979806 0.912700
vt 0.269747 0.972610
vt 0.978212 0.515850
vt 0.784224 0.975836
vt 0.978016 0.912700
vt 0.267938 0.972250
vt 0.979880 0.515850
vt 0.785758 0.974810
vt 0.976348 0.912700
vt 0.266233 0.971543
vt 0.981362 0.515850
vt 0.787062 0.973505
vt 0.974866 0.912700
vt 0.264699 0.970518
vt 0.982601 0.515850
vt 0.411005 0.878719
vt 0.788087 0.971971
vt 0.320909 0.909521
vt 0.973627 0.912699
vt 0.263395 0.969213
vt 0.409586 0.878720
vt 0.788793 0.970266
vt 0.319490 0.909523
vt 0.262370 0.967678
vt 0.407964 0.878722
vt 0.789153 0.968456
vt 0.317868 0.909524
vt 0.261664 0.965973
vt 0.046430 0.918321
vt 0.837538 0.855328
vt 0.873044 0.508553
vt 0.837538 0.761179
vt 0.873044 0.372037
vt 0.046430 0.824172
vt 0.873044 0.452064
vt 0.893363 0.855328
vt 0.861748 0.667031
vt 0.861748 0.572882
vt 0.893363 0.761179
vt 0.873044 0.428527
vt 0.712084 0.150638
vt 0.920095 0.520322
vt 0.000000 0.918324
vt 0.920096 0.360268
vt 0.000000 0.824175
vt 0.223556 0.819886
vt 0.223556 0.898987
vt 0.910057 0.572881
vt 0.920096 0.440295
vt 0.712084 0.229740
vt 0.920095 0.440295
vt 0.910057 0.667030
vt 0.654195 0.150638
vt 0.338865 0.234409
vt 0.216492 0.000000
vt 0.327098 0.281642
vt 0.209435 0.046440
vt 0.237679 0.048320
vt 0.430639 0.281643
vt 0.418874 0.234410
vt 0.230619 0.000000
vt 0.654195 0.229740
vt 0.014118 0.046440
vt 0.327098 0.281638
vt 0.223556 0.281638
vt 0.432997 0.048320
vt 0.315332 0.234410
vt 0.007055 0.000000
vt 0.280974 0.819886
vt 0.235323 0.234409
vt 0.440056 0.000000
vt 0.280974 0.898987
vt 0.000000 0.458146
vt 0.223556 0.234409
vt 0.430639 0.469540
vt 0.101424 0.458115
vt 0.327098 0.469539
vt 0.223556 0.234511
vt 0.447111 0.234409
vt 0.000000 0.234542
vt 0.223556 0.469549
vt 0.101424 0.234511
vt 0.000000 0.234512
vt 0.327098 0.469550
vt 0.223556 0.375457
vt 0.436524 0.141147
vt 0.430639 0.375457
vt 0.234147 0.141147
vt 0.212965 0.140256
vt 0.327098 0.375457
vt 0.327097 0.375457
vt 0.010589 0.140256
vt 0.898180 0.073202
vt 0.503356 0.200946
vt 0.892672 0.070037
vt 0.503356 0.194888
vt 0.887376 0.067025
vt 0.502275 0.188964
vt 0.882496 0.064281
vt 0.500155 0.183402
vt 0.878220 0.061911
vt 0.580330 0.876293
vt 0.497078 0.178416
vt 0.584614 0.877769
vt 0.493161 0.174198
vt 0.589500 0.878867
vt 0.488555 0.170909
vt 0.594800 0.879543
vt 0.483437 0.168676
vt 0.600310 0.879773
vt 0.478004 0.167585
vt 0.605818 0.879546
vt 0.472464 0.167678
vt 0.611113 0.878872
vt 0.467031 0.168951
vt 0.615991 0.877777
vt 0.461913 0.171355
vt 0.620265 0.876301
vt 0.046430 0.847230
vt 0.457307 0.174798
vt 0.050712 0.844828
vt 0.453390 0.179147
vt 0.055596 0.842060
vt 0.450312 0.184236
vt 0.060895 0.839033
vt 0.448192 0.189868
vt 0.066405 0.835863
vt 0.447111 0.195828
vt 0.071913 0.832672
vt 0.447111 0.201887
vt 0.077209 0.829581
vt 0.448192 0.207810
vt 0.082089 0.826711
vt 0.450312 0.213372
vt 0.086366 0.824172
vt 0.280974 0.824270
vt 0.453390 0.218358
vt 0.285257 0.822408
vt 0.457307 0.222576
vt 0.290141 0.821026
vt 0.461913 0.225865
vt 0.295440 0.820174
vt 0.467031 0.228098
vt 0.300950 0.819886
vt 0.472464 0.229189
vt 0.306458 0.820173
vt 0.478004 0.229096
vt 0.311754 0.821025
vt 0.483437 0.227824
vt 0.316634 0.822407
vt 0.488555 0.225420
vt 0.320910 0.824268
vt 0.918156 0.084963
vt 0.493161 0.221977
vt 0.913873 0.082393
vt 0.497078 0.217627
vt 0.908989 0.079500
vt 0.500155 0.212539
vt 0.903690 0.076397
vt 0.502275 0.206906
vt 0.898180 0.000000
vt 0.549813 0.932517
vt 0.892672 0.000025
vt 0.544446 0.931449
vt 0.887376 0.000074
vt 0.539390 0.929342
vt 0.882496 0.000146
vt 0.534840 0.926276
vt 0.878220 0.000239
vt 0.580330 0.937286
vt 0.530970 0.922370
vt 0.584614 0.936771
vt 0.527930 0.917774
vt 0.589500 0.936397
vt 0.525836 0.912664
vt 0.594800 0.936178
vt 0.524768 0.907236
vt 0.600310 0.936123
vt 0.524768 0.901699
vt 0.605818 0.936233
vt 0.525836 0.896267
vt 0.611113 0.936505
vt 0.527930 0.891147
vt 0.615991 0.936927
vt 0.530970 0.886537
vt 0.046430 0.909107
vt 0.620265 0.937485
vt 0.534840 0.882614
vt 0.050712 0.909201
vt 0.539390 0.879528
vt 0.055596 0.909276
vt 0.544446 0.877397
vt 0.060895 0.909326
vt 0.549813 0.876305
vt 0.066405 0.909351
vt 0.555285 0.876293
vt 0.071913 0.909350
vt 0.560652 0.877361
vt 0.077209 0.909322
vt 0.565708 0.879468
vt 0.082089 0.909268
vt 0.570258 0.882534
vt 0.280974 0.909212
vt 0.086366 0.909192
vt 0.574128 0.886440
vt 0.285257 0.909364
vt 0.577168 0.891036
vt 0.290141 0.909468
vt 0.579262 0.896146
vt 0.295440 0.909521
vt 0.580330 0.901574
vt 0.300950 0.909521
vt 0.580330 0.907110
vt 0.306458 0.909468
vt 0.579262 0.912543
vt 0.311754 0.909364
vt 0.577168 0.917663
vt 0.316634 0.909212
vt 0.574128 0.922273
vt 0.320910 0.909018
vt 0.918156 0.000153
vt 0.570258 0.926196
vt 0.913873 0.000079
vt 0.565708 0.929282
vt 0.908989 0.000028
vt 0.560652 0.931413
vt 0.903690 0.000001
vt 0.555285 0.932505
s 1
usemtl Material.001
f 2592/5659/629 2530/5527/630 2594/5663/631
f 2529/5525/630 2591/5657/629 2593/5661/631
f 2594/5663/631 2532/5531/632 2596/5667/633
f 2531/5529/632 2593/5661/631 2595/5665/633
f 2596/5667/633 2534/5535/634 2598/5671/635
f 2533/5533/634 2595/5665/633 2597/5669/635
f 2598/5671/635 2536/5539/636 2600/5675/637
f 2535/5537/636 2597/5669/635 2599/5673/637
f 2600/5675/637 2538/5544/638 2602/5680/639
f 2537/5541/638 2599/5673/637 2601/5677/639
f 2602/5681/639 2540/5549/640 2604/5685/641
f 2539/5547/640 2601/5678/639 2603/5683/641
f 2604/5685/641 2542/5553/642 2606/5689/643
f 2541/5551/642 2603/5683/641 2605/5687/643
f 2606/5689/643 2544/5557/644 2608/5693/645
f 2543/5555/644 2605/5687/643 2607/5691/645
f 2608/5693/645 2546/5561/646 2610/5697/647
f 2545/5559/646 2607/5691/645 2609/5695/647
f 2610/5697/647 2548/5565/648 2612/5701/649
f 2547/5563/648 2609/5695/647 2611/5699/649
f 2612/5701/649 2550/5569/650 2614/5705/651
f 2549/5567/650 2611/5699/649 2613/5703/651
f 2614/5705/651 2552/5573/652 2616/5709/653
f 2551/5571/652 2613/5703/651 2615/5707/653
f 2616/5709/653 2554/5578/654 2618/5714/655
f 2553/5575/654 2615/5707/653 2617/5711/655
f 2618/5715/655 2556/5583/656 2620/5719/657
f 2555/5581/656 2617/5712/655 2619/5717/657
f 2620/5719/657 2558/5587/658 2622/5723/659
f 2557/5585/658 2619/5717/657 2621/5721/659
f 2622/5723/659 2560/5591/660 2624/5727/660
f 2559/5589/660 2621/5721/659 2623/5725/660
f 2560/5591/660 2626/5731/661 2624/5727/660
f 2625/5729/661 2559/5589/660 2623/5725/660
f 2562/5595/662 2628/5735/663 2626/5731/661
f 2627/5733/663 2561/5593/662 2625/5729/661
f 2564/5599/664 2630/5739/665 2628/5735/663
f 2629/5737/665 2563/5597/664 2627/5733/663
f 2566/5603/666 2632/5743/667 2630/5739/665
f 2631/5741/667 2565/5601/666 2629/5737/665
f 2568/5607/668 2634/5749/669 2632/5743/667
f 2567/5605/668 2633/5745/669 2569/5609/670
f 2570/5613/670 2636/5753/671 2634/5748/669
f 2569/5610/670 2635/5751/671 2571/5615/672
f 2572/5617/672 2638/5757/673 2636/5753/671
f 2571/5615/672 2637/5755/673 2573/5619/674
f 2574/5621/674 2640/5761/675 2638/5757/673
f 2573/5619/674 2639/5759/675 2575/5623/676
f 2576/5625/676 2642/5765/677 2640/5761/675
f 2575/5623/676 2641/5763/677 2577/5627/678
f 2578/5629/678 2644/5769/679 2642/5765/677
f 2577/5627/678 2643/5767/679 2579/5631/680
f 2580/5633/680 2646/5773/681 2644/5769/679
f 2579/5631/680 2645/5771/681 2581/5635/682
f 2582/5637/682 2648/5777/683 2646/5773/681
f 2581/5635/682 2647/5775/683 2583/5639/684
f 2584/5641/684 2650/5783/685 2648/5777/683
f 2583/5639/684 2649/5779/685 2585/5643/686
f 2586/5647/686 2652/5787/687 2650/5782/685
f 2585/5644/686 2651/5785/687 2587/5649/688
f 2554/5580/689 2538/5546/689 2586/5648/689
f 2588/5652/688 2654/5791/690 2652/5787/687
f 2587/5649/688 2653/5789/690 2589/5653/691
f 2590/5656/691 2592/5659/629 2654/5791/690
f 2589/5653/691 2591/5657/629 2527/5521/629
f 2555/5582/692 2571/5616/692 2587/5650/692
f 2616/5710/693 2624/5728/693 2632/5744/693
f 2649/5781/694 2645/5772/694 2601/5679/694
f 2656/5796/629 2722/5935/630 2720/5931/629
f 2655/5793/629 2721/5933/630 2657/5797/630
f 2658/5799/630 2724/5939/632 2722/5935/630
f 2657/5797/630 2723/5937/632 2659/5801/632
f 2660/5803/632 2726/5943/634 2724/5939/632
f 2659/5801/632 2725/5941/634 2661/5805/634
f 2662/5807/634 2728/5947/636 2726/5943/634
f 2661/5805/634 2727/5945/636 2663/5809/636
f 2664/5811/636 2730/5953/638 2728/5947/636
f 2665/5813/638 2727/5945/636 2729/5949/638
f 2666/5817/638 2732/5957/640 2730/5952/638
f 2667/5819/640 2729/5950/638 2731/5955/640
f 2668/5821/640 2734/5961/642 2732/5957/640
f 2669/5823/642 2731/5955/640 2733/5959/642
f 2670/5825/642 2736/5965/644 2734/5961/642
f 2671/5827/644 2733/5959/642 2735/5963/644
f 2672/5829/644 2738/5969/646 2736/5965/644
f 2673/5831/646 2735/5963/644 2737/5967/646
f 2674/5833/646 2740/5973/648 2738/5969/646
f 2675/5835/648 2737/5967/646 2739/5971/648
f 2676/5837/648 2742/5977/650 2740/5973/648
f 2677/5839/650 2739/5971/648 2741/5975/650
f 2678/5841/650 2744/5981/652 2742/5977/650
f 2679/5843/652 2741/5975/650 2743/5979/652
f 2680/5845/652 2746/5987/654 2744/5981/652
f 2681/5847/654 2743/5979/652 2745/5983/654
f 2682/5851/654 2748/5991/656 2746/5986/654
f 2683/5853/656 2745/5984/654 2747/5989/656
f 2684/5855/656 2750/5995/658 2748/5991/656
f 2685/5857/658 2747/5989/656 2749/5993/658
f 2686/5859/658 2752/5999/660 2750/5995/658
f 2687/5861/660 2749/5993/658 2751/5997/660
f 2688/5863/660 2754/6003/662 2752/5999/660
f 2689/5865/662 2751/5997/660 2753/6001/662
f 2690/5867/662 2756/6007/664 2754/6003/662
f 2691/5869/664 2753/6001/662 2755/6005/664
f 2692/5871/664 2758/6011/666 2756/6007/664
f 2693/5873/666 2755/6005/664 2757/6009/666
f 2694/5875/666 2760/6015/668 2758/6011/666
f 2695/5877/668 2757/6009/666 2759/6013/668
f 2696/5879/668 2762/6021/670 2760/6015/668
f 2695/5877/668 2761/6017/670 2697/5881/670
f 2698/5885/670 2764/6025/672 2762/6020/670
f 2697/5882/670 2763/6023/672 2699/5887/672
f 2700/5889/672 2766/6029/674 2764/6025/672
f 2699/5887/672 2765/6027/674 2701/5891/674
f 2702/5893/674 2768/6033/676 2766/6029/674
f 2701/5891/674 2767/6031/676 2703/5895/676
f 2704/5897/676 2770/6037/678 2768/6033/676
f 2703/5895/676 2769/6035/678 2705/5899/678
f 2706/5901/678 2772/6041/680 2770/6037/678
f 2705/5899/678 2771/6039/680 2707/5903/680
f 2708/5905/680 2774/6045/682 2772/6041/680
f 2707/5903/680 2773/6043/682 2709/5907/682
f 2710/5909/682 2776/6049/684 2774/6045/682
f 2709/5907/682 2775/6047/684 2711/5911/684
f 2712/5913/684 2778/6055/686 2776/6049/684
f 2711/5911/684 2777/6051/686 2713/5915/686
f 2714/5919/686 2780/6059/688 2778/6054/686
f 2713/5916/686 2779/6057/688 2715/5921/688
f 2682/5852/689 2674/5834/689 2666/5818/689
f 2716/5924/688 2782/6063/691 2780/6059/688
f 2715/5921/688 2781/6061/691 2717/5925/691
f 2718/5928/691 2720/5931/629 2782/6063/691
f 2717/5925/691 2719/5929/629 2655/5793/629
f 2667/5820/692 2683/5854/692 2699/5888/692
f 2777/6053/689 2769/6036/689 2761/6019/689
f 2736/5966/692 2752/6000/692 2768/6034/692
f 2790/6086/660 2791/6089/660 2787/6077/660
f 2786/6075/660 2783/6066/660 2784/6068/660
f 2790/6087/689 2783/6067/689 2785/6071/689
f 2789/6084/695 2785/6073/695 2786/6074/695
f 2788/6080/692 2786/6076/692 2784/6069/692
f 2787/6079/696 2784/6070/696 2783/6065/696
f 2793/6095/697 2791/6090/698 2794/6096/698
f 2803/6122/644 2799/6110/644 2804/6124/644
f 2795/6100/699 2798/6106/700 2797/6103/700
f 2798/6107/695 2793/6094/701 2794/6097/695
f 2791/6091/696 2795/6099/702 2797/6104/696
f 2788/6082/660 2798/6108/660 2789/6083/660
f 2801/6116/629 2800/6112/629 2799/6109/629
f 2804/6123/703 2800/6113/704 2805/6126/703
f 2805/6125/676 2802/6119/676 2806/6128/676
f 2806/6127/705 2801/6117/706 2803/6121/705
f 2795/6100/699 2803/6121/705 2796/6101/699
f 2792/6093/702 2806/6128/676 2795/6099/702
f 2793/6095/697 2805/6126/703 2792/6092/697
f 2796/6102/701 2804/6124/644 2793/6094/701
f 2839/6197/707 2808/6131/708 2840/6199/709
f 2840/6199/709 2809/6133/710 2841/6201/711
f 2841/6201/711 2810/6135/712 2842/6203/713
f 2842/6203/713 2811/6137/714 2843/6205/715
f 2843/6206/715 2812/6140/716 2844/6208/717
f 2844/6208/717 2813/6142/718 2845/6210/719
f 2845/6210/719 2814/6144/720 2846/6212/721
f 2846/6212/721 2815/6146/722 2847/6214/723
f 2815/6146/722 2848/6216/724 2847/6214/723
f 2816/6148/725 2849/6218/726 2848/6216/724
f 2817/6150/727 2850/6220/728 2849/6218/726
f 2818/6152/729 2851/6223/730 2850/6220/728
f 2819/6155/731 2852/6225/732 2851/6222/730
f 2820/6157/733 2853/6227/734 2852/6225/732
f 2821/6159/735 2854/6229/736 2853/6227/734
f 2822/6161/737 2855/6231/738 2854/6229/736
f 2823/6163/739 2856/6233/740 2855/6231/738
f 2824/6165/741 2857/6235/742 2856/6233/740
f 2825/6167/743 2858/6237/744 2857/6235/742
f 2826/6169/745 2859/6240/746 2858/6237/744
f 2827/6172/747 2860/6242/748 2859/6239/746
f 2828/6174/749 2861/6244/750 2860/6242/748
f 2829/6176/751 2862/6246/752 2861/6244/750
f 2830/6178/753 2863/6248/754 2862/6246/752
f 2863/6248/754 2832/6182/755 2864/6250/756
f 2864/6250/756 2833/6184/757 2865/6252/758
f 2865/6252/758 2834/6186/759 2866/6254/760
f 2866/6254/760 2835/6188/761 2867/6256/762
f 2867/6257/762 2836/6191/763 2868/6259/764
f 2868/6259/764 2837/6193/765 2869/6261/766
f 2869/6261/766 2838/6195/767 2870/6263/768
f 2870/6263/768 2807/6129/769 2839/6197/707
f 2835/6190/770 2834/6187/771 2827/6173/771
f 2870/6264/660 2839/6198/660 2855/6232/660
f 2592/5659/629 2528/5524/629 2530/5527/630
f 2529/5525/630 2527/5521/629 2591/5657/629
f 2594/5663/631 2530/5527/630 2532/5531/632
f 2531/5529/632 2529/5525/630 2593/5661/631
f 2596/5667/633 2532/5531/632 2534/5535/634
f 2533/5533/634 2531/5529/632 2595/5665/633
f 2598/5671/635 2534/5535/634 2536/5539/636
f 2535/5537/636 2533/5533/634 2597/5669/635
f 2600/5675/637 2536/5539/636 2538/5544/638
f 2537/5541/638 2535/5537/636 2599/5673/637
f 2602/5681/639 2538/5545/638 2540/5549/640
f 2539/5547/640 2537/5542/638 2601/5678/639
f 2604/5685/641 2540/5549/640 2542/5553/642
f 2541/5551/642 2539/5547/640 2603/5683/641
f 2606/5689/643 2542/5553/642 2544/5557/644
f 2543/5555/644 2541/5551/642 2605/5687/643
f 2608/5693/645 2544/5557/644 2546/5561/646
f 2545/5559/646 2543/5555/644 2607/5691/645
f 2610/5697/647 2546/5561/646 2548/5565/648
f 2547/5563/648 2545/5559/646 2609/5695/647
f 2612/5701/649 2548/5565/648 2550/5569/650
f 2549/5567/650 2547/5563/648 2611/5699/649
f 2614/5705/651 2550/5569/650 2552/5573/652
f 2551/5571/652 2549/5567/650 2613/5703/651
f 2616/5709/653 2552/5573/652 2554/5578/654
f 2553/5575/654 2551/5571/652 2615/5707/653
f 2618/5715/655 2554/5579/654 2556/5583/656
f 2555/5581/656 2553/5576/654 2617/5712/655
f 2620/5719/657 2556/5583/656 2558/5587/658
f 2557/5585/658 2555/5581/656 2619/5717/657
f 2622/5723/659 2558/5587/658 2560/5591/660
f 2559/5589/660 2557/5585/658 2621/5721/659
f 2560/5591/660 2562/5595/662 2626/5731/661
f 2625/5729/661 2561/5593/662 2559/5589/660
f 2562/5595/662 2564/5599/664 2628/5735/663
f 2627/5733/663 2563/5597/664 2561/5593/662
f 2564/5599/664 2566/5603/666 2630/5739/665
f 2629/5737/665 2565/5601/666 2563/5597/664
f 2566/5603/666 2568/5607/668 2632/5743/667
f 2631/5741/667 2567/5605/668 2565/5601/666
f 2568/5607/668 2570/5612/670 2634/5749/669
f 2567/5605/668 2631/5741/667 2633/5745/669
f 2570/5613/670 2572/5617/672 2636/5753/671
f 2569/5610/670 2633/5746/669 2635/5751/671
f 2572/5617/672 2574/5621/674 2638/5757/673
f 2571/5615/672 2635/5751/671 2637/5755/673
f 2574/5621/674 2576/5625/676 2640/5761/675
f 2573/5619/674 2637/5755/673 2639/5759/675
f 2576/5625/676 2578/5629/678 2642/5765/677
f 2575/5623/676 2639/5759/675 2641/5763/677
f 2578/5629/678 2580/5633/680 2644/5769/679
f 2577/5627/678 2641/5763/677 2643/5767/679
f 2580/5633/680 2582/5637/682 2646/5773/681
f 2579/5631/680 2643/5767/679 2645/5771/681
f 2582/5637/682 2584/5641/684 2648/5777/683
f 2581/5635/682 2645/5771/681 2647/5775/683
f 2584/5641/684 2586/5646/686 2650/5783/685
f 2583/5639/684 2647/5775/683 2649/5779/685
f 2586/5647/686 2588/5652/688 2652/5787/687
f 2585/5644/686 2649/5780/685 2651/5785/687
f 2586/5648/689 2584/5642/689 2582/5638/689
f 2582/5638/689 2580/5634/689 2578/5630/689
f 2578/5630/689 2576/5626/689 2574/5622/689
f 2574/5622/689 2572/5618/689 2570/5614/689
f 2570/5614/689 2568/5608/689 2566/5604/689
f 2566/5604/689 2564/5600/689 2562/5596/689
f 2562/5596/689 2560/5592/689 2558/5588/689
f 2558/5588/689 2556/5584/689 2554/5580/689
f 2554/5580/689 2552/5574/689 2550/5570/689
f 2550/5570/689 2548/5566/689 2546/5562/689
f 2546/5562/689 2544/5558/689 2542/5554/689
f 2542/5554/689 2540/5550/689 2538/5546/689
f 2538/5546/689 2536/5540/689 2534/5536/689
f 2534/5536/689 2532/5532/689 2530/5528/689
f 2530/5528/689 2528/5523/689 2590/5655/689
f 2590/5655/689 2588/5651/689 2586/5648/689
f 2586/5648/689 2582/5638/689 2578/5630/689
f 2578/5630/689 2574/5622/689 2570/5614/689
f 2570/5614/689 2566/5604/689 2562/5596/689
f 2562/5596/689 2558/5588/689 2554/5580/689
f 2554/5580/689 2550/5570/689 2546/5562/689
f 2546/5562/689 2542/5554/689 2538/5546/689
f 2538/5546/689 2534/5536/689 2530/5528/689
f 2530/5528/689 2590/5655/689 2586/5648/689
f 2586/5648/689 2578/5630/689 2570/5614/689
f 2570/5614/689 2562/5596/689 2554/5580/689
f 2554/5580/689 2546/5562/689 2538/5546/689
f 2538/5546/689 2530/5528/689 2586/5648/689
f 2586/5648/689 2570/5614/689 2554/5580/689
f 2588/5652/688 2590/5656/691 2654/5791/690
f 2587/5649/688 2651/5785/687 2653/5789/690
f 2590/5656/691 2528/5524/629 2592/5659/629
f 2589/5653/691 2653/5789/690 2591/5657/629
f 2587/5650/692 2589/5654/692 2531/5530/692
f 2589/5654/692 2527/5522/692 2531/5530/692
f 2527/5522/692 2529/5526/692 2531/5530/692
f 2531/5530/692 2533/5534/692 2535/5538/692
f 2535/5538/692 2537/5543/692 2531/5530/692
f 2537/5543/692 2539/5548/692 2531/5530/692
f 2539/5548/692 2541/5552/692 2547/5564/692
f 2541/5552/692 2543/5556/692 2547/5564/692
f 2543/5556/692 2545/5560/692 2547/5564/692
f 2547/5564/692 2549/5568/692 2551/5572/692
f 2551/5572/692 2553/5577/692 2547/5564/692
f 2553/5577/692 2555/5582/692 2547/5564/692
f 2555/5582/692 2557/5586/692 2563/5598/692
f 2557/5586/692 2559/5590/692 2563/5598/692
f 2559/5590/692 2561/5594/692 2563/5598/692
f 2563/5598/692 2565/5602/692 2567/5606/692
f 2567/5606/692 2569/5611/692 2563/5598/692
f 2569/5611/692 2571/5616/692 2563/5598/692
f 2571/5616/692 2573/5620/692 2579/5632/692
f 2573/5620/692 2575/5624/692 2579/5632/692
f 2575/5624/692 2577/5628/692 2579/5632/692
f 2579/5632/692 2581/5636/692 2583/5640/692
f 2583/5640/692 2585/5645/692 2579/5632/692
f 2585/5645/692 2587/5650/692 2579/5632/692
f 2587/5650/692 2531/5530/692 2539/5548/692
f 2539/5548/692 2547/5564/692 2555/5582/692
f 2555/5582/692 2563/5598/692 2571/5616/692
f 2571/5616/692 2579/5632/692 2587/5650/692
f 2587/5650/692 2539/5548/692 2555/5582/692
f 2592/5660/693 2594/5664/693 2596/5668/693
f 2596/5668/693 2598/5672/693 2592/5660/693
f 2598/5672/693 2600/5676/693 2592/5660/693
f 2600/5676/693 2602/5682/693 2604/5686/693
f 2604/5686/693 2606/5690/693 2640/5762/693
f 2606/5690/693 2608/5694/693 2640/5762/693
f 2608/5694/693 2610/5698/693 2632/5744/693
f 2610/5698/693 2612/5702/693 2632/5744/693
f 2612/5702/693 2614/5706/693 2616/5710/693
f 2616/5710/693 2618/5716/693 2624/5728/693
f 2618/5716/693 2620/5720/693 2624/5728/693
f 2620/5720/693 2622/5724/693 2624/5728/693
f 2624/5728/693 2626/5732/772 2628/5736/693
f 2628/5736/693 2630/5740/693 2624/5728/693
f 2630/5740/693 2632/5744/693 2624/5728/693
f 2632/5744/693 2634/5750/693 2636/5754/693
f 2636/5754/693 2638/5758/693 2608/5694/693
f 2638/5758/693 2640/5762/693 2608/5694/693
f 2640/5762/693 2642/5766/693 2600/5676/693
f 2642/5766/693 2644/5770/693 2600/5676/693
f 2644/5770/693 2646/5774/693 2648/5778/693
f 2648/5778/693 2650/5784/693 2592/5660/693
f 2650/5784/693 2652/5788/693 2592/5660/693
f 2652/5788/693 2654/5792/693 2592/5660/693
f 2600/5676/693 2604/5686/693 2640/5762/693
f 2612/5702/693 2616/5710/693 2632/5744/693
f 2632/5744/693 2636/5754/693 2608/5694/693
f 2644/5770/693 2648/5778/693 2600/5676/693
f 2592/5660/693 2600/5676/693 2648/5778/693
f 2641/5764/694 2639/5760/694 2609/5696/694
f 2639/5760/694 2637/5756/694 2609/5696/694
f 2637/5756/694 2635/5752/694 2609/5696/694
f 2635/5752/694 2633/5747/694 2609/5696/694
f 2633/5747/694 2631/5742/694 2629/5738/694
f 2629/5738/694 2627/5734/694 2625/5730/694
f 2625/5730/694 2623/5726/694 2621/5722/694
f 2621/5722/694 2619/5718/694 2625/5730/694
f 2619/5718/694 2617/5713/694 2625/5730/694
f 2617/5713/694 2615/5708/773 2613/5704/694
f 2613/5704/694 2611/5700/694 2633/5747/694
f 2611/5700/694 2609/5696/694 2633/5747/694
f 2609/5696/694 2607/5692/694 2641/5764/694
f 2607/5692/694 2605/5688/694 2641/5764/694
f 2605/5688/694 2603/5684/694 2641/5764/694
f 2603/5684/694 2601/5679/694 2641/5764/694
f 2601/5679/694 2599/5674/694 2597/5670/694
f 2597/5670/694 2595/5666/694 2593/5662/694
f 2593/5662/694 2591/5658/694 2653/5790/694
f 2653/5790/694 2651/5786/694 2593/5662/694
f 2651/5786/694 2649/5781/694 2593/5662/694
f 2649/5781/694 2647/5776/694 2645/5772/694
f 2645/5772/694 2643/5768/694 2601/5679/694
f 2643/5768/694 2641/5764/694 2601/5679/694
f 2633/5747/694 2629/5738/694 2617/5713/694
f 2629/5738/694 2625/5730/694 2617/5713/694
f 2617/5713/694 2613/5704/694 2633/5747/694
f 2601/5679/694 2597/5670/694 2649/5781/694
f 2597/5670/694 2593/5662/694 2649/5781/694
f 2656/5796/629 2658/5799/630 2722/5935/630
f 2655/5793/629 2719/5929/629 2721/5933/630
f 2658/5799/630 2660/5803/632 2724/5939/632
f 2657/5797/630 2721/5933/630 2723/5937/632
f 2660/5803/632 2662/5807/634 2726/5943/634
f 2659/5801/632 2723/5937/632 2725/5941/634
f 2662/5807/634 2664/5811/636 2728/5947/636
f 2661/5805/634 2725/5941/634 2727/5945/636
f 2664/5811/636 2666/5816/638 2730/5953/638
f 2665/5813/638 2663/5809/636 2727/5945/636
f 2666/5817/638 2668/5821/640 2732/5957/640
f 2667/5819/640 2665/5814/638 2729/5950/638
f 2668/5821/640 2670/5825/642 2734/5961/642
f 2669/5823/642 2667/5819/640 2731/5955/640
f 2670/5825/642 2672/5829/644 2736/5965/644
f 2671/5827/644 2669/5823/642 2733/5959/642
f 2672/5829/644 2674/5833/646 2738/5969/646
f 2673/5831/646 2671/5827/644 2735/5963/644
f 2674/5833/646 2676/5837/648 2740/5973/648
f 2675/5835/648 2673/5831/646 2737/5967/646
f 2676/5837/648 2678/5841/650 2742/5977/650
f 2677/5839/650 2675/5835/648 2739/5971/648
f 2678/5841/650 2680/5845/652 2744/5981/652
f 2679/5843/652 2677/5839/650 2741/5975/650
f 2680/5845/652 2682/5850/654 2746/5987/654
f 2681/5847/654 2679/5843/652 2743/5979/652
f 2682/5851/654 2684/5855/656 2748/5991/656
f 2683/5853/656 2681/5848/654 2745/5984/654
f 2684/5855/656 2686/5859/658 2750/5995/658
f 2685/5857/658 2683/5853/656 2747/5989/656
f 2686/5859/658 2688/5863/660 2752/5999/660
f 2687/5861/660 2685/5857/658 2749/5993/658
f 2688/5863/660 2690/5867/662 2754/6003/662
f 2689/5865/662 2687/5861/660 2751/5997/660
f 2690/5867/662 2692/5871/664 2756/6007/664
f 2691/5869/664 2689/5865/662 2753/6001/662
f 2692/5871/664 2694/5875/666 2758/6011/666
f 2693/5873/666 2691/5869/664 2755/6005/664
f 2694/5875/666 2696/5879/668 2760/6015/668
f 2695/5877/668 2693/5873/666 2757/6009/666
f 2696/5879/668 2698/5884/670 2762/6021/670
f 2695/5877/668 2759/6013/668 2761/6017/670
f 2698/5885/670 2700/5889/672 2764/6025/672
f 2697/5882/670 2761/6018/670 2763/6023/672
f 2700/5889/672 2702/5893/674 2766/6029/674
f 2699/5887/672 2763/6023/672 2765/6027/674
f 2702/5893/674 2704/5897/676 2768/6033/676
f 2701/5891/674 2765/6027/674 2767/6031/676
f 2704/5897/676 2706/5901/678 2770/6037/678
f 2703/5895/676 2767/6031/676 2769/6035/678
f 2706/5901/678 2708/5905/680 2772/6041/680
f 2705/5899/678 2769/6035/678 2771/6039/680
f 2708/5905/680 2710/5909/682 2774/6045/682
f 2707/5903/680 2771/6039/680 2773/6043/682
f 2710/5909/682 2712/5913/684 2776/6049/684
f 2709/5907/682 2773/6043/682 2775/6047/684
f 2712/5913/684 2714/5918/686 2778/6055/686
f 2711/5911/684 2775/6047/684 2777/6051/686
f 2714/5919/686 2716/5924/688 2780/6059/688
f 2713/5916/686 2777/6052/686 2779/6057/688
f 2666/5818/689 2664/5812/689 2662/5808/689
f 2662/5808/689 2660/5804/689 2666/5818/689
f 2660/5804/689 2658/5800/689 2666/5818/689
f 2658/5800/689 2656/5795/689 2718/5927/689
f 2718/5927/689 2716/5923/689 2658/5800/689
f 2716/5923/689 2714/5920/689 2658/5800/689
f 2714/5920/689 2712/5914/689 2710/5910/689
f 2710/5910/689 2708/5906/689 2714/5920/689
f 2708/5906/689 2706/5902/689 2714/5920/689
f 2706/5902/689 2704/5898/689 2702/5894/689
f 2702/5894/689 2700/5890/689 2706/5902/689
f 2700/5890/689 2698/5886/689 2706/5902/689
f 2698/5886/689 2696/5880/689 2694/5876/689
f 2694/5876/689 2692/5872/689 2698/5886/689
f 2692/5872/689 2690/5868/689 2698/5886/689
f 2690/5868/689 2688/5864/689 2686/5860/689
f 2686/5860/689 2684/5856/689 2690/5868/689
f 2684/5856/689 2682/5852/689 2690/5868/689
f 2682/5852/689 2680/5846/689 2678/5842/689
f 2678/5842/689 2676/5838/689 2682/5852/689
f 2676/5838/689 2674/5834/689 2682/5852/689
f 2674/5834/689 2672/5830/689 2670/5826/689
f 2670/5826/689 2668/5822/689 2674/5834/689
f 2668/5822/689 2666/5818/689 2674/5834/689
f 2666/5818/689 2658/5800/689 2714/5920/689
f 2714/5920/689 2706/5902/689 2666/5818/689
f 2706/5902/689 2698/5886/689 2666/5818/689
f 2698/5886/689 2690/5868/689 2666/5818/689
f 2690/5868/689 2682/5852/689 2666/5818/689
f 2716/5924/688 2718/5928/691 2782/6063/691
f 2715/5921/688 2779/6057/688 2781/6061/691
f 2718/5928/691 2656/5796/629 2720/5931/629
f 2717/5925/691 2781/6061/691 2719/5929/629
f 2715/5922/692 2717/5926/692 2655/5794/692
f 2655/5794/692 2657/5798/692 2659/5802/692
f 2659/5802/692 2661/5806/692 2663/5810/692
f 2663/5810/692 2665/5815/692 2659/5802/692
f 2665/5815/692 2667/5820/692 2659/5802/692
f 2667/5820/692 2669/5824/692 2671/5828/692
f 2671/5828/692 2673/5832/692 2675/5836/692
f 2675/5836/692 2677/5840/692 2683/5854/692
f 2677/5840/692 2679/5844/692 2683/5854/692
f 2679/5844/692 2681/5849/692 2683/5854/692
f 2683/5854/692 2685/5858/692 2687/5862/692
f 2687/5862/692 2689/5866/692 2691/5870/692
f 2691/5870/692 2693/5874/692 2695/5878/692
f 2695/5878/692 2697/5883/692 2691/5870/692
f 2697/5883/692 2699/5888/692 2691/5870/692
f 2699/5888/692 2701/5892/692 2703/5896/692
f 2703/5896/692 2705/5900/692 2707/5904/692
f 2707/5904/692 2709/5908/692 2715/5922/692
f 2709/5908/692 2711/5912/692 2715/5922/692
f 2711/5912/692 2713/5917/692 2715/5922/692
f 2715/5922/692 2655/5794/692 2667/5820/692
f 2655/5794/692 2659/5802/692 2667/5820/692
f 2667/5820/692 2671/5828/692 2675/5836/692
f 2683/5854/692 2687/5862/692 2699/5888/692
f 2687/5862/692 2691/5870/692 2699/5888/692
f 2699/5888/692 2703/5896/692 2707/5904/692
f 2667/5820/692 2675/5836/692 2683/5854/692
f 2699/5888/692 2707/5904/692 2715/5922/692
f 2715/5922/692 2667/5820/692 2699/5888/692
f 2761/6019/689 2759/6014/689 2757/6010/689
f 2757/6010/689 2755/6006/689 2761/6019/689
f 2755/6006/689 2753/6002/689 2761/6019/689
f 2753/6002/689 2751/5998/689 2749/5994/689
f 2749/5994/689 2747/5990/689 2753/6002/689
f 2747/5990/689 2745/5985/689 2753/6002/689
f 2745/5985/689 2743/5980/689 2741/5976/689
f 2741/5976/689 2739/5972/689 2745/5985/689
f 2739/5972/689 2737/5968/689 2745/5985/689
f 2737/5968/689 2735/5964/689 2733/5960/689
f 2733/5960/689 2731/5956/689 2737/5968/689
f 2731/5956/689 2729/5951/689 2737/5968/689
f 2729/5951/689 2727/5946/689 2725/5942/689
f 2725/5942/689 2723/5938/689 2729/5951/689
f 2723/5938/689 2721/5934/689 2729/5951/689
f 2721/5934/689 2719/5930/689 2781/6062/689
f 2781/6062/689 2779/6058/689 2721/5934/689
f 2779/6058/689 2777/6053/689 2721/5934/689
f 2777/6053/689 2775/6048/689 2773/6044/689
f 2773/6044/689 2771/6040/689 2777/6053/689
f 2771/6040/689 2769/6036/689 2777/6053/689
f 2769/6036/689 2767/6032/689 2765/6028/689
f 2765/6028/689 2763/6024/689 2769/6036/689
f 2763/6024/689 2761/6019/689 2769/6036/689
f 2761/6019/689 2753/6002/689 2745/5985/689
f 2745/5985/689 2737/5968/689 2761/6019/689
f 2737/5968/689 2729/5951/689 2761/6019/689
f 2729/5951/689 2721/5934/689 2761/6019/689
f 2721/5934/689 2777/6053/689 2761/6019/689
f 2720/5932/692 2722/5936/692 2724/5940/692
f 2724/5940/692 2726/5944/692 2728/5948/692
f 2728/5948/692 2730/5954/692 2732/5958/692
f 2732/5958/692 2734/5962/692 2736/5966/692
f 2736/5966/692 2738/5970/692 2740/5974/692
f 2740/5974/692 2742/5978/692 2744/5982/692
f 2744/5982/692 2746/5988/692 2748/5992/692
f 2748/5992/692 2750/5996/692 2752/6000/692
f 2752/6000/692 2754/6004/692 2756/6008/692
f 2756/6008/692 2758/6012/692 2760/6016/692
f 2760/6016/692 2762/6022/692 2764/6026/692
f 2764/6026/692 2766/6030/692 2768/6034/692
f 2768/6034/692 2770/6038/692 2772/6042/692
f 2772/6042/692 2774/6046/692 2776/6050/692
f 2776/6050/692 2778/6056/692 2780/6060/692
f 2780/6060/692 2782/6064/692 2720/5932/692
f 2720/5932/692 2724/5940/692 2728/5948/692
f 2728/5948/692 2732/5958/692 2720/5932/692
f 2732/5958/692 2736/5966/692 2720/5932/692
f 2736/5966/692 2740/5974/692 2752/6000/692
f 2740/5974/692 2744/5982/692 2752/6000/692
f 2744/5982/692 2748/5992/692 2752/6000/692
f 2752/6000/692 2756/6008/692 2760/6016/692
f 2760/6016/692 2764/6026/692 2752/6000/692
f 2764/6026/692 2768/6034/692 2752/6000/692
f 2768/6034/692 2772/6042/692 2720/5932/692
f 2772/6042/692 2776/6050/692 2720/5932/692
f 2776/6050/692 2780/6060/692 2720/5932/692
f 2720/5932/692 2736/5966/692 2768/6034/692
f 2790/6086/660 2794/6098/660 2791/6089/660
f 2786/6075/660 2785/6072/660 2783/6066/660
f 2790/6087/689 2787/6078/689 2783/6067/689
f 2789/6084/695 2790/6088/695 2785/6073/695
f 2788/6080/692 2789/6085/692 2786/6076/692
f 2787/6079/696 2788/6081/696 2784/6070/696
f 2793/6095/697 2792/6092/697 2791/6090/698
f 2803/6122/644 2801/6115/644 2799/6110/644
f 2795/6100/699 2796/6101/699 2798/6106/700
f 2798/6107/695 2796/6102/701 2793/6094/701
f 2791/6091/696 2792/6093/702 2795/6099/702
f 2788/6082/660 2797/6105/660 2798/6108/660
f 2801/6116/629 2802/6118/629 2800/6112/629
f 2804/6123/703 2799/6111/704 2800/6113/704
f 2805/6125/676 2800/6114/676 2802/6119/676
f 2806/6127/705 2802/6120/706 2801/6117/706
f 2795/6100/699 2806/6127/705 2803/6121/705
f 2792/6093/702 2805/6125/676 2806/6128/676
f 2793/6095/697 2804/6123/703 2805/6126/703
f 2796/6102/701 2803/6122/644 2804/6124/644
f 2839/6197/707 2807/6129/769 2808/6131/708
f 2840/6199/709 2808/6131/708 2809/6133/710
f 2841/6201/711 2809/6133/710 2810/6135/712
f 2842/6203/713 2810/6135/712 2811/6137/714
f 2843/6206/715 2811/6138/714 2812/6140/716
f 2844/6208/717 2812/6140/716 2813/6142/718
f 2845/6210/719 2813/6142/718 2814/6144/720
f 2846/6212/721 2814/6144/720 2815/6146/722
f 2815/6146/722 2816/6148/725 2848/6216/724
f 2816/6148/725 2817/6150/727 2849/6218/726
f 2817/6150/727 2818/6152/729 2850/6220/728
f 2818/6152/729 2819/6154/731 2851/6223/730
f 2819/6155/731 2820/6157/733 2852/6225/732
f 2820/6157/733 2821/6159/735 2853/6227/734
f 2821/6159/735 2822/6161/737 2854/6229/736
f 2822/6161/737 2823/6163/739 2855/6231/738
f 2823/6163/739 2824/6165/741 2856/6233/740
f 2824/6165/741 2825/6167/743 2857/6235/742
f 2825/6167/743 2826/6169/745 2858/6237/744
f 2826/6169/745 2827/6171/747 2859/6240/746
f 2827/6172/747 2828/6174/749 2860/6242/748
f 2828/6174/749 2829/6176/751 2861/6244/750
f 2829/6176/751 2830/6178/753 2862/6246/752
f 2830/6178/753 2831/6180/774 2863/6248/754
f 2863/6248/754 2831/6180/774 2832/6182/755
f 2864/6250/756 2832/6182/755 2833/6184/757
f 2865/6252/758 2833/6184/757 2834/6186/759
f 2866/6254/760 2834/6186/759 2835/6188/761
f 2867/6257/762 2835/6189/761 2836/6191/763
f 2868/6259/764 2836/6191/763 2837/6193/765
f 2869/6261/766 2837/6193/765 2838/6195/767
f 2870/6263/768 2838/6195/767 2807/6129/769
f 2833/6185/771 2832/6183/771 2829/6177/771
f 2832/6183/771 2831/6181/775 2830/6179/775
f 2829/6177/771 2832/6183/771 2830/6179/775
f 2829/6177/771 2828/6175/771 2833/6185/771
f 2828/6175/771 2827/6173/771 2834/6187/771
f 2833/6185/771 2828/6175/771 2834/6187/771
f 2827/6173/771 2826/6170/771 2835/6190/770
f 2826/6170/771 2825/6168/771 2836/6192/771
f 2835/6190/770 2826/6170/771 2836/6192/771
f 2825/6168/771 2824/6166/771 2837/6194/771
f 2824/6166/771 2823/6164/771 2838/6196/771
f 2837/6194/771 2824/6166/771 2838/6196/771
f 2823/6164/771 2822/6162/771 2807/6130/771
f 2822/6162/771 2821/6160/771 2808/6132/771
f 2808/6132/771 2821/6160/771 2809/6134/771
f 2821/6160/771 2820/6158/771 2809/6134/771
f 2820/6158/771 2819/6156/771 2810/6136/771
f 2809/6134/771 2820/6158/771 2810/6136/771
f 2819/6156/771 2818/6153/771 2811/6139/770
f 2818/6153/771 2817/6151/771 2812/6141/771
f 2811/6139/770 2818/6153/771 2812/6141/771
f 2817/6151/771 2816/6149/771 2813/6143/771
f 2816/6149/771 2815/6147/771 2814/6145/775
f 2813/6143/771 2816/6149/771 2814/6145/775
f 2813/6143/771 2812/6141/771 2817/6151/771
f 2811/6139/770 2810/6136/771 2819/6156/771
f 2808/6132/771 2807/6130/771 2822/6162/771
f 2807/6130/771 2838/6196/771 2823/6164/771
f 2837/6194/771 2836/6192/771 2825/6168/771
f 2839/6198/660 2840/6200/660 2854/6230/660
f 2840/6200/660 2841/6202/660 2853/6228/660
f 2841/6202/660 2842/6204/660 2852/6226/660
f 2842/6204/660 2843/6207/660 2851/6224/660
f 2843/6207/660 2844/6209/660 2850/6221/660
f 2844/6209/660 2845/6211/660 2849/6219/660
f 2845/6211/660 2846/6213/660 2848/6217/660
f 2846/6213/660 2847/6215/660 2848/6217/660
f 2848/6217/660 2849/6219/660 2845/6211/660
f 2849/6219/660 2850/6221/660 2844/6209/660
f 2850/6221/660 2851/6224/660 2843/6207/660
f 2851/6224/660 2852/6226/660 2842/6204/660
f 2852/6226/660 2853/6228/660 2841/6202/660
f 2853/6228/660 2854/6230/660 2840/6200/660
f 2854/6230/660 2855/6232/660 2839/6198/660
f 2855/6232/660 2856/6234/660 2870/6264/660
f 2856/6234/660 2857/6236/660 2869/6262/660
f 2857/6236/660 2858/6238/660 2868/6260/660
f 2858/6238/660 2859/6241/660 2867/6258/660
f 2859/6241/660 2860/6243/660 2866/6255/660
f 2860/6243/660 2861/6245/660 2865/6253/660
f 2861/6245/660 2862/6247/660 2864/6251/660
f 2862/6247/660 2863/6249/660 2864/6251/660
f 2864/6251/660 2865/6253/660 2861/6245/660
f 2865/6253/660 2866/6255/660 2860/6243/660
f 2866/6255/660 2867/6258/660 2859/6241/660
f 2867/6258/660 2868/6260/660 2858/6238/660
f 2868/6260/660 2869/6262/660 2857/6236/660
f 2869/6262/660 2870/6264/660 2856/6234/660
o schienbein.l
v -2.175219 -6.071624 -0.476596
v -2.175219 -2.743960 -0.476596
v -1.175219 -6.071624 -0.476596
v -1.175219 -2.743960 -0.476596
v -2.175219 -6.071624 0.523404
v -2.175219 -2.743960 0.523404
v -1.175219 -6.071624 0.523404
v -1.175219 -2.743960 0.523404
v -0.975218 -5.571624 0.023404
v -2.375219 -5.571624 0.023404
v -0.975218 -5.575467 0.062422
v -2.375219 -5.575467 0.062422
v -0.975218 -5.586848 0.099941
v -2.375219 -5.586848 0.099941
v -0.975218 -5.605330 0.134518
v -2.375219 -5.605330 0.134518
v -0.975218 -5.630202 0.164825
v -2.375219 -5.630202 0.164825
v -0.975218 -5.660510 0.189698
v -2.375219 -5.660510 0.189698
v -0.975218 -5.695087 0.208180
v -2.375219 -5.695087 0.208180
v -0.975218 -5.732606 0.219561
v -2.375219 -5.732606 0.219561
v -0.975218 -5.771624 0.223404
v -2.375219 -5.771624 0.223404
v -0.975218 -5.810642 0.219561
v -2.375219 -5.810642 0.219561
v -0.975218 -5.848160 0.208180
v -2.375219 -5.848161 0.208180
v -0.975218 -5.882738 0.189698
v -2.375219 -5.882738 0.189698
v -0.975218 -5.913045 0.164825
v -2.375219 -5.913045 0.164825
v -0.975218 -5.937918 0.134518
v -2.375219 -5.937918 0.134518
v -0.975218 -5.956400 0.099941
v -2.375219 -5.956400 0.099941
v -0.975218 -5.967781 0.062422
v -2.375219 -5.967781 0.062422
v -0.975218 -5.971624 0.023404
v -2.375219 -5.971624 0.023404
v -0.975218 -5.967781 -0.015614
v -2.375219 -5.967781 -0.015614
v -0.975218 -5.956400 -0.053133
v -2.375219 -5.956400 -0.053133
v -0.975218 -5.937918 -0.087710
v -2.375219 -5.937918 -0.087710
v -0.975218 -5.913045 -0.118018
v -2.375219 -5.913045 -0.118017
v -0.975218 -5.882738 -0.142890
v -2.375219 -5.882738 -0.142890
v -0.975218 -5.848160 -0.161372
v -2.375219 -5.848161 -0.161372
v -0.975218 -5.810642 -0.172753
v -2.375219 -5.810642 -0.172753
v -0.975218 -5.771624 -0.176596
v -2.375219 -5.771624 -0.176596
v -0.975218 -5.732606 -0.172753
v -2.375219 -5.732606 -0.172753
v -0.975218 -5.695087 -0.161372
v -2.375219 -5.695087 -0.161372
v -0.975218 -5.660510 -0.142890
v -2.375219 -5.660510 -0.142890
v -0.975218 -5.630202 -0.118018
v -2.375219 -5.630202 -0.118017
v -0.975218 -5.605330 -0.087710
v -2.375219 -5.605330 -0.087710
v -0.975218 -5.586848 -0.053133
v -2.375219 -5.586848 -0.053133
v -0.975218 -5.575467 -0.015614
v -2.375219 -5.575467 -0.015614
v -1.175219 -5.571624 0.023404
v -2.175219 -5.571624 0.023404
v -1.175219 -5.575467 0.062422
v -2.175219 -5.575467 0.062422
v -1.175219 -5.586848 0.099941
v -2.175219 -5.586848 0.099941
v -1.175219 -5.605330 0.134518
v -2.175219 -5.605330 0.134518
v -1.175219 -5.630202 0.164825
v -2.175219 -5.630202 0.164825
v -1.175219 -5.660510 0.189698
v -2.175219 -5.660510 0.189698
v -1.175219 -5.695087 0.208180
v -2.175219 -5.695087 0.208180
v -1.175219 -5.732606 0.219561
v -2.175219 -5.732606 0.219561
v -1.175219 -5.771624 0.223404
v -2.175219 -5.771624 0.223404
v -1.175219 -5.810642 0.219561
v -2.175219 -5.810642 0.219561
v -1.175219 -5.848160 0.208180
v -2.175219 -5.848161 0.208180
v -1.175219 -5.882738 0.189698
v -2.175219 -5.882738 0.189698
v -1.175219 -5.913045 0.164825
v -2.175219 -5.913045 0.164825
v -1.175219 -5.937918 0.134518
v -2.175219 -5.937918 0.134518
v -1.175219 -5.956400 0.099941
v -2.175219 -5.956400 0.099941
v -1.175219 -5.967781 0.062422
v -2.175219 -5.967781 0.062422
v -1.175219 -5.971624 0.023404
v -2.175219 -5.971624 0.023404
v -1.175219 -5.967781 -0.015614
v -2.175219 -5.967781 -0.015614
v -1.175219 -5.956400 -0.053133
v -2.175219 -5.956400 -0.053133
v -1.175219 -5.937918 -0.087710
v -2.175219 -5.937918 -0.087710
v -1.175219 -5.913045 -0.118017
v -2.175219 -5.913045 -0.118017
v -1.175219 -5.882738 -0.142890
v -2.175219 -5.882738 -0.142890
v -1.175219 -5.848160 -0.161372
v -2.175219 -5.848161 -0.161372
v -1.175219 -5.810642 -0.172753
v -2.175219 -5.810642 -0.172753
v -1.175219 -5.771624 -0.176596
v -2.175219 -5.771624 -0.176596
v -1.175219 -5.732606 -0.172753
v -2.175219 -5.732606 -0.172753
v -1.175219 -5.695087 -0.161372
v -2.175219 -5.695087 -0.161372
v -1.175219 -5.660510 -0.142890
v -2.175219 -5.660510 -0.142890
v -1.175219 -5.630202 -0.118017
v -2.175219 -5.630202 -0.118017
v -1.175219 -5.605330 -0.087710
v -2.175219 -5.605330 -0.087710
v -1.175219 -5.586848 -0.053133
v -2.175219 -5.586848 -0.053133
v -1.175219 -5.575467 -0.015614
v -2.175219 -5.575467 -0.015614
v -1.175219 -3.021625 -0.176596
v -1.175219 -3.060643 -0.172753
v -1.175219 -2.982607 -0.172753
v -1.175219 -3.132740 -0.142890
v -1.175219 -2.910511 -0.142890
v -1.175219 -3.098162 -0.161372
v -1.175219 -2.945088 -0.161372
v -1.175219 -2.880203 -0.118017
v -1.175219 -3.163046 -0.118017
v -1.175219 -2.855331 -0.087710
v -1.175219 -3.187919 -0.087710
v -1.175219 -2.836849 -0.053133
v -1.175219 -3.206401 -0.053133
v -1.175219 -3.217782 -0.015614
v -1.175219 -2.825468 -0.015614
v -1.175219 -3.221625 0.023404
v -1.175219 -2.821625 0.023404
v -1.175219 -3.217782 0.062422
v -1.175219 -2.825468 0.062422
v -1.175219 -3.206401 0.099941
v -1.175219 -2.836849 0.099941
v -1.175219 -3.187919 0.134518
v -1.175219 -2.855331 0.134518
v -1.175219 -3.132740 0.189698
v -1.175219 -2.910511 0.189698
v -1.175219 -3.021625 0.223404
v -1.175219 -2.982607 0.219561
v -1.175219 -3.060643 0.219561
v -1.175219 -2.945088 0.208180
v -1.175219 -3.098162 0.208180
v -1.175219 -2.880203 0.164825
v -1.175219 -3.163046 0.164825
v -2.175219 -3.021625 -0.176596
v -2.175219 -3.060643 -0.172753
v -2.175219 -2.982607 -0.172753
v -2.175219 -2.910511 -0.142890
v -2.175219 -3.132740 -0.142890
v -2.175219 -3.098162 -0.161372
v -2.175219 -2.945088 -0.161372
v -2.175219 -2.880203 -0.118017
v -2.175219 -3.163046 -0.118017
v -2.175219 -2.855331 -0.087710
v -2.175219 -3.187919 -0.087710
v -2.175219 -2.836849 -0.053133
v -2.175219 -3.206401 -0.053133
v -2.175219 -3.221625 0.023404
v -2.175219 -2.825468 -0.015614
v -2.175219 -3.217782 -0.015614
v -2.175219 -3.217782 0.062422
v -2.175219 -2.821625 0.023404
v -2.175219 -3.206401 0.099941
v -2.175219 -2.825468 0.062422
v -2.175219 -3.187919 0.134518
v -2.175219 -2.836849 0.099941
v -2.175219 -3.163046 0.164825
v -2.175219 -2.880203 0.164825
v -2.175219 -2.855331 0.134518
v -2.175219 -3.132740 0.189698
v -2.175219 -2.910511 0.189698
v -2.175219 -3.021625 0.223404
v -2.175219 -3.060643 0.219561
v -2.175219 -2.982607 0.219561
v -2.175219 -3.098162 0.208180
v -2.175219 -2.945088 0.208180
v -0.925219 -2.821625 0.023404
v -2.425219 -2.821625 0.023404
v -0.925219 -2.825468 0.062422
v -2.425219 -2.825468 0.062422
v -0.925219 -2.836849 0.099941
v -2.425219 -2.836849 0.099941
v -0.925219 -2.855331 0.134518
v -2.425219 -2.855331 0.134518
v -0.925219 -2.880203 0.164825
v -2.425219 -2.880203 0.164825
v -0.925219 -2.910511 0.189698
v -2.425219 -2.910511 0.189698
v -0.925219 -2.945088 0.208180
v -2.425219 -2.945088 0.208180
v -0.925219 -2.982607 0.219561
v -2.425219 -2.982607 0.219561
v -0.925219 -3.021625 0.223404
v -2.425219 -3.021625 0.223404
v -0.925219 -3.060643 0.219561
v -2.425219 -3.060643 0.219561
v -0.925219 -3.098162 0.208180
v -2.425219 -3.098162 0.208180
v -0.925219 -3.132739 0.189698
v -2.425219 -3.132739 0.189698
v -0.925219 -3.163046 0.164825
v -2.425219 -3.163046 0.164825
v -0.925219 -3.187919 0.134518
v -2.425219 -3.187919 0.134518
v -0.925219 -3.206401 0.099941
v -2.425219 -3.206401 0.099941
v -0.925219 -3.217782 0.062422
v -2.425219 -3.217782 0.062422
v -0.925219 -3.221625 0.023404
v -2.425219 -3.221625 0.023404
v -0.925219 -3.217782 -0.015614
v -2.425219 -3.217782 -0.015614
v -0.925219 -3.206401 -0.053133
v -2.425219 -3.206401 -0.053133
v -0.925219 -3.187919 -0.087710
v -2.425219 -3.187919 -0.087710
v -0.925219 -3.163046 -0.118018
v -2.425219 -3.163046 -0.118017
v -0.925219 -3.132739 -0.142890
v -2.425219 -3.132739 -0.142890
v -0.925219 -3.098162 -0.161372
v -2.425219 -3.098162 -0.161372
v -0.925219 -3.060643 -0.172753
v -2.425219 -3.060643 -0.172753
v -0.925219 -3.021625 -0.176596
v -2.425219 -3.021625 -0.176596
v -0.925219 -2.982607 -0.172753
v -2.425219 -2.982607 -0.172753
v -0.925219 -2.945088 -0.161372
v -2.425219 -2.945088 -0.161372
v -0.925219 -2.910511 -0.142890
v -2.425219 -2.910511 -0.142890
v -0.925219 -2.880203 -0.118018
v -2.425219 -2.880203 -0.118017
v -0.925219 -2.855331 -0.087710
v -2.425219 -2.855331 -0.087710
v -0.925219 -2.836849 -0.053133
v -2.425219 -2.836849 -0.053133
v -0.925219 -2.825468 -0.015614
v -2.425219 -2.825468 -0.015614
v -1.075219 -3.021623 -0.476596
v -1.075219 -3.321623 -0.276596
v -1.075219 -3.136428 -0.461372
v -1.075219 -3.233755 -0.418017
v -1.075219 -3.298787 -0.353133
v -1.075219 -1.821623 -0.276596
v -1.075219 -2.121623 -0.476596
v -1.075219 -1.844459 -0.353133
v -1.075219 -1.909490 -0.418017
v -1.075219 -2.006818 -0.461372
v -0.975219 -3.321623 -0.276596
v -0.975219 -3.021623 -0.476596
v -0.975219 -3.298787 -0.353133
v -0.975219 -3.233755 -0.418017
v -0.975219 -3.136428 -0.461372
v -0.975219 -2.121623 -0.476596
v -0.975219 -1.821623 -0.276596
v -0.975219 -2.006818 -0.461372
v -0.975219 -1.909490 -0.418017
v -0.975219 -1.844459 -0.353133
v -1.075219 -3.321623 0.323404
v -1.075219 -2.574981 0.613558
v -1.075219 -3.298787 0.399941
v -1.075219 -3.233755 0.464825
v -1.075219 -3.136428 0.508180
v -1.075219 -2.256855 0.613558
v -1.075219 -1.821623 0.323404
v -1.075219 -2.006818 0.508180
v -1.075219 -1.909490 0.464825
v -1.075219 -1.844459 0.399941
v -0.975219 -3.021623 0.523404
v -0.975219 -3.321623 0.323404
v -0.975219 -3.136428 0.508180
v -0.975219 -3.233755 0.464825
v -0.975219 -3.298787 0.399941
v -0.975219 -1.821623 0.323404
v -0.975219 -2.121623 0.523404
v -0.975219 -1.844459 0.399941
v -0.975219 -1.909490 0.464825
v -0.975219 -2.006818 0.508180
v -1.075219 -2.256855 0.754948
v -0.975219 -2.121623 0.923404
v -1.075219 -3.021623 0.523404
v -1.075219 -2.121623 0.523404
v -1.075219 -2.121623 0.923404
v -2.375219 -3.021622 -0.476596
v -2.375219 -3.321622 -0.276596
v -2.375219 -3.136428 -0.461372
v -2.375219 -3.233755 -0.418017
v -2.375219 -3.298786 -0.353133
v -2.375219 -1.821622 -0.276596
v -2.375219 -2.121622 -0.476596
v -2.375219 -1.844458 -0.353133
v -2.375219 -1.909490 -0.418017
v -2.375219 -2.006817 -0.461372
v -2.275219 -3.321622 -0.276596
v -2.275219 -3.021622 -0.476596
v -2.275219 -3.298786 -0.353133
v -2.275219 -3.233755 -0.418017
v -2.275219 -3.136428 -0.461372
v -2.275219 -2.121622 -0.476596
v -2.275219 -1.821622 -0.276596
v -2.275219 -2.006817 -0.461372
v -2.275219 -1.909490 -0.418017
v -2.275219 -1.844458 -0.353133
v -2.375219 -3.321622 0.323404
v -2.375219 -3.021622 0.523404
v -2.375219 -3.298786 0.399941
v -2.375219 -3.233755 0.464825
v -2.375219 -3.136428 0.508180
v -2.375219 -2.121622 0.523404
v -2.375219 -1.821622 0.323404
v -2.375219 -2.006817 0.508180
v -2.375219 -1.909490 0.464825
v -2.375219 -1.844458 0.399941
v -2.275218 -2.574981 0.613559
v -2.275219 -3.321622 0.323404
v -2.275218 -3.136428 0.508180
v -2.275218 -3.233755 0.464825
v -2.275219 -3.298786 0.399941
v -2.275219 -1.821622 0.323404
v -2.275219 -2.256854 0.613559
v -2.275219 -1.844458 0.399941
v -2.275219 -1.909490 0.464825
v -2.275219 -2.006817 0.508180
v -2.375219 -2.121622 0.923404
v -2.275219 -2.256854 0.754948
v -2.275219 -2.121622 0.523404
v -2.275218 -3.021622 0.523404
v -2.275219 -2.121622 0.923404
v -1.545218 -0.756855 0.863558
v -1.365357 -0.871035 0.844528
v -1.212878 -1.196194 0.790335
v -1.110995 -1.682830 0.709229
v -1.545218 -0.756855 1.004948
v -1.110995 -1.682830 0.850619
v -1.212878 -1.196194 0.931725
v -1.365357 -0.871035 0.985918
v -1.805218 -0.756855 0.863558
v -2.239442 -1.682829 0.709229
v -2.137558 -1.196194 0.790335
v -1.985079 -0.871035 0.844528
v -1.805218 -0.756855 1.004948
v -1.985080 -0.871035 0.985918
v -2.137559 -1.196194 0.931725
v -2.239442 -1.682829 0.850619
v -1.575219 -4.351838 0.918164
v -1.113279 -3.254955 0.730126
v -1.221666 -3.831409 0.828947
v -1.383877 -4.216583 0.894977
v -1.575219 -4.033711 1.059553
v -1.383877 -3.898457 1.036367
v -1.221665 -3.513282 0.970337
v -1.113279 -2.936828 0.871515
v -1.775219 -4.351838 0.918164
v -1.966560 -4.216583 0.894977
v -2.128772 -3.831409 0.828947
v -2.237158 -3.254955 0.730126
v -1.775219 -4.033711 1.059553
v -2.237158 -2.936828 0.871516
v -2.128772 -3.513282 0.970337
v -1.966560 -3.898456 1.036367
v -1.075219 -3.021623 -0.776596
v -0.975219 -3.021623 -0.776596
v -0.975219 -2.121623 -0.776596
v -1.075219 -2.121623 -0.776596
v -2.375219 -3.021622 -0.776596
v -2.275219 -3.021622 -0.776596
v -2.275219 -2.121622 -0.776596
v -2.375219 -2.121622 -0.776596
v -1.075219 -3.021623 -0.876596
v -0.975219 -3.021623 -0.876596
v -0.975219 -2.121623 -0.876596
v -1.075219 -2.121623 -0.876596
v -2.375219 -3.021622 -0.876596
v -2.275219 -3.021622 -0.876596
v -2.275219 -2.121622 -0.876596
v -2.375219 -2.121622 -0.876596
v -1.075219 -2.210642 -0.172753
v -1.075219 -2.171624 -0.176596
v -1.075219 -2.132606 -0.172753
v -1.075219 -2.248161 -0.161372
v -1.075219 -2.091630 -0.159524
v -1.075219 -2.095087 -0.161372
v -1.075219 -2.282738 -0.142890
v -1.075219 -2.313045 -0.118018
v -1.075219 -2.030203 -0.118018
v -1.075219 -2.356400 -0.053133
v -1.075219 -1.986848 -0.053133
v -1.075219 -2.337918 -0.087710
v -1.075219 -2.005330 -0.087710
v -1.075219 -2.060510 -0.142890
v -1.075219 -1.971624 0.023404
v -1.075219 -2.367781 -0.015614
v -1.075219 -1.975467 -0.015614
v -1.075219 -1.986848 0.099941
v -1.075219 -2.367781 0.062422
v -1.075219 -1.975467 0.062422
v -1.075219 -2.371624 0.023404
v -1.075219 -2.005330 0.134518
v -1.075219 -2.060510 0.189698
v -1.075219 -2.030203 0.164825
v -1.075219 -2.132606 0.219561
v -1.075219 -2.171624 0.223404
v -1.075219 -2.095087 0.208180
v -1.075219 -2.337918 0.134518
v -1.075219 -2.356400 0.099941
v -1.075219 -2.282738 0.189698
v -1.075219 -2.210642 0.219561
v -1.075219 -2.248161 0.208180
v -1.075219 -2.313045 0.164825
v -0.975219 -2.171624 -0.176596
v -0.975219 -2.132606 -0.172753
v -0.975219 -2.095087 -0.161372
v -0.975219 -2.060510 -0.142890
v -0.975219 -2.005330 -0.087710
v -0.975219 -2.030203 -0.118018
v -0.975219 -1.986848 -0.053133
v -0.975219 -2.367781 -0.015614
v -0.975219 -1.975467 -0.015614
v -0.975219 -1.975467 0.062422
v -0.975219 -2.371624 0.023404
v -0.975219 -1.971624 0.023404
v -0.975219 -2.356400 0.099941
v -0.975219 -1.986848 0.099941
v -0.975219 -2.313045 0.164825
v -0.975219 -2.030203 0.164825
v -0.975219 -2.337918 0.134518
v -0.975219 -2.005330 0.134518
v -0.975219 -2.095087 0.208180
v -0.975219 -2.171624 0.223404
v -0.975219 -2.210642 0.219561
v -0.975219 -2.132606 0.219561
v -0.975219 -2.282738 0.189698
v -0.975219 -2.248161 0.208180
v -0.975219 -2.060510 0.189698
v -0.975219 -2.367781 0.062422
v -0.975219 -2.210642 -0.172753
v -0.975219 -2.248161 -0.161372
v -0.975219 -2.282738 -0.142890
v -0.975219 -2.313045 -0.118018
v -0.975219 -2.356400 -0.053133
v -0.975219 -2.337918 -0.087710
v -2.375219 -2.210642 -0.172753
v -2.375219 -2.171624 -0.176596
v -2.375219 -2.132606 -0.172753
v -2.375219 -2.248161 -0.161372
v -2.375219 -2.095087 -0.161372
v -2.375219 -2.282738 -0.142890
v -2.375219 -2.313045 -0.118017
v -2.375219 -2.030203 -0.118017
v -2.375219 -2.356400 -0.053133
v -2.375219 -1.986848 -0.053133
v -2.375219 -2.337918 -0.087710
v -2.375219 -2.005330 -0.087710
v -2.375219 -2.060510 -0.142890
v -2.375219 -2.371624 0.023404
v -2.375219 -2.367781 -0.015614
v -2.375219 -1.975467 -0.015614
v -2.375219 -2.367781 0.062422
v -2.375219 -1.975467 0.062422
v -2.375219 -1.971624 0.023404
v -2.375219 -2.030203 0.164825
v -2.375219 -2.005330 0.134518
v -2.375219 -2.095087 0.208180
v -2.375219 -2.171624 0.223404
v -2.375219 -2.132606 0.219561
v -2.375219 -2.060510 0.189698
v -2.375219 -1.986848 0.099941
v -2.375219 -2.356400 0.099941
v -2.375219 -2.337918 0.134518
v -2.375219 -2.313045 0.164825
v -2.375219 -2.282738 0.189698
v -2.375219 -2.210642 0.219561
v -2.375219 -2.248161 0.208180
v -2.275219 -2.171624 -0.176596
v -2.275219 -2.132606 -0.172753
v -2.275219 -2.030203 -0.118017
v -2.275219 -2.060510 -0.142890
v -2.275219 -2.095087 -0.161372
v -2.275219 -2.005330 -0.087710
v -2.275219 -1.986848 -0.053133
v -2.275219 -1.975467 -0.015614
v -2.275219 -2.367781 -0.015614
v -2.275219 -2.367781 0.062422
v -2.275219 -2.371624 0.023404
v -2.275219 -1.971624 0.023404
v -2.275219 -2.356400 0.099941
v -2.275219 -1.986848 0.099941
v -2.275219 -2.313045 0.164825
v -2.275219 -2.030203 0.164825
v -2.275219 -2.337918 0.134518
v -2.275219 -2.005330 0.134518
v -2.275219 -2.248161 0.208180
v -2.275219 -2.091630 0.206332
v -2.275219 -2.171624 0.223404
v -2.275219 -2.210642 0.219561
v -2.275219 -2.132606 0.219561
v -2.275219 -2.282738 0.189698
v -2.275219 -2.095087 0.208180
v -2.275219 -2.060510 0.189698
v -2.275219 -1.975467 0.062422
v -2.275219 -2.210642 -0.172753
v -2.275219 -2.282738 -0.142890
v -2.275219 -2.248161 -0.161372
v -2.275219 -2.337918 -0.087710
v -2.275219 -2.356400 -0.053133
v -2.275219 -2.313045 -0.118017
v -1.075219 -3.098161 -0.161372
v -1.075219 -3.187918 -0.087710
v -1.075219 -3.163046 -0.118018
v -1.075219 -3.206400 -0.053133
v -1.075219 -3.132739 -0.142890
v -1.075219 -3.217782 -0.015614
v -1.075219 -3.221625 0.023404
v -1.075219 -3.206400 0.099941
v -1.075219 -3.187918 0.134518
v -1.075219 -3.217782 0.062422
v -1.075219 -3.021625 -0.176596
v -1.075219 -3.060643 -0.172753
v -1.075219 -2.982606 -0.172753
v -1.075219 -2.910510 -0.142890
v -1.075219 -2.945088 -0.161372
v -1.075219 -2.836848 -0.053133
v -1.075219 -2.855330 -0.087710
v -1.075219 -2.825467 0.062422
v -1.075219 -2.821624 0.023404
v -1.075219 -2.825467 -0.015614
v -1.075219 -2.880203 -0.118018
v -1.075219 -2.855330 0.134518
v -1.075219 -2.880203 0.164825
v -1.075219 -2.910510 0.189698
v -1.075219 -3.163046 0.164825
v -1.075219 -2.836848 0.099941
v -1.075219 -3.098161 0.208180
v -1.075219 -3.064394 0.218423
v -1.075219 -2.945088 0.208180
v -1.075219 -3.021625 0.223404
v -1.075219 -3.060643 0.219561
v -1.075219 -2.982606 0.219561
v -1.075219 -3.132739 0.189698
v -0.975219 -3.206400 -0.053133
v -0.975219 -3.187918 -0.087710
v -0.975219 -3.217782 -0.015614
v -0.975219 -3.221625 0.023404
v -0.975219 -3.206400 0.099941
v -0.975219 -3.187918 0.134518
v -0.975219 -3.132739 0.189698
v -0.975219 -3.098161 0.208180
v -0.975219 -3.163046 0.164825
v -0.975219 -3.217782 0.062422
v -0.975219 -3.021625 -0.176596
v -0.975219 -3.060642 -0.172753
v -0.975219 -2.982606 -0.172753
v -0.975219 -3.098161 -0.161372
v -0.975219 -2.945088 -0.161372
v -0.975219 -2.836848 -0.053133
v -0.975219 -2.855330 -0.087710
v -0.975219 -3.163046 -0.118018
v -0.975219 -2.880203 -0.118018
v -0.975219 -3.132739 -0.142890
v -0.975219 -2.910510 -0.142890
v -0.975219 -2.825467 0.062422
v -0.975219 -2.821624 0.023404
v -0.975219 -2.880203 0.164825
v -0.975219 -2.855330 0.134518
v -0.975219 -2.836848 0.099941
v -0.975219 -2.945088 0.208180
v -0.975219 -3.021625 0.223404
v -0.975219 -3.060642 0.219561
v -0.975219 -2.982606 0.219561
v -0.975219 -2.910510 0.189698
v -0.975219 -2.825467 -0.015614
v -2.375219 -3.132739 -0.142890
v -2.375219 -3.098161 -0.161372
v -2.375219 -3.163046 -0.118017
v -2.375219 -3.187918 -0.087710
v -2.375219 -3.206400 -0.053133
v -2.375219 -3.217782 -0.015614
v -2.375219 -3.221625 0.023404
v -2.375219 -3.206400 0.099941
v -2.375219 -3.187918 0.134518
v -2.375219 -3.217782 0.062422
v -2.375219 -3.021625 -0.176596
v -2.375219 -3.060643 -0.172753
v -2.375219 -2.982606 -0.172753
v -2.375219 -2.945088 -0.161372
v -2.375219 -2.910510 -0.142890
v -2.375219 -2.880203 -0.118017
v -2.375219 -2.855330 -0.087710
v -2.375219 -2.821624 0.023404
v -2.375219 -2.825467 -0.015614
v -2.375219 -2.836848 -0.053133
v -2.375219 -2.825467 0.062422
v -2.375219 -2.836848 0.099941
v -2.375219 -2.880203 0.164825
v -2.375219 -3.163046 0.164825
v -2.375219 -2.855330 0.134518
v -2.375219 -3.098161 0.208180
v -2.375219 -3.021625 0.223404
v -2.375219 -3.060643 0.219561
v -2.375219 -2.982606 0.219561
v -2.375219 -2.945088 0.208180
v -2.375219 -2.910510 0.189698
v -2.375219 -3.132739 0.189698
v -2.275219 -3.060643 -0.172753
v -2.275219 -3.021625 -0.176596
v -2.275219 -3.098161 -0.161372
v -2.275219 -3.064394 -0.171615
v -2.275219 -2.945088 -0.161372
v -2.275219 -2.982606 -0.172753
v -2.275219 -3.163046 -0.118017
v -2.275219 -3.206400 -0.053133
v -2.275219 -2.855330 -0.087710
v -2.275219 -3.187918 -0.087710
v -2.275219 -2.880203 -0.118017
v -2.275219 -3.132739 -0.142890
v -2.275219 -2.910510 -0.142890
v -2.275219 -2.836848 -0.053133
v -2.275219 -3.217782 -0.015614
v -2.275219 -3.221625 0.023404
v -2.275219 -2.825467 -0.015614
v -2.275219 -2.821624 0.023404
v -2.275219 -3.217782 0.062422
v -2.275219 -2.825467 0.062422
v -2.275219 -3.163046 0.164825
v -2.275219 -3.187918 0.134518
v -2.275219 -3.098161 0.208180
v -2.275219 -3.060643 0.219561
v -2.275219 -3.206400 0.099941
v -2.275219 -3.132739 0.189698
v -2.275219 -2.855330 0.134518
v -2.275219 -2.836848 0.099941
v -2.275219 -2.880203 0.164825
v -2.275219 -2.945088 0.208180
v -2.275219 -2.910510 0.189698
v -2.275219 -3.021625 0.223404
v -2.275219 -2.982606 0.219561
v -0.925219 -1.971625 0.023404
v -2.425219 -1.971625 0.023404
v -0.925219 -1.975467 0.062422
v -2.425219 -1.975467 0.062422
v -0.925219 -1.986849 0.099941
v -2.425219 -1.986849 0.099941
v -0.925219 -2.005331 0.134518
v -2.425219 -2.005331 0.134518
v -0.925219 -2.030204 0.164825
v -2.425219 -2.030204 0.164825
v -0.925219 -2.060511 0.189698
v -2.425219 -2.060511 0.189698
v -0.925219 -2.095088 0.208180
v -2.425219 -2.095088 0.208180
v -0.925219 -2.132607 0.219561
v -2.425219 -2.132607 0.219561
v -0.925219 -2.171625 0.223404
v -2.425219 -2.171625 0.223404
v -0.925219 -2.210643 0.219561
v -2.425219 -2.210643 0.219561
v -0.925219 -2.248162 0.208180
v -2.425219 -2.248162 0.208180
v -0.925219 -2.282739 0.189698
v -2.425219 -2.282739 0.189698
v -0.925219 -2.313046 0.164825
v -2.425219 -2.313046 0.164825
v -0.925219 -2.337919 0.134518
v -2.425219 -2.337919 0.134518
v -0.925219 -2.356401 0.099941
v -2.425219 -2.356401 0.099941
v -0.925219 -2.367782 0.062422
v -2.425219 -2.367782 0.062422
v -0.925219 -2.371625 0.023404
v -2.425219 -2.371625 0.023404
v -0.925219 -2.367782 -0.015614
v -2.425219 -2.367782 -0.015614
v -0.925219 -2.356401 -0.053133
v -2.425219 -2.356401 -0.053133
v -0.925219 -2.337919 -0.087710
v -2.425219 -2.337919 -0.087710
v -0.925219 -2.313046 -0.118018
v -2.425219 -2.313046 -0.118017
v -0.925219 -2.282739 -0.142890
v -2.425219 -2.282739 -0.142890
v -0.925219 -2.248162 -0.161372
v -2.425219 -2.248162 -0.161372
v -0.925219 -2.210643 -0.172753
v -2.425219 -2.210643 -0.172753
v -0.925219 -2.171625 -0.176596
v -2.425219 -2.171625 -0.176596
v -0.925219 -2.132607 -0.172753
v -2.425219 -2.132607 -0.172753
v -0.925219 -2.095088 -0.161372
v -2.425219 -2.095088 -0.161372
v -0.925219 -2.060511 -0.142890
v -2.425219 -2.060511 -0.142890
v -0.925219 -2.030204 -0.118018
v -2.425219 -2.030204 -0.118017
v -0.925219 -2.005331 -0.087710
v -2.425219 -2.005331 -0.087710
v -0.925219 -1.986849 -0.053133
v -2.425219 -1.986849 -0.053133
v -0.925219 -1.975467 -0.015614
v -2.425219 -1.975467 -0.015614
vn -0.0000 -0.0000 -1.0000
vn 1.0000 -0.0000 -0.0000
vn -0.0000 -0.0000 1.0000
vn -1.0000 -0.0000 -0.0000
vn -0.0000 -1.0000 -0.0000
vn -0.0000 1.0000 -0.0000
vn -0.0000 0.9808 0.1951
vn -0.0000 0.9239 0.3827
vn -0.0000 0.8315 0.5556
vn -0.0000 0.7071 0.7071
vn -0.0000 0.5556 0.8315
vn -0.0000 0.3827 0.9239
vn -0.0000 0.1951 0.9808
vn -0.0000 -0.1951 0.9808
vn -0.0000 -0.3827 0.9239
vn -0.0000 -0.5556 0.8315
vn -0.0000 -0.7071 0.7071
vn -0.0000 -0.8315 0.5556
vn -0.0000 -0.9239 0.3827
vn -0.0000 -0.9808 0.1951
vn -0.0000 -0.9808 -0.1951
vn -0.0000 -0.9239 -0.3827
vn -0.0000 -0.8315 -0.5556
vn -0.0000 -0.7071 -0.7071
vn -0.0000 -0.5556 -0.8315
vn -0.0000 -0.3827 -0.9239
vn -0.0000 -0.1951 -0.9808
vn -0.0000 0.1951 -0.9808
vn -0.0000 0.3827 -0.9239
vn -0.0000 0.5556 -0.8315
vn -0.0000 0.7071 -0.7071
vn -0.0000 0.8315 -0.5556
vn -0.0000 0.9239 -0.3827
vn -0.0000 0.9808 -0.1951
vn -0.0000 -0.4061 0.9138
vn -0.0000 -0.2716 0.9624
vn -0.0000 0.9895 -0.1445
vn -0.0000 0.9895 0.1445
vn -0.0000 -0.9895 -0.1445
vn -0.0000 -0.8586 -0.5126
vn -0.0000 -0.5660 -0.8244
vn -0.0000 -0.2720 -0.9623
vn -0.0000 -0.1315 -0.9913
vn -0.0000 0.8586 -0.5126
vn -0.0000 0.5660 -0.8244
vn -0.0000 0.2720 -0.9623
vn -0.0000 0.1315 -0.9913
vn -0.0000 -0.9895 0.1445
vn -0.0000 -0.8586 0.5126
vn -0.0000 -0.5660 0.8244
vn -0.0000 -0.2720 0.9623
vn -0.0000 0.8586 0.5126
vn -0.0000 0.5660 0.8244
vn -0.0000 0.2720 0.9623
vn -0.0000 0.1315 0.9913
vn -0.0000 -0.1644 0.9864
vn -0.0000 -0.0833 -0.9965
vn -0.0000 0.0808 -0.9967
vn -0.0000 0.1644 -0.9864
vn 0.9981 0.0622 -0.0000
vn 0.9920 0.1265 -0.0000
vn 0.9900 0.1413 -0.0000
vn 0.9521 0.3059 -0.0000
vn 0.9447 0.3279 -0.0000
vn 0.9054 0.4246 -0.0000
vn 0.5360 0.8442 -0.0000
vn -0.9981 0.0622 -0.0000
vn -0.9920 0.1265 -0.0000
vn -0.9900 0.1414 -0.0000
vn -0.9521 0.3059 -0.0000
vn -0.9447 0.3279 -0.0000
vn -0.9054 0.4246 -0.0000
vn -0.5360 0.8442 -0.0000
vn -0.0000 -0.1690 -0.9856
vn 0.1519 -0.4014 0.9032
vn -0.2142 -0.3967 0.8926
vn -0.1519 -0.4014 0.9032
vn -0.0000 0.0027 1.0000
vn -0.0000 0.1690 0.9856
vn 0.9951 -0.0402 0.0904
vn 0.9899 -0.0576 0.1295
vn 0.9610 -0.1124 0.2528
vn 0.9246 -0.1547 0.3481
vn 0.8371 -0.2222 0.4999
vn 0.8007 -0.2433 0.5475
vn 0.3696 -0.3774 0.8491
vn 0.2142 -0.3967 0.8926
vn -0.3696 -0.3774 0.8491
vn -0.8007 -0.2433 0.5475
vn -0.8371 -0.2222 0.4999
vn -0.9246 -0.1547 0.3481
vn -0.9610 -0.1124 0.2528
vn -0.9899 -0.0576 0.1295
vn -0.9951 -0.0402 0.0904
vn -0.0000 -0.4714 -0.8819
vn -0.0000 -0.4714 0.8819
vn -0.0000 0.2903 -0.9569
vn -0.0000 0.2903 0.9569
vn -1.0000 -0.0000 0.0001
vt 0.430639 0.469540
vt 0.207789 0.747042
vt 0.597717 0.232045
vt 0.430639 0.626188
vt 0.207789 0.590395
vt 0.835394 0.524072
vt 0.597717 0.184970
vt 0.383575 0.469540
vt 0.637723 0.419671
vt 0.383575 0.626188
vt 0.637722 0.576318
vt 0.835394 0.571147
vt 0.788328 0.360269
vt 0.160725 0.747042
vt 0.644782 0.232045
vt 0.788328 0.516857
vt 0.160725 0.590395
vt 0.882458 0.524072
vt 0.835393 0.360269
vt 0.590658 0.419670
vt 0.644782 0.184970
vt 0.882458 0.571147
vt 0.590658 0.576317
vt 0.835393 0.516857
vt 0.873044 0.351705
vt 0.934884 0.747595
vt 0.955747 0.341799
vt 0.149351 0.899374
vt 0.873044 0.353542
vt 0.933350 0.746570
vt 0.149351 0.901211
vt 0.954042 0.342505
vt 0.873044 0.355308
vt 0.932045 0.745264
vt 0.149351 0.902977
vt 0.952508 0.343530
vt 0.873044 0.356936
vt 0.931020 0.743730
vt 0.149351 0.904605
vt 0.951203 0.344835
vt 0.873044 0.358363
vt 0.144974 0.973736
vt 0.930314 0.742025
vt 0.149351 0.906032
vt 0.280974 0.975667
vt 0.950178 0.346370
vt 0.144974 0.972343
vt 0.929954 0.740214
vt 0.280974 0.974274
vt 0.949472 0.348075
vt 0.144974 0.970740
vt 0.929954 0.738369
vt 0.280974 0.972671
vt 0.949112 0.349885
vt 0.144974 0.968989
vt 0.930314 0.736559
vt 0.280974 0.970920
vt 0.949112 0.351731
vt 0.144974 0.967158
vt 0.931020 0.734854
vt 0.280974 0.969089
vt 0.949472 0.353541
vt 0.144974 0.965317
vt 0.932045 0.733319
vt 0.280974 0.967248
vt 0.950178 0.355246
vt 0.144974 0.963536
vt 0.933350 0.732014
vt 0.280974 0.965467
vt 0.951203 0.356781
vt 0.144974 0.961885
vt 0.934884 0.730988
vt 0.280974 0.963816
vt 0.952508 0.358086
vt 0.144974 0.960427
vt 0.788708 0.170780
vt 0.936589 0.730282
vt 0.280974 0.962358
vt 0.901283 0.358362
vt 0.954042 0.359111
vt 0.788708 0.169353
vt 0.938398 0.729922
vt 0.901283 0.356936
vt 0.955747 0.359817
vt 0.788708 0.167725
vt 0.940243 0.729922
vt 0.901283 0.355308
vt 0.957557 0.360178
vt 0.788708 0.165959
vt 0.942053 0.730282
vt 0.901283 0.353542
vt 0.959402 0.360178
vt 0.788708 0.164122
vt 0.943758 0.730988
vt 0.901283 0.351705
vt 0.961212 0.359817
vt 0.788708 0.162286
vt 0.945292 0.732014
vt 0.901283 0.349868
vt 0.962917 0.359111
vt 0.788708 0.160519
vt 0.946597 0.733319
vt 0.901283 0.348102
vt 0.964451 0.358086
vt 0.788708 0.158892
vt 0.947622 0.734854
vt 0.901283 0.346474
vt 0.965756 0.356781
vt 0.788708 0.157465
vt 0.920096 0.426173
vt 0.948328 0.736559
vt 0.901283 0.345048
vt 0.929507 0.506199
vt 0.966781 0.355246
vt 0.920096 0.427601
vt 0.948689 0.738369
vt 0.929507 0.507628
vt 0.967487 0.353541
vt 0.920096 0.429230
vt 0.948689 0.740214
vt 0.929507 0.509257
vt 0.967847 0.351731
vt 0.920096 0.430997
vt 0.948328 0.742024
vt 0.929507 0.511024
vt 0.967847 0.349885
vt 0.920096 0.432834
vt 0.947623 0.743730
vt 0.929507 0.512861
vt 0.967487 0.348075
vt 0.920096 0.434671
vt 0.946597 0.745264
vt 0.929507 0.514698
vt 0.966781 0.346370
vt 0.920096 0.436436
vt 0.945292 0.746569
vt 0.929507 0.516463
vt 0.965756 0.344835
vt 0.920096 0.438062
vt 0.943758 0.747595
vt 0.929507 0.518089
vt 0.964451 0.343530
vt 0.920096 0.439487
vt 0.873044 0.345048
vt 0.942054 0.748301
vt 0.929507 0.519514
vt 0.149351 0.892717
vt 0.962917 0.342505
vt 0.873044 0.346475
vt 0.940244 0.748661
vt 0.149351 0.894144
vt 0.961212 0.341799
vt 0.873044 0.348102
vt 0.938399 0.748661
vt 0.959402 0.341439
vt 0.149351 0.895772
vt 0.873044 0.349868
vt 0.936589 0.748301
vt 0.957557 0.341439
vt 0.149351 0.897538
vt 0.882457 0.351705
vt 0.139938 0.899374
vt 0.882457 0.353542
vt 0.139938 0.901211
vt 0.882457 0.355308
vt 0.139938 0.902977
vt 0.882457 0.356936
vt 0.139938 0.904605
vt 0.882457 0.358363
vt 0.135561 0.973736
vt 0.139938 0.906032
vt 0.290387 0.975667
vt 0.135561 0.972343
vt 0.290387 0.974274
vt 0.135561 0.970740
vt 0.290387 0.972671
vt 0.135561 0.968989
vt 0.290387 0.970920
vt 0.135561 0.967158
vt 0.290387 0.969089
vt 0.135561 0.965317
vt 0.290387 0.967248
vt 0.135561 0.963536
vt 0.290387 0.965467
vt 0.135561 0.961885
vt 0.290387 0.963816
vt 0.135561 0.960427
vt 0.779295 0.170780
vt 0.910696 0.358362
vt 0.290387 0.962358
vt 0.779295 0.169353
vt 0.910696 0.356936
vt 0.779295 0.167725
vt 0.910696 0.355308
vt 0.779295 0.165959
vt 0.910696 0.353542
vt 0.779295 0.164122
vt 0.910696 0.351705
vt 0.779295 0.162286
vt 0.910696 0.349868
vt 0.779295 0.160519
vt 0.910696 0.348102
vt 0.779295 0.158892
vt 0.910696 0.346474
vt 0.779295 0.157465
vt 0.929508 0.426173
vt 0.920095 0.506199
vt 0.910696 0.345048
vt 0.929508 0.427601
vt 0.920095 0.507628
vt 0.929508 0.429230
vt 0.920095 0.509257
vt 0.929508 0.430997
vt 0.920095 0.511024
vt 0.929508 0.432834
vt 0.920095 0.512861
vt 0.929508 0.434671
vt 0.920095 0.514698
vt 0.929508 0.436436
vt 0.920095 0.516463
vt 0.929508 0.438062
vt 0.920095 0.518089
vt 0.929508 0.439487
vt 0.882457 0.345048
vt 0.139938 0.892717
vt 0.920095 0.519514
vt 0.882457 0.346475
vt 0.139938 0.894144
vt 0.882457 0.348102
vt 0.139938 0.895772
vt 0.882457 0.349868
vt 0.139938 0.897538
vt 0.623603 0.563247
vt 0.857579 0.996370
vt 0.623422 0.561410
vt 0.859410 0.996370
vt 0.623422 0.565083
vt 0.855739 0.996370
vt 0.622017 0.558016
vt 0.862763 0.996370
vt 0.622017 0.568477
vt 0.852308 0.996370
vt 0.622887 0.559644
vt 0.861161 0.996370
vt 0.622887 0.566850
vt 0.853959 0.996370
vt 0.501939 0.943641
vt 0.620846 0.569904
vt 0.850850 0.996370
vt 0.620846 0.556590
vt 0.454874 0.991597
vt 0.864156 0.996370
vt 0.619420 0.571075
vt 0.503366 0.943641
vt 0.619420 0.555419
vt 0.456300 0.991597
vt 0.617793 0.571945
vt 0.504993 0.943641
vt 0.617793 0.554549
vt 0.457927 0.991597
vt 0.616027 0.554013
vt 0.459693 0.991597
vt 0.616027 0.572481
vt 0.506759 0.943641
vt 0.614190 0.553832
vt 0.461530 0.991597
vt 0.614190 0.572662
vt 0.508595 0.943641
vt 0.612354 0.554013
vt 0.463366 0.991597
vt 0.612354 0.572481
vt 0.510432 0.943641
vt 0.610588 0.554549
vt 0.465132 0.991597
vt 0.610588 0.571945
vt 0.512197 0.943641
vt 0.608961 0.555419
vt 0.466759 0.991597
vt 0.608961 0.571075
vt 0.513825 0.943641
vt 0.606364 0.558016
vt 0.389843 0.946977
vt 0.606364 0.568477
vt 0.379384 0.946977
vt 0.604778 0.563247
vt 0.384615 0.946977
vt 0.604958 0.565083
vt 0.382779 0.946977
vt 0.604958 0.561410
vt 0.386451 0.946977
vt 0.605494 0.566850
vt 0.381012 0.946977
vt 0.605494 0.559644
vt 0.388216 0.946977
vt 0.377955 0.946977
vt 0.607535 0.569904
vt 0.515251 0.943641
vt 0.607535 0.556590
vt 0.391267 0.946977
vt 0.468186 0.991597
vt 0.193670 0.603466
vt 0.857579 0.949296
vt 0.193489 0.605303
vt 0.859410 0.949296
vt 0.193489 0.601629
vt 0.855739 0.949296
vt 0.192084 0.598235
vt 0.852308 0.949296
vt 0.192084 0.608696
vt 0.862763 0.949296
vt 0.192953 0.607069
vt 0.861161 0.949296
vt 0.192953 0.599863
vt 0.853959 0.949296
vt 0.190913 0.596808
vt 0.850850 0.949296
vt 0.501939 0.990715
vt 0.864156 0.949296
vt 0.190913 0.610123
vt 0.454874 0.944523
vt 0.189487 0.595638
vt 0.503366 0.990715
vt 0.189487 0.611294
vt 0.456300 0.944523
vt 0.187859 0.594768
vt 0.504993 0.990715
vt 0.187859 0.612164
vt 0.457927 0.944523
vt 0.184257 0.612881
vt 0.461530 0.944523
vt 0.186093 0.594232
vt 0.506759 0.990715
vt 0.186093 0.612700
vt 0.459693 0.944523
vt 0.182421 0.612700
vt 0.463366 0.944523
vt 0.184257 0.594051
vt 0.508595 0.990715
vt 0.180655 0.612164
vt 0.465132 0.944523
vt 0.182421 0.594232
vt 0.510432 0.990715
vt 0.179028 0.611294
vt 0.466759 0.944523
vt 0.180655 0.594768
vt 0.512197 0.990715
vt 0.468186 0.944523
vt 0.177601 0.610123
vt 0.391267 0.994051
vt 0.177601 0.596809
vt 0.515251 0.990715
vt 0.377955 0.994051
vt 0.179028 0.595638
vt 0.513825 0.990715
vt 0.176431 0.608696
vt 0.389843 0.994051
vt 0.176431 0.598235
vt 0.379384 0.994051
vt 0.174844 0.603466
vt 0.384615 0.994051
vt 0.175025 0.605303
vt 0.386451 0.994051
vt 0.175025 0.601629
vt 0.382779 0.994051
vt 0.175561 0.607069
vt 0.388216 0.994051
vt 0.175561 0.599863
vt 0.381012 0.994051
vt 0.959695 0.510907
vt 0.933359 0.155798
vt 0.921552 0.067996
vt 0.959695 0.440295
vt 0.961532 0.510907
vt 0.934065 0.157503
vt 0.961532 0.440295
vt 0.920247 0.069301
vt 0.963298 0.510907
vt 0.934425 0.159313
vt 0.963298 0.440295
vt 0.919222 0.070836
vt 0.964925 0.510907
vt 0.934425 0.161159
vt 0.964925 0.440295
vt 0.918516 0.072541
vt 0.977719 0.000000
vt 0.966351 0.510907
vt 0.934065 0.162969
vt 0.966351 0.440295
vt 0.977719 0.070612
vt 0.918156 0.074351
vt 0.976326 0.000000
vt 0.933359 0.164674
vt 0.976326 0.070612
vt 0.918156 0.076197
vt 0.974723 0.000000
vt 0.932334 0.166209
vt 0.974723 0.070612
vt 0.918516 0.078007
vt 0.972973 0.000000
vt 0.931029 0.167514
vt 0.972973 0.070612
vt 0.919222 0.079712
vt 0.971142 0.000000
vt 0.929495 0.168540
vt 0.971142 0.070612
vt 0.920247 0.081247
vt 0.969301 0.000000
vt 0.927790 0.169246
vt 0.969301 0.070612
vt 0.921552 0.082552
vt 0.967521 0.000000
vt 0.925980 0.169606
vt 0.967521 0.070612
vt 0.923086 0.083577
vt 0.965871 0.000000
vt 0.924135 0.169606
vt 0.965871 0.070612
vt 0.924791 0.084283
vt 0.521137 0.640192
vt 0.964412 0.000000
vt 0.922325 0.169246
vt 0.964412 0.070612
vt 0.521137 0.710804
vt 0.926601 0.084644
vt 0.519710 0.640192
vt 0.920620 0.168540
vt 0.519710 0.710804
vt 0.928446 0.084644
vt 0.518083 0.640192
vt 0.919086 0.167514
vt 0.518083 0.710804
vt 0.930256 0.084283
vt 0.516317 0.640192
vt 0.917781 0.166209
vt 0.516317 0.710804
vt 0.931960 0.083577
vt 0.514481 0.640192
vt 0.916756 0.164675
vt 0.514481 0.710804
vt 0.933495 0.082552
vt 0.512645 0.640192
vt 0.916050 0.162969
vt 0.512645 0.710804
vt 0.934799 0.081247
vt 0.510879 0.640192
vt 0.915690 0.161159
vt 0.510879 0.710804
vt 0.935825 0.079712
vt 0.509251 0.640192
vt 0.915690 0.159313
vt 0.509251 0.710804
vt 0.936531 0.078007
vt 0.953523 0.155574
vt 0.507825 0.640192
vt 0.916050 0.157503
vt 0.507825 0.710804
vt 0.953523 0.084963
vt 0.936891 0.076197
vt 0.954951 0.155574
vt 0.916756 0.155798
vt 0.954951 0.084963
vt 0.936891 0.074351
vt 0.956580 0.155574
vt 0.917781 0.154264
vt 0.956580 0.084963
vt 0.936531 0.072541
vt 0.958347 0.155574
vt 0.919086 0.152959
vt 0.958347 0.084963
vt 0.935825 0.070836
vt 0.960183 0.155574
vt 0.920620 0.151933
vt 0.960183 0.084963
vt 0.934799 0.069301
vt 0.962019 0.155574
vt 0.922325 0.151227
vt 0.962019 0.084963
vt 0.933495 0.067996
vt 0.963784 0.155574
vt 0.924135 0.150867
vt 0.963784 0.084963
vt 0.931960 0.066971
vt 0.965410 0.155574
vt 0.925980 0.150867
vt 0.965410 0.084963
vt 0.930256 0.066264
vt 0.953040 0.510907
vt 0.966835 0.155574
vt 0.927790 0.151227
vt 0.966835 0.084963
vt 0.953040 0.440295
vt 0.928446 0.065904
vt 0.954466 0.510907
vt 0.929495 0.151933
vt 0.954466 0.440295
vt 0.926601 0.065904
vt 0.956093 0.510907
vt 0.931029 0.152959
vt 0.924791 0.066264
vt 0.956093 0.440295
vt 0.957859 0.510907
vt 0.932334 0.154264
vt 0.923086 0.066971
vt 0.957859 0.440295
vt 0.444758 0.873029
vt 0.140268 0.986792
vt 0.158764 0.831520
vt 0.430639 0.863614
vt 0.520061 0.905308
vt 0.439355 0.872312
vt 0.140268 0.981387
vt 0.434775 0.870271
vt 0.140268 0.976802
vt 0.431714 0.867217
vt 0.520061 0.901705
vt 0.140268 0.973736
vt 0.501235 0.863614
vt 0.626037 0.873527
vt 0.520061 0.868322
vt 0.987746 0.899661
vt 0.487116 0.873029
vt 0.987746 0.912700
vt 0.500161 0.867217
vt 0.626037 0.869924
vt 0.497100 0.870272
vt 0.987746 0.909643
vt 0.492519 0.872312
vt 0.987746 0.905064
vt 0.524768 0.905308
vt 0.791152 0.601126
vt 0.158764 0.826813
vt 0.135561 0.986792
vt 0.805272 0.591711
vt 0.135561 0.973736
vt 0.792227 0.597523
vt 0.524768 0.901705
vt 0.795288 0.594469
vt 0.135561 0.976802
vt 0.799869 0.592428
vt 0.135561 0.981387
vt 0.847629 0.591711
vt 0.983040 0.899661
vt 0.520061 0.873029
vt 0.861749 0.601125
vt 0.621330 0.873527
vt 0.853033 0.592427
vt 0.983040 0.905064
vt 0.857613 0.594468
vt 0.983040 0.909643
vt 0.860674 0.597523
vt 0.621330 0.869924
vt 0.983040 0.912700
vt 0.430639 0.835369
vt 0.520061 0.933553
vt 0.637722 0.318076
vt 0.465779 0.821711
vt 0.214390 0.507723
vt 0.520061 0.807125
vt 0.431714 0.831766
vt 0.520061 0.937156
vt 0.434775 0.828712
vt 0.520061 0.810270
vt 0.439355 0.826671
vt 0.520061 0.814906
vt 0.480752 0.821711
vt 0.637722 0.333051
vt 0.094136 0.525428
vt 0.501235 0.835370
vt 0.626037 0.901771
vt 0.492519 0.826671
vt 0.911219 0.754044
vt 0.497100 0.828712
vt 0.626037 0.908429
vt 0.911219 0.758567
vt 0.500161 0.831767
vt 0.626037 0.905374
vt 0.805272 0.638785
vt 0.524768 0.820328
vt 0.791152 0.629371
vt 0.524768 0.933553
vt 0.799869 0.638069
vt 0.524768 0.814906
vt 0.795288 0.636028
vt 0.524768 0.810270
vt 0.792227 0.632974
vt 0.524768 0.937156
vt 0.524768 0.807125
vt 0.621330 0.901771
vt 0.861749 0.629370
vt 0.691377 0.924776
vt 0.847629 0.638785
vt 0.915925 0.748661
vt 0.860674 0.632973
vt 0.621330 0.905374
vt 0.915925 0.758567
vt 0.857613 0.636027
vt 0.621330 0.908429
vt 0.853033 0.638068
vt 0.915925 0.754044
vt 0.480752 0.815055
vt 0.100699 0.524331
vt 0.383575 0.567910
vt 0.223486 0.494092
vt 0.847629 0.657615
vt 0.524768 0.863200
vt 0.691377 0.943606
vt 0.520061 0.820328
vt 0.444758 0.825954
vt 0.911219 0.748661
vt 0.696084 0.924776
vt 0.487116 0.825955
vt 0.520061 0.863200
vt 0.696084 0.943606
vt 0.487116 0.807125
vt 0.805272 0.723519
vt 0.158764 0.892717
vt 0.741652 0.986921
vt 0.791152 0.714104
vt 0.621330 0.912032
vt 0.799869 0.722802
vt 0.741652 0.981516
vt 0.795288 0.720761
vt 0.741652 0.976931
vt 0.792227 0.717707
vt 0.621330 0.908429
vt 0.741652 0.973865
vt 0.861749 0.714104
vt 0.626766 0.774397
vt 0.520061 0.807125
vt 0.847629 0.723519
vt 0.585036 0.975145
vt 0.585036 0.988184
vt 0.860674 0.717707
vt 0.626766 0.770794
vt 0.857613 0.720761
vt 0.585036 0.985127
vt 0.853033 0.722802
vt 0.585036 0.980548
vt 0.626037 0.912032
vt 0.524768 0.819804
vt 0.158764 0.888010
vt 0.736946 0.986921
vt 0.538887 0.810389
vt 0.736946 0.973865
vt 0.525843 0.816201
vt 0.626037 0.908429
vt 0.528903 0.813147
vt 0.736946 0.976931
vt 0.533484 0.811106
vt 0.736946 0.981516
vt 0.581245 0.810389
vt 0.580330 0.975145
vt 0.520061 0.811832
vt 0.595364 0.819804
vt 0.622060 0.774397
vt 0.586648 0.811105
vt 0.580330 0.980548
vt 0.591229 0.813146
vt 0.580330 0.985127
vt 0.594290 0.816201
vt 0.622060 0.770794
vt 0.580330 0.988184
vt 0.791152 0.685859
vt 0.621330 0.940276
vt 0.805272 0.676444
vt 0.084769 0.750469
vt 0.084769 0.737266
vt 0.792227 0.682256
vt 0.621330 0.943879
vt 0.795288 0.679202
vt 0.084769 0.740410
vt 0.799869 0.677161
vt 0.084769 0.745047
vt 0.847629 0.676445
vt 0.920632 0.748661
vt 0.089701 0.928181
vt 0.861749 0.685860
vt 0.626766 0.802642
vt 0.853033 0.677161
vt 0.920632 0.754044
vt 0.857613 0.679202
vt 0.626766 0.809299
vt 0.920632 0.758567
vt 0.860674 0.682257
vt 0.626766 0.806244
vt 0.559908 0.861707
vt 0.694200 0.318076
vt 0.214390 0.480461
vt 0.524768 0.848049
vt 0.626037 0.940276
vt 0.533484 0.856747
vt 0.089475 0.745047
vt 0.528903 0.854706
vt 0.089475 0.740410
vt 0.525843 0.851652
vt 0.626037 0.943879
vt 0.089475 0.737266
vt 0.622060 0.802642
vt 0.595364 0.848048
vt 0.094136 0.525428
vt 0.574881 0.861707
vt 0.694200 0.333051
vt 0.594290 0.851651
vt 0.622060 0.806244
vt 0.925338 0.758567
vt 0.591229 0.854705
vt 0.622060 0.809299
vt 0.586648 0.856746
vt 0.925338 0.754044
vt 0.847629 0.657615
vt 0.089701 0.947011
vt 0.084769 0.793341
vt 0.574881 0.868363
vt 0.327097 0.567910
vt 0.100699 0.526524
vt 0.223486 0.494092
vt 0.084994 0.928181
vt 0.925338 0.748661
vt 0.581245 0.857463
vt 0.089475 0.750469
vt 0.538887 0.857463
vt 0.084994 0.947011
vt 0.089475 0.793341
vt 0.581245 0.876293
vt 0.659843 0.403645
vt 0.830215 0.933569
vt 0.651378 0.398272
vt 0.094136 0.459243
vt 0.829319 0.942036
vt 0.644201 0.382969
vt 0.094129 0.474786
vt 0.639406 0.360066
vt 0.094129 0.498027
vt 0.836869 0.933569
vt 0.361454 0.638820
vt 0.381891 0.595046
vt 0.100692 0.496931
vt 0.377096 0.618051
vt 0.100692 0.473690
vt 0.100699 0.458146
vt 0.369920 0.633423
vt 0.835973 0.942036
vt 0.672079 0.403645
vt 0.830215 0.921330
vt 0.692516 0.360066
vt 0.094129 0.552828
vt 0.687721 0.382969
vt 0.094129 0.576069
vt 0.829319 0.912863
vt 0.680544 0.398272
vt 0.094136 0.591613
vt 0.349218 0.638820
vt 0.836869 0.921330
vt 0.340753 0.633423
vt 0.100699 0.592709
vt 0.835973 0.912863
vt 0.333576 0.618051
vt 0.100692 0.577166
vt 0.328781 0.595046
vt 0.100692 0.553925
vt 0.661255 0.234409
vt 0.360043 0.469540
vt 0.639514 0.286058
vt 0.214378 0.540194
vt 0.644615 0.258915
vt 0.214378 0.567712
vt 0.214390 0.586087
vt 0.652249 0.240778
vt 0.369048 0.475874
vt 0.360043 0.484694
vt 0.223486 0.572456
vt 0.369048 0.491028
vt 0.376682 0.509067
vt 0.223474 0.554081
vt 0.381783 0.536064
vt 0.223474 0.526563
vt 0.350630 0.469540
vt 0.670668 0.234409
vt 0.214390 0.402097
vt 0.679673 0.240778
vt 0.341624 0.475874
vt 0.687307 0.258915
vt 0.214378 0.420472
vt 0.692408 0.286058
vt 0.214378 0.447989
vt 0.350630 0.484694
vt 0.328889 0.536064
vt 0.223474 0.461620
vt 0.333990 0.509067
vt 0.223474 0.434103
vt 0.341624 0.491028
vt 0.223486 0.415728
vt 0.910058 0.572881
vt 0.444758 0.887151
vt 0.144644 0.831520
vt 0.144644 0.826813
vt 0.805272 0.577589
vt 0.847629 0.577588
vt 0.505942 0.873029
vt 0.505942 0.868322
vt 0.487116 0.887151
vt 0.952399 0.572881
vt 0.805272 0.737641
vt 0.144644 0.892717
vt 0.144644 0.888010
vt 0.538887 0.796267
vt 0.910058 0.629370
vt 0.581245 0.796266
vt 0.952399 0.629370
vt 0.505942 0.811832
vt 0.847629 0.737641
vt 0.505942 0.807125
vt 0.893363 0.822376
vt 0.139938 0.831520
vt 0.893363 0.827083
vt 0.139938 0.826813
vt 0.805272 0.572881
vt 0.935720 0.827083
vt 0.847629 0.572881
vt 0.501236 0.873029
vt 0.501236 0.868322
vt 0.935720 0.822376
vt 0.893363 0.761179
vt 0.139938 0.892717
vt 0.805272 0.742348
vt 0.139938 0.888010
vt 0.893363 0.765886
vt 0.501236 0.811832
vt 0.935720 0.765886
vt 0.847629 0.742349
vt 0.935720 0.761179
vt 0.501236 0.807125
vt 0.482927 0.858726
vt 0.277438 0.981172
vt 0.484763 0.858907
vt 0.277438 0.979341
vt 0.486599 0.858726
vt 0.277438 0.977500
vt 0.481161 0.858190
vt 0.277438 0.982923
vt 0.488528 0.858103
vt 0.277438 0.975555
vt 0.277438 0.975720
vt 0.488365 0.858190
vt 0.479533 0.857320
vt 0.277438 0.984526
vt 0.478107 0.856149
vt 0.098835 0.727273
vt 0.277438 0.985920
vt 0.277438 0.972610
vt 0.491419 0.856149
vt 0.696084 0.970235
vt 0.476067 0.853095
vt 0.098835 0.730327
vt 0.493459 0.853095
vt 0.696084 0.967181
vt 0.476936 0.854722
vt 0.098835 0.728699
vt 0.492589 0.854722
vt 0.696084 0.968808
vt 0.489992 0.857320
vt 0.277438 0.974069
vt 0.494176 0.849492
vt 0.696084 0.963578
vt 0.475531 0.851328
vt 0.098835 0.732093
vt 0.493995 0.851329
vt 0.696084 0.965414
vt 0.493459 0.845889
vt 0.696084 0.959975
vt 0.475531 0.847655
vt 0.098835 0.735767
vt 0.493995 0.847655
vt 0.696084 0.961741
vt 0.475350 0.849492
vt 0.098835 0.733930
vt 0.492589 0.844261
vt 0.696084 0.958347
vt 0.967279 0.168178
vt 0.489992 0.841664
vt 0.696084 0.956920
vt 0.491419 0.842835
vt 0.967279 0.169606
vt 0.486599 0.840258
vt 0.967279 0.164782
vt 0.484763 0.840077
vt 0.967279 0.162944
vt 0.488365 0.840794
vt 0.967279 0.166548
vt 0.476936 0.844261
vt 0.098835 0.739160
vt 0.476067 0.845889
vt 0.098835 0.737533
vt 0.479533 0.841664
vt 0.967279 0.157716
vt 0.482927 0.840258
vt 0.967279 0.161108
vt 0.481161 0.840794
vt 0.967279 0.159343
vt 0.478107 0.842834
vt 0.967279 0.156291
vt 0.098835 0.740587
vt 0.845276 0.605833
vt 0.272731 0.979341
vt 0.847112 0.606014
vt 0.272731 0.977500
vt 0.848878 0.606550
vt 0.272731 0.975720
vt 0.850506 0.607420
vt 0.272731 0.974069
vt 0.853103 0.610017
vt 0.691377 0.968808
vt 0.851932 0.608591
vt 0.272731 0.972610
vt 0.691377 0.970235
vt 0.853972 0.611645
vt 0.691377 0.967181
vt 0.836044 0.613411
vt 0.094129 0.732093
vt 0.854508 0.613411
vt 0.691377 0.965414
vt 0.854508 0.617085
vt 0.691377 0.961741
vt 0.835863 0.615248
vt 0.094129 0.733930
vt 0.854689 0.615248
vt 0.691377 0.963578
vt 0.836580 0.618851
vt 0.094129 0.737533
vt 0.853972 0.618851
vt 0.691377 0.959975
vt 0.962573 0.156291
vt 0.838620 0.621905
vt 0.094129 0.740587
vt 0.851932 0.621905
vt 0.691377 0.956920
vt 0.962573 0.169606
vt 0.837450 0.620479
vt 0.094129 0.739160
vt 0.853103 0.620479
vt 0.691377 0.958347
vt 0.848878 0.623946
vt 0.962573 0.166548
vt 0.845276 0.624663
vt 0.962573 0.162944
vt 0.843440 0.624482
vt 0.962573 0.161108
vt 0.847112 0.624482
vt 0.962573 0.164782
vt 0.840047 0.623076
vt 0.962573 0.157716
vt 0.841674 0.623946
vt 0.962573 0.159343
vt 0.850506 0.623076
vt 0.962573 0.168178
vt 0.836044 0.617085
vt 0.094129 0.735767
vt 0.843440 0.606014
vt 0.272731 0.981172
vt 0.841674 0.606550
vt 0.272731 0.982923
vt 0.840047 0.607420
vt 0.272731 0.984526
vt 0.094129 0.727273
vt 0.838620 0.608591
vt 0.272731 0.985920
vt 0.836580 0.611645
vt 0.094129 0.730327
vt 0.837450 0.610017
vt 0.094129 0.728699
vt 0.843440 0.709216
vt 0.391267 0.978189
vt 0.845276 0.709397
vt 0.391267 0.980020
vt 0.847112 0.709216
vt 0.391267 0.981861
vt 0.841674 0.708680
vt 0.391267 0.976438
vt 0.848878 0.708680
vt 0.391267 0.983641
vt 0.840047 0.707810
vt 0.391267 0.974835
vt 0.838620 0.706639
vt 0.974864 0.680345
vt 0.391267 0.973441
vt 0.391267 0.986751
vt 0.851932 0.706639
vt 0.066302 0.965841
vt 0.836580 0.703585
vt 0.974864 0.683400
vt 0.853972 0.703585
vt 0.066302 0.968895
vt 0.837450 0.705212
vt 0.974864 0.681772
vt 0.853103 0.705212
vt 0.066302 0.967268
vt 0.850506 0.707810
vt 0.391267 0.985292
vt 0.835863 0.699982
vt 0.974864 0.687003
vt 0.836044 0.701818
vt 0.974864 0.685166
vt 0.854508 0.701819
vt 0.066302 0.970662
vt 0.836044 0.698145
vt 0.974864 0.688839
vt 0.854508 0.698145
vt 0.066302 0.974335
vt 0.854689 0.699982
vt 0.066302 0.972498
vt 0.066302 0.979156
vt 0.851932 0.693325
vt 0.626037 0.983823
vt 0.853103 0.694751
vt 0.066302 0.977729
vt 0.848878 0.691284
vt 0.626037 0.980766
vt 0.845276 0.690567
vt 0.626037 0.977162
vt 0.847112 0.690748
vt 0.626037 0.978999
vt 0.850506 0.692154
vt 0.626037 0.982395
vt 0.853972 0.696379
vt 0.066302 0.976101
vt 0.836580 0.696379
vt 0.974864 0.690606
vt 0.837450 0.694751
vt 0.974864 0.692233
vt 0.838620 0.693324
vt 0.626037 0.970508
vt 0.974864 0.693660
vt 0.840047 0.692154
vt 0.626037 0.971933
vt 0.843440 0.690748
vt 0.626037 0.975325
vt 0.841674 0.691284
vt 0.626037 0.973560
vt 0.578892 0.824511
vt 0.395974 0.980020
vt 0.580728 0.824692
vt 0.395974 0.981861
vt 0.585548 0.827269
vt 0.395974 0.986751
vt 0.071008 0.965841
vt 0.584121 0.826098
vt 0.395974 0.985292
vt 0.582494 0.825228
vt 0.395974 0.983641
vt 0.586718 0.828695
vt 0.071008 0.967268
vt 0.587588 0.830323
vt 0.071008 0.968895
vt 0.588124 0.832089
vt 0.071008 0.970662
vt 0.569660 0.832089
vt 0.970158 0.685166
vt 0.569660 0.835763
vt 0.970158 0.688839
vt 0.569479 0.833926
vt 0.970158 0.687003
vt 0.588305 0.833926
vt 0.071008 0.972498
vt 0.570195 0.837529
vt 0.970158 0.690606
vt 0.587588 0.837529
vt 0.071008 0.976101
vt 0.621330 0.970508
vt 0.572236 0.840583
vt 0.970158 0.693660
vt 0.585548 0.840583
vt 0.071008 0.979156
vt 0.621330 0.983823
vt 0.571065 0.839157
vt 0.970158 0.692233
vt 0.586718 0.839157
vt 0.071008 0.977729
vt 0.575290 0.842624
vt 0.621330 0.973560
vt 0.582657 0.842537
vt 0.621330 0.980929
vt 0.578892 0.843341
vt 0.621330 0.977162
vt 0.577055 0.843160
vt 0.621330 0.975325
vt 0.580728 0.843160
vt 0.621330 0.978999
vt 0.573662 0.841754
vt 0.621330 0.971933
vt 0.582494 0.842624
vt 0.621330 0.980766
vt 0.584121 0.841754
vt 0.621330 0.982395
vt 0.588124 0.835763
vt 0.071008 0.974335
vt 0.577055 0.824692
vt 0.395974 0.978189
vt 0.573662 0.826098
vt 0.395974 0.974835
vt 0.575290 0.825228
vt 0.395974 0.976438
vt 0.571065 0.828695
vt 0.970158 0.681772
vt 0.570195 0.830323
vt 0.970158 0.683400
vt 0.970158 0.680345
vt 0.572236 0.827269
vt 0.395974 0.973441
vt 0.441156 0.858190
vt 0.040346 0.975561
vt 0.436932 0.854722
vt 0.965220 0.072038
vt 0.438102 0.856149
vt 0.965220 0.070612
vt 0.040346 0.972564
vt 0.436062 0.853094
vt 0.965220 0.073666
vt 0.439529 0.857320
vt 0.040346 0.973958
vt 0.435526 0.851328
vt 0.965220 0.075432
vt 0.435346 0.849491
vt 0.965220 0.077269
vt 0.436062 0.845889
vt 0.965220 0.080872
vt 0.436932 0.844261
vt 0.965220 0.082500
vt 0.435526 0.847655
vt 0.965220 0.079106
vt 0.444758 0.858906
vt 0.040346 0.979142
vt 0.442922 0.858725
vt 0.040346 0.977311
vt 0.446595 0.858726
vt 0.040346 0.980983
vt 0.449988 0.857320
vt 0.040346 0.984415
vt 0.448361 0.858190
vt 0.040346 0.982764
vt 0.453455 0.853095
vt 0.626037 0.967454
vt 0.452585 0.854722
vt 0.626037 0.969082
vt 0.453990 0.847655
vt 0.626037 0.962014
vt 0.454171 0.849492
vt 0.626037 0.963851
vt 0.453990 0.851328
vt 0.626037 0.965688
vt 0.040346 0.985873
vt 0.451414 0.856149
vt 0.626037 0.970509
vt 0.452585 0.844261
vt 0.626037 0.958621
vt 0.626037 0.957194
vt 0.451414 0.842834
vt 0.430549 0.966371
vt 0.430549 0.964942
vt 0.449988 0.841663
vt 0.438102 0.842834
vt 0.430549 0.953056
vt 0.965220 0.083926
vt 0.453455 0.845889
vt 0.626037 0.960248
vt 0.441156 0.840793
vt 0.430549 0.956107
vt 0.442745 0.840311
vt 0.430549 0.957696
vt 0.448361 0.840793
vt 0.430549 0.963313
vt 0.430549 0.959709
vt 0.444758 0.840077
vt 0.442922 0.840258
vt 0.430549 0.957872
vt 0.446595 0.840258
vt 0.430549 0.961546
vt 0.439529 0.841663
vt 0.430549 0.954481
vt 0.796575 0.611645
vt 0.960514 0.073666
vt 0.797445 0.610018
vt 0.960514 0.072038
vt 0.796040 0.613412
vt 0.960514 0.075432
vt 0.795859 0.615248
vt 0.960514 0.077269
vt 0.796575 0.618851
vt 0.960514 0.080872
vt 0.797445 0.620479
vt 0.960514 0.082500
vt 0.800042 0.623076
vt 0.425842 0.954481
vt 0.801670 0.623946
vt 0.425842 0.956107
vt 0.425842 0.953056
vt 0.798616 0.621906
vt 0.960514 0.083926
vt 0.796040 0.617085
vt 0.960514 0.079106
vt 0.805272 0.605833
vt 0.045053 0.979142
vt 0.803435 0.606014
vt 0.045053 0.977311
vt 0.807108 0.606014
vt 0.045053 0.980983
vt 0.801670 0.606550
vt 0.045053 0.975561
vt 0.808874 0.606550
vt 0.045053 0.982764
vt 0.813968 0.611645
vt 0.621330 0.967454
vt 0.813098 0.610018
vt 0.621330 0.969082
vt 0.960514 0.070612
vt 0.798616 0.608591
vt 0.045053 0.972564
vt 0.811928 0.608591
vt 0.045053 0.985873
vt 0.621330 0.970509
vt 0.800042 0.607420
vt 0.045053 0.973958
vt 0.810501 0.607420
vt 0.045053 0.984415
vt 0.814504 0.617085
vt 0.621330 0.962014
vt 0.814684 0.615248
vt 0.621330 0.963851
vt 0.811928 0.621906
vt 0.621330 0.957194
vt 0.425842 0.966371
vt 0.813098 0.620479
vt 0.621330 0.958621
vt 0.813968 0.618851
vt 0.621330 0.960248
vt 0.808874 0.623946
vt 0.425842 0.963313
vt 0.805272 0.624663
vt 0.425842 0.959709
vt 0.803435 0.624482
vt 0.425842 0.957872
vt 0.807108 0.624482
vt 0.425842 0.961546
vt 0.810501 0.623076
vt 0.425842 0.964942
vt 0.814504 0.613411
vt 0.621330 0.965688
vt 0.800042 0.707810
vt 0.084994 0.975034
vt 0.801669 0.708680
vt 0.084994 0.976637
vt 0.798616 0.706639
vt 0.972834 0.880089
vt 0.084994 0.973641
vt 0.797445 0.705212
vt 0.972834 0.881516
vt 0.796575 0.703584
vt 0.972834 0.883144
vt 0.796040 0.701818
vt 0.972834 0.884910
vt 0.795859 0.699981
vt 0.972834 0.886747
vt 0.796575 0.696379
vt 0.972834 0.890350
vt 0.797445 0.694751
vt 0.972834 0.891977
vt 0.796040 0.698145
vt 0.972834 0.888584
vt 0.805272 0.709396
vt 0.084994 0.980219
vt 0.803435 0.709215
vt 0.084994 0.978388
vt 0.807108 0.709215
vt 0.084994 0.982060
vt 0.808874 0.708680
vt 0.084994 0.983840
vt 0.810501 0.707810
vt 0.084994 0.985492
vt 0.084994 0.986950
vt 0.811928 0.706639
vt 0.970158 0.693660
vt 0.813098 0.705212
vt 0.970158 0.695087
vt 0.814684 0.699982
vt 0.970158 0.700317
vt 0.814504 0.701818
vt 0.970158 0.698481
vt 0.813968 0.703584
vt 0.970158 0.696714
vt 0.814504 0.698145
vt 0.970158 0.702154
vt 0.813968 0.696379
vt 0.970158 0.703920
vt 0.970158 0.706975
vt 0.811928 0.693324
vt 0.696084 0.983550
vt 0.798616 0.693324
vt 0.696084 0.970235
vt 0.972834 0.893404
vt 0.813098 0.694751
vt 0.970158 0.705548
vt 0.801669 0.691283
vt 0.696084 0.973286
vt 0.805272 0.690567
vt 0.696084 0.976888
vt 0.803435 0.690747
vt 0.696084 0.975052
vt 0.807108 0.690747
vt 0.696084 0.978725
vt 0.808874 0.691283
vt 0.696084 0.980492
vt 0.810501 0.692153
vt 0.696084 0.982121
vt 0.800042 0.692153
vt 0.696084 0.971660
vt 0.537051 0.824692
vt 0.089701 0.978388
vt 0.538887 0.824511
vt 0.089701 0.980219
vt 0.089701 0.976637
vt 0.535285 0.825228
vt 0.536874 0.824746
vt 0.089701 0.978213
vt 0.542489 0.825228
vt 0.089701 0.983840
vt 0.540724 0.824692
vt 0.089701 0.982060
vt 0.968127 0.880089
vt 0.532231 0.827269
vt 0.089701 0.973641
vt 0.530191 0.830323
vt 0.968127 0.883144
vt 0.546714 0.828696
vt 0.974864 0.695087
vt 0.531061 0.828696
vt 0.968127 0.881516
vt 0.545543 0.827269
vt 0.089701 0.986950
vt 0.974864 0.693660
vt 0.533658 0.826098
vt 0.089701 0.975034
vt 0.544117 0.826098
vt 0.089701 0.985492
vt 0.547584 0.830323
vt 0.974864 0.696714
vt 0.529655 0.832090
vt 0.968127 0.884910
vt 0.529474 0.833926
vt 0.968127 0.886747
vt 0.548119 0.832089
vt 0.974864 0.698481
vt 0.548300 0.833926
vt 0.974864 0.700317
vt 0.529655 0.835763
vt 0.968127 0.888584
vt 0.548119 0.835763
vt 0.974864 0.702154
vt 0.691377 0.970235
vt 0.532231 0.840584
vt 0.968127 0.893404
vt 0.531061 0.839157
vt 0.968127 0.891977
vt 0.535285 0.842624
vt 0.691377 0.973286
vt 0.537051 0.843160
vt 0.691377 0.975052
vt 0.530191 0.837529
vt 0.968127 0.890350
vt 0.533658 0.841754
vt 0.691377 0.971660
vt 0.546714 0.839157
vt 0.974864 0.705548
vt 0.547584 0.837529
vt 0.974864 0.703920
vt 0.545543 0.840584
vt 0.974864 0.706975
vt 0.691377 0.983550
vt 0.542489 0.842624
vt 0.691377 0.980492
vt 0.544117 0.841754
vt 0.691377 0.982121
vt 0.538887 0.843341
vt 0.691377 0.976888
vt 0.540724 0.843160
vt 0.691377 0.978725
vt 0.959697 0.430880
vt 0.907167 0.828150
vt 0.927436 0.843731
vt 0.959697 0.360268
vt 0.961533 0.430880
vt 0.908701 0.829175
vt 0.961533 0.360268
vt 0.928741 0.842426
vt 0.963299 0.430880
vt 0.910006 0.830480
vt 0.963299 0.360268
vt 0.929766 0.840891
vt 0.964926 0.430880
vt 0.911031 0.832015
vt 0.964926 0.360268
vt 0.930472 0.839186
vt 0.979658 0.440295
vt 0.966352 0.430880
vt 0.911738 0.833720
vt 0.966352 0.360268
vt 0.979658 0.510907
vt 0.930833 0.837376
vt 0.978265 0.440295
vt 0.912097 0.835530
vt 0.978265 0.510907
vt 0.930833 0.835530
vt 0.976662 0.440295
vt 0.912097 0.837376
vt 0.976662 0.510907
vt 0.930472 0.833720
vt 0.974912 0.440295
vt 0.911737 0.839186
vt 0.974912 0.510907
vt 0.929766 0.832015
vt 0.973081 0.440295
vt 0.911031 0.840891
vt 0.973081 0.510907
vt 0.928741 0.830480
vt 0.971241 0.440295
vt 0.910006 0.842426
vt 0.971241 0.510907
vt 0.927436 0.829175
vt 0.969460 0.440295
vt 0.908701 0.843731
vt 0.969460 0.510907
vt 0.925902 0.828150
vt 0.967810 0.440295
vt 0.907167 0.844756
vt 0.967810 0.510907
vt 0.924197 0.827443
vt 0.521137 0.569580
vt 0.966352 0.440295
vt 0.905462 0.845462
vt 0.966352 0.510907
vt 0.521137 0.640192
vt 0.922388 0.827083
vt 0.519710 0.569580
vt 0.903653 0.845822
vt 0.519710 0.640192
vt 0.920542 0.827083
vt 0.518083 0.569580
vt 0.901807 0.845822
vt 0.518083 0.640192
vt 0.918733 0.827443
vt 0.516317 0.569580
vt 0.899998 0.845462
vt 0.516317 0.640192
vt 0.917028 0.828150
vt 0.514481 0.569580
vt 0.898293 0.844756
vt 0.514481 0.640192
vt 0.915494 0.829175
vt 0.512645 0.569580
vt 0.896759 0.843731
vt 0.512645 0.640192
vt 0.914189 0.830480
vt 0.510879 0.569580
vt 0.895454 0.842426
vt 0.510879 0.640192
vt 0.913164 0.832015
vt 0.509251 0.569580
vt 0.894429 0.840891
vt 0.509251 0.640192
vt 0.912458 0.833720
vt 0.955459 0.242582
vt 0.507825 0.569580
vt 0.893723 0.839186
vt 0.507825 0.640192
vt 0.955459 0.171970
vt 0.912098 0.835530
vt 0.956887 0.242582
vt 0.893363 0.837376
vt 0.956887 0.171970
vt 0.912098 0.837376
vt 0.958516 0.242582
vt 0.893363 0.835530
vt 0.958516 0.171970
vt 0.912458 0.839186
vt 0.960283 0.242582
vt 0.893723 0.833720
vt 0.960283 0.171970
vt 0.913164 0.840891
vt 0.962119 0.242582
vt 0.894429 0.832015
vt 0.962119 0.171970
vt 0.914189 0.842426
vt 0.963955 0.242582
vt 0.895454 0.830480
vt 0.963955 0.171970
vt 0.915494 0.843731
vt 0.965720 0.242582
vt 0.896759 0.829175
vt 0.965720 0.171970
vt 0.917028 0.844756
vt 0.967346 0.242582
vt 0.898293 0.828150
vt 0.967346 0.171970
vt 0.918733 0.845462
vt 0.953041 0.430880
vt 0.968771 0.242582
vt 0.899998 0.827443
vt 0.968771 0.171970
vt 0.953041 0.360268
vt 0.920542 0.845823
vt 0.954467 0.430880
vt 0.901807 0.827083
vt 0.954467 0.360268
vt 0.922388 0.845823
vt 0.956094 0.430880
vt 0.903653 0.827083
vt 0.924197 0.845463
vt 0.956094 0.360268
vt 0.957860 0.430880
vt 0.905462 0.827443
vt 0.925902 0.844756
vt 0.957860 0.360268
s 1
usemtl 
f 2872/6268/776 2873/6272/776 2871/6265/776
f 2873/6273/777 3020/6525/777 3022/6529/777
f 2874/6275/777 2878/6287/777 3023/6531/777
f 2878/6288/778 2875/6277/778 2877/6283/778
f 2876/6281/779 2872/6269/779 3056/6601/779
f 2875/6278/779 3055/6599/779 3052/6593/779
f 2877/6285/780 2871/6267/780 2873/6271/780
f 2874/6276/781 2876/6282/781 2878/6286/781
f 2944/6426/781 2882/6295/782 2946/6428/782
f 2879/6289/781 2945/6427/782 2881/6293/782
f 2882/6295/782 2948/6430/783 2946/6428/782
f 2881/6293/782 2947/6429/783 2883/6297/783
f 2884/6299/783 2950/6432/784 2948/6430/783
f 2883/6297/783 2949/6431/784 2885/6301/784
f 2950/6432/784 2888/6308/785 2952/6435/785
f 2885/6301/784 2951/6433/785 2887/6305/785
f 2888/6309/785 2954/6438/786 2952/6436/785
f 2889/6311/786 2951/6434/785 2953/6437/786
f 2890/6313/786 2956/6440/787 2954/6438/786
f 2891/6315/787 2953/6437/786 2955/6439/787
f 2892/6317/787 2958/6442/788 2956/6440/787
f 2893/6319/788 2955/6439/787 2957/6441/788
f 2894/6321/788 2960/6444/778 2958/6442/788
f 2895/6323/778 2957/6441/788 2959/6443/778
f 2896/6325/778 2962/6446/789 2960/6444/778
f 2897/6327/789 2959/6443/778 2961/6445/789
f 2898/6329/789 2964/6448/790 2962/6446/789
f 2899/6331/790 2961/6445/789 2963/6447/790
f 2900/6333/790 2966/6450/791 2964/6448/790
f 2901/6335/791 2963/6447/790 2965/6449/791
f 2902/6337/791 2968/6454/792 2966/6450/791
f 2903/6339/792 2965/6449/791 2967/6451/792
f 2904/6343/792 2970/6456/793 2968/6453/792
f 2969/6455/793 2903/6340/792 2967/6452/792
f 2906/6347/793 2972/6458/794 2970/6456/793
f 2971/6457/794 2905/6345/793 2969/6455/793
f 2908/6351/794 2974/6460/795 2972/6458/794
f 2909/6353/795 2971/6457/794 2973/6459/795
f 2910/6355/795 2976/6462/780 2974/6460/795
f 2911/6357/780 2973/6459/795 2975/6461/780
f 2912/6359/780 2978/6464/796 2976/6462/780
f 2913/6361/796 2975/6461/780 2977/6463/796
f 2914/6363/796 2980/6466/797 2978/6464/796
f 2915/6365/797 2977/6463/796 2979/6465/797
f 2916/6367/797 2982/6468/798 2980/6466/797
f 2917/6369/798 2979/6465/797 2981/6467/798
f 2918/6371/798 2984/6472/799 2982/6468/798
f 2919/6373/799 2981/6467/798 2983/6469/799
f 2920/6377/799 2986/6474/800 2984/6471/799
f 2919/6374/799 2985/6473/800 2921/6379/800
f 2922/6381/800 2988/6476/801 2986/6474/800
f 2921/6379/800 2987/6475/801 2923/6383/801
f 2924/6385/801 2990/6478/802 2988/6476/801
f 2923/6383/801 2989/6477/802 2925/6387/802
f 2926/6389/802 2992/6480/776 2990/6478/802
f 2925/6387/802 2991/6479/776 2927/6391/776
f 2928/6393/776 2994/6482/803 2992/6480/776
f 2927/6391/776 2993/6481/803 2929/6395/803
f 2930/6397/803 2996/6484/804 2994/6482/803
f 2929/6395/803 2995/6483/804 2931/6399/804
f 2932/6401/804 2998/6486/805 2996/6484/804
f 2931/6399/804 2997/6485/805 2933/6403/805
f 2934/6405/805 3000/6490/806 2998/6486/805
f 2933/6403/805 2999/6487/806 2935/6407/806
f 2936/6411/806 3002/6492/807 3000/6489/806
f 2935/6408/806 3001/6491/807 2937/6413/807
f 2938/6415/807 3004/6494/808 3002/6492/807
f 2937/6413/807 3003/6493/808 2939/6417/808
f 2936/6412/779 2934/6406/779 2920/6378/779
f 2940/6420/808 3006/6496/809 3004/6494/808
f 2939/6417/808 3005/6495/809 2941/6421/809
f 2942/6424/809 2944/6426/781 3006/6496/809
f 2941/6421/809 2943/6425/781 2879/6289/781
f 2933/6404/777 2935/6409/777 2921/6380/777
f 3025/6536/796 3056/6602/780 3023/6532/780
f 3027/6540/797 3058/6606/796 3025/6536/796
f 3029/6544/798 3060/6610/797 3027/6540/797
f 3037/6561/799 3063/6618/798 3029/6544/798
f 3031/6548/800 3062/6616/799 3037/6559/799
f 3035/6556/801 3065/6622/800 3031/6548/800
f 3035/6556/801 3068/6628/802 3070/6632/801
f 3033/6552/802 3066/6624/776 3068/6628/802
f 3032/6550/776 3067/6626/803 3066/6624/776
f 3034/6554/803 3069/6630/804 3067/6626/803
f 3036/6558/804 3064/6620/805 3069/6630/804
f 3030/6546/805 3061/6613/806 3064/6620/805
f 3038/6564/806 3059/6608/807 3061/6611/806
f 3028/6542/807 3057/6604/808 3059/6608/807
f 3026/6538/808 3055/6600/809 3057/6604/808
f 3024/6534/809 3052/6594/781 3055/6600/809
f 3022/6530/781 3054/6598/782 3052/6594/781
f 3020/6526/782 3051/6592/783 3054/6598/782
f 3019/6524/783 3049/6588/784 3051/6592/783
f 3017/6520/784 3047/6584/785 3049/6588/784
f 3015/6516/785 3043/6574/786 3047/6582/785
f 3010/6504/786 3044/6576/787 3043/6574/786
f 3008/6500/788 3044/6576/787 3012/6508/787
f 3007/6498/778 3040/6568/788 3008/6500/788
f 3009/6502/789 3039/6566/778 3007/6498/778
f 3013/6510/790 3041/6570/789 3009/6502/789
f 3011/6506/791 3045/6578/790 3013/6510/790
f 3014/6513/792 3042/6572/791 3011/6506/791
f 3016/6518/793 3046/6581/792 3014/6511/792
f 3018/6522/794 3048/6586/793 3016/6518/793
f 3021/6528/795 3050/6590/794 3018/6522/794
f 3023/6532/780 3053/6596/795 3021/6528/795
f 2872/6268/776 2874/6274/776 2873/6272/776
f 3032/6549/777 3033/6551/777 2878/6287/777
f 2878/6287/777 2877/6284/777 3036/6557/777
f 2877/6284/777 2873/6273/777 3022/6529/777
f 3036/6557/777 2877/6284/777 3030/6545/777
f 2874/6275/777 3009/6501/777 3007/6497/777
f 2874/6275/777 3007/6497/777 3008/6499/777
f 3034/6553/777 3032/6549/777 2878/6287/777
f 3036/6557/777 3034/6553/777 2878/6287/777
f 2873/6273/777 2874/6275/777 3012/6507/777
f 2874/6275/777 3008/6499/777 3012/6507/777
f 3030/6545/777 2877/6284/777 3038/6562/777
f 3038/6562/777 2877/6284/777 3028/6541/777
f 2873/6273/777 3012/6507/777 3010/6503/777
f 2873/6273/777 3010/6503/777 3015/6514/777
f 3028/6541/777 2877/6284/777 3026/6537/777
f 3026/6537/777 2877/6284/777 3024/6533/777
f 2873/6273/777 3015/6514/777 3017/6519/777
f 2873/6273/777 3017/6519/777 3019/6523/777
f 3024/6533/777 2877/6284/777 3022/6529/777
f 2873/6273/777 3019/6523/777 3020/6525/777
f 3013/6509/777 3009/6501/777 2874/6275/777
f 2878/6287/777 3033/6551/777 3035/6555/777
f 2878/6287/777 3035/6555/777 3031/6547/777
f 3011/6505/777 3013/6509/777 2874/6275/777
f 3014/6512/777 3011/6505/777 2874/6275/777
f 2878/6287/777 3031/6547/777 3037/6560/777
f 2878/6287/777 3037/6560/777 3029/6543/777
f 3016/6517/777 3014/6512/777 2874/6275/777
f 3018/6521/777 3016/6517/777 2874/6275/777
f 2878/6287/777 3029/6543/777 3027/6539/777
f 2878/6287/777 3027/6539/777 3025/6535/777
f 3021/6527/777 3018/6521/777 2874/6275/777
f 2878/6287/777 3025/6535/777 3023/6531/777
f 3023/6531/777 3021/6527/777 2874/6275/777
f 2878/6288/778 2876/6280/778 2875/6277/778
f 3070/6631/779 3068/6627/779 2876/6281/779
f 2872/6269/779 3041/6569/779 3045/6577/779
f 2872/6269/779 3045/6577/779 3042/6571/779
f 3065/6621/779 3070/6631/779 2876/6281/779
f 3062/6614/779 3065/6621/779 2876/6281/779
f 2872/6269/779 3042/6571/779 3046/6579/779
f 2872/6269/779 3046/6579/779 3048/6585/779
f 3063/6617/779 3062/6614/779 2876/6281/779
f 3060/6609/779 3063/6617/779 2876/6281/779
f 2872/6269/779 3048/6585/779 3050/6589/779
f 2872/6269/779 3050/6589/779 3053/6595/779
f 3058/6605/779 3060/6609/779 2876/6281/779
f 2872/6269/779 3053/6595/779 3056/6601/779
f 3056/6601/779 3058/6605/779 2876/6281/779
f 2872/6269/779 2871/6266/779 3044/6575/779
f 2871/6266/779 2875/6278/779 3052/6593/779
f 2872/6269/779 3044/6575/779 3040/6567/779
f 2876/6281/779 3068/6627/779 3066/6623/779
f 2876/6281/779 3066/6623/779 3067/6625/779
f 3039/6565/779 3041/6569/779 2872/6269/779
f 3040/6567/779 3039/6565/779 2872/6269/779
f 2875/6278/779 2876/6281/779 3069/6629/779
f 2876/6281/779 3067/6625/779 3069/6629/779
f 3044/6575/779 2871/6266/779 3043/6573/779
f 3043/6573/779 2871/6266/779 3047/6583/779
f 2875/6278/779 3069/6629/779 3064/6619/779
f 2875/6278/779 3064/6619/779 3061/6612/779
f 3047/6583/779 2871/6266/779 3049/6587/779
f 3049/6587/779 2871/6266/779 3051/6591/779
f 2875/6278/779 3061/6612/779 3059/6607/779
f 2875/6278/779 3059/6607/779 3057/6603/779
f 3051/6591/779 2871/6266/779 3054/6597/779
f 3054/6597/779 2871/6266/779 3052/6593/779
f 2875/6278/779 3057/6603/779 3055/6599/779
f 2877/6285/780 2875/6279/780 2871/6267/780
f 2874/6276/781 2872/6270/781 2876/6282/781
f 2944/6426/781 2880/6292/781 2882/6295/782
f 2879/6289/781 2943/6425/781 2945/6427/782
f 2882/6295/782 2884/6299/783 2948/6430/783
f 2881/6293/782 2945/6427/782 2947/6429/783
f 2884/6299/783 2886/6303/784 2950/6432/784
f 2883/6297/783 2947/6429/783 2949/6431/784
f 2950/6432/784 2886/6303/784 2888/6308/785
f 2885/6301/784 2949/6431/784 2951/6433/785
f 2888/6309/785 2890/6313/786 2954/6438/786
f 2889/6311/786 2887/6306/785 2951/6434/785
f 2890/6313/786 2892/6317/787 2956/6440/787
f 2891/6315/787 2889/6311/786 2953/6437/786
f 2892/6317/787 2894/6321/788 2958/6442/788
f 2893/6319/788 2891/6315/787 2955/6439/787
f 2894/6321/788 2896/6325/778 2960/6444/778
f 2895/6323/778 2893/6319/788 2957/6441/788
f 2896/6325/778 2898/6329/789 2962/6446/789
f 2897/6327/789 2895/6323/778 2959/6443/778
f 2898/6329/789 2900/6333/790 2964/6448/790
f 2899/6331/790 2897/6327/789 2961/6445/789
f 2900/6333/790 2902/6337/791 2966/6450/791
f 2901/6335/791 2899/6331/790 2963/6447/790
f 2902/6337/791 2904/6342/792 2968/6454/792
f 2903/6339/792 2901/6335/791 2965/6449/791
f 2904/6343/792 2906/6347/793 2970/6456/793
f 2969/6455/793 2905/6345/793 2903/6340/792
f 2906/6347/793 2908/6351/794 2972/6458/794
f 2971/6457/794 2907/6349/794 2905/6345/793
f 2908/6351/794 2910/6355/795 2974/6460/795
f 2909/6353/795 2907/6349/794 2971/6457/794
f 2910/6355/795 2912/6359/780 2976/6462/780
f 2911/6357/780 2909/6353/795 2973/6459/795
f 2912/6359/780 2914/6363/796 2978/6464/796
f 2913/6361/796 2911/6357/780 2975/6461/780
f 2914/6363/796 2916/6367/797 2980/6466/797
f 2915/6365/797 2913/6361/796 2977/6463/796
f 2916/6367/797 2918/6371/798 2982/6468/798
f 2917/6369/798 2915/6365/797 2979/6465/797
f 2918/6371/798 2920/6376/799 2984/6472/799
f 2919/6373/799 2917/6369/798 2981/6467/798
f 2920/6377/799 2922/6381/800 2986/6474/800
f 2919/6374/799 2983/6470/799 2985/6473/800
f 2922/6381/800 2924/6385/801 2988/6476/801
f 2921/6379/800 2985/6473/800 2987/6475/801
f 2924/6385/801 2926/6389/802 2990/6478/802
f 2923/6383/801 2987/6475/801 2989/6477/802
f 2926/6389/802 2928/6393/776 2992/6480/776
f 2925/6387/802 2989/6477/802 2991/6479/776
f 2928/6393/776 2930/6397/803 2994/6482/803
f 2927/6391/776 2991/6479/776 2993/6481/803
f 2930/6397/803 2932/6401/804 2996/6484/804
f 2929/6395/803 2993/6481/803 2995/6483/804
f 2932/6401/804 2934/6405/805 2998/6486/805
f 2931/6399/804 2995/6483/804 2997/6485/805
f 2934/6405/805 2936/6410/806 3000/6490/806
f 2933/6403/805 2997/6485/805 2999/6487/806
f 2936/6411/806 2938/6415/807 3002/6492/807
f 2935/6408/806 2999/6488/806 3001/6491/807
f 2938/6415/807 2940/6420/808 3004/6494/808
f 2937/6413/807 3001/6491/807 3003/6493/808
f 2932/6402/779 2930/6398/779 2924/6386/779
f 2930/6398/779 2928/6394/779 2926/6390/779
f 2924/6386/779 2930/6398/779 2926/6390/779
f 2924/6386/779 2922/6382/779 2932/6402/779
f 2922/6382/779 2920/6378/779 2934/6406/779
f 2932/6402/779 2922/6382/779 2934/6406/779
f 2920/6378/779 2918/6372/779 2936/6412/779
f 2918/6372/779 2916/6368/779 2938/6416/779
f 2936/6412/779 2918/6372/779 2938/6416/779
f 2916/6368/779 2914/6364/779 2942/6423/779
f 2914/6364/779 2912/6360/779 2880/6291/779
f 2912/6360/779 2910/6356/779 2882/6296/779
f 2910/6356/779 2908/6352/779 2884/6300/779
f 2908/6352/779 2906/6348/779 2884/6300/779
f 2906/6348/779 2904/6344/779 2886/6304/779
f 2884/6300/779 2906/6348/779 2886/6304/779
f 2904/6344/779 2902/6338/779 2888/6310/779
f 2902/6338/779 2900/6334/779 2890/6314/779
f 2888/6310/779 2902/6338/779 2890/6314/779
f 2900/6334/779 2898/6330/779 2894/6322/779
f 2898/6330/779 2896/6326/779 2894/6322/779
f 2894/6322/779 2892/6318/779 2900/6334/779
f 2892/6318/779 2890/6314/779 2900/6334/779
f 2888/6310/779 2886/6304/779 2904/6344/779
f 2884/6300/779 2882/6296/779 2910/6356/779
f 2882/6296/779 2880/6291/779 2912/6360/779
f 2880/6291/779 2942/6423/779 2914/6364/779
f 2942/6423/779 2940/6419/779 2916/6368/779
f 2940/6419/779 2938/6416/779 2916/6368/779
f 2940/6420/808 2942/6424/809 3006/6496/809
f 2939/6417/808 3003/6493/808 3005/6495/809
f 2942/6424/809 2880/6292/781 2944/6426/781
f 2941/6421/809 3005/6495/809 2943/6425/781
f 2937/6414/777 2939/6418/777 2915/6366/777
f 2939/6418/777 2941/6422/777 2913/6362/777
f 2941/6422/777 2879/6290/777 2913/6362/777
f 2879/6290/777 2881/6294/777 2911/6358/777
f 2913/6362/777 2879/6290/777 2911/6358/777
f 2881/6294/777 2883/6298/777 2907/6350/777
f 2883/6298/777 2885/6302/777 2905/6346/777
f 2885/6302/777 2887/6307/777 2905/6346/777
f 2887/6307/777 2889/6312/777 2903/6341/777
f 2905/6346/777 2887/6307/777 2903/6341/777
f 2889/6312/777 2891/6316/777 2899/6332/777
f 2891/6316/777 2893/6320/777 2897/6328/777
f 2893/6320/777 2895/6324/777 2897/6328/777
f 2897/6328/777 2899/6332/777 2891/6316/777
f 2899/6332/777 2901/6336/777 2889/6312/777
f 2901/6336/777 2903/6341/777 2889/6312/777
f 2905/6346/777 2907/6350/777 2883/6298/777
f 2907/6350/777 2909/6354/777 2881/6294/777
f 2909/6354/777 2911/6358/777 2881/6294/777
f 2913/6362/777 2915/6366/777 2939/6418/777
f 2915/6366/777 2917/6370/777 2937/6414/777
f 2917/6370/777 2919/6375/777 2937/6414/777
f 2919/6375/777 2921/6380/777 2935/6409/777
f 2937/6414/777 2919/6375/777 2935/6409/777
f 2921/6380/777 2923/6384/777 2931/6400/777
f 2923/6384/777 2925/6388/777 2929/6396/777
f 2925/6388/777 2927/6392/777 2929/6396/777
f 2929/6396/777 2931/6400/777 2923/6384/777
f 2931/6400/777 2933/6404/777 2921/6380/777
f 3025/6536/796 3058/6606/796 3056/6602/780
f 3027/6540/797 3060/6610/797 3058/6606/796
f 3029/6544/798 3063/6618/798 3060/6610/797
f 3037/6561/799 3062/6615/799 3063/6618/798
f 3031/6548/800 3065/6622/800 3062/6616/799
f 3035/6556/801 3070/6632/801 3065/6622/800
f 3035/6556/801 3033/6552/802 3068/6628/802
f 3033/6552/802 3032/6550/776 3066/6624/776
f 3032/6550/776 3034/6554/803 3067/6626/803
f 3034/6554/803 3036/6558/804 3069/6630/804
f 3036/6558/804 3030/6546/805 3064/6620/805
f 3030/6546/805 3038/6563/806 3061/6613/806
f 3038/6564/806 3028/6542/807 3059/6608/807
f 3028/6542/807 3026/6538/808 3057/6604/808
f 3026/6538/808 3024/6534/809 3055/6600/809
f 3024/6534/809 3022/6530/781 3052/6594/781
f 3022/6530/781 3020/6526/782 3054/6598/782
f 3020/6526/782 3019/6524/783 3051/6592/783
f 3019/6524/783 3017/6520/784 3049/6588/784
f 3017/6520/784 3015/6515/785 3047/6584/785
f 3015/6516/785 3010/6504/786 3043/6574/786
f 3010/6504/786 3012/6508/787 3044/6576/787
f 3008/6500/788 3040/6568/788 3044/6576/787
f 3007/6498/778 3039/6566/778 3040/6568/788
f 3009/6502/789 3041/6570/789 3039/6566/778
f 3013/6510/790 3045/6578/790 3041/6570/789
f 3011/6506/791 3042/6572/791 3045/6578/790
f 3014/6513/792 3046/6580/792 3042/6572/791
f 3016/6518/793 3048/6586/793 3046/6581/792
f 3018/6522/794 3050/6590/794 3048/6586/793
f 3021/6528/795 3053/6596/795 3050/6590/794
f 3023/6532/780 3056/6602/780 3053/6596/795
f 3072/6636/781 3073/6637/782 3071/6633/781
f 3074/6639/782 3075/6641/783 3073/6637/782
f 3076/6643/783 3077/6645/784 3075/6641/783
f 3078/6647/784 3079/6650/785 3077/6645/784
f 3080/6653/785 3081/6655/786 3079/6649/785
f 3082/6657/786 3083/6659/787 3081/6655/786
f 3084/6661/787 3085/6663/788 3083/6659/787
f 3086/6665/788 3087/6667/778 3085/6663/788
f 3088/6669/778 3089/6671/789 3087/6667/778
f 3090/6673/789 3091/6675/790 3089/6671/789
f 3092/6677/790 3093/6679/791 3091/6675/790
f 3094/6681/791 3095/6684/792 3093/6679/791
f 3096/6687/792 3097/6689/793 3095/6683/792
f 3098/6691/793 3099/6693/794 3097/6689/793
f 3100/6695/794 3101/6697/795 3099/6693/794
f 3102/6699/795 3103/6701/780 3101/6697/795
f 3104/6703/780 3105/6705/796 3103/6701/780
f 3106/6707/796 3107/6709/797 3105/6705/796
f 3108/6711/797 3109/6713/798 3107/6709/797
f 3110/6715/798 3111/6718/799 3109/6713/798
f 3112/6721/799 3113/6723/800 3111/6717/799
f 3114/6725/800 3115/6727/801 3113/6723/800
f 3116/6729/801 3117/6731/802 3115/6727/801
f 3118/6733/802 3119/6735/776 3117/6731/802
f 3120/6737/776 3121/6739/803 3119/6735/776
f 3122/6741/803 3123/6743/804 3121/6739/803
f 3124/6745/804 3125/6747/805 3123/6743/804
f 3126/6749/805 3127/6752/806 3125/6747/805
f 3128/6755/806 3129/6757/807 3127/6751/806
f 3130/6759/807 3131/6761/808 3129/6757/807
f 3108/6712/779 3092/6678/779 3076/6644/779
f 3132/6764/808 3133/6765/809 3131/6761/808
f 3134/6768/809 3071/6633/781 3133/6765/809
f 3101/6698/777 3117/6732/777 3133/6766/777
f 3287/7127/779 3292/7137/779 3161/6832/779
f 3162/6834/779 3299/7152/779 3297/7148/779
f 3410/7388/779 3412/7392/779 3155/6817/779
f 3176/6869/810 3177/6871/811 3165/6842/811
f 3151/6809/812 3161/6833/813 3170/6852/813
f 3186/6894/779 3261/7067/779 3180/6879/779
f 3317/7190/777 3314/7184/777 3151/6808/777
f 3443/7457/777 3464/7503/777 3167/6845/777
f 3438/7447/777 3439/7449/777 3145/6794/777
f 3136/6773/814 3147/6800/815 3145/6793/814
f 3139/6780/815 3148/6802/816 3147/6798/815
f 3138/6777/816 3149/6804/817 3148/6802/816
f 3137/6775/817 3146/6796/818 3149/6804/817
f 3151/6809/812 3142/6788/819 3140/6782/812
f 3154/6816/819 3143/6790/820 3142/6786/819
f 3153/6813/820 3144/6792/821 3143/6790/820
f 3152/6811/821 3141/6784/822 3144/6792/821
f 3166/6844/823 3157/6824/824 3155/6818/823
f 3169/6851/824 3158/6826/825 3157/6822/824
f 3168/6848/825 3159/6828/826 3158/6826/825
f 3167/6846/826 3177/6871/811 3159/6828/826
f 3161/6833/813 3172/6858/827 3170/6852/813
f 3164/6840/827 3173/6861/828 3172/6858/827
f 3163/6838/828 3174/6863/829 3173/6859/828
f 3162/6835/829 3171/6856/830 3174/6863/829
f 3166/6844/823 3136/6773/814 3145/6793/814
f 3160/6829/779 3156/6820/779 3175/6864/779
f 3165/6841/777 3171/6855/777 3176/6868/777
f 3178/6874/781 3176/6870/781 3171/6854/781
f 3156/6820/779 3178/6875/779 3177/6872/779
f 3156/6820/779 3179/6878/779 3175/6864/779
f 3175/6864/779 3178/6875/779 3160/6829/779
f 3475/7526/779 3477/7530/779 3200/6927/779
f 3469/7513/779 3479/7534/779 3182/6884/779
f 3356/7273/779 3355/7271/779 3206/6941/779
f 3205/6938/779 3201/6929/779 3220/6974/779
f 3196/6919/812 3206/6942/813 3215/6962/813
f 3180/6880/780 3262/7069/780 3191/6905/780
f 3507/7594/777 3514/7609/777 3190/6904/777
f 3392/7350/777 3394/7354/777 3219/6972/777
f 3381/7326/777 3377/7318/777 3196/6918/777
f 3181/6883/814 3192/6910/815 3190/6903/814
f 3184/6890/815 3193/6912/816 3192/6908/815
f 3183/6887/816 3194/6914/817 3193/6912/816
f 3182/6885/817 3191/6906/818 3194/6914/817
f 3196/6919/812 3187/6898/819 3185/6892/812
f 3199/6926/819 3188/6900/820 3187/6896/819
f 3198/6923/820 3189/6902/821 3188/6900/820
f 3197/6921/821 3186/6895/822 3189/6902/821
f 3211/6954/823 3202/6933/824 3200/6928/823
f 3214/6961/824 3203/6935/825 3202/6931/824
f 3213/6958/825 3204/6937/826 3203/6935/825
f 3212/6956/826 3201/6930/811 3204/6937/826
f 3206/6942/813 3217/6968/827 3215/6962/813
f 3209/6949/827 3218/6971/828 3217/6968/827
f 3208/6947/828 3219/6973/829 3218/6969/828
f 3207/6944/829 3222/6982/830 3219/6973/829
f 3211/6954/823 3181/6883/814 3190/6903/814
f 3210/6950/777 3216/6965/777 3221/6977/777
f 3205/6940/781 3224/6986/781 3222/6981/781
f 3224/6987/810 3201/6930/811 3223/6984/811
f 3210/6950/777 3222/6983/777 3216/6965/777
f 3221/6977/777 3222/6983/777 3224/6988/777
f 3210/6950/777 3224/6988/777 3223/6985/777
f 3229/6999/831 3237/7016/831 3238/7018/831
f 3210/6951/832 3160/6830/833 3156/6819/832
f 3233/7007/834 3225/6989/834 3226/6991/834
f 3225/6990/781 3237/7017/781 3229/6998/781
f 3175/6865/835 3228/6997/836 3230/7001/837
f 3230/7001/837 3227/6995/838 3231/7003/839
f 3231/7003/839 3226/6992/840 3232/7004/840
f 3232/7006/841 3225/6990/841 3229/6998/841
f 3221/6979/842 3234/7010/843 3216/6964/842
f 3240/7024/844 3235/7012/845 3234/7010/843
f 3239/7022/846 3236/7015/847 3235/7012/845
f 3238/7020/848 3233/7008/848 3236/7013/848
f 3210/6951/832 3156/6819/832 3242/7027/849
f 3241/7026/850 3253/7050/851 3249/7041/852
f 3175/6866/853 3221/6978/853 3254/7051/854
f 3156/6821/855 3248/7040/856 3242/7028/857
f 3242/7028/857 3247/7038/858 3243/7030/859
f 3243/7030/859 3246/7035/860 3244/7031/860
f 3244/7033/861 3245/7034/862 3241/7026/850
f 3253/7050/851 3250/7045/863 3249/7041/852
f 3256/7056/864 3251/7047/865 3250/7043/864
f 3255/7054/866 3252/7049/867 3251/7047/865
f 3254/7052/868 3210/6952/869 3252/7049/867
f 3261/7068/780 3270/7090/780 3262/7069/780
f 3264/7075/779 3269/7089/779 3261/7067/779
f 3146/6797/777 3259/7062/777 3150/6805/777
f 3191/6907/777 3263/7072/777 3195/6915/777
f 3150/6807/781 3260/7064/781 3141/6783/781
f 3135/6771/780 3258/7060/780 3146/6795/780
f 3141/6785/779 3257/7058/779 3135/6769/779
f 3195/6917/781 3264/7076/781 3186/6893/781
f 3268/7086/776 3266/7079/776 3265/7077/776
f 3272/7095/776 3270/7091/776 3269/7087/776
f 3268/7085/781 3263/7074/781 3260/7064/781
f 3257/7059/780 3266/7080/780 3258/7060/780
f 3260/7066/778 3262/7071/778 3257/7057/778
f 3263/7074/781 3272/7096/781 3264/7076/781
f 3258/7061/777 3267/7083/777 3259/7062/777
f 3259/7063/781 3268/7085/781 3260/7064/781
f 3270/7090/780 3257/7059/780 3262/7069/780
f 3270/7091/776 3268/7086/776 3265/7077/776
f 3356/7274/780 3396/7359/796 3355/7272/796
f 3287/7128/780 3315/7187/796 3292/7138/796
f 3355/7272/796 3383/7331/797 3363/7289/797
f 3292/7138/796 3319/7195/797 3290/7134/797
f 3363/7289/797 3387/7341/798 3358/7279/798
f 3290/7134/797 3323/7205/798 3294/7142/798
f 3358/7279/798 3385/7336/799 3357/7275/799
f 3294/7142/798 3321/7200/799 3296/7145/799
f 3357/7277/799 3395/7357/800 3362/7287/800
f 3296/7147/799 3330/7219/800 3295/7143/800
f 3362/7287/800 3389/7345/870 3359/7281/801
f 3330/7219/800 3299/7153/801 3295/7143/800
f 3361/7285/802 3394/7355/801 3392/7351/802
f 3324/7207/801 3297/7149/802 3299/7153/801
f 3360/7283/776 3392/7351/802 3390/7347/776
f 3327/7213/802 3298/7151/776 3297/7149/802
f 3390/7347/776 3368/7300/803 3360/7283/776
f 3303/7161/803 3325/7209/776 3326/7211/803
f 3369/7302/804 3391/7349/803 3388/7343/804
f 3326/7211/803 3304/7163/804 3303/7161/803
f 3367/7298/805 3388/7343/804 3393/7353/805
f 3329/7217/804 3302/7159/805 3304/7163/804
f 3366/7295/806 3393/7353/805 3384/7332/806
f 3305/7165/806 3328/7215/805 3320/7196/806
f 3365/7293/807 3384/7334/806 3386/7339/807
f 3300/7155/807 3320/7198/806 3322/7203/807
f 3364/7291/808 3386/7339/807 3382/7329/808
f 3301/7157/808 3322/7203/807 3318/7193/808
f 3354/7270/809 3382/7329/808 3379/7323/809
f 3291/7136/809 3318/7193/808 3331/7221/809
f 3351/7264/781 3379/7323/809 3380/7325/781
f 3293/7140/781 3331/7221/809 3316/7189/781
f 3352/7266/782 3380/7325/781 3378/7321/782
f 3288/7130/782 3316/7189/781 3313/7183/782
f 3346/7254/783 3378/7321/782 3401/7369/783
f 3282/7118/783 3313/7183/782 3336/7232/783
f 3348/7258/784 3401/7369/783 3400/7367/784
f 3284/7122/784 3336/7232/783 3337/7234/784
f 3344/7248/785 3400/7367/784 3402/7370/785
f 3280/7112/785 3337/7234/784 3335/7228/785
f 3343/7246/786 3402/7372/785 3398/7363/786
f 3279/7110/786 3335/7230/785 3334/7227/786
f 3341/7242/787 3398/7363/786 3399/7365/787
f 3279/7110/786 3333/7225/787 3276/7104/787
f 3338/7236/788 3399/7365/787 3397/7361/788
f 3276/7104/787 3332/7223/788 3273/7098/788
f 3338/7236/788 3370/7304/778 3339/7238/778
f 3273/7098/788 3306/7168/778 3274/7100/778
f 3340/7240/789 3370/7304/778 3371/7306/789
f 3274/7100/778 3307/7170/789 3275/7102/789
f 3342/7244/790 3371/7306/789 3374/7313/790
f 3275/7102/789 3308/7172/790 3278/7107/790
f 3350/7262/791 3374/7313/790 3373/7311/791
f 3277/7106/871 3278/7107/790 3308/7172/790
f 3350/7262/791 3372/7308/792 3345/7250/792
f 3286/7126/791 3311/7178/792 3281/7114/792
f 3345/7252/792 3375/7315/793 3349/7260/793
f 3281/7116/792 3310/7176/793 3285/7124/793
f 3349/7260/793 3376/7317/794 3347/7256/794
f 3285/7124/793 3312/7181/794 3283/7120/794
f 3347/7256/794 3377/7319/795 3353/7268/795
f 3283/7120/794 3314/7185/795 3289/7132/795
f 3353/7268/795 3381/7327/780 3356/7274/780
f 3289/7132/795 3317/7191/780 3287/7128/780
f 3485/7548/780 3519/7620/796 3488/7554/796
f 3421/7411/780 3457/7489/796 3420/7409/796
f 3488/7554/796 3527/7637/797 3489/7556/797
f 3420/7409/796 3461/7498/797 3428/7428/797
f 3489/7556/797 3526/7635/798 3492/7564/798
f 3428/7428/797 3460/7496/798 3424/7418/798
f 3492/7564/798 3528/7639/799 3490/7557/799
f 3424/7418/798 3459/7493/799 3425/7419/799
f 3490/7559/799 3530/7644/800 3498/7576/800
f 3425/7421/799 3466/7508/800 3426/7422/800
f 3497/7574/801 3530/7644/800 3529/7642/801
f 3466/7508/800 3431/7434/801 3426/7422/800
f 3496/7572/802 3529/7642/801 3532/7648/802
f 3462/7500/801 3434/7440/802 3431/7434/801
f 3494/7568/776 3532/7648/802 3531/7646/776
f 3434/7440/802 3463/7502/776 3432/7435/776
f 3495/7570/803 3531/7646/776 3523/7629/803
f 3463/7502/776 3433/7438/803 3432/7435/776
f 3523/7629/803 3493/7566/804 3495/7570/803
f 3430/7432/872 3433/7438/803 3464/7504/803
f 3499/7578/805 3522/7627/804 3525/7633/805
f 3443/7458/804 3435/7442/805 3429/7430/804
f 3491/7561/806 3525/7633/805 3520/7621/806
f 3427/7425/806 3442/7456/805 3444/7459/806
f 3476/7529/807 3520/7623/806 3521/7625/807
f 3411/7391/807 3444/7461/806 3441/7454/807
f 3475/7527/808 3521/7625/807 3524/7631/808
f 3410/7389/808 3441/7454/807 3440/7452/808
f 3477/7531/809 3524/7631/808 3518/7618/809
f 3412/7393/809 3440/7452/808 3445/7463/809
f 3474/7525/781 3518/7618/809 3515/7612/781
f 3409/7387/781 3445/7463/809 3439/7450/781
f 3473/7523/782 3515/7612/781 3514/7610/782
f 3408/7385/782 3439/7450/781 3438/7448/782
f 3472/7521/783 3514/7610/782 3507/7595/783
f 3406/7381/783 3438/7448/782 3436/7444/783
f 3471/7519/784 3507/7595/783 3509/7599/784
f 3404/7376/784 3436/7444/783 3437/7446/784
f 3470/7516/785 3509/7599/784 3506/7591/785
f 3405/7378/785 3437/7446/784 3453/7478/785
f 3468/7512/786 3506/7593/785 3511/7604/786
f 3407/7383/786 3453/7480/785 3455/7485/786
f 3469/7514/787 3511/7604/786 3502/7583/787
f 3407/7383/786 3449/7471/787 3403/7374/787
f 3469/7514/787 3502/7583/787 3503/7586/873
f 3403/7374/787 3447/7467/788 3414/7397/788
f 3478/7533/778 3500/7580/788 3501/7582/778
f 3414/7397/788 3446/7465/778 3413/7395/778
f 3480/7537/789 3501/7582/778 3505/7590/789
f 3415/7399/789 3446/7465/778 3448/7469/789
f 3481/7539/790 3505/7590/789 3504/7588/790
f 3415/7399/789 3450/7473/790 3417/7403/790
f 3482/7541/791 3504/7588/790 3512/7606/791
f 3417/7403/790 3456/7487/791 3416/7401/791
f 3482/7541/791 3510/7601/792 3483/7542/792
f 3416/7401/791 3454/7482/792 3423/7414/792
f 3483/7544/792 3508/7597/793 3484/7546/793
f 3423/7416/792 3452/7477/793 3419/7407/793
f 3484/7546/793 3513/7608/794 3487/7552/794
f 3419/7407/793 3451/7475/794 3418/7405/794
f 3487/7552/794 3516/7614/795 3486/7550/795
f 3418/7405/794 3467/7510/795 3422/7413/795
f 3486/7550/795 3517/7616/780 3485/7548/780
f 3422/7413/795 3458/7491/780 3421/7411/780
f 3534/7652/781 3535/7653/782 3533/7649/781
f 3536/7655/782 3537/7657/783 3535/7653/782
f 3538/7659/783 3539/7661/784 3537/7657/783
f 3540/7663/784 3541/7666/785 3539/7661/784
f 3542/7669/785 3543/7671/786 3541/7665/785
f 3544/7673/786 3545/7675/787 3543/7671/786
f 3546/7677/787 3547/7679/788 3545/7675/787
f 3548/7681/788 3549/7683/778 3547/7679/788
f 3550/7685/778 3551/7687/789 3549/7683/778
f 3552/7689/789 3553/7691/790 3551/7687/789
f 3554/7693/790 3555/7695/791 3553/7691/790
f 3556/7697/791 3557/7700/792 3555/7695/791
f 3558/7703/792 3559/7705/793 3557/7699/792
f 3560/7707/793 3561/7709/794 3559/7705/793
f 3562/7711/794 3563/7713/795 3561/7709/794
f 3564/7715/795 3565/7717/780 3563/7713/795
f 3566/7719/780 3567/7721/796 3565/7717/780
f 3568/7723/796 3569/7725/797 3567/7721/796
f 3570/7727/797 3571/7729/798 3569/7725/797
f 3572/7731/798 3573/7734/799 3571/7729/798
f 3574/7737/799 3575/7739/800 3573/7733/799
f 3576/7741/800 3577/7743/801 3575/7739/800
f 3578/7745/801 3579/7747/802 3577/7743/801
f 3580/7749/802 3581/7751/776 3579/7747/802
f 3582/7753/776 3583/7755/803 3581/7751/776
f 3584/7757/803 3585/7759/804 3583/7755/803
f 3586/7761/804 3587/7763/805 3585/7759/804
f 3588/7765/805 3589/7768/806 3587/7763/805
f 3590/7771/806 3591/7773/807 3589/7767/806
f 3592/7775/807 3593/7777/808 3591/7773/807
f 3586/7762/779 3570/7728/779 3554/7694/779
f 3594/7780/808 3595/7781/809 3593/7777/808
f 3596/7784/809 3533/7649/781 3595/7781/809
f 3571/7730/777 3579/7748/777 3595/7782/777
f 3072/6636/781 3074/6639/782 3073/6637/782
f 3074/6639/782 3076/6643/783 3075/6641/783
f 3076/6643/783 3078/6647/784 3077/6645/784
f 3078/6647/784 3080/6652/785 3079/6650/785
f 3080/6653/785 3082/6657/786 3081/6655/786
f 3082/6657/786 3084/6661/787 3083/6659/787
f 3084/6661/787 3086/6665/788 3085/6663/788
f 3086/6665/788 3088/6669/778 3087/6667/778
f 3088/6669/778 3090/6673/789 3089/6671/789
f 3090/6673/789 3092/6677/790 3091/6675/790
f 3092/6677/790 3094/6681/791 3093/6679/791
f 3094/6681/791 3096/6686/792 3095/6684/792
f 3096/6687/792 3098/6691/793 3097/6689/793
f 3098/6691/793 3100/6695/794 3099/6693/794
f 3100/6695/794 3102/6699/795 3101/6697/795
f 3102/6699/795 3104/6703/780 3103/6701/780
f 3104/6703/780 3106/6707/796 3105/6705/796
f 3106/6707/796 3108/6711/797 3107/6709/797
f 3108/6711/797 3110/6715/798 3109/6713/798
f 3110/6715/798 3112/6720/799 3111/6718/799
f 3112/6721/799 3114/6725/800 3113/6723/800
f 3114/6725/800 3116/6729/801 3115/6727/801
f 3116/6729/801 3118/6733/802 3117/6731/802
f 3118/6733/802 3120/6737/776 3119/6735/776
f 3120/6737/776 3122/6741/803 3121/6739/803
f 3122/6741/803 3124/6745/804 3123/6743/804
f 3124/6745/804 3126/6749/805 3125/6747/805
f 3126/6749/805 3128/6754/806 3127/6752/806
f 3128/6755/806 3130/6759/807 3129/6757/807
f 3130/6759/807 3132/6764/808 3131/6761/808
f 3076/6644/779 3074/6640/779 3072/6635/779
f 3072/6635/779 3134/6767/779 3076/6644/779
f 3134/6767/779 3132/6763/779 3076/6644/779
f 3132/6763/779 3130/6760/779 3128/6756/779
f 3128/6756/779 3126/6750/779 3124/6746/779
f 3124/6746/779 3122/6742/779 3120/6738/874
f 3120/6738/874 3118/6734/779 3124/6746/779
f 3118/6734/779 3116/6730/779 3124/6746/779
f 3116/6730/779 3114/6726/779 3112/6722/779
f 3112/6722/779 3110/6716/779 3108/6712/779
f 3108/6712/779 3106/6708/779 3100/6696/779
f 3106/6708/779 3104/6704/779 3100/6696/779
f 3104/6704/779 3102/6700/779 3100/6696/779
f 3100/6696/779 3098/6692/779 3096/6688/779
f 3096/6688/779 3094/6682/779 3092/6678/779
f 3092/6678/779 3090/6674/779 3084/6662/779
f 3090/6674/779 3088/6670/779 3084/6662/779
f 3088/6670/779 3086/6666/779 3084/6662/779
f 3084/6662/779 3082/6658/779 3080/6654/779
f 3080/6654/779 3078/6648/779 3076/6644/779
f 3132/6763/779 3128/6756/779 3076/6644/779
f 3128/6756/779 3124/6746/779 3076/6644/779
f 3116/6730/779 3112/6722/779 3124/6746/779
f 3112/6722/779 3108/6712/779 3124/6746/779
f 3100/6696/779 3096/6688/779 3108/6712/779
f 3096/6688/779 3092/6678/779 3108/6712/779
f 3084/6662/779 3080/6654/779 3092/6678/779
f 3080/6654/779 3076/6644/779 3092/6678/779
f 3076/6644/779 3124/6746/779 3108/6712/779
f 3132/6764/808 3134/6768/809 3133/6765/809
f 3134/6768/809 3072/6636/781 3071/6633/781
f 3133/6766/777 3071/6634/777 3073/6638/777
f 3073/6638/777 3075/6642/777 3077/6646/777
f 3077/6646/777 3079/6651/777 3081/6656/777
f 3081/6656/777 3083/6660/777 3085/6664/777
f 3085/6664/777 3087/6668/777 3089/6672/777
f 3089/6672/777 3091/6676/777 3093/6680/777
f 3093/6680/777 3095/6685/777 3097/6690/777
f 3097/6690/777 3099/6694/777 3101/6698/777
f 3101/6698/777 3103/6702/777 3105/6706/777
f 3105/6706/777 3107/6710/777 3109/6714/777
f 3109/6714/777 3111/6719/777 3113/6724/777
f 3113/6724/777 3115/6728/777 3117/6732/777
f 3117/6732/777 3119/6736/777 3121/6740/777
f 3121/6740/777 3123/6744/777 3125/6748/777
f 3125/6748/777 3127/6753/777 3129/6758/777
f 3129/6758/777 3131/6762/777 3133/6766/777
f 3133/6766/777 3073/6638/777 3085/6664/777
f 3073/6638/777 3077/6646/777 3085/6664/777
f 3077/6646/777 3081/6656/777 3085/6664/777
f 3085/6664/777 3089/6672/777 3101/6698/777
f 3089/6672/777 3093/6680/777 3101/6698/777
f 3093/6680/777 3097/6690/777 3101/6698/777
f 3101/6698/777 3105/6706/777 3117/6732/777
f 3105/6706/777 3109/6714/777 3117/6732/777
f 3109/6714/777 3113/6724/777 3117/6732/777
f 3117/6732/777 3121/6740/777 3133/6766/777
f 3121/6740/777 3125/6748/777 3133/6766/777
f 3125/6748/777 3129/6758/777 3133/6766/777
f 3133/6766/777 3085/6664/777 3101/6698/777
f 3295/7144/779 3299/7152/779 3163/6836/779
f 3163/6836/779 3164/6839/779 3295/7144/779
f 3164/6839/779 3161/6832/779 3295/7144/779
f 3161/6832/779 3140/6781/779 3287/7127/779
f 3140/6781/779 3142/6787/779 3286/7125/779
f 3287/7127/779 3140/6781/779 3289/7131/779
f 3142/6787/779 3277/7105/779 3286/7125/779
f 3286/7125/779 3281/7115/779 3140/6781/779
f 3296/7146/779 3295/7144/779 3161/6832/779
f 3294/7141/779 3296/7146/779 3161/6832/779
f 3281/7115/779 3285/7123/779 3140/6781/779
f 3285/7123/779 3283/7119/779 3140/6781/779
f 3290/7133/779 3294/7141/779 3161/6832/779
f 3292/7137/779 3290/7133/779 3161/6832/779
f 3283/7119/779 3289/7131/779 3140/6781/779
f 3278/7108/779 3277/7105/779 3143/6789/779
f 3277/7105/779 3142/6787/779 3143/6789/779
f 3143/6789/779 3144/6791/779 3278/7108/779
f 3144/6791/779 3141/6785/779 3275/7101/779
f 3141/6785/779 3135/6769/779 3279/7109/779
f 3417/7402/779 3135/6769/779 3415/7398/779
f 3135/6769/779 3137/6774/779 3414/7396/779
f 3137/6774/779 3138/6776/779 3403/7373/779
f 3414/7396/779 3137/6774/779 3403/7373/779
f 3138/6776/779 3139/6778/779 3403/7373/779
f 3135/6769/779 3417/7402/779 3416/7400/779
f 3275/7101/779 3278/7108/779 3144/6791/779
f 3135/6769/779 3414/7396/779 3413/7394/779
f 3135/6769/779 3413/7394/779 3415/7398/779
f 3274/7099/779 3275/7101/779 3141/6785/779
f 3273/7097/779 3274/7099/779 3141/6785/779
f 3135/6769/779 3416/7400/779 3423/7415/779
f 3276/7103/779 3273/7097/779 3141/6785/779
f 3279/7109/779 3276/7103/779 3141/6785/779
f 3135/6769/779 3423/7415/779 3280/7111/779
f 3279/7109/779 3135/6769/779 3280/7111/779
f 3280/7111/779 3423/7415/779 3419/7406/779
f 3284/7121/779 3280/7111/779 3419/7406/779
f 3284/7121/779 3419/7406/779 3418/7404/779
f 3282/7117/779 3284/7121/779 3418/7404/779
f 3282/7117/779 3418/7404/779 3422/7412/779
f 3288/7129/779 3282/7117/779 3422/7412/779
f 3288/7129/779 3422/7412/779 3421/7410/779
f 3293/7139/779 3288/7129/779 3421/7410/779
f 3293/7139/779 3421/7410/779 3291/7135/779
f 3421/7410/779 3420/7408/779 3291/7135/779
f 3291/7135/779 3420/7408/779 3428/7427/779
f 3301/7156/779 3291/7135/779 3428/7427/779
f 3301/7156/779 3428/7427/779 3424/7417/779
f 3300/7154/779 3301/7156/779 3424/7417/779
f 3300/7154/779 3424/7417/779 3425/7420/779
f 3305/7164/779 3300/7154/779 3425/7420/779
f 3305/7164/779 3425/7420/779 3177/6872/779
f 3425/7420/779 3426/7423/779 3177/6872/779
f 3302/7158/779 3305/7164/779 3177/6872/779
f 3426/7423/779 3431/7433/779 3177/6872/779
f 3304/7162/779 3302/7158/779 3178/6875/779
f 3302/7158/779 3177/6872/779 3178/6875/779
f 3431/7433/779 3434/7439/779 3177/6872/779
f 3303/7160/779 3304/7162/779 3178/6875/779
f 3434/7439/779 3432/7436/779 3177/6872/779
f 3298/7150/779 3303/7160/779 3178/6875/779
f 3433/7437/779 3430/7431/779 3159/6827/779
f 3430/7431/779 3158/6825/779 3159/6827/779
f 3432/7436/779 3433/7437/779 3177/6872/779
f 3159/6827/779 3177/6872/779 3433/7437/779
f 3178/6875/779 3162/6834/779 3297/7148/779
f 3298/7150/779 3178/6875/779 3297/7148/779
f 3162/6834/779 3163/6836/779 3299/7152/779
f 3407/7382/779 3403/7373/779 3136/6772/779
f 3403/7373/779 3139/6778/779 3136/6772/779
f 3136/6772/779 3155/6817/779 3409/7386/779
f 3155/6817/779 3157/6823/779 3429/7429/779
f 3157/6823/779 3158/6825/779 3429/7429/779
f 3155/6817/779 3429/7429/779 3435/7441/779
f 3158/6825/779 3430/7431/779 3429/7429/779
f 3136/6772/779 3409/7386/779 3408/7384/779
f 3409/7386/779 3155/6817/779 3412/7392/779
f 3405/7377/779 3407/7382/779 3136/6772/779
f 3404/7375/779 3405/7377/779 3136/6772/779
f 3435/7441/779 3427/7424/779 3155/6817/779
f 3427/7424/779 3411/7390/779 3155/6817/779
f 3406/7380/779 3404/7375/779 3136/6772/779
f 3408/7384/779 3406/7380/779 3136/6772/779
f 3411/7390/779 3410/7388/779 3155/6817/779
f 3176/6869/810 3179/6876/810 3177/6871/811
f 3151/6809/812 3140/6782/812 3161/6833/813
f 3186/6894/779 3264/7075/779 3261/7067/779
f 3309/7173/777 3308/7171/777 3153/6812/777
f 3153/6812/777 3154/6814/777 3309/7173/777
f 3154/6814/777 3151/6808/777 3309/7173/777
f 3151/6808/777 3170/6853/777 3317/7190/777
f 3170/6853/777 3172/6857/777 3330/7218/777
f 3317/7190/777 3170/6853/777 3315/7186/777
f 3172/6857/777 3324/7206/777 3330/7218/777
f 3330/7218/777 3321/7199/777 3170/6853/777
f 3311/7177/777 3309/7173/777 3151/6808/777
f 3310/7175/777 3311/7177/777 3151/6808/777
f 3321/7199/777 3323/7204/777 3170/6853/777
f 3323/7204/777 3319/7194/777 3170/6853/777
f 3312/7180/777 3310/7175/777 3151/6808/777
f 3314/7184/777 3312/7180/777 3151/6808/777
f 3319/7194/777 3315/7186/777 3170/6853/777
f 3447/7466/777 3148/6801/777 3149/6803/777
f 3149/6803/777 3146/6797/777 3447/7466/777
f 3146/6797/777 3150/6805/777 3334/7226/777
f 3332/7222/777 3150/6805/777 3306/7167/777
f 3150/6805/777 3152/6810/777 3307/7169/777
f 3152/6810/777 3153/6812/777 3308/7171/777
f 3150/6805/777 3307/7169/777 3306/7167/777
f 3308/7171/777 3307/7169/777 3152/6810/777
f 3150/6805/777 3332/7222/777 3333/7224/777
f 3446/7464/777 3447/7466/777 3146/6797/777
f 3448/7468/777 3446/7464/777 3146/6797/777
f 3150/6805/777 3333/7224/777 3334/7226/777
f 3450/7472/777 3448/7468/777 3146/6797/777
f 3456/7486/777 3450/7472/777 3146/6797/777
f 3146/6797/777 3334/7226/777 3335/7229/777
f 3454/7481/777 3456/7486/777 3146/6797/777
f 3454/7481/777 3146/6797/777 3335/7229/777
f 3452/7476/777 3454/7481/777 3337/7233/777
f 3337/7233/777 3454/7481/777 3335/7229/777
f 3452/7476/777 3337/7233/777 3336/7231/777
f 3451/7474/777 3452/7476/777 3336/7231/777
f 3451/7474/777 3336/7231/777 3313/7182/777
f 3467/7509/777 3451/7474/777 3313/7182/777
f 3467/7509/777 3313/7182/777 3316/7188/777
f 3458/7490/777 3467/7509/777 3316/7188/777
f 3458/7490/777 3316/7188/777 3457/7488/777
f 3316/7188/777 3331/7220/777 3457/7488/777
f 3457/7488/777 3331/7220/777 3318/7192/777
f 3461/7497/777 3457/7488/777 3318/7192/777
f 3461/7497/777 3318/7192/777 3322/7202/777
f 3460/7495/777 3461/7497/777 3322/7202/777
f 3460/7495/777 3322/7202/777 3320/7197/777
f 3459/7492/777 3460/7495/777 3320/7197/777
f 3459/7492/777 3320/7197/777 3165/6841/777
f 3320/7197/777 3328/7214/777 3165/6841/777
f 3466/7507/777 3459/7492/777 3165/6841/777
f 3328/7214/777 3329/7216/777 3171/6855/777
f 3165/6841/777 3328/7214/777 3171/6855/777
f 3462/7499/777 3466/7507/777 3165/6841/777
f 3329/7216/777 3326/7210/777 3171/6855/777
f 3465/7505/777 3462/7499/777 3165/6841/777
f 3326/7210/777 3325/7208/777 3171/6855/777
f 3463/7501/777 3465/7505/777 3165/6841/777
f 3327/7212/777 3324/7206/777 3174/6862/777
f 3324/7206/777 3172/6857/777 3173/6860/777
f 3325/7208/777 3327/7212/777 3171/6855/777
f 3324/7206/777 3173/6860/777 3174/6862/777
f 3174/6862/777 3171/6855/777 3327/7212/777
f 3165/6841/777 3167/6845/777 3464/7503/777
f 3167/6845/777 3168/6847/777 3443/7457/777
f 3165/6841/777 3464/7503/777 3463/7501/777
f 3168/6847/777 3169/6849/777 3443/7457/777
f 3443/7457/777 3169/6849/777 3166/6843/777
f 3166/6843/777 3145/6794/777 3439/7449/777
f 3145/6794/777 3147/6799/777 3449/7470/777
f 3436/7443/777 3145/6794/777 3437/7445/777
f 3147/6799/777 3148/6801/777 3449/7470/777
f 3148/6801/777 3447/7466/777 3449/7470/777
f 3442/7455/777 3443/7457/777 3166/6843/777
f 3444/7460/777 3442/7455/777 3166/6843/777
f 3449/7470/777 3455/7484/777 3145/6794/777
f 3455/7484/777 3453/7479/777 3145/6794/777
f 3441/7453/777 3444/7460/777 3166/6843/777
f 3440/7451/777 3441/7453/777 3166/6843/777
f 3453/7479/777 3437/7445/777 3145/6794/777
f 3445/7462/777 3440/7451/777 3166/6843/777
f 3439/7449/777 3445/7462/777 3166/6843/777
f 3145/6794/777 3436/7443/777 3438/7447/777
f 3136/6773/814 3139/6779/815 3147/6800/815
f 3139/6780/815 3138/6777/816 3148/6802/816
f 3138/6777/816 3137/6775/817 3149/6804/817
f 3137/6775/817 3135/6770/818 3146/6796/818
f 3151/6809/812 3154/6815/819 3142/6788/819
f 3154/6816/819 3153/6813/820 3143/6790/820
f 3153/6813/820 3152/6811/821 3144/6792/821
f 3152/6811/821 3150/6806/822 3141/6784/822
f 3166/6844/823 3169/6850/824 3157/6824/824
f 3169/6851/824 3168/6848/825 3158/6826/825
f 3168/6848/825 3167/6846/826 3159/6828/826
f 3167/6846/826 3165/6842/811 3177/6871/811
f 3161/6833/813 3164/6840/827 3172/6858/827
f 3164/6840/827 3163/6837/828 3173/6861/828
f 3163/6838/828 3162/6835/829 3174/6863/829
f 3162/6835/829 3178/6873/830 3171/6856/830
f 3166/6844/823 3155/6818/823 3136/6773/814
f 3178/6874/781 3179/6877/781 3176/6870/781
f 3156/6820/779 3160/6829/779 3178/6875/779
f 3156/6820/779 3177/6872/779 3179/6878/779
f 3175/6864/779 3179/6878/779 3178/6875/779
f 3468/7511/779 3469/7513/779 3181/6882/779
f 3469/7513/779 3184/6888/779 3181/6882/779
f 3181/6882/779 3200/6927/779 3474/7524/779
f 3200/6927/779 3202/6932/779 3493/7565/779
f 3202/6932/779 3203/6934/779 3493/7565/779
f 3200/6927/779 3493/7565/779 3499/7577/779
f 3203/6934/779 3495/7569/779 3493/7565/779
f 3181/6882/779 3474/7524/779 3473/7522/779
f 3474/7524/779 3200/6927/779 3477/7530/779
f 3470/7515/779 3468/7511/779 3181/6882/779
f 3471/7518/779 3470/7515/779 3181/6882/779
f 3499/7577/779 3491/7560/779 3200/6927/779
f 3491/7560/779 3476/7528/779 3200/6927/779
f 3472/7520/779 3471/7518/779 3181/6882/779
f 3473/7522/779 3472/7520/779 3181/6882/779
f 3476/7528/779 3475/7526/779 3200/6927/779
f 3495/7569/779 3203/6934/779 3204/6936/779
f 3204/6936/779 3201/6929/779 3495/7569/779
f 3201/6929/779 3205/6938/779 3367/7297/779
f 3368/7299/779 3205/6938/779 3360/7282/779
f 3205/6938/779 3207/6943/779 3361/7284/779
f 3207/6943/779 3208/6945/779 3359/7280/779
f 3205/6938/779 3361/7284/779 3360/7282/779
f 3359/7280/779 3361/7284/779 3207/6943/779
f 3205/6938/779 3368/7299/779 3369/7301/779
f 3494/7567/779 3495/7569/779 3201/6929/779
f 3496/7571/779 3494/7567/779 3201/6929/779
f 3205/6938/779 3369/7301/779 3367/7297/779
f 3497/7573/779 3496/7571/779 3201/6929/779
f 3498/7575/779 3497/7573/779 3201/6929/779
f 3201/6929/779 3367/7297/779 3366/7294/779
f 3490/7558/779 3498/7575/779 3201/6929/779
f 3490/7558/779 3201/6929/779 3366/7294/779
f 3492/7563/779 3490/7558/779 3365/7292/779
f 3365/7292/779 3490/7558/779 3366/7294/779
f 3492/7563/779 3365/7292/779 3364/7290/779
f 3489/7555/779 3492/7563/779 3364/7290/779
f 3489/7555/779 3364/7290/779 3354/7269/779
f 3488/7553/779 3489/7555/779 3354/7269/779
f 3488/7553/779 3354/7269/779 3351/7263/779
f 3485/7547/779 3488/7553/779 3351/7263/779
f 3485/7547/779 3351/7263/779 3486/7549/779
f 3351/7263/779 3352/7265/779 3486/7549/779
f 3486/7549/779 3352/7265/779 3346/7253/779
f 3487/7551/779 3486/7549/779 3346/7253/779
f 3487/7551/779 3346/7253/779 3348/7257/779
f 3484/7545/779 3487/7551/779 3348/7257/779
f 3484/7545/779 3348/7257/779 3344/7247/779
f 3483/7543/779 3484/7545/779 3344/7247/779
f 3483/7543/779 3344/7247/779 3180/6879/779
f 3344/7247/779 3343/7245/779 3180/6879/779
f 3482/7540/779 3483/7543/779 3180/6879/779
f 3343/7245/779 3341/7241/779 3186/6894/779
f 3180/6879/779 3343/7245/779 3186/6894/779
f 3481/7538/779 3482/7540/779 3180/6879/779
f 3341/7241/779 3338/7235/779 3186/6894/779
f 3480/7536/779 3481/7538/779 3180/6879/779
f 3338/7235/779 3339/7237/779 3186/6894/779
f 3478/7532/779 3480/7536/779 3180/6879/779
f 3340/7239/779 3342/7243/779 3189/6901/779
f 3342/7243/779 3187/6897/779 3188/6899/779
f 3339/7237/779 3340/7239/779 3186/6894/779
f 3342/7243/779 3188/6899/779 3189/6901/779
f 3189/6901/779 3186/6894/779 3340/7239/779
f 3180/6879/779 3182/6884/779 3479/7534/779
f 3182/6884/779 3183/6886/779 3469/7513/779
f 3180/6879/779 3479/7534/779 3478/7532/779
f 3183/6886/779 3184/6888/779 3469/7513/779
f 3362/7286/779 3359/7280/779 3208/6945/779
f 3208/6945/779 3209/6948/779 3362/7286/779
f 3209/6948/779 3206/6941/779 3362/7286/779
f 3206/6941/779 3185/6891/779 3356/7273/779
f 3185/6891/779 3187/6897/779 3350/7261/779
f 3356/7273/779 3185/6891/779 3353/7267/779
f 3187/6897/779 3342/7243/779 3350/7261/779
f 3350/7261/779 3345/7251/779 3185/6891/779
f 3357/7276/779 3362/7286/779 3206/6941/779
f 3358/7278/779 3357/7276/779 3206/6941/779
f 3345/7251/779 3349/7259/779 3185/6891/779
f 3349/7259/779 3347/7255/779 3185/6891/779
f 3363/7288/779 3358/7278/779 3206/6941/779
f 3355/7271/779 3363/7288/779 3206/6941/779
f 3347/7255/779 3353/7267/779 3185/6891/779
f 3196/6919/812 3185/6892/812 3206/6942/813
f 3180/6880/780 3261/7068/780 3262/7069/780
f 3525/7632/777 3522/7626/777 3211/6953/777
f 3522/7626/777 3214/6959/777 3211/6953/777
f 3211/6953/777 3190/6904/777 3515/7611/777
f 3190/6904/777 3192/6909/777 3502/7584/777
f 3192/6909/777 3193/6911/777 3502/7584/777
f 3190/6904/777 3502/7584/777 3511/7603/777
f 3193/6911/777 3503/7585/777 3502/7584/777
f 3211/6953/777 3515/7611/777 3518/7617/777
f 3515/7611/777 3190/6904/777 3514/7609/777
f 3520/7622/777 3525/7632/777 3211/6953/777
f 3521/7624/777 3520/7622/777 3211/6953/777
f 3511/7603/777 3506/7592/777 3190/6904/777
f 3506/7592/777 3509/7598/777 3190/6904/777
f 3524/7630/777 3521/7624/777 3211/6953/777
f 3518/7617/777 3524/7630/777 3211/6953/777
f 3509/7598/777 3507/7594/777 3190/6904/777
f 3503/7585/777 3193/6911/777 3194/6913/777
f 3194/6913/777 3191/6907/777 3500/7579/777
f 3191/6907/777 3195/6915/777 3398/7362/777
f 3397/7360/777 3195/6915/777 3370/7303/777
f 3195/6915/777 3197/6920/777 3371/7305/777
f 3197/6920/777 3198/6922/777 3374/7312/777
f 3195/6915/777 3371/7305/777 3370/7303/777
f 3374/7312/777 3371/7305/777 3197/6920/777
f 3195/6915/777 3397/7360/777 3399/7364/777
f 3500/7579/777 3503/7585/777 3194/6913/777
f 3501/7581/777 3500/7579/777 3191/6907/777
f 3195/6915/777 3399/7364/777 3398/7362/777
f 3505/7589/777 3501/7581/777 3191/6907/777
f 3504/7587/777 3505/7589/777 3191/6907/777
f 3191/6907/777 3398/7362/777 3402/7371/777
f 3512/7605/777 3504/7587/777 3191/6907/777
f 3510/7600/777 3512/7605/777 3191/6907/777
f 3510/7600/777 3191/6907/777 3402/7371/777
f 3402/7371/777 3400/7366/777 3510/7600/777
f 3508/7596/777 3510/7600/777 3400/7366/777
f 3508/7596/777 3400/7366/777 3401/7368/777
f 3513/7607/777 3508/7596/777 3401/7368/777
f 3513/7607/777 3401/7368/777 3378/7320/777
f 3516/7613/777 3513/7607/777 3378/7320/777
f 3516/7613/777 3378/7320/777 3380/7324/777
f 3517/7615/777 3516/7613/777 3380/7324/777
f 3517/7615/777 3380/7324/777 3519/7619/777
f 3380/7324/777 3379/7322/777 3519/7619/777
f 3519/7619/777 3379/7322/777 3382/7328/777
f 3527/7636/777 3519/7619/777 3382/7328/777
f 3527/7636/777 3382/7328/777 3386/7338/777
f 3526/7634/777 3527/7636/777 3386/7338/777
f 3526/7634/777 3386/7338/777 3384/7333/777
f 3528/7638/777 3526/7634/777 3384/7333/777
f 3528/7638/777 3384/7333/777 3223/6985/777
f 3384/7333/777 3393/7352/777 3223/6985/777
f 3530/7643/777 3528/7638/777 3223/6985/777
f 3393/7352/777 3388/7342/777 3222/6983/777
f 3223/6985/777 3393/7352/777 3222/6983/777
f 3529/7641/777 3530/7643/777 3223/6985/777
f 3388/7342/777 3391/7348/777 3222/6983/777
f 3532/7647/777 3529/7641/777 3223/6985/777
f 3391/7348/777 3390/7346/777 3222/6983/777
f 3531/7645/777 3532/7647/777 3223/6985/777
f 3214/6959/777 3522/7626/777 3213/6957/777
f 3522/7626/777 3523/7628/777 3212/6955/777
f 3213/6957/777 3522/7626/777 3212/6955/777
f 3223/6985/777 3212/6955/777 3523/7628/777
f 3218/6970/777 3219/6972/777 3394/7354/777
f 3219/6972/777 3222/6983/777 3392/7350/777
f 3392/7350/777 3222/6983/777 3390/7346/777
f 3389/7344/777 3217/6967/777 3218/6970/777
f 3394/7354/777 3389/7344/777 3218/6970/777
f 3523/7628/777 3531/7645/777 3223/6985/777
f 3373/7310/777 3374/7312/777 3198/6922/777
f 3198/6922/777 3199/6924/777 3373/7310/777
f 3199/6924/777 3196/6918/777 3373/7310/777
f 3196/6918/777 3215/6963/777 3381/7326/777
f 3215/6963/777 3217/6967/777 3395/7356/777
f 3381/7326/777 3215/6963/777 3396/7358/777
f 3217/6967/777 3389/7344/777 3395/7356/777
f 3395/7356/777 3385/7335/777 3215/6963/777
f 3372/7307/777 3373/7310/777 3196/6918/777
f 3375/7314/777 3372/7307/777 3196/6918/777
f 3385/7335/777 3387/7340/777 3215/6963/777
f 3387/7340/777 3383/7330/777 3215/6963/777
f 3376/7316/777 3375/7314/777 3196/6918/777
f 3377/7318/777 3376/7316/777 3196/6918/777
f 3383/7330/777 3396/7358/777 3215/6963/777
f 3181/6883/814 3184/6889/815 3192/6910/815
f 3184/6890/815 3183/6887/816 3193/6912/816
f 3183/6887/816 3182/6885/817 3194/6914/817
f 3182/6885/817 3180/6881/818 3191/6906/818
f 3196/6919/812 3199/6925/819 3187/6898/819
f 3199/6926/819 3198/6923/820 3188/6900/820
f 3198/6923/820 3197/6921/821 3189/6902/821
f 3197/6921/821 3195/6916/822 3186/6895/822
f 3211/6954/823 3214/6960/824 3202/6933/824
f 3214/6961/824 3213/6958/825 3203/6935/825
f 3213/6958/825 3212/6956/826 3204/6937/826
f 3212/6956/826 3223/6984/811 3201/6930/811
f 3206/6942/813 3209/6949/827 3217/6968/827
f 3209/6949/827 3208/6946/828 3218/6971/828
f 3208/6947/828 3207/6944/829 3219/6973/829
f 3207/6944/829 3205/6939/830 3222/6982/830
f 3211/6954/823 3200/6928/823 3181/6883/814
f 3205/6940/781 3220/6975/781 3224/6986/781
f 3224/6987/810 3220/6976/810 3201/6930/811
f 3210/6950/777 3223/6985/777 3222/6983/777
f 3221/6977/777 3216/6965/777 3222/6983/777
f 3210/6950/777 3221/6977/777 3224/6988/777
f 3238/7018/831 3239/7021/831 3231/7002/831
f 3239/7021/831 3240/7023/831 3231/7002/831
f 3240/7023/831 3221/6978/853 3175/6866/853
f 3175/6866/853 3230/7000/831 3240/7023/831
f 3230/7000/831 3231/7002/831 3240/7023/831
f 3231/7002/831 3232/7005/831 3238/7018/831
f 3232/7005/831 3229/6999/831 3238/7018/831
f 3210/6951/832 3216/6966/833 3160/6830/833
f 3226/6991/834 3227/6994/834 3235/7011/834
f 3227/6994/834 3228/6996/834 3235/7011/834
f 3228/6996/834 3160/6830/833 3216/6966/833
f 3216/6966/833 3234/7009/834 3228/6996/834
f 3234/7009/834 3235/7011/834 3228/6996/834
f 3235/7011/834 3236/7014/834 3226/6991/834
f 3236/7014/834 3233/7007/834 3226/6991/834
f 3225/6990/781 3233/7008/781 3237/7017/781
f 3175/6865/835 3160/6831/835 3228/6997/836
f 3230/7001/837 3228/6997/836 3227/6995/838
f 3231/7003/839 3227/6995/838 3226/6992/840
f 3232/7006/841 3226/6993/841 3225/6990/841
f 3221/6979/842 3240/7024/844 3234/7010/843
f 3240/7024/844 3239/7022/846 3235/7012/845
f 3239/7022/846 3238/7019/847 3236/7015/847
f 3238/7020/848 3237/7017/848 3233/7008/848
f 3242/7027/849 3243/7029/849 3251/7046/849
f 3243/7029/849 3244/7032/849 3251/7046/849
f 3244/7032/849 3241/7025/849 3249/7042/849
f 3249/7042/849 3250/7044/849 3244/7032/849
f 3250/7044/849 3251/7046/849 3244/7032/849
f 3251/7046/849 3252/7048/849 3242/7027/849
f 3252/7048/849 3210/6951/832 3242/7027/849
f 3241/7026/850 3245/7034/862 3253/7050/851
f 3254/7051/854 3255/7053/854 3247/7037/854
f 3255/7053/854 3256/7055/854 3247/7037/854
f 3256/7055/854 3253/7050/854 3245/7034/854
f 3245/7034/854 3246/7036/854 3256/7055/854
f 3246/7036/854 3247/7037/854 3256/7055/854
f 3247/7037/854 3248/7039/854 3254/7051/854
f 3248/7039/854 3175/6866/853 3254/7051/854
f 3156/6821/855 3175/6867/855 3248/7040/856
f 3242/7028/857 3248/7040/856 3247/7038/858
f 3243/7030/859 3247/7038/858 3246/7035/860
f 3244/7033/861 3246/7036/861 3245/7034/862
f 3253/7050/851 3256/7055/863 3250/7045/863
f 3256/7056/864 3255/7054/866 3251/7047/865
f 3255/7054/866 3254/7052/868 3252/7049/867
f 3254/7052/868 3221/6980/869 3210/6952/869
f 3261/7068/780 3269/7088/780 3270/7090/780
f 3264/7075/779 3272/7094/779 3269/7089/779
f 3146/6797/777 3258/7061/777 3259/7062/777
f 3191/6907/777 3262/7070/777 3263/7072/777
f 3150/6807/781 3259/7063/781 3260/7064/781
f 3135/6771/780 3257/7059/780 3258/7060/780
f 3141/6785/779 3260/7065/779 3257/7058/779
f 3195/6917/781 3263/7074/781 3264/7076/781
f 3268/7086/776 3267/7082/776 3266/7079/776
f 3272/7095/776 3271/7093/776 3270/7091/776
f 3268/7085/781 3271/7092/781 3263/7074/781
f 3257/7059/780 3265/7078/780 3266/7080/780
f 3260/7066/778 3263/7073/778 3262/7071/778
f 3263/7074/781 3271/7092/781 3272/7096/781
f 3258/7061/777 3266/7081/777 3267/7083/777
f 3259/7063/781 3267/7084/781 3268/7085/781
f 3270/7090/780 3265/7078/780 3257/7059/780
f 3270/7091/776 3271/7093/776 3268/7086/776
f 3356/7274/780 3381/7327/780 3396/7359/796
f 3287/7128/780 3317/7191/780 3315/7187/796
f 3355/7272/796 3396/7359/796 3383/7331/797
f 3292/7138/796 3315/7187/796 3319/7195/797
f 3363/7289/797 3383/7331/797 3387/7341/798
f 3290/7134/797 3319/7195/797 3323/7205/798
f 3358/7279/798 3387/7341/798 3385/7336/799
f 3294/7142/798 3323/7205/798 3321/7200/799
f 3357/7277/799 3385/7337/799 3395/7357/800
f 3296/7147/799 3321/7201/799 3330/7219/800
f 3395/7357/800 3389/7345/870 3362/7287/800
f 3389/7345/870 3394/7355/801 3359/7281/801
f 3330/7219/800 3324/7207/801 3299/7153/801
f 3361/7285/802 3359/7281/801 3394/7355/801
f 3324/7207/801 3327/7213/802 3297/7149/802
f 3360/7283/776 3361/7285/802 3392/7351/802
f 3327/7213/802 3325/7209/776 3298/7151/776
f 3390/7347/776 3391/7349/803 3368/7300/803
f 3303/7161/803 3298/7151/776 3325/7209/776
f 3369/7302/804 3368/7300/803 3391/7349/803
f 3326/7211/803 3329/7217/804 3304/7163/804
f 3367/7298/805 3369/7302/804 3388/7343/804
f 3329/7217/804 3328/7215/805 3302/7159/805
f 3366/7295/806 3367/7298/805 3393/7353/805
f 3305/7165/806 3302/7159/805 3328/7215/805
f 3365/7293/807 3366/7296/806 3384/7334/806
f 3300/7155/807 3305/7166/806 3320/7198/806
f 3364/7291/808 3365/7293/807 3386/7339/807
f 3301/7157/808 3300/7155/807 3322/7203/807
f 3354/7270/809 3364/7291/808 3382/7329/808
f 3291/7136/809 3301/7157/808 3318/7193/808
f 3351/7264/781 3354/7270/809 3379/7323/809
f 3293/7140/781 3291/7136/809 3331/7221/809
f 3352/7266/782 3351/7264/781 3380/7325/781
f 3288/7130/782 3293/7140/781 3316/7189/781
f 3346/7254/783 3352/7266/782 3378/7321/782
f 3282/7118/783 3288/7130/782 3313/7183/782
f 3348/7258/784 3346/7254/783 3401/7369/783
f 3284/7122/784 3282/7118/783 3336/7232/783
f 3344/7248/785 3348/7258/784 3400/7367/784
f 3280/7112/785 3284/7122/784 3337/7234/784
f 3343/7246/786 3344/7249/785 3402/7372/785
f 3279/7110/786 3280/7113/785 3335/7230/785
f 3341/7242/787 3343/7246/786 3398/7363/786
f 3279/7110/786 3334/7227/786 3333/7225/787
f 3338/7236/788 3341/7242/787 3399/7365/787
f 3276/7104/787 3333/7225/787 3332/7223/788
f 3338/7236/788 3397/7361/788 3370/7304/778
f 3273/7098/788 3332/7223/788 3306/7168/778
f 3340/7240/789 3339/7238/778 3370/7304/778
f 3274/7100/778 3306/7168/778 3307/7170/789
f 3342/7244/790 3340/7240/789 3371/7306/789
f 3275/7102/789 3307/7170/789 3308/7172/790
f 3350/7262/791 3342/7244/790 3374/7313/790
f 3308/7172/790 3309/7174/791 3277/7106/871
f 3309/7174/791 3286/7126/791 3277/7106/871
f 3350/7262/791 3373/7311/791 3372/7308/792
f 3286/7126/791 3309/7174/791 3311/7178/792
f 3345/7252/792 3372/7309/792 3375/7315/793
f 3281/7116/792 3311/7179/792 3310/7176/793
f 3349/7260/793 3375/7315/793 3376/7317/794
f 3285/7124/793 3310/7176/793 3312/7181/794
f 3347/7256/794 3376/7317/794 3377/7319/795
f 3283/7120/794 3312/7181/794 3314/7185/795
f 3353/7268/795 3377/7319/795 3381/7327/780
f 3289/7132/795 3314/7185/795 3317/7191/780
f 3485/7548/780 3517/7616/780 3519/7620/796
f 3421/7411/780 3458/7491/780 3457/7489/796
f 3488/7554/796 3519/7620/796 3527/7637/797
f 3420/7409/796 3457/7489/796 3461/7498/797
f 3489/7556/797 3527/7637/797 3526/7635/798
f 3428/7428/797 3461/7498/797 3460/7496/798
f 3492/7564/798 3526/7635/798 3528/7639/799
f 3424/7418/798 3460/7496/798 3459/7493/799
f 3490/7559/799 3528/7640/799 3530/7644/800
f 3425/7421/799 3459/7494/799 3466/7508/800
f 3497/7574/801 3498/7576/800 3530/7644/800
f 3466/7508/800 3462/7500/801 3431/7434/801
f 3496/7572/802 3497/7574/801 3529/7642/801
f 3462/7500/801 3465/7506/802 3434/7440/802
f 3494/7568/776 3496/7572/802 3532/7648/802
f 3434/7440/802 3465/7506/802 3463/7502/776
f 3495/7570/803 3494/7568/776 3531/7646/776
f 3463/7502/776 3464/7504/803 3433/7438/803
f 3523/7629/803 3522/7627/804 3493/7566/804
f 3464/7504/803 3443/7458/804 3430/7432/872
f 3443/7458/804 3429/7430/804 3430/7432/872
f 3499/7578/805 3493/7566/804 3522/7627/804
f 3443/7458/804 3442/7456/805 3435/7442/805
f 3491/7561/806 3499/7578/805 3525/7633/805
f 3427/7425/806 3435/7442/805 3442/7456/805
f 3476/7529/807 3491/7562/806 3520/7623/806
f 3411/7391/807 3427/7426/806 3444/7461/806
f 3475/7527/808 3476/7529/807 3521/7625/807
f 3410/7389/808 3411/7391/807 3441/7454/807
f 3477/7531/809 3475/7527/808 3524/7631/808
f 3412/7393/809 3410/7389/808 3440/7452/808
f 3474/7525/781 3477/7531/809 3518/7618/809
f 3409/7387/781 3412/7393/809 3445/7463/809
f 3473/7523/782 3474/7525/781 3515/7612/781
f 3408/7385/782 3409/7387/781 3439/7450/781
f 3472/7521/783 3473/7523/782 3514/7610/782
f 3406/7381/783 3408/7385/782 3438/7448/782
f 3471/7519/784 3472/7521/783 3507/7595/783
f 3404/7376/784 3406/7381/783 3436/7444/783
f 3470/7516/785 3471/7519/784 3509/7599/784
f 3405/7378/785 3404/7376/784 3437/7446/784
f 3468/7512/786 3470/7517/785 3506/7593/785
f 3407/7383/786 3405/7379/785 3453/7480/785
f 3469/7514/787 3468/7512/786 3511/7604/786
f 3407/7383/786 3455/7485/786 3449/7471/787
f 3500/7580/788 3479/7535/788 3503/7586/873
f 3479/7535/788 3469/7514/787 3503/7586/873
f 3403/7374/787 3449/7471/787 3447/7467/788
f 3478/7533/778 3479/7535/788 3500/7580/788
f 3414/7397/788 3447/7467/788 3446/7465/778
f 3480/7537/789 3478/7533/778 3501/7582/778
f 3415/7399/789 3413/7395/778 3446/7465/778
f 3481/7539/790 3480/7537/789 3505/7590/789
f 3415/7399/789 3448/7469/789 3450/7473/790
f 3482/7541/791 3481/7539/790 3504/7588/790
f 3417/7403/790 3450/7473/790 3456/7487/791
f 3482/7541/791 3512/7606/791 3510/7601/792
f 3416/7401/791 3456/7487/791 3454/7482/792
f 3483/7544/792 3510/7602/792 3508/7597/793
f 3423/7416/792 3454/7483/792 3452/7477/793
f 3484/7546/793 3508/7597/793 3513/7608/794
f 3419/7407/793 3452/7477/793 3451/7475/794
f 3487/7552/794 3513/7608/794 3516/7614/795
f 3418/7405/794 3451/7475/794 3467/7510/795
f 3486/7550/795 3516/7614/795 3517/7616/780
f 3422/7413/795 3467/7510/795 3458/7491/780
f 3534/7652/781 3536/7655/782 3535/7653/782
f 3536/7655/782 3538/7659/783 3537/7657/783
f 3538/7659/783 3540/7663/784 3539/7661/784
f 3540/7663/784 3542/7668/785 3541/7666/785
f 3542/7669/785 3544/7673/786 3543/7671/786
f 3544/7673/786 3546/7677/787 3545/7675/787
f 3546/7677/787 3548/7681/788 3547/7679/788
f 3548/7681/788 3550/7685/778 3549/7683/778
f 3550/7685/778 3552/7689/789 3551/7687/789
f 3552/7689/789 3554/7693/790 3553/7691/790
f 3554/7693/790 3556/7697/791 3555/7695/791
f 3556/7697/791 3558/7702/792 3557/7700/792
f 3558/7703/792 3560/7707/793 3559/7705/793
f 3560/7707/793 3562/7711/794 3561/7709/794
f 3562/7711/794 3564/7715/795 3563/7713/795
f 3564/7715/795 3566/7719/780 3565/7717/780
f 3566/7719/780 3568/7723/796 3567/7721/796
f 3568/7723/796 3570/7727/797 3569/7725/797
f 3570/7727/797 3572/7731/798 3571/7729/798
f 3572/7731/798 3574/7736/799 3573/7734/799
f 3574/7737/799 3576/7741/800 3575/7739/800
f 3576/7741/800 3578/7745/801 3577/7743/801
f 3578/7745/801 3580/7749/802 3579/7747/802
f 3580/7749/802 3582/7753/776 3581/7751/776
f 3582/7753/776 3584/7757/803 3583/7755/803
f 3584/7757/803 3586/7761/804 3585/7759/804
f 3586/7761/804 3588/7765/805 3587/7763/805
f 3588/7765/805 3590/7770/806 3589/7768/806
f 3590/7771/806 3592/7775/807 3591/7773/807
f 3592/7775/807 3594/7780/808 3593/7777/808
f 3538/7660/779 3536/7656/779 3534/7651/779
f 3534/7651/779 3596/7783/779 3594/7779/779
f 3594/7779/779 3592/7776/779 3590/7772/779
f 3590/7772/779 3588/7766/779 3586/7762/779
f 3586/7762/779 3584/7758/779 3582/7754/779
f 3582/7754/779 3580/7750/779 3586/7762/779
f 3580/7750/779 3578/7746/779 3586/7762/779
f 3578/7746/779 3576/7742/779 3574/7738/779
f 3574/7738/779 3572/7732/779 3578/7746/779
f 3572/7732/779 3570/7728/779 3578/7746/779
f 3570/7728/779 3568/7724/779 3566/7720/779
f 3566/7720/779 3564/7716/779 3562/7712/779
f 3562/7712/779 3560/7708/779 3554/7694/779
f 3560/7708/779 3558/7704/779 3554/7694/779
f 3558/7704/779 3556/7698/779 3554/7694/779
f 3554/7694/779 3552/7690/779 3546/7678/779
f 3552/7690/779 3550/7686/779 3546/7678/779
f 3550/7686/779 3548/7682/779 3546/7678/779
f 3546/7678/779 3544/7674/779 3542/7670/779
f 3542/7670/779 3540/7664/779 3538/7660/779
f 3538/7660/779 3534/7651/779 3594/7779/779
f 3594/7779/779 3590/7772/779 3538/7660/779
f 3590/7772/779 3586/7762/779 3538/7660/779
f 3570/7728/779 3566/7720/779 3554/7694/779
f 3566/7720/779 3562/7712/779 3554/7694/779
f 3546/7678/779 3542/7670/779 3554/7694/779
f 3542/7670/779 3538/7660/779 3554/7694/779
f 3586/7762/779 3578/7746/779 3570/7728/779
f 3538/7660/779 3586/7762/779 3554/7694/779
f 3594/7780/808 3596/7784/809 3595/7781/809
f 3596/7784/809 3534/7652/781 3533/7649/781
f 3595/7782/777 3533/7650/777 3539/7662/777
f 3533/7650/777 3535/7654/777 3539/7662/777
f 3535/7654/777 3537/7658/777 3539/7662/777
f 3539/7662/777 3541/7667/777 3547/7680/777
f 3541/7667/777 3543/7672/777 3547/7680/777
f 3543/7672/777 3545/7676/777 3547/7680/777
f 3547/7680/777 3549/7684/777 3551/7688/777
f 3551/7688/777 3553/7692/777 3555/7696/777
f 3555/7696/777 3557/7701/777 3559/7706/777
f 3559/7706/777 3561/7710/777 3563/7714/777
f 3563/7714/777 3565/7718/777 3571/7730/777
f 3565/7718/777 3567/7722/777 3571/7730/777
f 3567/7722/777 3569/7726/777 3571/7730/777
f 3571/7730/777 3573/7735/777 3575/7740/777
f 3575/7740/777 3577/7744/777 3579/7748/777
f 3579/7748/777 3581/7752/777 3583/7756/777
f 3583/7756/777 3585/7760/777 3579/7748/777
f 3585/7760/777 3587/7764/777 3579/7748/777
f 3587/7764/777 3589/7769/777 3591/7774/777
f 3591/7774/777 3593/7778/777 3595/7782/777
f 3547/7680/777 3551/7688/777 3555/7696/777
f 3555/7696/777 3559/7706/777 3547/7680/777
f 3559/7706/777 3563/7714/777 3547/7680/777
f 3571/7730/777 3575/7740/777 3579/7748/777
f 3587/7764/777 3591/7774/777 3579/7748/777
f 3591/7774/777 3595/7782/777 3579/7748/777
f 3595/7782/777 3539/7662/777 3563/7714/777
f 3539/7662/777 3547/7680/777 3563/7714/777
f 3563/7714/777 3571/7730/777 3595/7782/777
o schienbein.r
v 1.171041 -6.071623 -0.476595
v 1.171041 -2.743961 -0.476595
v 2.171041 -6.071623 -0.476595
v 2.171041 -2.743961 -0.476595
v 1.171041 -6.071623 0.523405
v 1.171041 -2.743961 0.523405
v 2.171041 -6.071623 0.523404
v 2.171041 -2.743961 0.523404
v 2.371041 -5.571624 0.023404
v 0.971041 -5.571624 0.023405
v 2.371041 -5.575467 0.062423
v 0.971041 -5.575467 0.062423
v 2.371041 -5.586848 0.099941
v 0.971041 -5.586848 0.099941
v 2.371041 -5.605330 0.134519
v 0.971041 -5.605330 0.134519
v 2.371041 -5.630202 0.164826
v 0.971041 -5.630202 0.164826
v 2.371041 -5.660510 0.189698
v 0.971041 -5.660510 0.189699
v 2.371041 -5.695087 0.208180
v 0.971041 -5.695087 0.208181
v 2.371041 -5.732606 0.219562
v 0.971041 -5.732606 0.219562
v 2.371041 -5.771624 0.223404
v 0.971041 -5.771624 0.223405
v 2.371041 -5.810642 0.219562
v 0.971041 -5.810642 0.219562
v 2.371041 -5.848160 0.208180
v 0.971041 -5.848161 0.208181
v 2.371041 -5.882738 0.189698
v 0.971041 -5.882738 0.189699
v 2.371041 -5.913045 0.164826
v 0.971041 -5.913045 0.164826
v 2.371041 -5.937918 0.134519
v 0.971041 -5.937918 0.134519
v 2.371041 -5.956400 0.099941
v 0.971041 -5.956400 0.099941
v 2.371041 -5.967781 0.062423
v 0.971041 -5.967781 0.062423
v 2.371041 -5.971624 0.023404
v 0.971041 -5.971624 0.023405
v 2.371041 -5.967781 -0.015614
v 0.971041 -5.967781 -0.015613
v 2.371041 -5.956400 -0.053132
v 0.971041 -5.956400 -0.053132
v 2.371041 -5.937918 -0.087710
v 0.971041 -5.937918 -0.087709
v 2.371041 -5.913045 -0.118017
v 0.971041 -5.913045 -0.118017
v 2.371041 -5.882738 -0.142889
v 0.971041 -5.882738 -0.142889
v 2.371041 -5.848160 -0.161371
v 0.971041 -5.848161 -0.161371
v 2.371041 -5.810642 -0.172753
v 0.971041 -5.810642 -0.172752
v 2.371041 -5.771624 -0.176595
v 0.971041 -5.771624 -0.176595
v 2.371041 -5.732606 -0.172753
v 0.971041 -5.732606 -0.172752
v 2.371041 -5.695087 -0.161371
v 0.971041 -5.695087 -0.161371
v 2.371041 -5.660510 -0.142889
v 0.971041 -5.660510 -0.142889
v 2.371041 -5.630202 -0.118017
v 0.971041 -5.630202 -0.118017
v 2.371041 -5.605330 -0.087710
v 0.971041 -5.605330 -0.087709
v 2.371041 -5.586848 -0.053132
v 0.971041 -5.586848 -0.053132
v 2.371041 -5.575467 -0.015614
v 0.971041 -5.575467 -0.015613
v 2.171041 -5.571624 0.023405
v 1.171041 -5.571624 0.023405
v 2.171041 -5.575467 0.062423
v 1.171041 -5.575467 0.062423
v 2.171041 -5.586848 0.099941
v 1.171041 -5.586848 0.099941
v 2.171041 -5.605330 0.134519
v 1.171041 -5.605330 0.134519
v 2.171041 -5.630202 0.164826
v 1.171041 -5.630202 0.164826
v 2.171041 -5.660510 0.189698
v 1.171041 -5.660510 0.189699
v 2.171041 -5.695087 0.208180
v 1.171041 -5.695087 0.208181
v 2.171041 -5.732606 0.219562
v 1.171041 -5.732606 0.219562
v 2.171041 -5.771624 0.223404
v 1.171041 -5.771624 0.223405
v 2.171041 -5.810642 0.219562
v 1.171041 -5.810642 0.219562
v 2.171041 -5.848160 0.208180
v 1.171041 -5.848161 0.208181
v 2.171041 -5.882738 0.189698
v 1.171041 -5.882738 0.189699
v 2.171041 -5.913045 0.164826
v 1.171041 -5.913045 0.164826
v 2.171041 -5.937918 0.134519
v 1.171041 -5.937918 0.134519
v 2.171041 -5.956400 0.099941
v 1.171041 -5.956400 0.099941
v 2.171041 -5.967781 0.062423
v 1.171041 -5.967781 0.062423
v 2.171041 -5.971624 0.023405
v 1.171041 -5.971624 0.023405
v 2.171041 -5.967781 -0.015614
v 1.171041 -5.967781 -0.015613
v 2.171041 -5.956400 -0.053132
v 1.171041 -5.956400 -0.053132
v 2.171041 -5.937918 -0.087710
v 1.171041 -5.937918 -0.087709
v 2.171041 -5.913045 -0.118017
v 1.171041 -5.913045 -0.118017
v 2.171041 -5.882738 -0.142889
v 1.171041 -5.882738 -0.142889
v 2.171041 -5.848160 -0.161371
v 1.171041 -5.848161 -0.161371
v 2.171041 -5.810642 -0.172753
v 1.171041 -5.810642 -0.172752
v 2.171041 -5.771624 -0.176595
v 1.171041 -5.771624 -0.176595
v 2.171041 -5.732606 -0.172753
v 1.171041 -5.732606 -0.172752
v 2.171041 -5.695087 -0.161371
v 1.171041 -5.695087 -0.161371
v 2.171041 -5.660510 -0.142889
v 1.171041 -5.660510 -0.142889
v 2.171041 -5.630202 -0.118017
v 1.171041 -5.630202 -0.118017
v 2.171041 -5.605330 -0.087710
v 1.171041 -5.605330 -0.087709
v 2.171041 -5.586848 -0.053132
v 1.171041 -5.586848 -0.053132
v 2.171041 -5.575467 -0.015614
v 1.171041 -5.575467 -0.015613
v 2.171041 -3.021625 -0.176595
v 2.171041 -3.060643 -0.172753
v 2.171041 -2.982608 -0.172753
v 2.171041 -3.132740 -0.142889
v 2.171041 -2.910511 -0.142889
v 2.171041 -3.098162 -0.161371
v 2.171041 -2.945089 -0.161371
v 2.171041 -2.880204 -0.118017
v 2.171041 -3.163046 -0.118017
v 2.171041 -2.855332 -0.087710
v 2.171041 -3.187919 -0.087710
v 2.171041 -2.836850 -0.053132
v 2.171041 -3.206401 -0.053132
v 2.171041 -3.217782 -0.015614
v 2.171041 -2.825468 -0.015614
v 2.171041 -3.221625 0.023405
v 2.171041 -2.821625 0.023405
v 2.171041 -3.217782 0.062423
v 2.171041 -2.825468 0.062423
v 2.171041 -3.206401 0.099941
v 2.171041 -2.836850 0.099941
v 2.171041 -3.187919 0.134519
v 2.171041 -2.855332 0.134519
v 2.171041 -3.132740 0.189698
v 2.171041 -2.910511 0.189698
v 2.171041 -3.021625 0.223404
v 2.171041 -2.982608 0.219562
v 2.171041 -3.060643 0.219562
v 2.171041 -2.945089 0.208180
v 2.171041 -3.098162 0.208180
v 2.171041 -2.880204 0.164826
v 2.171041 -3.163046 0.164826
v 1.171041 -3.021625 -0.176595
v 1.171041 -3.060643 -0.172752
v 1.171041 -2.982608 -0.172752
v 1.171041 -2.910511 -0.142889
v 1.171041 -3.132740 -0.142889
v 1.171041 -3.098162 -0.161371
v 1.171041 -2.945089 -0.161371
v 1.171041 -2.880204 -0.118017
v 1.171041 -3.163046 -0.118017
v 1.171041 -2.855332 -0.087709
v 1.171041 -3.187919 -0.087709
v 1.171041 -2.836850 -0.053132
v 1.171041 -3.206401 -0.053132
v 1.171041 -3.221625 0.023405
v 1.171041 -2.825468 -0.015613
v 1.171041 -3.217782 -0.015613
v 1.171041 -3.217782 0.062423
v 1.171041 -2.821625 0.023405
v 1.171041 -3.206401 0.099941
v 1.171041 -2.825468 0.062423
v 1.171041 -3.187919 0.134519
v 1.171041 -2.836850 0.099941
v 1.171041 -3.163046 0.164826
v 1.171041 -2.880204 0.164826
v 1.171041 -2.855332 0.134519
v 1.171041 -3.132740 0.189699
v 1.171041 -2.910511 0.189699
v 1.171041 -3.021625 0.223405
v 1.171041 -3.060643 0.219562
v 1.171041 -2.982608 0.219562
v 1.171041 -3.098162 0.208181
v 1.171041 -2.945089 0.208181
v 2.421041 -2.821625 0.023404
v 0.921041 -2.821625 0.023405
v 2.421041 -2.825468 0.062423
v 0.921041 -2.825468 0.062423
v 2.421041 -2.836849 0.099941
v 0.921041 -2.836849 0.099941
v 2.421041 -2.855331 0.134519
v 0.921041 -2.855331 0.134519
v 2.421041 -2.880204 0.164826
v 0.921041 -2.880204 0.164826
v 2.421041 -2.910511 0.189698
v 0.921041 -2.910511 0.189699
v 2.421041 -2.945089 0.208180
v 0.921041 -2.945089 0.208181
v 2.421041 -2.982607 0.219562
v 0.921041 -2.982607 0.219562
v 2.421041 -3.021625 0.223404
v 0.921041 -3.021625 0.223405
v 2.421041 -3.060643 0.219562
v 0.921041 -3.060643 0.219562
v 2.421041 -3.098162 0.208180
v 0.921041 -3.098162 0.208181
v 2.421041 -3.132739 0.189698
v 0.921041 -3.132739 0.189699
v 2.421041 -3.163046 0.164826
v 0.921041 -3.163046 0.164826
v 2.421041 -3.187919 0.134519
v 0.921041 -3.187919 0.134519
v 2.421041 -3.206401 0.099941
v 0.921041 -3.206401 0.099941
v 2.421041 -3.217782 0.062423
v 0.921041 -3.217782 0.062423
v 2.421041 -3.221625 0.023404
v 0.921041 -3.221625 0.023405
v 2.421041 -3.217782 -0.015614
v 0.921041 -3.217782 -0.015613
v 2.421041 -3.206401 -0.053132
v 0.921041 -3.206401 -0.053132
v 2.421041 -3.187919 -0.087710
v 0.921041 -3.187919 -0.087709
v 2.421041 -3.163046 -0.118017
v 0.921041 -3.163046 -0.118017
v 2.421041 -3.132739 -0.142889
v 0.921041 -3.132739 -0.142889
v 2.421041 -3.098162 -0.161371
v 0.921041 -3.098162 -0.161371
v 2.421041 -3.060643 -0.172753
v 0.921041 -3.060643 -0.172752
v 2.421041 -3.021625 -0.176595
v 0.921041 -3.021625 -0.176595
v 2.421041 -2.982607 -0.172753
v 0.921041 -2.982607 -0.172752
v 2.421041 -2.945089 -0.161371
v 0.921041 -2.945089 -0.161371
v 2.421041 -2.910511 -0.142889
v 0.921041 -2.910511 -0.142889
v 2.421041 -2.880204 -0.118017
v 0.921041 -2.880204 -0.118017
v 2.421041 -2.855331 -0.087710
v 0.921041 -2.855331 -0.087709
v 2.421041 -2.836849 -0.053132
v 0.921041 -2.836849 -0.053132
v 2.421041 -2.825468 -0.015614
v 0.921041 -2.825468 -0.015613
v 2.271041 -3.021623 -0.476595
v 2.271041 -3.321623 -0.276595
v 2.271041 -3.136428 -0.461371
v 2.271041 -3.233755 -0.418017
v 2.271041 -3.298787 -0.353132
v 2.271041 -1.821623 -0.276595
v 2.271041 -2.121623 -0.476595
v 2.271041 -1.844459 -0.353132
v 2.271041 -1.909491 -0.418017
v 2.271041 -2.006818 -0.461371
v 2.371041 -3.321623 -0.276595
v 2.371041 -3.021623 -0.476595
v 2.371041 -3.298787 -0.353132
v 2.371041 -3.233755 -0.418017
v 2.371041 -3.136428 -0.461371
v 2.371041 -2.121623 -0.476595
v 2.371041 -1.821623 -0.276595
v 2.371041 -2.006818 -0.461371
v 2.371041 -1.909491 -0.418017
v 2.371041 -1.844459 -0.353132
v 2.271041 -3.321623 0.323405
v 2.271041 -2.574982 0.613559
v 2.271041 -3.298787 0.399941
v 2.271041 -3.233755 0.464826
v 2.271041 -3.136428 0.508180
v 2.271041 -2.256855 0.613559
v 2.271041 -1.821623 0.323405
v 2.271041 -2.006818 0.508180
v 2.271041 -1.909491 0.464826
v 2.271041 -1.844459 0.399941
v 2.371041 -3.021623 0.523404
v 2.371041 -3.321623 0.323404
v 2.371041 -3.136428 0.508180
v 2.371041 -3.233755 0.464826
v 2.371041 -3.298787 0.399941
v 2.371041 -1.821623 0.323404
v 2.371041 -2.121623 0.523404
v 2.371041 -1.844459 0.399941
v 2.371041 -1.909491 0.464826
v 2.371041 -2.006818 0.508180
v 2.271041 -2.256855 0.754949
v 2.371041 -2.121623 0.923404
v 2.271041 -3.021623 0.523404
v 2.271041 -2.121623 0.523404
v 2.271041 -2.121623 0.923405
v 0.971041 -3.021622 -0.476595
v 0.971041 -3.321622 -0.276595
v 0.971041 -3.136428 -0.461371
v 0.971041 -3.233755 -0.418017
v 0.971041 -3.298786 -0.353132
v 0.971041 -1.821623 -0.276595
v 0.971041 -2.121623 -0.476595
v 0.971041 -1.844459 -0.353132
v 0.971041 -1.909491 -0.418017
v 0.971041 -2.006818 -0.461371
v 1.071041 -3.321622 -0.276595
v 1.071041 -3.021622 -0.476595
v 1.071041 -3.298786 -0.353132
v 1.071041 -3.233755 -0.418017
v 1.071041 -3.136428 -0.461371
v 1.071041 -2.121623 -0.476595
v 1.071041 -1.821623 -0.276595
v 1.071041 -2.006818 -0.461371
v 1.071041 -1.909491 -0.418017
v 1.071041 -1.844459 -0.353132
v 0.971041 -3.321622 0.323405
v 0.971041 -3.021622 0.523405
v 0.971041 -3.298786 0.399941
v 0.971041 -3.233755 0.464826
v 0.971041 -3.136428 0.508181
v 0.971041 -2.121623 0.523405
v 0.971041 -1.821623 0.323405
v 0.971041 -2.006818 0.508181
v 0.971041 -1.909491 0.464826
v 0.971041 -1.844459 0.399941
v 1.071041 -2.574981 0.613559
v 1.071041 -3.321622 0.323405
v 1.071041 -3.136428 0.508181
v 1.071041 -3.233755 0.464826
v 1.071041 -3.298786 0.399941
v 1.071041 -1.821623 0.323405
v 1.071041 -2.256855 0.613559
v 1.071041 -1.844459 0.399941
v 1.071041 -1.909491 0.464826
v 1.071041 -2.006818 0.508181
v 0.971041 -2.121623 0.923405
v 1.071041 -2.256855 0.754949
v 1.071041 -2.121623 0.523405
v 1.071041 -3.021622 0.523405
v 1.071041 -2.121623 0.923405
v 1.801041 -0.756855 0.863559
v 1.980903 -0.871036 0.844529
v 2.133382 -1.196195 0.790336
v 2.235265 -1.682830 0.709230
v 1.801042 -0.756855 1.004949
v 2.235265 -1.682830 0.850620
v 2.133382 -1.196195 0.931726
v 1.980903 -0.871036 0.985919
v 1.541042 -0.756855 0.863559
v 1.106818 -1.682830 0.709230
v 1.208701 -1.196195 0.790336
v 1.361180 -0.871036 0.844529
v 1.541042 -0.756855 1.004949
v 1.361180 -0.871036 0.985919
v 1.208701 -1.196195 0.931726
v 1.106818 -1.682830 0.850620
v 1.771041 -4.351838 0.918164
v 2.232981 -3.254955 0.730127
v 2.124595 -3.831409 0.828947
v 1.962383 -4.216583 0.894978
v 1.771041 -4.033711 1.059554
v 1.962383 -3.898457 1.036367
v 2.124595 -3.513282 0.970337
v 2.232981 -2.936829 0.871516
v 1.571041 -4.351838 0.918164
v 1.379699 -4.216583 0.894978
v 1.217488 -3.831409 0.828948
v 1.109102 -3.254955 0.730127
v 1.571041 -4.033711 1.059554
v 1.109102 -2.936828 0.871516
v 1.217488 -3.513282 0.970337
v 1.379699 -3.898456 1.036367
v 2.271041 -3.021623 -0.776595
v 2.371041 -3.021623 -0.776595
v 2.371041 -2.121623 -0.776595
v 2.271041 -2.121623 -0.776595
v 0.971041 -3.021622 -0.776595
v 1.071041 -3.021622 -0.776595
v 1.071041 -2.121623 -0.776595
v 0.971041 -2.121623 -0.776595
v 2.271041 -3.021623 -0.876595
v 2.371041 -3.021623 -0.876595
v 2.371041 -2.121623 -0.876595
v 2.271041 -2.121623 -0.876595
v 0.971041 -3.021622 -0.876595
v 1.071041 -3.021622 -0.876595
v 1.071041 -2.121623 -0.876595
v 0.971041 -2.121623 -0.876595
v 2.271041 -2.210643 -0.172753
v 2.271041 -2.171624 -0.176595
v 2.271041 -2.132606 -0.172753
v 2.271041 -2.248161 -0.161371
v 2.271041 -2.091630 -0.159523
v 2.271041 -2.095088 -0.161371
v 2.271041 -2.282738 -0.142889
v 2.271041 -2.313046 -0.118017
v 2.271041 -2.030203 -0.118017
v 2.271041 -2.356400 -0.053132
v 2.271041 -1.986849 -0.053132
v 2.271041 -2.337919 -0.087710
v 2.271041 -2.005330 -0.087710
v 2.271041 -2.060510 -0.142889
v 2.271041 -1.971625 0.023405
v 2.271041 -2.367782 -0.015614
v 2.271041 -1.975467 -0.015614
v 2.271041 -1.986849 0.099941
v 2.271041 -2.367782 0.062423
v 2.271041 -1.975467 0.062423
v 2.271041 -2.371624 0.023405
v 2.271041 -2.005330 0.134519
v 2.271041 -2.060510 0.189698
v 2.271041 -2.030203 0.164826
v 2.271041 -2.132606 0.219562
v 2.271041 -2.171624 0.223404
v 2.271041 -2.095088 0.208180
v 2.271041 -2.337919 0.134519
v 2.271041 -2.356400 0.099941
v 2.271041 -2.282738 0.189698
v 2.271041 -2.210643 0.219562
v 2.271041 -2.248161 0.208180
v 2.271041 -2.313046 0.164826
v 2.371041 -2.171624 -0.176595
v 2.371041 -2.132606 -0.172753
v 2.371041 -2.095088 -0.161371
v 2.371041 -2.060510 -0.142889
v 2.371041 -2.005330 -0.087710
v 2.371041 -2.030203 -0.118017
v 2.371041 -1.986849 -0.053132
v 2.371041 -2.367781 -0.015614
v 2.371041 -1.975467 -0.015614
v 2.371041 -1.975467 0.062423
v 2.371041 -2.371624 0.023404
v 2.371041 -1.971625 0.023404
v 2.371041 -2.356400 0.099941
v 2.371041 -1.986849 0.099941
v 2.371041 -2.313046 0.164826
v 2.371041 -2.030203 0.164826
v 2.371041 -2.337919 0.134519
v 2.371041 -2.005330 0.134519
v 2.371041 -2.095088 0.208180
v 2.371041 -2.171624 0.223404
v 2.371041 -2.210643 0.219562
v 2.371041 -2.132606 0.219562
v 2.371041 -2.282738 0.189698
v 2.371041 -2.248161 0.208180
v 2.371041 -2.060510 0.189698
v 2.371041 -2.367781 0.062423
v 2.371041 -2.210643 -0.172753
v 2.371041 -2.248161 -0.161371
v 2.371041 -2.282738 -0.142889
v 2.371041 -2.313046 -0.118017
v 2.371041 -2.356400 -0.053132
v 2.371041 -2.337919 -0.087710
v 0.971041 -2.210643 -0.172752
v 0.971041 -2.171624 -0.176595
v 0.971041 -2.132607 -0.172752
v 0.971041 -2.248161 -0.161371
v 0.971041 -2.095088 -0.161371
v 0.971041 -2.282738 -0.142889
v 0.971041 -2.313046 -0.118017
v 0.971041 -2.030203 -0.118017
v 0.971041 -2.356400 -0.053132
v 0.971041 -1.986849 -0.053132
v 0.971041 -2.337919 -0.087709
v 0.971041 -2.005330 -0.087709
v 0.971041 -2.060510 -0.142889
v 0.971041 -2.371625 0.023405
v 0.971041 -2.367782 -0.015613
v 0.971041 -1.975467 -0.015613
v 0.971041 -2.367782 0.062423
v 0.971041 -1.975467 0.062423
v 0.971041 -1.971625 0.023405
v 0.971041 -2.030203 0.164826
v 0.971041 -2.005330 0.134519
v 0.971041 -2.095088 0.208181
v 0.971041 -2.171624 0.223405
v 0.971041 -2.132607 0.219562
v 0.971041 -2.060510 0.189699
v 0.971041 -1.986849 0.099941
v 0.971041 -2.356400 0.099941
v 0.971041 -2.337919 0.134519
v 0.971041 -2.313046 0.164826
v 0.971041 -2.282738 0.189699
v 0.971041 -2.210643 0.219562
v 0.971041 -2.248161 0.208181
v 1.071041 -2.171624 -0.176595
v 1.071041 -2.132606 -0.172752
v 1.071041 -2.030203 -0.118017
v 1.071041 -2.060510 -0.142889
v 1.071041 -2.095088 -0.161371
v 1.071041 -2.005330 -0.087709
v 1.071041 -1.986849 -0.053132
v 1.071041 -1.975467 -0.015613
v 1.071041 -2.367781 -0.015613
v 1.071041 -2.367781 0.062423
v 1.071041 -2.371624 0.023405
v 1.071041 -1.971625 0.023405
v 1.071041 -2.356400 0.099941
v 1.071041 -1.986849 0.099941
v 1.071041 -2.313046 0.164826
v 1.071041 -2.030203 0.164826
v 1.071041 -2.337919 0.134519
v 1.071041 -2.005330 0.134519
v 1.071041 -2.248161 0.208181
v 1.071041 -2.091630 0.206332
v 1.071041 -2.171624 0.223405
v 1.071041 -2.210643 0.219562
v 1.071041 -2.132606 0.219562
v 1.071041 -2.282738 0.189699
v 1.071041 -2.095088 0.208181
v 1.071041 -2.060510 0.189699
v 1.071041 -1.975467 0.062423
v 1.071041 -2.210643 -0.172752
v 1.071041 -2.282738 -0.142889
v 1.071041 -2.248161 -0.161371
v 1.071041 -2.337919 -0.087709
v 1.071041 -2.356400 -0.053132
v 1.071041 -2.313046 -0.118017
v 2.271041 -3.098161 -0.161371
v 2.271041 -3.187918 -0.087710
v 2.271041 -3.163046 -0.118017
v 2.271041 -3.206400 -0.053132
v 2.271041 -3.132739 -0.142889
v 2.271041 -3.217782 -0.015614
v 2.271041 -3.221625 0.023405
v 2.271041 -3.206400 0.099941
v 2.271041 -3.187918 0.134519
v 2.271041 -3.217782 0.062423
v 2.271041 -3.021625 -0.176595
v 2.271041 -3.060643 -0.172753
v 2.271041 -2.982607 -0.172753
v 2.271041 -2.910511 -0.142889
v 2.271041 -2.945088 -0.161371
v 2.271041 -2.836849 -0.053132
v 2.271041 -2.855331 -0.087710
v 2.271041 -2.825468 0.062423
v 2.271041 -2.821625 0.023405
v 2.271041 -2.825468 -0.015614
v 2.271041 -2.880203 -0.118017
v 2.271041 -2.855331 0.134519
v 2.271041 -2.880203 0.164826
v 2.271041 -2.910511 0.189698
v 2.271041 -3.163046 0.164826
v 2.271041 -2.836849 0.099941
v 2.271041 -3.098161 0.208180
v 2.271041 -3.064394 0.218423
v 2.271041 -2.945088 0.208180
v 2.271041 -3.021625 0.223404
v 2.271041 -3.060643 0.219562
v 2.271041 -2.982607 0.219562
v 2.271041 -3.132739 0.189698
v 2.371041 -3.206400 -0.053132
v 2.371041 -3.187918 -0.087710
v 2.371041 -3.217782 -0.015614
v 2.371041 -3.221625 0.023404
v 2.371041 -3.206400 0.099941
v 2.371041 -3.187918 0.134519
v 2.371041 -3.132739 0.189698
v 2.371041 -3.098161 0.208180
v 2.371041 -3.163046 0.164826
v 2.371041 -3.217782 0.062423
v 2.371041 -3.021625 -0.176595
v 2.371041 -3.060642 -0.172753
v 2.371041 -2.982607 -0.172753
v 2.371041 -3.098161 -0.161371
v 2.371041 -2.945088 -0.161371
v 2.371041 -2.836849 -0.053132
v 2.371041 -2.855331 -0.087710
v 2.371041 -3.163046 -0.118017
v 2.371041 -2.880203 -0.118017
v 2.371041 -3.132739 -0.142889
v 2.371041 -2.910511 -0.142889
v 2.371041 -2.825468 0.062423
v 2.371041 -2.821625 0.023404
v 2.371041 -2.880203 0.164826
v 2.371041 -2.855331 0.134519
v 2.371041 -2.836849 0.099941
v 2.371041 -2.945088 0.208180
v 2.371041 -3.021625 0.223404
v 2.371041 -3.060642 0.219562
v 2.371041 -2.982607 0.219562
v 2.371041 -2.910511 0.189698
v 2.371041 -2.825468 -0.015614
v 0.971041 -3.132739 -0.142889
v 0.971041 -3.098161 -0.161371
v 0.971041 -3.163046 -0.118017
v 0.971041 -3.187918 -0.087709
v 0.971041 -3.206400 -0.053132
v 0.971041 -3.217782 -0.015613
v 0.971041 -3.221625 0.023405
v 0.971041 -3.206400 0.099941
v 0.971041 -3.187918 0.134519
v 0.971041 -3.217782 0.062423
v 0.971041 -3.021625 -0.176595
v 0.971041 -3.060643 -0.172752
v 0.971041 -2.982607 -0.172752
v 0.971041 -2.945088 -0.161371
v 0.971041 -2.910511 -0.142889
v 0.971041 -2.880203 -0.118017
v 0.971041 -2.855331 -0.087709
v 0.971041 -2.821625 0.023405
v 0.971041 -2.825468 -0.015613
v 0.971041 -2.836849 -0.053132
v 0.971041 -2.825468 0.062423
v 0.971041 -2.836849 0.099941
v 0.971041 -2.880203 0.164826
v 0.971041 -3.163046 0.164826
v 0.971041 -2.855331 0.134519
v 0.971041 -3.098161 0.208181
v 0.971041 -3.021625 0.223405
v 0.971041 -3.060643 0.219562
v 0.971041 -2.982607 0.219562
v 0.971041 -2.945088 0.208181
v 0.971041 -2.910511 0.189699
v 0.971041 -3.132739 0.189699
v 1.071041 -3.060643 -0.172752
v 1.071041 -3.021625 -0.176595
v 1.071041 -3.098161 -0.161371
v 1.071041 -3.064394 -0.171614
v 1.071041 -2.945088 -0.161371
v 1.071041 -2.982607 -0.172752
v 1.071041 -3.163046 -0.118017
v 1.071041 -3.206400 -0.053132
v 1.071041 -2.855331 -0.087709
v 1.071041 -3.187918 -0.087709
v 1.071041 -2.880203 -0.118017
v 1.071041 -3.132739 -0.142889
v 1.071041 -2.910511 -0.142889
v 1.071041 -2.836849 -0.053132
v 1.071041 -3.217782 -0.015613
v 1.071041 -3.221625 0.023405
v 1.071041 -2.825468 -0.015613
v 1.071041 -2.821625 0.023405
v 1.071041 -3.217782 0.062423
v 1.071041 -2.825468 0.062423
v 1.071041 -3.163046 0.164826
v 1.071041 -3.187918 0.134519
v 1.071041 -3.098161 0.208181
v 1.071041 -3.060643 0.219562
v 1.071041 -3.206400 0.099941
v 1.071041 -3.132739 0.189699
v 1.071041 -2.855331 0.134519
v 1.071041 -2.836849 0.099941
v 1.071041 -2.880203 0.164826
v 1.071041 -2.945088 0.208181
v 1.071041 -2.910511 0.189699
v 1.071041 -3.021625 0.223405
v 1.071041 -2.982607 0.219562
v 2.421041 -1.971625 0.023404
v 0.921041 -1.971625 0.023405
v 2.421041 -1.975468 0.062423
v 0.921041 -1.975468 0.062423
v 2.421041 -1.986849 0.099941
v 0.921041 -1.986849 0.099941
v 2.421041 -2.005331 0.134519
v 0.921041 -2.005331 0.134519
v 2.421041 -2.030204 0.164826
v 0.921041 -2.030204 0.164826
v 2.421041 -2.060511 0.189698
v 0.921041 -2.060511 0.189699
v 2.421041 -2.095089 0.208180
v 0.921041 -2.095089 0.208181
v 2.421041 -2.132607 0.219562
v 0.921041 -2.132607 0.219562
v 2.421041 -2.171625 0.223404
v 0.921041 -2.171625 0.223405
v 2.421041 -2.210643 0.219562
v 0.921041 -2.210644 0.219562
v 2.421041 -2.248162 0.208180
v 0.921041 -2.248162 0.208181
v 2.421041 -2.282739 0.189698
v 0.921041 -2.282739 0.189699
v 2.421041 -2.313047 0.164826
v 0.921041 -2.313047 0.164826
v 2.421041 -2.337919 0.134519
v 0.921041 -2.337919 0.134519
v 2.421041 -2.356401 0.099941
v 0.921041 -2.356401 0.099941
v 2.421041 -2.367782 0.062423
v 0.921041 -2.367782 0.062423
v 2.421041 -2.371625 0.023404
v 0.921041 -2.371625 0.023405
v 2.421041 -2.367782 -0.015614
v 0.921041 -2.367782 -0.015613
v 2.421041 -2.356401 -0.053132
v 0.921041 -2.356401 -0.053132
v 2.421041 -2.337919 -0.087710
v 0.921041 -2.337919 -0.087709
v 2.421041 -2.313047 -0.118017
v 0.921041 -2.313047 -0.118017
v 2.421041 -2.282739 -0.142889
v 0.921041 -2.282739 -0.142889
v 2.421041 -2.248162 -0.161371
v 0.921041 -2.248162 -0.161371
v 2.421041 -2.210643 -0.172753
v 0.921041 -2.210644 -0.172752
v 2.421041 -2.171625 -0.176595
v 0.921041 -2.171625 -0.176595
v 2.421041 -2.132607 -0.172753
v 0.921041 -2.132607 -0.172752
v 2.421041 -2.095089 -0.161371
v 0.921041 -2.095089 -0.161371
v 2.421041 -2.060511 -0.142889
v 0.921041 -2.060511 -0.142889
v 2.421041 -2.030204 -0.118017
v 0.921041 -2.030204 -0.118017
v 2.421041 -2.005331 -0.087710
v 0.921041 -2.005331 -0.087709
v 2.421041 -1.986849 -0.053132
v 0.921041 -1.986849 -0.053132
v 2.421041 -1.975468 -0.015614
v 0.921041 -1.975468 -0.015613
vn -0.0000 -0.0000 -1.0000
vn 1.0000 -0.0000 -0.0000
vn -0.0000 -0.0000 1.0000
vn -1.0000 -0.0000 -0.0000
vn -0.0000 -1.0000 -0.0000
vn -0.0000 1.0000 -0.0000
vn -0.0000 0.9808 0.1951
vn -0.0000 0.9239 0.3827
vn -0.0000 0.8315 0.5556
vn -0.0000 0.7071 0.7071
vn -0.0000 0.5556 0.8315
vn -0.0000 0.3827 0.9239
vn -0.0000 0.1951 0.9808
vn -0.0000 -0.1951 0.9808
vn -0.0000 -0.3827 0.9239
vn -0.0000 -0.5556 0.8315
vn -0.0000 -0.7071 0.7071
vn -0.0000 -0.8315 0.5556
vn -0.0000 -0.9239 0.3827
vn -0.0000 -0.9808 0.1951
vn -0.0000 -0.9808 -0.1951
vn -0.0000 -0.9239 -0.3827
vn -0.0000 -0.8315 -0.5556
vn -0.0000 -0.7071 -0.7071
vn -0.0000 -0.5556 -0.8315
vn -0.0000 -0.3827 -0.9239
vn -0.0000 -0.1951 -0.9808
vn -0.0000 0.1951 -0.9808
vn -0.0000 0.3827 -0.9239
vn -0.0000 0.5556 -0.8315
vn -0.0000 0.7071 -0.7071
vn -0.0000 0.8315 -0.5556
vn -0.0000 0.9239 -0.3827
vn -0.0000 0.9808 -0.1951
vn -0.0000 -0.4061 0.9138
vn -0.0000 -0.2716 0.9624
vn -0.0000 0.9895 -0.1445
vn -0.0000 0.9895 0.1445
vn -0.0000 -0.9895 -0.1445
vn -0.0000 -0.8586 -0.5126
vn -0.0000 -0.5660 -0.8244
vn -0.0000 -0.2720 -0.9623
vn -0.0000 -0.1315 -0.9913
vn -0.0000 0.8586 -0.5126
vn -0.0000 0.5660 -0.8244
vn -0.0000 0.2720 -0.9623
vn -0.0000 0.1315 -0.9913
vn -0.0000 -0.9895 0.1445
vn -0.0000 -0.8586 0.5126
vn -0.0000 -0.5660 0.8244
vn -0.0000 -0.2720 0.9623
vn -0.0000 0.8586 0.5126
vn -0.0000 0.5660 0.8244
vn -0.0000 0.2720 0.9623
vn -0.0000 0.1315 0.9913
vn -0.0000 -0.1644 0.9864
vn -0.0000 -0.0833 -0.9965
vn -0.0000 0.0808 -0.9967
vn -0.0000 0.1644 -0.9864
vn 0.9981 0.0622 -0.0000
vn 0.9920 0.1265 -0.0000
vn 0.9900 0.1413 -0.0000
vn 0.9521 0.3059 -0.0000
vn 0.9447 0.3279 -0.0000
vn 0.9054 0.4246 -0.0000
vn 0.5360 0.8442 -0.0000
vn -0.9981 0.0622 -0.0000
vn -0.9920 0.1265 -0.0000
vn -0.9900 0.1413 -0.0000
vn -0.9521 0.3059 -0.0000
vn -0.9447 0.3279 -0.0000
vn -0.9054 0.4246 -0.0000
vn -0.5360 0.8442 -0.0000
vn -0.0000 -0.1690 -0.9856
vn 0.1519 -0.4014 0.9032
vn -0.2142 -0.3967 0.8926
vn -0.1519 -0.4014 0.9032
vn -0.0000 0.0027 1.0000
vn -0.0000 0.1690 0.9856
vn 0.9951 -0.0402 0.0904
vn 0.9899 -0.0576 0.1295
vn 0.9610 -0.1124 0.2528
vn 0.9246 -0.1547 0.3481
vn 0.8371 -0.2222 0.4999
vn 0.8007 -0.2433 0.5475
vn 0.3696 -0.3774 0.8491
vn 0.2142 -0.3967 0.8926
vn -0.3696 -0.3774 0.8491
vn -0.8007 -0.2433 0.5475
vn -0.8371 -0.2222 0.4999
vn -0.9246 -0.1547 0.3481
vn -0.9610 -0.1124 0.2528
vn -0.9899 -0.0576 0.1295
vn -0.9951 -0.0402 0.0904
vn -0.0000 -0.4714 -0.8819
vn -0.0000 -0.4714 0.8819
vn -0.0000 0.2903 -0.9569
vn -0.0000 0.2903 0.9569
vn 1.0000 -0.0000 -0.0001
vt 0.327097 0.469550
vt 0.807624 0.156647
vt 0.882458 0.524072
vt 0.327097 0.626198
vt 0.807624 0.000000
vt 0.374162 0.899902
vt 0.929523 0.524072
vt 0.280033 0.469550
vt 0.760560 0.000000
vt 0.280033 0.626198
vt 0.760560 0.156648
vt 0.327097 0.899902
vt 0.788328 0.171970
vt 0.760560 0.156648
vt 0.882458 0.571147
vt 0.788328 0.328558
vt 0.760560 0.000000
vt 0.374162 0.946977
vt 0.835393 0.171970
vt 0.713496 0.000000
vt 0.929523 0.571147
vt 0.327097 0.946976
vt 0.713496 0.156647
vt 0.835393 0.328558
vt 0.644782 0.219137
vt 0.929954 0.738369
vt 0.894864 0.166209
vt 0.217202 0.738276
vt 0.644782 0.220974
vt 0.929954 0.740214
vt 0.217202 0.740113
vt 0.895889 0.164675
vt 0.644782 0.222740
vt 0.929594 0.742024
vt 0.217202 0.741879
vt 0.896595 0.162969
vt 0.644782 0.224367
vt 0.928887 0.743730
vt 0.217202 0.743506
vt 0.896955 0.161159
vt 0.644782 0.225794
vt 0.135561 0.973736
vt 0.927862 0.745264
vt 0.217202 0.744933
vt 0.116735 0.973736
vt 0.896955 0.159314
vt 0.135561 0.972343
vt 0.926558 0.746569
vt 0.116735 0.972343
vt 0.896595 0.157504
vt 0.135561 0.970740
vt 0.925023 0.747595
vt 0.116735 0.970740
vt 0.895889 0.155798
vt 0.135561 0.968989
vt 0.923318 0.748301
vt 0.116735 0.968989
vt 0.894864 0.154264
vt 0.135561 0.967158
vt 0.921509 0.748661
vt 0.116735 0.967158
vt 0.893559 0.152959
vt 0.135561 0.965317
vt 0.919663 0.748661
vt 0.116735 0.965317
vt 0.892025 0.151933
vt 0.135561 0.963536
vt 0.917854 0.748301
vt 0.116735 0.963536
vt 0.890320 0.151227
vt 0.135561 0.961885
vt 0.916149 0.747595
vt 0.116735 0.961885
vt 0.888510 0.150867
vt 0.135561 0.960427
vt 0.807534 0.170780
vt 0.914615 0.746569
vt 0.116735 0.960427
vt 0.510648 0.873029
vt 0.886665 0.150867
vt 0.807534 0.169353
vt 0.913310 0.745264
vt 0.510648 0.874456
vt 0.884855 0.151227
vt 0.807534 0.167725
vt 0.912285 0.743730
vt 0.510648 0.876084
vt 0.883151 0.151933
vt 0.807534 0.165959
vt 0.911579 0.742024
vt 0.510648 0.877850
vt 0.881616 0.152959
vt 0.807534 0.164122
vt 0.911219 0.740214
vt 0.510648 0.879687
vt 0.880311 0.154264
vt 0.807534 0.162286
vt 0.911219 0.738369
vt 0.510648 0.881523
vt 0.879286 0.155798
vt 0.807534 0.160519
vt 0.911579 0.736558
vt 0.510648 0.883289
vt 0.878580 0.157504
vt 0.807534 0.158892
vt 0.912285 0.734853
vt 0.510648 0.884917
vt 0.878220 0.159313
vt 0.807534 0.157465
vt 0.929508 0.426173
vt 0.913310 0.733319
vt 0.510648 0.886344
vt 0.920109 0.345048
vt 0.878220 0.161159
vt 0.929508 0.427601
vt 0.914615 0.732014
vt 0.920109 0.346476
vt 0.878580 0.162969
vt 0.929508 0.429230
vt 0.916149 0.730988
vt 0.920109 0.348106
vt 0.879286 0.164675
vt 0.929508 0.430997
vt 0.917854 0.730282
vt 0.920109 0.349872
vt 0.880311 0.166209
vt 0.929508 0.432834
vt 0.919663 0.729922
vt 0.920109 0.351709
vt 0.881616 0.167514
vt 0.929508 0.434671
vt 0.921509 0.729922
vt 0.920109 0.353546
vt 0.883151 0.168540
vt 0.929508 0.436436
vt 0.923318 0.730282
vt 0.920109 0.355311
vt 0.884855 0.169246
vt 0.929508 0.438062
vt 0.925024 0.730988
vt 0.920109 0.356938
vt 0.886665 0.169606
vt 0.929508 0.439487
vt 0.644782 0.212479
vt 0.926558 0.732014
vt 0.920109 0.358363
vt 0.217202 0.731618
vt 0.888510 0.169606
vt 0.644782 0.213906
vt 0.927862 0.733319
vt 0.217202 0.733045
vt 0.890320 0.169246
vt 0.644782 0.215534
vt 0.928887 0.734853
vt 0.892025 0.168540
vt 0.217202 0.734673
vt 0.644782 0.217300
vt 0.929594 0.736558
vt 0.893559 0.167514
vt 0.217202 0.736439
vt 0.654194 0.219137
vt 0.207789 0.738276
vt 0.654194 0.220974
vt 0.207789 0.740113
vt 0.654194 0.222740
vt 0.207789 0.741879
vt 0.654194 0.224367
vt 0.207789 0.743506
vt 0.654194 0.225794
vt 0.126148 0.973736
vt 0.207789 0.744933
vt 0.126148 0.973736
vt 0.126148 0.972343
vt 0.126148 0.972343
vt 0.126148 0.970740
vt 0.126148 0.970740
vt 0.126148 0.968989
vt 0.126148 0.968989
vt 0.126148 0.967158
vt 0.126148 0.967158
vt 0.126148 0.965317
vt 0.126148 0.965317
vt 0.126148 0.963536
vt 0.126148 0.963536
vt 0.126148 0.961885
vt 0.126148 0.961885
vt 0.126148 0.960427
vt 0.798121 0.170780
vt 0.501235 0.873029
vt 0.126148 0.960427
vt 0.798121 0.169353
vt 0.501235 0.874456
vt 0.798121 0.167725
vt 0.501235 0.876084
vt 0.798121 0.165959
vt 0.501235 0.877850
vt 0.798121 0.164122
vt 0.501235 0.879687
vt 0.798121 0.162286
vt 0.501235 0.881523
vt 0.798121 0.160519
vt 0.501235 0.883289
vt 0.798121 0.158892
vt 0.501235 0.884917
vt 0.798121 0.157465
vt 0.938921 0.426173
vt 0.910696 0.345048
vt 0.501235 0.886344
vt 0.938921 0.427601
vt 0.910696 0.346476
vt 0.938921 0.429230
vt 0.910696 0.348106
vt 0.938921 0.430997
vt 0.910696 0.349872
vt 0.938921 0.432834
vt 0.910696 0.351709
vt 0.938921 0.434671
vt 0.910696 0.353546
vt 0.938921 0.436436
vt 0.910696 0.355311
vt 0.938921 0.438062
vt 0.910696 0.356938
vt 0.938921 0.439487
vt 0.654194 0.212479
vt 0.207789 0.731618
vt 0.910696 0.358363
vt 0.654194 0.213906
vt 0.207789 0.733045
vt 0.654194 0.215534
vt 0.207789 0.734673
vt 0.654194 0.217300
vt 0.207789 0.736439
vt 0.746441 0.143577
vt 0.956122 0.997113
vt 0.746260 0.141740
vt 0.957952 0.997113
vt 0.746260 0.145413
vt 0.954281 0.997113
vt 0.744854 0.138346
vt 0.961306 0.997113
vt 0.744854 0.148807
vt 0.950850 0.997113
vt 0.745724 0.139974
vt 0.959703 0.997113
vt 0.745724 0.147179
vt 0.952501 0.997113
vt 0.351332 0.946976
vt 0.743684 0.150234
vt 0.949392 0.997113
vt 0.743684 0.136919
vt 0.364644 0.994051
vt 0.962699 0.997113
vt 0.742257 0.151405
vt 0.352758 0.946976
vt 0.742257 0.135749
vt 0.366070 0.994051
vt 0.740630 0.152275
vt 0.354386 0.946976
vt 0.740630 0.134879
vt 0.367697 0.994051
vt 0.738864 0.134343
vt 0.369463 0.994051
vt 0.738864 0.152811
vt 0.356151 0.946976
vt 0.737028 0.134162
vt 0.371300 0.994051
vt 0.737028 0.152991
vt 0.357988 0.946976
vt 0.735191 0.134343
vt 0.373136 0.994051
vt 0.735191 0.152811
vt 0.359824 0.946976
vt 0.733426 0.134878
vt 0.374902 0.994051
vt 0.733426 0.152275
vt 0.361590 0.946976
vt 0.731798 0.135749
vt 0.376529 0.994051
vt 0.731798 0.151405
vt 0.363217 0.946976
vt 0.729201 0.138346
vt 0.849425 0.949296
vt 0.729201 0.148807
vt 0.838966 0.949296
vt 0.727615 0.143577
vt 0.844198 0.949296
vt 0.727796 0.145413
vt 0.842362 0.949296
vt 0.727796 0.141740
vt 0.846034 0.949296
vt 0.728331 0.147179
vt 0.840595 0.949296
vt 0.728331 0.139974
vt 0.847799 0.949296
vt 0.837538 0.949296
vt 0.730372 0.150234
vt 0.364644 0.946976
vt 0.730372 0.136919
vt 0.850850 0.949296
vt 0.377955 0.994051
vt 0.793505 0.013071
vt 0.956122 0.950039
vt 0.793324 0.014908
vt 0.957952 0.950039
vt 0.793324 0.011234
vt 0.954281 0.950039
vt 0.791918 0.007840
vt 0.950850 0.950039
vt 0.791918 0.018302
vt 0.961306 0.950039
vt 0.792788 0.016674
vt 0.959703 0.950039
vt 0.792788 0.009468
vt 0.952501 0.950039
vt 0.790748 0.006414
vt 0.949392 0.950039
vt 0.351332 0.994051
vt 0.962699 0.950039
vt 0.790748 0.019728
vt 0.364644 0.946977
vt 0.789321 0.005243
vt 0.352758 0.994051
vt 0.789321 0.020899
vt 0.366070 0.946977
vt 0.787694 0.004373
vt 0.354386 0.994051
vt 0.787694 0.021769
vt 0.367697 0.946977
vt 0.784092 0.022486
vt 0.371300 0.946977
vt 0.785928 0.003837
vt 0.356151 0.994051
vt 0.785928 0.022305
vt 0.369463 0.946977
vt 0.782256 0.022305
vt 0.373136 0.946977
vt 0.784092 0.003656
vt 0.357988 0.994051
vt 0.780490 0.021769
vt 0.374902 0.946977
vt 0.782256 0.003837
vt 0.359824 0.994051
vt 0.778862 0.020899
vt 0.376529 0.946977
vt 0.780490 0.004373
vt 0.361590 0.994051
vt 0.377955 0.946977
vt 0.777436 0.019728
vt 0.850850 0.996370
vt 0.777436 0.006414
vt 0.364644 0.994051
vt 0.837538 0.996370
vt 0.778862 0.005243
vt 0.363217 0.994051
vt 0.776265 0.018302
vt 0.849425 0.996370
vt 0.776265 0.007840
vt 0.838966 0.996370
vt 0.774679 0.013071
vt 0.844198 0.996370
vt 0.774860 0.014908
vt 0.846034 0.996370
vt 0.774860 0.011234
vt 0.842362 0.996370
vt 0.775396 0.016674
vt 0.847799 0.996370
vt 0.775396 0.009468
vt 0.840595 0.996370
vt 0.957757 0.070612
vt 0.240199 0.956569
vt 0.398054 0.959692
vt 0.957757 0.000000
vt 0.959593 0.070612
vt 0.241224 0.958104
vt 0.959593 0.000000
vt 0.397694 0.961502
vt 0.961359 0.070612
vt 0.241930 0.959809
vt 0.961359 0.000000
vt 0.397694 0.963348
vt 0.962986 0.070612
vt 0.242290 0.961619
vt 0.962986 0.000000
vt 0.398054 0.965158
vt 0.084994 0.909352
vt 0.964413 0.070612
vt 0.242290 0.963465
vt 0.964413 0.000000
vt 0.084994 0.979963
vt 0.398761 0.966863
vt 0.083601 0.909352
vt 0.241930 0.965275
vt 0.083601 0.979963
vt 0.399786 0.968398
vt 0.081998 0.909352
vt 0.241224 0.966980
vt 0.081998 0.979963
vt 0.401090 0.969703
vt 0.080248 0.909352
vt 0.240199 0.968515
vt 0.080248 0.979963
vt 0.402625 0.970728
vt 0.078417 0.909352
vt 0.238894 0.969820
vt 0.078417 0.979963
vt 0.404330 0.971435
vt 0.076577 0.909352
vt 0.237360 0.970845
vt 0.076577 0.979963
vt 0.406139 0.971795
vt 0.074797 0.909352
vt 0.235656 0.971552
vt 0.074797 0.979963
vt 0.407984 0.971795
vt 0.073146 0.909352
vt 0.233846 0.971912
vt 0.073146 0.979963
vt 0.409794 0.971435
vt 0.221102 0.888720
vt 0.071688 0.909352
vt 0.232000 0.971912
vt 0.071688 0.979963
vt 0.221102 0.959332
vt 0.411499 0.970728
vt 0.219676 0.888720
vt 0.230191 0.971552
vt 0.219676 0.959332
vt 0.413033 0.969703
vt 0.218049 0.888720
vt 0.228486 0.970845
vt 0.218049 0.959332
vt 0.414338 0.968398
vt 0.216283 0.888720
vt 0.226952 0.969820
vt 0.216283 0.959332
vt 0.415363 0.966863
vt 0.214446 0.888720
vt 0.225647 0.968515
vt 0.214446 0.959332
vt 0.416069 0.965158
vt 0.212610 0.888720
vt 0.224622 0.966980
vt 0.212610 0.959332
vt 0.416429 0.963348
vt 0.210844 0.888720
vt 0.223916 0.965275
vt 0.210844 0.959332
vt 0.416429 0.961502
vt 0.209217 0.888720
vt 0.223556 0.963465
vt 0.209217 0.959332
vt 0.416069 0.959692
vt 0.962344 0.855328
vt 0.207791 0.888720
vt 0.223556 0.961619
vt 0.207791 0.959332
vt 0.962344 0.784716
vt 0.415363 0.957987
vt 0.963772 0.855328
vt 0.223916 0.959809
vt 0.963772 0.784716
vt 0.414338 0.956452
vt 0.965401 0.855328
vt 0.224622 0.958104
vt 0.965401 0.784716
vt 0.413033 0.955147
vt 0.967168 0.855328
vt 0.225647 0.956569
vt 0.967168 0.784716
vt 0.411499 0.954122
vt 0.969004 0.855328
vt 0.226952 0.955264
vt 0.969004 0.784716
vt 0.409794 0.953416
vt 0.970840 0.855328
vt 0.228486 0.954239
vt 0.970840 0.784716
vt 0.407984 0.953056
vt 0.972605 0.855328
vt 0.230191 0.953533
vt 0.972605 0.784716
vt 0.406139 0.953056
vt 0.974231 0.855328
vt 0.232000 0.953173
vt 0.974231 0.784716
vt 0.404329 0.953416
vt 0.951101 0.070612
vt 0.975656 0.855328
vt 0.233846 0.953173
vt 0.975656 0.784716
vt 0.951101 0.000000
vt 0.402625 0.954122
vt 0.952527 0.070612
vt 0.235655 0.953533
vt 0.952527 0.000000
vt 0.401090 0.955147
vt 0.954154 0.070612
vt 0.237360 0.954239
vt 0.399786 0.956452
vt 0.954154 0.000000
vt 0.955920 0.070612
vt 0.238894 0.955264
vt 0.398761 0.957987
vt 0.955920 0.000000
vt 0.640547 0.875203
vt 0.144974 0.986792
vt 0.217202 0.751750
vt 0.626427 0.865788
vt 0.691377 0.892928
vt 0.635144 0.874486
vt 0.144974 0.981387
vt 0.630563 0.872445
vt 0.144974 0.976802
vt 0.627502 0.869391
vt 0.691377 0.889325
vt 0.144974 0.973736
vt 0.697024 0.865788
vt 0.524768 0.866803
vt 0.217202 0.874144
vt 0.589743 0.975145
vt 0.682904 0.875203
vt 0.589743 0.988184
vt 0.695949 0.869391
vt 0.524768 0.863200
vt 0.692888 0.872445
vt 0.589743 0.985127
vt 0.688308 0.874486
vt 0.589743 0.980548
vt 0.696084 0.892928
vt 0.807624 0.112979
vt 0.217202 0.747042
vt 0.140268 0.986792
vt 0.821743 0.103564
vt 0.140268 0.973736
vt 0.808699 0.109376
vt 0.696084 0.889325
vt 0.811759 0.106322
vt 0.140268 0.976802
vt 0.816340 0.104281
vt 0.140268 0.981387
vt 0.864101 0.103564
vt 0.585036 0.975145
vt 0.217202 0.878851
vt 0.878220 0.112978
vt 0.520061 0.866803
vt 0.869504 0.104280
vt 0.585036 0.980548
vt 0.874084 0.106321
vt 0.585036 0.985127
vt 0.877145 0.109375
vt 0.520061 0.863200
vt 0.585036 0.988184
vt 0.626427 0.837543
vt 0.691377 0.921173
vt 0.694200 0.489215
vt 0.661567 0.823884
vt 0.158751 0.971081
vt 0.322353 0.814820
vt 0.627502 0.833940
vt 0.691377 0.924776
vt 0.630563 0.830886
vt 0.322353 0.817964
vt 0.635144 0.828845
vt 0.322353 0.822601
vt 0.676540 0.823884
vt 0.694200 0.474239
vt 0.094136 0.659991
vt 0.697024 0.837544
vt 0.524768 0.895048
vt 0.688308 0.828845
vt 0.915925 0.754044
vt 0.692888 0.830886
vt 0.524768 0.901705
vt 0.915925 0.758567
vt 0.695949 0.833941
vt 0.524768 0.898651
vt 0.821743 0.150638
vt 0.327060 0.828023
vt 0.807624 0.141224
vt 0.696084 0.921173
vt 0.816340 0.149922
vt 0.327060 0.822601
vt 0.811759 0.147881
vt 0.327060 0.817964
vt 0.808699 0.144827
vt 0.696084 0.924776
vt 0.327060 0.814820
vt 0.520061 0.895048
vt 0.878220 0.141223
vt 0.930833 0.827083
vt 0.864101 0.150638
vt 0.920631 0.748661
vt 0.877145 0.144826
vt 0.520061 0.898651
vt 0.920631 0.758567
vt 0.874084 0.147880
vt 0.520061 0.901705
vt 0.869504 0.149921
vt 0.920631 0.754044
vt 0.676540 0.817229
vt 0.100699 0.658894
vt 0.280033 0.567920
vt 0.149656 0.984712
vt 0.864101 0.169468
vt 0.327060 0.870895
vt 0.930833 0.845913
vt 0.322353 0.828023
vt 0.640547 0.828128
vt 0.915925 0.748661
vt 0.935539 0.827083
vt 0.682904 0.828129
vt 0.322353 0.870895
vt 0.935539 0.845913
vt 0.682904 0.809299
vt 0.821743 0.065904
vt 0.217202 0.812947
vt 0.135561 0.986792
vt 0.807624 0.056489
vt 0.217908 0.855596
vt 0.816340 0.065187
vt 0.135561 0.981387
vt 0.811759 0.063146
vt 0.135561 0.976802
vt 0.808699 0.060092
vt 0.217908 0.851994
vt 0.135561 0.973736
vt 0.878220 0.056489
vt 0.327060 0.874498
vt 0.217202 0.812947
vt 0.864101 0.065904
vt 0.987948 0.574694
vt 0.987948 0.587732
vt 0.877145 0.060092
vt 0.327060 0.870895
vt 0.874084 0.063147
vt 0.987948 0.584675
vt 0.869504 0.065188
vt 0.987948 0.580097
vt 0.222614 0.855596
vt 0.327097 0.843413
vt 0.217202 0.808239
vt 0.130855 0.986792
vt 0.341217 0.833998
vt 0.130855 0.973736
vt 0.328172 0.839810
vt 0.222614 0.851994
vt 0.331233 0.836756
vt 0.130855 0.976802
vt 0.335814 0.834715
vt 0.130855 0.981387
vt 0.383574 0.833998
vt 0.983242 0.574694
vt 0.217202 0.817654
vt 0.397694 0.843413
vt 0.322353 0.874498
vt 0.388978 0.834715
vt 0.983242 0.580097
vt 0.393558 0.836755
vt 0.983242 0.584675
vt 0.396619 0.839810
vt 0.322353 0.870895
vt 0.983242 0.587732
vt 0.807624 0.028244
vt 0.217908 0.883841
vt 0.821743 0.018829
vt 0.222615 0.838790
vt 0.222615 0.851994
vt 0.808699 0.024641
vt 0.217908 0.887444
vt 0.811759 0.021587
vt 0.222615 0.848849
vt 0.816340 0.019546
vt 0.222615 0.844212
vt 0.864101 0.018830
vt 0.925338 0.748661
vt 0.089701 0.909352
vt 0.878220 0.028245
vt 0.327060 0.902743
vt 0.869504 0.019546
vt 0.925338 0.754044
vt 0.874084 0.021587
vt 0.327060 0.909400
vt 0.925338 0.758567
vt 0.877145 0.024642
vt 0.327060 0.906345
vt 0.362237 0.885316
vt 0.637722 0.489215
vt 0.515420 0.793494
vt 0.327097 0.871658
vt 0.222614 0.883841
vt 0.335814 0.880356
vt 0.217908 0.844212
vt 0.331233 0.878315
vt 0.217908 0.848849
vt 0.328172 0.875261
vt 0.222614 0.887444
vt 0.217908 0.851994
vt 0.322353 0.902743
vt 0.397694 0.871657
vt 0.100692 0.727273
vt 0.377210 0.885316
vt 0.637722 0.474239
vt 0.396619 0.875260
vt 0.322353 0.906345
vt 0.930044 0.758567
vt 0.393558 0.878315
vt 0.322353 0.909400
vt 0.388978 0.880356
vt 0.930044 0.754044
vt 0.864101 0.000000
vt 0.089701 0.928181
vt 0.222615 0.795918
vt 0.377210 0.891972
vt 0.223556 0.567920
vt 0.094129 0.726176
vt 0.524516 0.807125
vt 0.084994 0.909352
vt 0.930044 0.748661
vt 0.383574 0.881072
vt 0.217908 0.838790
vt 0.341217 0.881073
vt 0.084994 0.928181
vt 0.217908 0.795918
vt 0.383574 0.899902
vt 0.672080 0.403645
vt 0.830215 0.962742
vt 0.680545 0.409019
vt 0.094136 0.593806
vt 0.829319 0.971209
vt 0.687721 0.424322
vt 0.094129 0.609349
vt 0.692516 0.447224
vt 0.094129 0.632590
vt 0.836869 0.962742
vt 0.257913 0.638830
vt 0.278349 0.595056
vt 0.100692 0.631494
vt 0.273554 0.618061
vt 0.100692 0.608253
vt 0.100699 0.592709
vt 0.266378 0.633433
vt 0.835973 0.971209
vt 0.659843 0.403645
vt 0.830215 0.950503
vt 0.639406 0.447224
vt 0.100699 0.699872
vt 0.644201 0.424322
vt 0.100699 0.676631
vt 0.829319 0.942036
vt 0.651378 0.409019
vt 0.100692 0.661088
vt 0.245676 0.638830
vt 0.836869 0.950503
vt 0.237211 0.633433
vt 0.094129 0.659991
vt 0.835973 0.942036
vt 0.230035 0.618061
vt 0.094136 0.675534
vt 0.225240 0.595056
vt 0.094136 0.698775
vt 0.670668 0.572881
vt 0.256501 0.469550
vt 0.692408 0.521232
vt 0.158764 0.938610
vt 0.687307 0.548376
vt 0.158764 0.911092
vt 0.158751 0.892717
vt 0.679673 0.566512
vt 0.265506 0.475884
vt 0.256501 0.484704
vt 0.149656 0.906348
vt 0.265506 0.491038
vt 0.273141 0.509077
vt 0.149668 0.924723
vt 0.278242 0.536074
vt 0.149668 0.952241
vt 0.247088 0.469550
vt 0.661255 0.572881
vt 0.515420 0.715130
vt 0.652249 0.566512
vt 0.238083 0.475884
vt 0.644615 0.548376
vt 0.515408 0.733505
vt 0.639514 0.521232
vt 0.515408 0.761023
vt 0.247088 0.484704
vt 0.225347 0.536074
vt 0.524504 0.774654
vt 0.230448 0.509077
vt 0.524504 0.747136
vt 0.238083 0.491038
vt 0.524516 0.728761
vt 0.520047 0.943641
vt 0.640547 0.889325
vt 0.203083 0.751750
vt 0.203083 0.747042
vt 0.821743 0.089442
vt 0.864101 0.089441
vt 0.203083 0.878851
vt 0.203083 0.874144
vt 0.682904 0.889325
vt 0.477705 0.943641
vt 0.821743 0.080026
vt 0.203083 0.812947
vt 0.203083 0.808239
vt 0.341217 0.819876
vt 0.520047 0.887151
vt 0.383574 0.819876
vt 0.477705 0.887151
vt 0.203083 0.817654
vt 0.864101 0.080026
vt 0.203083 0.812947
vt 0.920578 0.089670
vt 0.198376 0.751750
vt 0.920578 0.084963
vt 0.198376 0.747042
vt 0.821743 0.084734
vt 0.878220 0.084963
vt 0.864101 0.084734
vt 0.198376 0.878851
vt 0.198376 0.874144
vt 0.878220 0.089670
vt 0.920578 0.150867
vt 0.198376 0.812947
vt 0.821743 0.084734
vt 0.198376 0.808239
vt 0.920578 0.146159
vt 0.198376 0.817654
vt 0.878220 0.146159
vt 0.864101 0.084734
vt 0.878220 0.150867
vt 0.198376 0.812947
vt 0.678715 0.860900
vt 0.121442 0.978484
vt 0.680551 0.861081
vt 0.121442 0.980315
vt 0.682387 0.860900
vt 0.121442 0.982156
vt 0.676949 0.860364
vt 0.121442 0.976733
vt 0.684316 0.860277
vt 0.121442 0.984101
vt 0.121442 0.983936
vt 0.684153 0.860364
vt 0.675322 0.859494
vt 0.121442 0.975130
vt 0.673895 0.858323
vt 0.696084 0.943606
vt 0.121442 0.973736
vt 0.121442 0.987046
vt 0.687207 0.858323
vt 0.084994 0.960326
vt 0.671855 0.855269
vt 0.696084 0.946660
vt 0.689247 0.855269
vt 0.084994 0.963380
vt 0.672724 0.856896
vt 0.696084 0.945032
vt 0.688378 0.856896
vt 0.084994 0.961753
vt 0.685781 0.859494
vt 0.121442 0.985587
vt 0.689964 0.851666
vt 0.084994 0.966983
vt 0.671319 0.853502
vt 0.696084 0.948426
vt 0.689783 0.853503
vt 0.084994 0.965146
vt 0.689247 0.848063
vt 0.084994 0.970586
vt 0.671319 0.849829
vt 0.696084 0.952100
vt 0.689783 0.849829
vt 0.084994 0.968820
vt 0.671138 0.851666
vt 0.696084 0.950263
vt 0.688378 0.846435
vt 0.084994 0.972214
vt 0.416039 0.983681
vt 0.685781 0.843838
vt 0.084994 0.973641
vt 0.687207 0.845008
vt 0.416039 0.985110
vt 0.682387 0.842432
vt 0.416039 0.980285
vt 0.680551 0.842251
vt 0.416039 0.978448
vt 0.684153 0.842968
vt 0.416039 0.982052
vt 0.672724 0.846435
vt 0.696084 0.955494
vt 0.671855 0.848063
vt 0.696084 0.953866
vt 0.675322 0.843837
vt 0.416039 0.973220
vt 0.678715 0.842432
vt 0.416039 0.976611
vt 0.676949 0.842968
vt 0.416039 0.974846
vt 0.673895 0.845008
vt 0.416039 0.971795
vt 0.696084 0.956920
vt 0.861748 0.117686
vt 0.126148 0.980315
vt 0.863584 0.117867
vt 0.126148 0.982156
vt 0.865350 0.118403
vt 0.126148 0.983936
vt 0.866977 0.119273
vt 0.126148 0.985587
vt 0.869574 0.121870
vt 0.089701 0.961753
vt 0.868403 0.120443
vt 0.126148 0.987046
vt 0.089701 0.960326
vt 0.870444 0.123498
vt 0.089701 0.963380
vt 0.852515 0.125264
vt 0.691377 0.948426
vt 0.870980 0.125264
vt 0.089701 0.965146
vt 0.870980 0.128938
vt 0.089701 0.968820
vt 0.852335 0.127101
vt 0.691377 0.950263
vt 0.871160 0.127101
vt 0.089701 0.966983
vt 0.853051 0.130704
vt 0.691377 0.953866
vt 0.870444 0.130704
vt 0.089701 0.970586
vt 0.411332 0.971795
vt 0.855092 0.133758
vt 0.691377 0.956920
vt 0.868403 0.133758
vt 0.089701 0.973641
vt 0.411332 0.985110
vt 0.853921 0.132332
vt 0.691377 0.955494
vt 0.869574 0.132331
vt 0.089701 0.972214
vt 0.865350 0.135799
vt 0.411332 0.982052
vt 0.861748 0.136516
vt 0.411332 0.978448
vt 0.859911 0.136335
vt 0.411332 0.976611
vt 0.863584 0.136335
vt 0.411332 0.980285
vt 0.856518 0.134929
vt 0.411332 0.973220
vt 0.858145 0.135799
vt 0.411332 0.974846
vt 0.866977 0.134929
vt 0.411332 0.983681
vt 0.852515 0.128938
vt 0.691377 0.952100
vt 0.859911 0.117867
vt 0.126148 0.978484
vt 0.858145 0.118403
vt 0.126148 0.976733
vt 0.856518 0.119273
vt 0.126148 0.975130
vt 0.691377 0.943606
vt 0.855092 0.120444
vt 0.126148 0.973736
vt 0.853051 0.123498
vt 0.691377 0.946660
vt 0.853921 0.121870
vt 0.691377 0.945032
vt 0.859911 0.051601
vt 0.116735 0.978484
vt 0.861748 0.051782
vt 0.116735 0.980315
vt 0.863584 0.051601
vt 0.116735 0.982156
vt 0.858145 0.051065
vt 0.116735 0.976733
vt 0.865350 0.051065
vt 0.116735 0.983936
vt 0.856518 0.050195
vt 0.116735 0.975130
vt 0.855092 0.049024
vt 0.089701 0.947011
vt 0.116735 0.973736
vt 0.116735 0.987046
vt 0.868403 0.049024
vt 0.889309 0.965073
vt 0.853051 0.045970
vt 0.089701 0.950066
vt 0.870444 0.045970
vt 0.889309 0.968128
vt 0.853921 0.047597
vt 0.089701 0.948438
vt 0.869574 0.047598
vt 0.889309 0.966500
vt 0.866977 0.050195
vt 0.116735 0.985587
vt 0.852335 0.042367
vt 0.089701 0.953669
vt 0.852515 0.044204
vt 0.089701 0.951832
vt 0.870980 0.044204
vt 0.889309 0.969894
vt 0.852515 0.040530
vt 0.089701 0.955505
vt 0.870980 0.040530
vt 0.889309 0.973567
vt 0.871160 0.042367
vt 0.889309 0.971730
vt 0.889309 0.978388
vt 0.868403 0.035710
vt 0.430549 0.979685
vt 0.869574 0.037136
vt 0.889309 0.976961
vt 0.865350 0.033669
vt 0.430549 0.976627
vt 0.861748 0.032952
vt 0.430549 0.973023
vt 0.863584 0.033133
vt 0.430549 0.974861
vt 0.866977 0.034539
vt 0.430549 0.978257
vt 0.870444 0.038764
vt 0.889309 0.975333
vt 0.853051 0.038764
vt 0.089701 0.957271
vt 0.853921 0.037136
vt 0.089701 0.958899
vt 0.855092 0.035710
vt 0.430549 0.966370
vt 0.089701 0.960326
vt 0.856518 0.034539
vt 0.430549 0.967795
vt 0.859911 0.033133
vt 0.430549 0.971187
vt 0.858145 0.033669
vt 0.430549 0.969422
vt 0.381221 0.848120
vt 0.121442 0.980315
vt 0.383057 0.848301
vt 0.121442 0.982156
vt 0.387877 0.850878
vt 0.121442 0.987046
vt 0.894015 0.965073
vt 0.386451 0.849707
vt 0.121442 0.985587
vt 0.384823 0.848837
vt 0.121442 0.983936
vt 0.389048 0.852304
vt 0.894015 0.966500
vt 0.389917 0.853932
vt 0.894015 0.968128
vt 0.390453 0.855698
vt 0.894015 0.969894
vt 0.371989 0.855698
vt 0.084994 0.951832
vt 0.371989 0.859372
vt 0.084994 0.955505
vt 0.371808 0.857535
vt 0.084994 0.953668
vt 0.390634 0.857535
vt 0.894015 0.971730
vt 0.372525 0.861138
vt 0.084994 0.957271
vt 0.389917 0.861138
vt 0.894015 0.975333
vt 0.425842 0.966370
vt 0.374565 0.864192
vt 0.084994 0.960326
vt 0.387877 0.864192
vt 0.894015 0.978388
vt 0.425842 0.979685
vt 0.373394 0.862766
vt 0.084994 0.958899
vt 0.389048 0.862766
vt 0.894015 0.976961
vt 0.377619 0.866233
vt 0.425842 0.969422
vt 0.384986 0.866146
vt 0.425842 0.976790
vt 0.381221 0.866950
vt 0.425842 0.973023
vt 0.379385 0.866769
vt 0.425842 0.971187
vt 0.383057 0.866769
vt 0.425842 0.974861
vt 0.375992 0.865363
vt 0.425842 0.967795
vt 0.384823 0.866233
vt 0.425842 0.976627
vt 0.386451 0.865363
vt 0.425842 0.978257
vt 0.390453 0.859372
vt 0.894015 0.973567
vt 0.379385 0.848301
vt 0.121442 0.978484
vt 0.375992 0.849707
vt 0.121442 0.975130
vt 0.377619 0.848837
vt 0.121442 0.976733
vt 0.373394 0.852305
vt 0.084994 0.948438
vt 0.372525 0.853932
vt 0.084994 0.950066
vt 0.084994 0.947011
vt 0.374565 0.850878
vt 0.121442 0.973736
vt 0.636945 0.860364
vt 0.126148 0.976733
vt 0.632720 0.856896
vt 0.972834 0.894831
vt 0.633891 0.858323
vt 0.972834 0.893404
vt 0.126148 0.973736
vt 0.631850 0.855268
vt 0.972834 0.896459
vt 0.635317 0.859494
vt 0.126148 0.975130
vt 0.631315 0.853502
vt 0.972834 0.898225
vt 0.631134 0.851665
vt 0.972834 0.900061
vt 0.631850 0.848062
vt 0.972834 0.903664
vt 0.632720 0.846435
vt 0.972834 0.905292
vt 0.631315 0.849829
vt 0.972834 0.901898
vt 0.640547 0.861080
vt 0.126148 0.980315
vt 0.638710 0.860899
vt 0.126148 0.978484
vt 0.642383 0.860899
vt 0.126148 0.982156
vt 0.645776 0.859494
vt 0.126148 0.985587
vt 0.644149 0.860364
vt 0.126148 0.983936
vt 0.649243 0.855268
vt 0.970158 0.670085
vt 0.648373 0.856896
vt 0.970158 0.668457
vt 0.649779 0.849829
vt 0.970158 0.675525
vt 0.649959 0.851665
vt 0.970158 0.673688
vt 0.649779 0.853502
vt 0.970158 0.671851
vt 0.126148 0.987046
vt 0.647202 0.858323
vt 0.970158 0.667031
vt 0.648373 0.846435
vt 0.970158 0.678919
vt 0.970158 0.680345
vt 0.647202 0.845008
vt 0.985054 0.984858
vt 0.985054 0.983429
vt 0.645776 0.843837
vt 0.633891 0.845008
vt 0.985054 0.971543
vt 0.972834 0.906719
vt 0.649243 0.848063
vt 0.970158 0.677291
vt 0.636945 0.842967
vt 0.985054 0.974594
vt 0.638534 0.842485
vt 0.985054 0.976183
vt 0.644149 0.842967
vt 0.985054 0.981800
vt 0.985054 0.978196
vt 0.640547 0.842251
vt 0.638710 0.842431
vt 0.985054 0.976360
vt 0.642383 0.842431
vt 0.985054 0.980033
vt 0.635317 0.843837
vt 0.985054 0.972968
vt 0.813047 0.123498
vt 0.968127 0.896459
vt 0.813916 0.121871
vt 0.968127 0.894831
vt 0.812511 0.125264
vt 0.968127 0.898225
vt 0.812330 0.127101
vt 0.968127 0.900061
vt 0.813047 0.130704
vt 0.968127 0.903664
vt 0.813916 0.132332
vt 0.968127 0.905292
vt 0.816514 0.134929
vt 0.980347 0.972968
vt 0.818141 0.135799
vt 0.980347 0.974594
vt 0.980347 0.971543
vt 0.815087 0.133759
vt 0.968127 0.906719
vt 0.812511 0.128938
vt 0.968127 0.901898
vt 0.821743 0.117686
vt 0.130855 0.980315
vt 0.819907 0.117867
vt 0.130855 0.978484
vt 0.823579 0.117867
vt 0.130855 0.982156
vt 0.818141 0.118403
vt 0.130855 0.976733
vt 0.825345 0.118403
vt 0.130855 0.983936
vt 0.830439 0.123498
vt 0.974864 0.670085
vt 0.829570 0.121870
vt 0.974864 0.668457
vt 0.968127 0.893404
vt 0.815087 0.120444
vt 0.130855 0.973736
vt 0.828399 0.120444
vt 0.130855 0.987046
vt 0.974864 0.667031
vt 0.816514 0.119273
vt 0.130855 0.975130
vt 0.826972 0.119273
vt 0.130855 0.985587
vt 0.830975 0.128938
vt 0.974864 0.675525
vt 0.831156 0.127101
vt 0.974864 0.673688
vt 0.828399 0.133758
vt 0.974864 0.680345
vt 0.980347 0.984858
vt 0.829570 0.132332
vt 0.974864 0.678919
vt 0.830439 0.130704
vt 0.974864 0.677291
vt 0.825345 0.135799
vt 0.980347 0.981800
vt 0.821743 0.136516
vt 0.980347 0.978196
vt 0.819907 0.136335
vt 0.980347 0.976360
vt 0.823579 0.136335
vt 0.980347 0.980033
vt 0.826972 0.134929
vt 0.980347 0.983429
vt 0.830975 0.125264
vt 0.974864 0.671851
vt 0.816514 0.050195
vt 0.268025 0.974004
vt 0.818141 0.051065
vt 0.268025 0.975607
vt 0.815087 0.049024
vt 0.626037 0.943879
vt 0.268025 0.972610
vt 0.813916 0.047597
vt 0.626037 0.945306
vt 0.813047 0.045969
vt 0.626037 0.946934
vt 0.812511 0.044203
vt 0.626037 0.948700
vt 0.812330 0.042367
vt 0.626037 0.950537
vt 0.813047 0.038764
vt 0.626037 0.954140
vt 0.813916 0.037136
vt 0.626037 0.955767
vt 0.812511 0.040530
vt 0.626037 0.952373
vt 0.821743 0.051782
vt 0.268025 0.979189
vt 0.819907 0.051601
vt 0.268025 0.977358
vt 0.823579 0.051601
vt 0.268025 0.981030
vt 0.825345 0.051065
vt 0.268025 0.982810
vt 0.826972 0.050195
vt 0.268025 0.984461
vt 0.268025 0.985920
vt 0.828399 0.049024
vt 0.888297 0.938282
vt 0.829569 0.047597
vt 0.888297 0.939709
vt 0.831156 0.042367
vt 0.888297 0.944940
vt 0.830975 0.044203
vt 0.888297 0.943103
vt 0.830439 0.045970
vt 0.888297 0.941337
vt 0.830975 0.040530
vt 0.888297 0.946776
vt 0.830439 0.038764
vt 0.888297 0.948542
vt 0.888297 0.951597
vt 0.828399 0.035709
vt 0.893003 0.964912
vt 0.815087 0.035709
vt 0.893003 0.951597
vt 0.626037 0.957194
vt 0.829569 0.037136
vt 0.888297 0.950170
vt 0.818141 0.033668
vt 0.893003 0.954648
vt 0.821743 0.032952
vt 0.893003 0.958250
vt 0.819907 0.033133
vt 0.893003 0.956413
vt 0.823579 0.033133
vt 0.893003 0.960087
vt 0.825345 0.033668
vt 0.893003 0.961854
vt 0.826972 0.034538
vt 0.893003 0.963483
vt 0.816514 0.034538
vt 0.893003 0.953022
vt 0.339380 0.848301
vt 0.272731 0.977358
vt 0.341217 0.848121
vt 0.272731 0.979189
vt 0.272731 0.975607
vt 0.337614 0.848837
vt 0.339204 0.848355
vt 0.272731 0.977183
vt 0.344819 0.848837
vt 0.272731 0.982810
vt 0.343053 0.848301
vt 0.272731 0.981030
vt 0.621330 0.943879
vt 0.334561 0.850878
vt 0.272731 0.972610
vt 0.332520 0.853933
vt 0.621330 0.946934
vt 0.349043 0.852305
vt 0.893003 0.939709
vt 0.333390 0.852305
vt 0.621330 0.945306
vt 0.347872 0.850878
vt 0.272731 0.985920
vt 0.893003 0.938282
vt 0.335987 0.849707
vt 0.272731 0.974004
vt 0.346446 0.849707
vt 0.272731 0.984461
vt 0.349913 0.853932
vt 0.893003 0.941337
vt 0.331985 0.855699
vt 0.621330 0.948700
vt 0.331804 0.857535
vt 0.621330 0.950537
vt 0.350448 0.855699
vt 0.893003 0.943103
vt 0.350629 0.857535
vt 0.893003 0.944940
vt 0.331985 0.859372
vt 0.621330 0.952373
vt 0.350448 0.859372
vt 0.893003 0.946776
vt 0.888297 0.951597
vt 0.334561 0.864193
vt 0.621330 0.957194
vt 0.333390 0.862766
vt 0.621330 0.955767
vt 0.337614 0.866234
vt 0.888297 0.954648
vt 0.339380 0.866769
vt 0.888297 0.956413
vt 0.332520 0.861138
vt 0.621330 0.954140
vt 0.335987 0.865364
vt 0.888297 0.953022
vt 0.349043 0.862766
vt 0.893003 0.950170
vt 0.349913 0.861138
vt 0.893003 0.948542
vt 0.347872 0.864193
vt 0.893003 0.951597
vt 0.888297 0.964912
vt 0.344819 0.866234
vt 0.888297 0.961854
vt 0.346446 0.865364
vt 0.888297 0.963483
vt 0.341217 0.866950
vt 0.888297 0.958250
vt 0.343053 0.866769
vt 0.888297 0.960087
vt 0.214445 0.731618
vt 0.951069 0.154264
vt 0.901886 0.151933
vt 0.214445 0.661007
vt 0.216281 0.731618
vt 0.952094 0.155798
vt 0.216281 0.661007
vt 0.900351 0.152959
vt 0.218047 0.731618
vt 0.952800 0.157503
vt 0.218047 0.661007
vt 0.899047 0.154264
vt 0.219675 0.731618
vt 0.953160 0.159313
vt 0.219675 0.661007
vt 0.898021 0.155798
vt 0.979659 0.360268
vt 0.221101 0.731618
vt 0.953160 0.161159
vt 0.221101 0.661007
vt 0.979659 0.430880
vt 0.897315 0.157503
vt 0.978266 0.360268
vt 0.952800 0.162969
vt 0.978266 0.430880
vt 0.896955 0.159314
vt 0.976663 0.360268
vt 0.952094 0.164675
vt 0.976663 0.430880
vt 0.896955 0.161159
vt 0.974913 0.360268
vt 0.951069 0.166209
vt 0.974913 0.430880
vt 0.897315 0.162969
vt 0.973082 0.360268
vt 0.949764 0.167514
vt 0.973082 0.430880
vt 0.898021 0.164675
vt 0.971241 0.360268
vt 0.948230 0.168540
vt 0.971241 0.430880
vt 0.899047 0.166209
vt 0.969461 0.360268
vt 0.946525 0.169246
vt 0.969461 0.430880
vt 0.900351 0.167514
vt 0.967811 0.360268
vt 0.944715 0.169606
vt 0.967811 0.430880
vt 0.901886 0.168540
vt 0.221101 0.590395
vt 0.966352 0.360268
vt 0.942870 0.169606
vt 0.966352 0.430880
vt 0.221101 0.661007
vt 0.903590 0.169246
vt 0.219675 0.590395
vt 0.941060 0.169246
vt 0.219675 0.661007
vt 0.905400 0.169606
vt 0.218047 0.590395
vt 0.939355 0.168540
vt 0.218047 0.661007
vt 0.907245 0.169606
vt 0.216281 0.590395
vt 0.937821 0.167514
vt 0.216281 0.661007
vt 0.909055 0.169246
vt 0.214445 0.590395
vt 0.936517 0.166209
vt 0.214445 0.661007
vt 0.910760 0.168540
vt 0.212609 0.590395
vt 0.935491 0.164674
vt 0.212609 0.661007
vt 0.912294 0.167514
vt 0.210843 0.590395
vt 0.934785 0.162969
vt 0.210843 0.661007
vt 0.913599 0.166209
vt 0.209216 0.590395
vt 0.934425 0.161159
vt 0.209216 0.661007
vt 0.914624 0.164674
vt 0.956122 0.586461
vt 0.207789 0.590395
vt 0.934425 0.159313
vt 0.207789 0.661007
vt 0.956122 0.515850
vt 0.915330 0.162969
vt 0.957550 0.586461
vt 0.934785 0.157503
vt 0.957550 0.515850
vt 0.915690 0.161159
vt 0.959178 0.586461
vt 0.935491 0.155798
vt 0.959178 0.515850
vt 0.915690 0.159313
vt 0.960945 0.586461
vt 0.936517 0.154264
vt 0.960945 0.515850
vt 0.915330 0.157503
vt 0.962782 0.586461
vt 0.937821 0.152959
vt 0.962782 0.515850
vt 0.914624 0.155798
vt 0.964618 0.586461
vt 0.939356 0.151933
vt 0.964618 0.515850
vt 0.913599 0.154264
vt 0.966383 0.586461
vt 0.941060 0.151227
vt 0.966383 0.515850
vt 0.912294 0.152959
vt 0.968009 0.586461
vt 0.942870 0.150867
vt 0.968009 0.515850
vt 0.910760 0.151933
vt 0.207789 0.731618
vt 0.969434 0.586461
vt 0.944715 0.150867
vt 0.969434 0.515850
vt 0.207789 0.661007
vt 0.909055 0.151227
vt 0.209216 0.731618
vt 0.946525 0.151227
vt 0.209216 0.661007
vt 0.907245 0.150867
vt 0.210843 0.731618
vt 0.948230 0.151933
vt 0.905400 0.150867
vt 0.210843 0.661007
vt 0.212609 0.731618
vt 0.949764 0.152959
vt 0.903590 0.151227
vt 0.212609 0.661007
s 1
usemtl 
f 3598/7788/875 3599/7792/875 3597/7785/875
f 3599/7793/876 3746/8045/876 3748/8049/876
f 3600/7795/876 3604/7807/876 3749/8051/876
f 3604/7808/877 3601/7797/877 3603/7803/877
f 3602/7801/878 3598/7789/878 3782/8121/878
f 3601/7798/878 3781/8119/878 3778/8113/878
f 3603/7805/879 3597/7787/879 3599/7791/879
f 3600/7796/880 3602/7802/880 3604/7806/880
f 3670/7946/880 3608/7815/881 3672/7948/881
f 3605/7809/880 3671/7947/881 3607/7813/881
f 3608/7815/881 3674/7950/882 3672/7948/881
f 3607/7813/881 3673/7949/882 3609/7817/882
f 3610/7819/882 3676/7952/883 3674/7950/882
f 3609/7817/882 3675/7951/883 3611/7821/883
f 3676/7952/883 3614/7828/884 3678/7955/884
f 3611/7821/883 3677/7953/884 3613/7825/884
f 3614/7829/884 3680/7958/885 3678/7956/884
f 3615/7831/885 3677/7954/884 3679/7957/885
f 3616/7833/885 3682/7960/886 3680/7958/885
f 3617/7835/886 3679/7957/885 3681/7959/886
f 3618/7837/886 3684/7962/887 3682/7960/886
f 3619/7839/887 3681/7959/886 3683/7961/887
f 3620/7841/887 3686/7964/877 3684/7962/887
f 3621/7843/877 3683/7961/887 3685/7963/877
f 3622/7845/877 3688/7966/888 3686/7964/877
f 3623/7847/888 3685/7963/877 3687/7965/888
f 3624/7849/888 3690/7968/889 3688/7966/888
f 3625/7851/889 3687/7965/888 3689/7967/889
f 3626/7853/889 3692/7970/890 3690/7968/889
f 3627/7855/890 3689/7967/889 3691/7969/890
f 3628/7857/890 3694/7974/891 3692/7970/890
f 3629/7859/891 3691/7969/890 3693/7971/891
f 3630/7863/891 3696/7976/892 3694/7973/891
f 3695/7975/892 3629/7860/891 3693/7972/891
f 3632/7867/892 3698/7978/893 3696/7976/892
f 3697/7977/893 3631/7865/892 3695/7975/892
f 3634/7871/893 3700/7980/894 3698/7978/893
f 3635/7873/894 3697/7977/893 3699/7979/894
f 3636/7875/894 3702/7982/879 3700/7980/894
f 3637/7877/879 3699/7979/894 3701/7981/879
f 3638/7879/879 3704/7984/895 3702/7982/879
f 3639/7881/895 3701/7981/879 3703/7983/895
f 3640/7883/895 3706/7986/896 3704/7984/895
f 3641/7885/896 3703/7983/895 3705/7985/896
f 3642/7887/896 3708/7988/897 3706/7986/896
f 3643/7889/897 3705/7985/896 3707/7987/897
f 3644/7891/897 3710/7992/898 3708/7988/897
f 3645/7893/898 3707/7987/897 3709/7989/898
f 3646/7897/898 3712/7994/899 3710/7991/898
f 3645/7894/898 3711/7993/899 3647/7899/899
f 3648/7901/899 3714/7996/900 3712/7994/899
f 3647/7899/899 3713/7995/900 3649/7903/900
f 3650/7905/900 3716/7998/901 3714/7996/900
f 3649/7903/900 3715/7997/901 3651/7907/901
f 3652/7909/901 3718/8000/875 3716/7998/901
f 3651/7907/901 3717/7999/875 3653/7911/875
f 3654/7913/875 3720/8002/902 3718/8000/875
f 3653/7911/875 3719/8001/902 3655/7915/902
f 3656/7917/902 3722/8004/903 3720/8002/902
f 3655/7915/902 3721/8003/903 3657/7919/903
f 3658/7921/903 3724/8006/904 3722/8004/903
f 3657/7919/903 3723/8005/904 3659/7923/904
f 3660/7925/904 3726/8010/905 3724/8006/904
f 3659/7923/904 3725/8007/905 3661/7927/905
f 3662/7931/905 3728/8012/906 3726/8009/905
f 3661/7928/905 3727/8011/906 3663/7933/906
f 3664/7935/906 3730/8014/907 3728/8012/906
f 3663/7933/906 3729/8013/907 3665/7937/907
f 3662/7932/878 3660/7926/878 3646/7898/878
f 3666/7940/907 3732/8016/908 3730/8014/907
f 3665/7937/907 3731/8015/908 3667/7941/908
f 3668/7944/908 3670/7946/880 3732/8016/908
f 3667/7941/908 3669/7945/880 3605/7809/880
f 3659/7924/876 3661/7929/876 3647/7900/876
f 3751/8056/895 3782/8122/879 3749/8052/879
f 3753/8060/896 3784/8126/895 3751/8056/895
f 3755/8064/897 3786/8130/896 3753/8060/896
f 3763/8081/898 3789/8138/897 3755/8064/897
f 3757/8068/899 3788/8136/898 3763/8079/898
f 3761/8076/900 3791/8142/899 3757/8068/899
f 3761/8076/900 3794/8148/901 3796/8152/900
f 3759/8072/901 3792/8144/875 3794/8148/901
f 3758/8070/875 3793/8146/902 3792/8144/875
f 3760/8074/902 3795/8150/903 3793/8146/902
f 3762/8078/903 3790/8140/904 3795/8150/903
f 3756/8066/904 3787/8133/905 3790/8140/904
f 3764/8084/905 3785/8128/906 3787/8131/905
f 3754/8062/906 3783/8124/907 3785/8128/906
f 3752/8058/907 3781/8120/908 3783/8124/907
f 3750/8054/908 3778/8114/880 3781/8120/908
f 3748/8050/880 3780/8118/881 3778/8114/880
f 3746/8046/881 3777/8112/882 3780/8118/881
f 3745/8044/882 3775/8108/883 3777/8112/882
f 3743/8040/883 3773/8104/884 3775/8108/883
f 3741/8036/884 3769/8094/885 3773/8102/884
f 3736/8024/885 3770/8096/886 3769/8094/885
f 3734/8020/887 3770/8096/886 3738/8028/886
f 3733/8018/877 3766/8088/887 3734/8020/887
f 3735/8022/888 3765/8086/877 3733/8018/877
f 3739/8030/889 3767/8090/888 3735/8022/888
f 3737/8026/890 3771/8098/889 3739/8030/889
f 3740/8033/891 3768/8092/890 3737/8026/890
f 3742/8038/892 3772/8101/891 3740/8031/891
f 3744/8042/893 3774/8106/892 3742/8038/892
f 3747/8048/894 3776/8110/893 3744/8042/893
f 3749/8052/879 3779/8116/894 3747/8048/894
f 3598/7788/875 3600/7794/875 3599/7792/875
f 3758/8069/876 3759/8071/876 3604/7807/876
f 3604/7807/876 3603/7804/876 3762/8077/876
f 3603/7804/876 3599/7793/876 3748/8049/876
f 3762/8077/876 3603/7804/876 3756/8065/876
f 3600/7795/876 3735/8021/876 3733/8017/876
f 3600/7795/876 3733/8017/876 3734/8019/876
f 3760/8073/876 3758/8069/876 3604/7807/876
f 3762/8077/876 3760/8073/876 3604/7807/876
f 3599/7793/876 3600/7795/876 3738/8027/876
f 3600/7795/876 3734/8019/876 3738/8027/876
f 3756/8065/876 3603/7804/876 3764/8082/876
f 3764/8082/876 3603/7804/876 3754/8061/876
f 3599/7793/876 3738/8027/876 3736/8023/876
f 3599/7793/876 3736/8023/876 3741/8034/876
f 3754/8061/876 3603/7804/876 3752/8057/876
f 3752/8057/876 3603/7804/876 3750/8053/876
f 3599/7793/876 3741/8034/876 3743/8039/876
f 3599/7793/876 3743/8039/876 3745/8043/876
f 3750/8053/876 3603/7804/876 3748/8049/876
f 3599/7793/876 3745/8043/876 3746/8045/876
f 3739/8029/876 3735/8021/876 3600/7795/876
f 3604/7807/876 3759/8071/876 3761/8075/876
f 3604/7807/876 3761/8075/876 3757/8067/876
f 3737/8025/876 3739/8029/876 3600/7795/876
f 3740/8032/876 3737/8025/876 3600/7795/876
f 3604/7807/876 3757/8067/876 3763/8080/876
f 3604/7807/876 3763/8080/876 3755/8063/876
f 3742/8037/876 3740/8032/876 3600/7795/876
f 3744/8041/876 3742/8037/876 3600/7795/876
f 3604/7807/876 3755/8063/876 3753/8059/876
f 3604/7807/876 3753/8059/876 3751/8055/876
f 3747/8047/876 3744/8041/876 3600/7795/876
f 3604/7807/876 3751/8055/876 3749/8051/876
f 3749/8051/876 3747/8047/876 3600/7795/876
f 3604/7808/877 3602/7800/877 3601/7797/877
f 3796/8151/878 3794/8147/878 3602/7801/878
f 3598/7789/878 3767/8089/878 3771/8097/878
f 3598/7789/878 3771/8097/878 3768/8091/878
f 3791/8141/878 3796/8151/878 3602/7801/878
f 3788/8134/878 3791/8141/878 3602/7801/878
f 3598/7789/878 3768/8091/878 3772/8099/878
f 3598/7789/878 3772/8099/878 3774/8105/878
f 3789/8137/878 3788/8134/878 3602/7801/878
f 3786/8129/878 3789/8137/878 3602/7801/878
f 3598/7789/878 3774/8105/878 3776/8109/878
f 3598/7789/878 3776/8109/878 3779/8115/878
f 3784/8125/878 3786/8129/878 3602/7801/878
f 3598/7789/878 3779/8115/878 3782/8121/878
f 3782/8121/878 3784/8125/878 3602/7801/878
f 3598/7789/878 3597/7786/878 3770/8095/878
f 3597/7786/878 3601/7798/878 3778/8113/878
f 3598/7789/878 3770/8095/878 3766/8087/878
f 3602/7801/878 3794/8147/878 3792/8143/878
f 3602/7801/878 3792/8143/878 3793/8145/878
f 3765/8085/878 3767/8089/878 3598/7789/878
f 3766/8087/878 3765/8085/878 3598/7789/878
f 3601/7798/878 3602/7801/878 3795/8149/878
f 3602/7801/878 3793/8145/878 3795/8149/878
f 3770/8095/878 3597/7786/878 3769/8093/878
f 3769/8093/878 3597/7786/878 3773/8103/878
f 3601/7798/878 3795/8149/878 3790/8139/878
f 3601/7798/878 3790/8139/878 3787/8132/878
f 3773/8103/878 3597/7786/878 3775/8107/878
f 3775/8107/878 3597/7786/878 3777/8111/878
f 3601/7798/878 3787/8132/878 3785/8127/878
f 3601/7798/878 3785/8127/878 3783/8123/878
f 3777/8111/878 3597/7786/878 3780/8117/878
f 3780/8117/878 3597/7786/878 3778/8113/878
f 3601/7798/878 3783/8123/878 3781/8119/878
f 3603/7805/879 3601/7799/879 3597/7787/879
f 3600/7796/880 3598/7790/880 3602/7802/880
f 3670/7946/880 3606/7812/880 3608/7815/881
f 3605/7809/880 3669/7945/880 3671/7947/881
f 3608/7815/881 3610/7819/882 3674/7950/882
f 3607/7813/881 3671/7947/881 3673/7949/882
f 3610/7819/882 3612/7823/883 3676/7952/883
f 3609/7817/882 3673/7949/882 3675/7951/883
f 3676/7952/883 3612/7823/883 3614/7828/884
f 3611/7821/883 3675/7951/883 3677/7953/884
f 3614/7829/884 3616/7833/885 3680/7958/885
f 3615/7831/885 3613/7826/884 3677/7954/884
f 3616/7833/885 3618/7837/886 3682/7960/886
f 3617/7835/886 3615/7831/885 3679/7957/885
f 3618/7837/886 3620/7841/887 3684/7962/887
f 3619/7839/887 3617/7835/886 3681/7959/886
f 3620/7841/887 3622/7845/877 3686/7964/877
f 3621/7843/877 3619/7839/887 3683/7961/887
f 3622/7845/877 3624/7849/888 3688/7966/888
f 3623/7847/888 3621/7843/877 3685/7963/877
f 3624/7849/888 3626/7853/889 3690/7968/889
f 3625/7851/889 3623/7847/888 3687/7965/888
f 3626/7853/889 3628/7857/890 3692/7970/890
f 3627/7855/890 3625/7851/889 3689/7967/889
f 3628/7857/890 3630/7862/891 3694/7974/891
f 3629/7859/891 3627/7855/890 3691/7969/890
f 3630/7863/891 3632/7867/892 3696/7976/892
f 3695/7975/892 3631/7865/892 3629/7860/891
f 3632/7867/892 3634/7871/893 3698/7978/893
f 3697/7977/893 3633/7869/893 3631/7865/892
f 3634/7871/893 3636/7875/894 3700/7980/894
f 3635/7873/894 3633/7869/893 3697/7977/893
f 3636/7875/894 3638/7879/879 3702/7982/879
f 3637/7877/879 3635/7873/894 3699/7979/894
f 3638/7879/879 3640/7883/895 3704/7984/895
f 3639/7881/895 3637/7877/879 3701/7981/879
f 3640/7883/895 3642/7887/896 3706/7986/896
f 3641/7885/896 3639/7881/895 3703/7983/895
f 3642/7887/896 3644/7891/897 3708/7988/897
f 3643/7889/897 3641/7885/896 3705/7985/896
f 3644/7891/897 3646/7896/898 3710/7992/898
f 3645/7893/898 3643/7889/897 3707/7987/897
f 3646/7897/898 3648/7901/899 3712/7994/899
f 3645/7894/898 3709/7990/898 3711/7993/899
f 3648/7901/899 3650/7905/900 3714/7996/900
f 3647/7899/899 3711/7993/899 3713/7995/900
f 3650/7905/900 3652/7909/901 3716/7998/901
f 3649/7903/900 3713/7995/900 3715/7997/901
f 3652/7909/901 3654/7913/875 3718/8000/875
f 3651/7907/901 3715/7997/901 3717/7999/875
f 3654/7913/875 3656/7917/902 3720/8002/902
f 3653/7911/875 3717/7999/875 3719/8001/902
f 3656/7917/902 3658/7921/903 3722/8004/903
f 3655/7915/902 3719/8001/902 3721/8003/903
f 3658/7921/903 3660/7925/904 3724/8006/904
f 3657/7919/903 3721/8003/903 3723/8005/904
f 3660/7925/904 3662/7930/905 3726/8010/905
f 3659/7923/904 3723/8005/904 3725/8007/905
f 3662/7931/905 3664/7935/906 3728/8012/906
f 3661/7928/905 3725/8008/905 3727/8011/906
f 3664/7935/906 3666/7940/907 3730/8014/907
f 3663/7933/906 3727/8011/906 3729/8013/907
f 3658/7922/878 3656/7918/878 3650/7906/878
f 3656/7918/878 3654/7914/878 3652/7910/878
f 3650/7906/878 3656/7918/878 3652/7910/878
f 3650/7906/878 3648/7902/878 3658/7922/878
f 3648/7902/878 3646/7898/878 3660/7926/878
f 3658/7922/878 3648/7902/878 3660/7926/878
f 3646/7898/878 3644/7892/878 3662/7932/878
f 3644/7892/878 3642/7888/878 3664/7936/878
f 3662/7932/878 3644/7892/878 3664/7936/878
f 3642/7888/878 3640/7884/878 3668/7943/878
f 3640/7884/878 3638/7880/878 3606/7811/878
f 3638/7880/878 3636/7876/878 3608/7816/878
f 3636/7876/878 3634/7872/878 3610/7820/878
f 3634/7872/878 3632/7868/878 3610/7820/878
f 3632/7868/878 3630/7864/878 3612/7824/878
f 3610/7820/878 3632/7868/878 3612/7824/878
f 3630/7864/878 3628/7858/878 3614/7830/878
f 3628/7858/878 3626/7854/878 3616/7834/878
f 3614/7830/878 3628/7858/878 3616/7834/878
f 3626/7854/878 3624/7850/878 3620/7842/878
f 3624/7850/878 3622/7846/878 3620/7842/878
f 3620/7842/878 3618/7838/878 3626/7854/878
f 3618/7838/878 3616/7834/878 3626/7854/878
f 3614/7830/878 3612/7824/878 3630/7864/878
f 3610/7820/878 3608/7816/878 3636/7876/878
f 3608/7816/878 3606/7811/878 3638/7880/878
f 3606/7811/878 3668/7943/878 3640/7884/878
f 3668/7943/878 3666/7939/878 3642/7888/878
f 3666/7939/878 3664/7936/878 3642/7888/878
f 3666/7940/907 3668/7944/908 3732/8016/908
f 3665/7937/907 3729/8013/907 3731/8015/908
f 3668/7944/908 3606/7812/880 3670/7946/880
f 3667/7941/908 3731/8015/908 3669/7945/880
f 3663/7934/876 3665/7938/876 3641/7886/876
f 3665/7938/876 3667/7942/876 3639/7882/876
f 3667/7942/876 3605/7810/876 3639/7882/876
f 3605/7810/876 3607/7814/876 3637/7878/876
f 3639/7882/876 3605/7810/876 3637/7878/876
f 3607/7814/876 3609/7818/876 3633/7870/876
f 3609/7818/876 3611/7822/876 3631/7866/876
f 3611/7822/876 3613/7827/876 3631/7866/876
f 3613/7827/876 3615/7832/876 3629/7861/876
f 3631/7866/876 3613/7827/876 3629/7861/876
f 3615/7832/876 3617/7836/876 3625/7852/876
f 3617/7836/876 3619/7840/876 3623/7848/876
f 3619/7840/876 3621/7844/876 3623/7848/876
f 3623/7848/876 3625/7852/876 3617/7836/876
f 3625/7852/876 3627/7856/876 3615/7832/876
f 3627/7856/876 3629/7861/876 3615/7832/876
f 3631/7866/876 3633/7870/876 3609/7818/876
f 3633/7870/876 3635/7874/876 3607/7814/876
f 3635/7874/876 3637/7878/876 3607/7814/876
f 3639/7882/876 3641/7886/876 3665/7938/876
f 3641/7886/876 3643/7890/876 3663/7934/876
f 3643/7890/876 3645/7895/876 3663/7934/876
f 3645/7895/876 3647/7900/876 3661/7929/876
f 3663/7934/876 3645/7895/876 3661/7929/876
f 3647/7900/876 3649/7904/876 3657/7920/876
f 3649/7904/876 3651/7908/876 3655/7916/876
f 3651/7908/876 3653/7912/876 3655/7916/876
f 3655/7916/876 3657/7920/876 3649/7904/876
f 3657/7920/876 3659/7924/876 3647/7900/876
f 3751/8056/895 3784/8126/895 3782/8122/879
f 3753/8060/896 3786/8130/896 3784/8126/895
f 3755/8064/897 3789/8138/897 3786/8130/896
f 3763/8081/898 3788/8135/898 3789/8138/897
f 3757/8068/899 3791/8142/899 3788/8136/898
f 3761/8076/900 3796/8152/900 3791/8142/899
f 3761/8076/900 3759/8072/901 3794/8148/901
f 3759/8072/901 3758/8070/875 3792/8144/875
f 3758/8070/875 3760/8074/902 3793/8146/902
f 3760/8074/902 3762/8078/903 3795/8150/903
f 3762/8078/903 3756/8066/904 3790/8140/904
f 3756/8066/904 3764/8083/905 3787/8133/905
f 3764/8084/905 3754/8062/906 3785/8128/906
f 3754/8062/906 3752/8058/907 3783/8124/907
f 3752/8058/907 3750/8054/908 3781/8120/908
f 3750/8054/908 3748/8050/880 3778/8114/880
f 3748/8050/880 3746/8046/881 3780/8118/881
f 3746/8046/881 3745/8044/882 3777/8112/882
f 3745/8044/882 3743/8040/883 3775/8108/883
f 3743/8040/883 3741/8035/884 3773/8104/884
f 3741/8036/884 3736/8024/885 3769/8094/885
f 3736/8024/885 3738/8028/886 3770/8096/886
f 3734/8020/887 3766/8088/887 3770/8096/886
f 3733/8018/877 3765/8086/877 3766/8088/887
f 3735/8022/888 3767/8090/888 3765/8086/877
f 3739/8030/889 3771/8098/889 3767/8090/888
f 3737/8026/890 3768/8092/890 3771/8098/889
f 3740/8033/891 3772/8100/891 3768/8092/890
f 3742/8038/892 3774/8106/892 3772/8101/891
f 3744/8042/893 3776/8110/893 3774/8106/892
f 3747/8048/894 3779/8116/894 3776/8110/893
f 3749/8052/879 3782/8122/879 3779/8116/894
f 3798/8156/880 3799/8157/881 3797/8153/880
f 3800/8159/881 3801/8161/882 3799/8157/881
f 3802/8163/882 3803/8165/883 3801/8161/882
f 3804/8167/883 3805/8170/884 3803/8165/883
f 3806/8173/884 3807/8175/885 3805/8169/884
f 3808/8177/885 3809/8179/886 3807/8175/885
f 3810/8181/886 3811/8183/887 3809/8179/886
f 3812/8185/887 3813/8187/877 3811/8183/887
f 3814/8189/877 3815/8191/888 3813/8187/877
f 3816/8193/888 3817/8195/889 3815/8191/888
f 3818/8197/889 3819/8199/890 3817/8195/889
f 3820/8201/890 3821/8204/891 3819/8199/890
f 3822/8207/891 3823/8209/892 3821/8203/891
f 3824/8211/892 3825/8213/893 3823/8209/892
f 3826/8215/893 3827/8217/894 3825/8213/893
f 3828/8219/894 3829/8221/879 3827/8217/894
f 3830/8223/879 3831/8225/895 3829/8221/879
f 3832/8227/895 3833/8229/896 3831/8225/895
f 3834/8231/896 3835/8233/897 3833/8229/896
f 3836/8235/897 3837/8238/898 3835/8233/897
f 3838/8241/898 3839/8243/899 3837/8237/898
f 3840/8245/899 3841/8247/900 3839/8243/899
f 3842/8249/900 3843/8251/901 3841/8247/900
f 3844/8253/901 3845/8255/875 3843/8251/901
f 3846/8257/875 3847/8259/902 3845/8255/875
f 3848/8261/902 3849/8263/903 3847/8259/902
f 3850/8265/903 3851/8267/904 3849/8263/903
f 3852/8269/904 3853/8272/905 3851/8267/904
f 3854/8275/905 3855/8277/906 3853/8271/905
f 3856/8279/906 3857/8281/907 3855/8277/906
f 3834/8232/878 3818/8198/878 3802/8164/878
f 3858/8284/907 3859/8285/908 3857/8281/907
f 3860/8288/908 3797/8153/880 3859/8285/908
f 3827/8218/876 3843/8252/876 3859/8286/876
f 4013/8647/878 4018/8657/878 3887/8352/878
f 3888/8354/878 4025/8672/878 4023/8668/878
f 4136/8908/878 4138/8912/878 3881/8337/878
f 3902/8389/909 3903/8391/910 3891/8362/910
f 3877/8329/911 3887/8353/912 3896/8372/912
f 3912/8414/878 3987/8587/878 3906/8399/878
f 4043/8710/876 4040/8704/876 3877/8328/876
f 4169/8977/876 4190/9023/876 3893/8365/876
f 4164/8967/876 4165/8969/876 3871/8314/876
f 3862/8293/913 3873/8320/914 3871/8313/913
f 3865/8300/914 3874/8322/915 3873/8318/914
f 3864/8297/915 3875/8324/916 3874/8322/915
f 3863/8295/916 3872/8316/917 3875/8324/916
f 3877/8329/911 3868/8308/918 3866/8302/911
f 3880/8336/918 3869/8310/919 3868/8306/918
f 3879/8333/919 3870/8312/920 3869/8310/919
f 3878/8331/920 3867/8304/921 3870/8312/920
f 3892/8364/922 3883/8344/923 3881/8338/922
f 3895/8371/923 3884/8346/924 3883/8342/923
f 3894/8368/924 3885/8348/925 3884/8346/924
f 3893/8366/925 3903/8391/910 3885/8348/925
f 3887/8353/912 3898/8378/926 3896/8372/912
f 3890/8360/926 3899/8381/927 3898/8378/926
f 3889/8358/927 3900/8383/928 3899/8379/927
f 3888/8355/928 3897/8376/929 3900/8383/928
f 3892/8364/922 3862/8293/913 3871/8313/913
f 3886/8349/878 3882/8340/878 3901/8384/878
f 3891/8361/876 3897/8375/876 3902/8388/876
f 3904/8394/880 3902/8390/880 3897/8374/880
f 3882/8340/878 3904/8395/878 3903/8392/878
f 3882/8340/878 3905/8398/878 3901/8384/878
f 3901/8384/878 3904/8395/878 3886/8349/878
f 4201/9046/878 4203/9050/878 3926/8447/878
f 4195/9033/878 4205/9054/878 3908/8404/878
f 4082/8793/878 4081/8791/878 3932/8461/878
f 3931/8458/878 3927/8449/878 3946/8494/878
f 3922/8439/911 3932/8462/912 3941/8482/912
f 3906/8400/879 3988/8589/879 3917/8425/879
f 4233/9114/876 4240/9129/876 3916/8424/876
f 4118/8870/876 4120/8874/876 3945/8492/876
f 4107/8846/876 4103/8838/876 3922/8438/876
f 3907/8403/913 3918/8430/914 3916/8423/913
f 3910/8410/914 3919/8432/915 3918/8428/914
f 3909/8407/915 3920/8434/916 3919/8432/915
f 3908/8405/916 3917/8426/917 3920/8434/916
f 3922/8439/911 3913/8418/918 3911/8412/911
f 3925/8446/918 3914/8420/919 3913/8416/918
f 3924/8443/919 3915/8422/920 3914/8420/919
f 3923/8441/920 3912/8415/921 3915/8422/920
f 3937/8474/922 3928/8453/923 3926/8448/922
f 3940/8481/923 3929/8455/924 3928/8451/923
f 3939/8478/924 3930/8457/925 3929/8455/924
f 3938/8476/925 3927/8450/910 3930/8457/925
f 3932/8462/912 3943/8488/926 3941/8482/912
f 3935/8469/926 3944/8491/927 3943/8488/926
f 3934/8467/927 3945/8493/928 3944/8489/927
f 3933/8464/928 3948/8502/929 3945/8493/928
f 3937/8474/922 3907/8403/913 3916/8423/913
f 3936/8470/876 3942/8485/876 3947/8497/876
f 3931/8460/880 3950/8506/880 3948/8501/880
f 3950/8507/909 3927/8450/910 3949/8504/910
f 3936/8470/876 3948/8503/876 3942/8485/876
f 3947/8497/876 3948/8503/876 3950/8508/876
f 3936/8470/876 3950/8508/876 3949/8505/876
f 3955/8519/930 3963/8536/930 3964/8538/930
f 3936/8471/931 3886/8350/932 3882/8339/931
f 3959/8527/933 3951/8509/933 3952/8511/933
f 3951/8510/880 3963/8537/880 3955/8518/880
f 3901/8385/934 3954/8517/935 3956/8521/936
f 3956/8521/936 3953/8515/937 3957/8523/938
f 3957/8523/938 3952/8512/939 3958/8524/939
f 3958/8526/940 3951/8510/940 3955/8518/940
f 3947/8499/941 3960/8530/942 3942/8484/941
f 3966/8544/943 3961/8532/944 3960/8530/942
f 3965/8542/945 3962/8535/946 3961/8532/944
f 3964/8540/947 3959/8528/947 3962/8533/947
f 3936/8471/931 3882/8339/931 3968/8547/948
f 3967/8546/949 3979/8570/950 3975/8561/951
f 3901/8386/952 3947/8498/952 3980/8571/953
f 3882/8341/954 3974/8560/955 3968/8548/956
f 3968/8548/956 3973/8558/957 3969/8550/958
f 3969/8550/958 3972/8555/959 3970/8551/959
f 3970/8553/960 3971/8554/961 3967/8546/949
f 3979/8570/950 3976/8565/962 3975/8561/951
f 3982/8576/963 3977/8567/964 3976/8563/963
f 3981/8574/965 3978/8569/966 3977/8567/964
f 3980/8572/967 3936/8472/968 3978/8569/966
f 3987/8588/879 3996/8610/879 3988/8589/879
f 3990/8595/878 3995/8609/878 3987/8587/878
f 3872/8317/876 3985/8582/876 3876/8325/876
f 3917/8427/876 3989/8592/876 3921/8435/876
f 3876/8327/880 3986/8584/880 3867/8303/880
f 3861/8291/879 3984/8580/879 3872/8315/879
f 3867/8305/878 3983/8578/878 3861/8289/878
f 3921/8437/880 3990/8596/880 3912/8413/880
f 3994/8606/875 3992/8599/875 3991/8597/875
f 3998/8615/875 3996/8611/875 3995/8607/875
f 3994/8605/880 3989/8594/880 3986/8584/880
f 3983/8579/879 3992/8600/879 3984/8580/879
f 3986/8586/877 3988/8591/877 3983/8577/877
f 3989/8594/880 3998/8616/880 3990/8596/880
f 3984/8581/876 3993/8603/876 3985/8582/876
f 3985/8583/880 3994/8605/880 3986/8584/880
f 3996/8610/879 3983/8579/879 3988/8589/879
f 3996/8611/875 3994/8606/875 3991/8597/875
f 4082/8794/879 4122/8879/895 4081/8792/895
f 4013/8648/879 4041/8707/895 4018/8658/895
f 4081/8792/895 4109/8851/896 4089/8809/896
f 4018/8658/895 4045/8715/896 4016/8654/896
f 4089/8809/896 4113/8861/897 4084/8799/897
f 4016/8654/896 4049/8725/897 4020/8662/897
f 4084/8799/897 4111/8856/898 4083/8795/898
f 4020/8662/897 4047/8720/898 4022/8665/898
f 4083/8797/898 4121/8877/899 4088/8807/899
f 4022/8667/898 4056/8739/899 4021/8663/899
f 4088/8807/899 4115/8865/969 4085/8801/900
f 4056/8739/899 4025/8673/900 4021/8663/899
f 4087/8805/901 4120/8875/900 4118/8871/901
f 4050/8727/900 4023/8669/901 4025/8673/900
f 4086/8803/875 4118/8871/901 4116/8867/875
f 4053/8733/901 4024/8671/875 4023/8669/901
f 4116/8867/875 4094/8820/902 4086/8803/875
f 4029/8681/902 4051/8729/875 4052/8731/902
f 4095/8822/903 4117/8869/902 4114/8863/903
f 4052/8731/902 4030/8683/903 4029/8681/902
f 4093/8818/904 4114/8863/903 4119/8873/904
f 4055/8737/903 4028/8679/904 4030/8683/903
f 4092/8815/905 4119/8873/904 4110/8852/905
f 4031/8685/905 4054/8735/904 4046/8716/905
f 4091/8813/906 4110/8854/905 4112/8859/906
f 4026/8675/906 4046/8718/905 4048/8723/906
f 4090/8811/907 4112/8859/906 4108/8849/907
f 4027/8677/907 4048/8723/906 4044/8713/907
f 4080/8790/908 4108/8849/907 4105/8843/908
f 4017/8656/908 4044/8713/907 4057/8741/908
f 4077/8784/880 4105/8843/908 4106/8845/880
f 4019/8660/880 4057/8741/908 4042/8709/880
f 4078/8786/881 4106/8845/880 4104/8841/881
f 4014/8650/881 4042/8709/880 4039/8703/881
f 4072/8774/882 4104/8841/881 4127/8889/882
f 4008/8638/882 4039/8703/881 4062/8752/882
f 4074/8778/883 4127/8889/882 4126/8887/883
f 4010/8642/883 4062/8752/882 4063/8754/883
f 4070/8768/884 4126/8887/883 4128/8890/884
f 4006/8632/884 4063/8754/883 4061/8748/884
f 4069/8766/885 4128/8892/884 4124/8883/885
f 4005/8630/885 4061/8750/884 4060/8747/885
f 4067/8762/886 4124/8883/885 4125/8885/886
f 4005/8630/885 4059/8745/886 4002/8624/886
f 4064/8756/887 4125/8885/886 4123/8881/887
f 4002/8624/886 4058/8743/887 3999/8618/887
f 4064/8756/887 4096/8824/877 4065/8758/877
f 3999/8618/887 4032/8688/877 4000/8620/877
f 4066/8760/888 4096/8824/877 4097/8826/888
f 4000/8620/877 4033/8690/888 4001/8622/888
f 4068/8764/889 4097/8826/888 4100/8833/889
f 4001/8622/888 4034/8692/889 4004/8627/889
f 4076/8782/890 4100/8833/889 4099/8831/890
f 4003/8626/970 4004/8627/889 4034/8692/889
f 4076/8782/890 4098/8828/891 4071/8770/891
f 4012/8646/890 4037/8698/891 4007/8634/891
f 4071/8772/891 4101/8835/892 4075/8780/892
f 4007/8636/891 4036/8696/892 4011/8644/892
f 4075/8780/892 4102/8837/893 4073/8776/893
f 4011/8644/892 4038/8701/893 4009/8640/893
f 4073/8776/893 4103/8839/894 4079/8788/894
f 4009/8640/893 4040/8705/894 4015/8652/894
f 4079/8788/894 4107/8847/879 4082/8794/879
f 4015/8652/894 4043/8711/879 4013/8648/879
f 4211/9068/879 4245/9140/895 4214/9074/895
f 4147/8931/879 4183/9009/895 4146/8929/895
f 4214/9074/895 4253/9157/896 4215/9076/896
f 4146/8929/895 4187/9018/896 4154/8948/896
f 4215/9076/896 4252/9155/897 4218/9084/897
f 4154/8948/896 4186/9016/897 4150/8938/897
f 4218/9084/897 4254/9159/898 4216/9077/898
f 4150/8938/897 4185/9013/898 4151/8939/898
f 4216/9079/898 4256/9164/899 4224/9096/899
f 4151/8941/898 4192/9028/899 4152/8942/899
f 4223/9094/900 4256/9164/899 4255/9162/900
f 4192/9028/899 4157/8954/900 4152/8942/899
f 4222/9092/901 4255/9162/900 4258/9168/901
f 4188/9020/900 4160/8960/901 4157/8954/900
f 4220/9088/875 4258/9168/901 4257/9166/875
f 4160/8960/901 4189/9022/875 4158/8955/875
f 4221/9090/902 4257/9166/875 4249/9149/902
f 4189/9022/875 4159/8958/902 4158/8955/875
f 4249/9149/902 4219/9086/903 4221/9090/902
f 4156/8952/971 4159/8958/902 4190/9024/902
f 4225/9098/904 4248/9147/903 4251/9153/904
f 4169/8978/903 4161/8962/904 4155/8950/903
f 4217/9081/905 4251/9153/904 4246/9141/905
f 4153/8945/905 4168/8976/904 4170/8979/905
f 4202/9049/906 4246/9143/905 4247/9145/906
f 4137/8911/906 4170/8981/905 4167/8974/906
f 4201/9047/907 4247/9145/906 4250/9151/907
f 4136/8909/907 4167/8974/906 4166/8972/907
f 4203/9051/908 4250/9151/907 4244/9138/908
f 4138/8913/908 4166/8972/907 4171/8983/908
f 4200/9045/880 4244/9138/908 4241/9132/880
f 4135/8907/880 4171/8983/908 4165/8970/880
f 4199/9043/881 4241/9132/880 4240/9130/881
f 4134/8905/881 4165/8970/880 4164/8968/881
f 4198/9041/882 4240/9130/881 4233/9115/882
f 4132/8901/882 4164/8968/881 4162/8964/882
f 4197/9039/883 4233/9115/882 4235/9119/883
f 4130/8896/883 4162/8964/882 4163/8966/883
f 4196/9036/884 4235/9119/883 4232/9111/884
f 4131/8898/884 4163/8966/883 4179/8998/884
f 4194/9032/885 4232/9113/884 4237/9124/885
f 4133/8903/885 4179/9000/884 4181/9005/885
f 4195/9034/886 4237/9124/885 4228/9103/886
f 4133/8903/885 4175/8991/886 4129/8894/886
f 4195/9034/886 4228/9103/886 4229/9106/972
f 4129/8894/886 4173/8987/887 4140/8917/887
f 4204/9053/877 4226/9100/887 4227/9102/877
f 4140/8917/887 4172/8985/877 4139/8915/877
f 4206/9057/888 4227/9102/877 4231/9110/888
f 4141/8919/888 4172/8985/877 4174/8989/888
f 4207/9059/889 4231/9110/888 4230/9108/889
f 4141/8919/888 4176/8993/889 4143/8923/889
f 4208/9061/890 4230/9108/889 4238/9126/890
f 4143/8923/889 4182/9007/890 4142/8921/890
f 4208/9061/890 4236/9121/891 4209/9062/891
f 4142/8921/890 4180/9002/891 4149/8934/891
f 4209/9064/891 4234/9117/892 4210/9066/892
f 4149/8936/891 4178/8997/892 4145/8927/892
f 4210/9066/892 4239/9128/893 4213/9072/893
f 4145/8927/892 4177/8995/893 4144/8925/893
f 4213/9072/893 4242/9134/894 4212/9070/894
f 4144/8925/893 4193/9030/894 4148/8933/894
f 4212/9070/894 4243/9136/879 4211/9068/879
f 4148/8933/894 4184/9011/879 4147/8931/879
f 4260/9172/880 4261/9173/881 4259/9169/880
f 4262/9175/881 4263/9177/882 4261/9173/881
f 4264/9179/882 4265/9181/883 4263/9177/882
f 4266/9183/883 4267/9186/884 4265/9181/883
f 4268/9189/884 4269/9191/885 4267/9185/884
f 4270/9193/885 4271/9195/886 4269/9191/885
f 4272/9197/886 4273/9199/887 4271/9195/886
f 4274/9201/887 4275/9203/877 4273/9199/887
f 4276/9205/877 4277/9207/888 4275/9203/877
f 4278/9209/888 4279/9211/889 4277/9207/888
f 4280/9213/889 4281/9215/890 4279/9211/889
f 4282/9217/890 4283/9220/891 4281/9215/890
f 4284/9223/891 4285/9225/892 4283/9219/891
f 4286/9227/892 4287/9229/893 4285/9225/892
f 4288/9231/893 4289/9233/894 4287/9229/893
f 4290/9235/894 4291/9237/879 4289/9233/894
f 4292/9239/879 4293/9241/895 4291/9237/879
f 4294/9243/895 4295/9245/896 4293/9241/895
f 4296/9247/896 4297/9249/897 4295/9245/896
f 4298/9251/897 4299/9254/898 4297/9249/897
f 4300/9257/898 4301/9259/899 4299/9253/898
f 4302/9261/899 4303/9263/900 4301/9259/899
f 4304/9265/900 4305/9267/901 4303/9263/900
f 4306/9269/901 4307/9271/875 4305/9267/901
f 4308/9273/875 4309/9275/902 4307/9271/875
f 4310/9277/902 4311/9279/903 4309/9275/902
f 4312/9281/903 4313/9283/904 4311/9279/903
f 4314/9285/904 4315/9288/905 4313/9283/904
f 4316/9291/905 4317/9293/906 4315/9287/905
f 4318/9295/906 4319/9297/907 4317/9293/906
f 4312/9282/878 4296/9248/878 4280/9214/878
f 4320/9300/907 4321/9301/908 4319/9297/907
f 4322/9304/908 4259/9169/880 4321/9301/908
f 4297/9250/876 4305/9268/876 4321/9302/876
f 3798/8156/880 3800/8159/881 3799/8157/881
f 3800/8159/881 3802/8163/882 3801/8161/882
f 3802/8163/882 3804/8167/883 3803/8165/883
f 3804/8167/883 3806/8172/884 3805/8170/884
f 3806/8173/884 3808/8177/885 3807/8175/885
f 3808/8177/885 3810/8181/886 3809/8179/886
f 3810/8181/886 3812/8185/887 3811/8183/887
f 3812/8185/887 3814/8189/877 3813/8187/877
f 3814/8189/877 3816/8193/888 3815/8191/888
f 3816/8193/888 3818/8197/889 3817/8195/889
f 3818/8197/889 3820/8201/890 3819/8199/890
f 3820/8201/890 3822/8206/891 3821/8204/891
f 3822/8207/891 3824/8211/892 3823/8209/892
f 3824/8211/892 3826/8215/893 3825/8213/893
f 3826/8215/893 3828/8219/894 3827/8217/894
f 3828/8219/894 3830/8223/879 3829/8221/879
f 3830/8223/879 3832/8227/895 3831/8225/895
f 3832/8227/895 3834/8231/896 3833/8229/896
f 3834/8231/896 3836/8235/897 3835/8233/897
f 3836/8235/897 3838/8240/898 3837/8238/898
f 3838/8241/898 3840/8245/899 3839/8243/899
f 3840/8245/899 3842/8249/900 3841/8247/900
f 3842/8249/900 3844/8253/901 3843/8251/901
f 3844/8253/901 3846/8257/875 3845/8255/875
f 3846/8257/875 3848/8261/902 3847/8259/902
f 3848/8261/902 3850/8265/903 3849/8263/903
f 3850/8265/903 3852/8269/904 3851/8267/904
f 3852/8269/904 3854/8274/905 3853/8272/905
f 3854/8275/905 3856/8279/906 3855/8277/906
f 3856/8279/906 3858/8284/907 3857/8281/907
f 3802/8164/878 3800/8160/878 3798/8155/878
f 3798/8155/878 3860/8287/878 3802/8164/878
f 3860/8287/878 3858/8283/878 3802/8164/878
f 3858/8283/878 3856/8280/878 3854/8276/878
f 3854/8276/878 3852/8270/878 3850/8266/878
f 3850/8266/878 3848/8262/878 3846/8258/878
f 3846/8258/878 3844/8254/878 3850/8266/878
f 3844/8254/878 3842/8250/878 3850/8266/878
f 3842/8250/878 3840/8246/878 3838/8242/878
f 3838/8242/878 3836/8236/878 3834/8232/878
f 3834/8232/878 3832/8228/878 3826/8216/878
f 3832/8228/878 3830/8224/878 3826/8216/878
f 3830/8224/878 3828/8220/878 3826/8216/878
f 3826/8216/878 3824/8212/878 3822/8208/878
f 3822/8208/878 3820/8202/878 3818/8198/878
f 3818/8198/878 3816/8194/878 3810/8182/878
f 3816/8194/878 3814/8190/878 3810/8182/878
f 3814/8190/878 3812/8186/878 3810/8182/878
f 3810/8182/878 3808/8178/878 3806/8174/878
f 3806/8174/878 3804/8168/878 3802/8164/878
f 3858/8283/878 3854/8276/878 3802/8164/878
f 3854/8276/878 3850/8266/878 3802/8164/878
f 3842/8250/878 3838/8242/878 3850/8266/878
f 3838/8242/878 3834/8232/878 3850/8266/878
f 3826/8216/878 3822/8208/878 3834/8232/878
f 3822/8208/878 3818/8198/878 3834/8232/878
f 3810/8182/878 3806/8174/878 3818/8198/878
f 3806/8174/878 3802/8164/878 3818/8198/878
f 3802/8164/878 3850/8266/878 3834/8232/878
f 3858/8284/907 3860/8288/908 3859/8285/908
f 3860/8288/908 3798/8156/880 3797/8153/880
f 3859/8286/876 3797/8154/876 3799/8158/876
f 3799/8158/876 3801/8162/876 3803/8166/876
f 3803/8166/876 3805/8171/876 3807/8176/876
f 3807/8176/876 3809/8180/876 3811/8184/876
f 3811/8184/876 3813/8188/876 3815/8192/876
f 3815/8192/876 3817/8196/876 3819/8200/876
f 3819/8200/876 3821/8205/876 3823/8210/876
f 3823/8210/876 3825/8214/876 3827/8218/876
f 3827/8218/876 3829/8222/876 3831/8226/876
f 3831/8226/876 3833/8230/876 3835/8234/876
f 3835/8234/876 3837/8239/876 3839/8244/876
f 3839/8244/876 3841/8248/876 3843/8252/876
f 3843/8252/876 3845/8256/876 3847/8260/876
f 3847/8260/876 3849/8264/973 3851/8268/876
f 3851/8268/876 3853/8273/876 3855/8278/876
f 3855/8278/876 3857/8282/876 3859/8286/876
f 3859/8286/876 3799/8158/876 3811/8184/876
f 3799/8158/876 3803/8166/876 3811/8184/876
f 3803/8166/876 3807/8176/876 3811/8184/876
f 3811/8184/876 3815/8192/876 3827/8218/876
f 3815/8192/876 3819/8200/876 3827/8218/876
f 3819/8200/876 3823/8210/876 3827/8218/876
f 3827/8218/876 3831/8226/876 3843/8252/876
f 3831/8226/876 3835/8234/876 3843/8252/876
f 3835/8234/876 3839/8244/876 3843/8252/876
f 3843/8252/876 3847/8260/876 3859/8286/876
f 3847/8260/876 3851/8268/876 3859/8286/876
f 3851/8268/876 3855/8278/876 3859/8286/876
f 3859/8286/876 3811/8184/876 3827/8218/876
f 4021/8664/878 4025/8672/878 3889/8356/878
f 3889/8356/878 3890/8359/878 4021/8664/878
f 3890/8359/878 3887/8352/878 4021/8664/878
f 3887/8352/878 3866/8301/878 4013/8647/878
f 3866/8301/878 3868/8307/878 4012/8645/878
f 4013/8647/878 3866/8301/878 4015/8651/878
f 3868/8307/878 4003/8625/878 4012/8645/878
f 4012/8645/878 4007/8635/878 3866/8301/878
f 4022/8666/878 4021/8664/878 3887/8352/878
f 4020/8661/878 4022/8666/878 3887/8352/878
f 4007/8635/878 4011/8643/878 3866/8301/878
f 4011/8643/878 4009/8639/878 3866/8301/878
f 4016/8653/878 4020/8661/878 3887/8352/878
f 4018/8657/878 4016/8653/878 3887/8352/878
f 4009/8639/878 4015/8651/878 3866/8301/878
f 4004/8628/878 4003/8625/878 3869/8309/878
f 4003/8625/878 3868/8307/878 3869/8309/878
f 3869/8309/878 3870/8311/878 4004/8628/878
f 3870/8311/878 3867/8305/878 4001/8621/878
f 3867/8305/878 3861/8289/878 4005/8629/878
f 4143/8922/878 3861/8289/878 4141/8918/878
f 3861/8289/878 3863/8294/878 4140/8916/878
f 3863/8294/878 3864/8296/878 4129/8893/878
f 4140/8916/878 3863/8294/878 4129/8893/878
f 3864/8296/878 3865/8298/878 4129/8893/878
f 3861/8289/878 4143/8922/878 4142/8920/878
f 4001/8621/878 4004/8628/878 3870/8311/878
f 3861/8289/878 4140/8916/878 4139/8914/878
f 3861/8289/878 4139/8914/878 4141/8918/878
f 4000/8619/878 4001/8621/878 3867/8305/878
f 3999/8617/878 4000/8619/878 3867/8305/878
f 3861/8289/878 4142/8920/878 4149/8935/878
f 4002/8623/878 3999/8617/878 3867/8305/878
f 4005/8629/878 4002/8623/878 3867/8305/878
f 3861/8289/878 4149/8935/878 4006/8631/878
f 4005/8629/878 3861/8289/878 4006/8631/878
f 4006/8631/878 4149/8935/878 4145/8926/878
f 4010/8641/878 4006/8631/878 4145/8926/878
f 4010/8641/878 4145/8926/878 4144/8924/878
f 4008/8637/878 4010/8641/878 4144/8924/878
f 4008/8637/878 4144/8924/878 4148/8932/878
f 4014/8649/878 4008/8637/878 4148/8932/878
f 4014/8649/878 4148/8932/878 4147/8930/878
f 4019/8659/878 4014/8649/878 4147/8930/878
f 4019/8659/878 4147/8930/878 4017/8655/878
f 4147/8930/878 4146/8928/878 4017/8655/878
f 4017/8655/878 4146/8928/878 4154/8947/878
f 4027/8676/878 4017/8655/878 4154/8947/878
f 4027/8676/878 4154/8947/878 4150/8937/878
f 4026/8674/878 4027/8676/878 4150/8937/878
f 4026/8674/878 4150/8937/878 4151/8940/878
f 4031/8684/878 4026/8674/878 4151/8940/878
f 4031/8684/878 4151/8940/878 3903/8392/878
f 4151/8940/878 4152/8943/878 3903/8392/878
f 4028/8678/878 4031/8684/878 3903/8392/878
f 4152/8943/878 4157/8953/878 3903/8392/878
f 4030/8682/878 4028/8678/878 3904/8395/878
f 4028/8678/878 3903/8392/878 3904/8395/878
f 4157/8953/878 4160/8959/878 3903/8392/878
f 4029/8680/878 4030/8682/878 3904/8395/878
f 4160/8959/878 4158/8956/878 3903/8392/878
f 4024/8670/878 4029/8680/878 3904/8395/878
f 4159/8957/878 4156/8951/878 3885/8347/878
f 4156/8951/878 3884/8345/878 3885/8347/878
f 4158/8956/878 4159/8957/878 3903/8392/878
f 3885/8347/878 3903/8392/878 4159/8957/878
f 3904/8395/878 3888/8354/878 4023/8668/878
f 4024/8670/878 3904/8395/878 4023/8668/878
f 3888/8354/878 3889/8356/878 4025/8672/878
f 4133/8902/878 4129/8893/878 3862/8292/878
f 4129/8893/878 3865/8298/878 3862/8292/878
f 3862/8292/878 3881/8337/878 4135/8906/878
f 3881/8337/878 3883/8343/878 4155/8949/878
f 3883/8343/878 3884/8345/878 4155/8949/878
f 3881/8337/878 4155/8949/878 4161/8961/878
f 3884/8345/878 4156/8951/878 4155/8949/878
f 3862/8292/878 4135/8906/878 4134/8904/878
f 4135/8906/878 3881/8337/878 4138/8912/878
f 4131/8897/878 4133/8902/878 3862/8292/878
f 4130/8895/878 4131/8897/878 3862/8292/878
f 4161/8961/878 4153/8944/878 3881/8337/878
f 4153/8944/878 4137/8910/878 3881/8337/878
f 4132/8900/878 4130/8895/878 3862/8292/878
f 4134/8904/878 4132/8900/878 3862/8292/878
f 4137/8910/878 4136/8908/878 3881/8337/878
f 3902/8389/909 3905/8396/909 3903/8391/910
f 3877/8329/911 3866/8302/911 3887/8353/912
f 3912/8414/878 3990/8595/878 3987/8587/878
f 4035/8693/876 4034/8691/876 3879/8332/876
f 3879/8332/876 3880/8334/876 4035/8693/876
f 3880/8334/876 3877/8328/876 4035/8693/876
f 3877/8328/876 3896/8373/876 4043/8710/876
f 3896/8373/876 3898/8377/876 4056/8738/876
f 4043/8710/876 3896/8373/876 4041/8706/876
f 3898/8377/876 4050/8726/876 4056/8738/876
f 4056/8738/876 4047/8719/876 3896/8373/876
f 4037/8697/876 4035/8693/876 3877/8328/876
f 4036/8695/876 4037/8697/876 3877/8328/876
f 4047/8719/876 4049/8724/876 3896/8373/876
f 4049/8724/876 4045/8714/876 3896/8373/876
f 4038/8700/876 4036/8695/876 3877/8328/876
f 4040/8704/876 4038/8700/876 3877/8328/876
f 4045/8714/876 4041/8706/876 3896/8373/876
f 4173/8986/876 3874/8321/876 3875/8323/876
f 3875/8323/876 3872/8317/876 4173/8986/876
f 3872/8317/876 3876/8325/876 4060/8746/876
f 4058/8742/876 3876/8325/876 4032/8687/876
f 3876/8325/876 3878/8330/876 4033/8689/876
f 3878/8330/876 3879/8332/876 4034/8691/876
f 3876/8325/876 4033/8689/876 4032/8687/876
f 4034/8691/876 4033/8689/876 3878/8330/876
f 3876/8325/876 4058/8742/876 4059/8744/876
f 4172/8984/876 4173/8986/876 3872/8317/876
f 4174/8988/876 4172/8984/876 3872/8317/876
f 3876/8325/876 4059/8744/876 4060/8746/876
f 4176/8992/876 4174/8988/876 3872/8317/876
f 4182/9006/876 4176/8992/876 3872/8317/876
f 3872/8317/876 4060/8746/876 4061/8749/876
f 4180/9001/876 4182/9006/876 3872/8317/876
f 4180/9001/876 3872/8317/876 4061/8749/876
f 4178/8996/876 4180/9001/876 4063/8753/876
f 4063/8753/876 4180/9001/876 4061/8749/876
f 4178/8996/876 4063/8753/876 4062/8751/876
f 4177/8994/876 4178/8996/876 4062/8751/876
f 4177/8994/876 4062/8751/876 4039/8702/876
f 4193/9029/876 4177/8994/876 4039/8702/876
f 4193/9029/876 4039/8702/876 4042/8708/876
f 4184/9010/876 4193/9029/876 4042/8708/876
f 4184/9010/876 4042/8708/876 4183/9008/876
f 4042/8708/876 4057/8740/876 4183/9008/876
f 4183/9008/876 4057/8740/876 4044/8712/876
f 4187/9017/876 4183/9008/876 4044/8712/876
f 4187/9017/876 4044/8712/876 4048/8722/876
f 4186/9015/876 4187/9017/876 4048/8722/876
f 4186/9015/876 4048/8722/876 4046/8717/876
f 4185/9012/876 4186/9015/876 4046/8717/876
f 4185/9012/876 4046/8717/876 3891/8361/876
f 4046/8717/876 4054/8734/876 3891/8361/876
f 4192/9027/876 4185/9012/876 3891/8361/876
f 4054/8734/876 4055/8736/876 3897/8375/876
f 3891/8361/876 4054/8734/876 3897/8375/876
f 4188/9019/876 4192/9027/876 3891/8361/876
f 4055/8736/876 4052/8730/876 3897/8375/876
f 4191/9025/876 4188/9019/876 3891/8361/876
f 4052/8730/876 4051/8728/876 3897/8375/876
f 4189/9021/876 4191/9025/876 3891/8361/876
f 4053/8732/876 4050/8726/876 3900/8382/876
f 4050/8726/876 3898/8377/876 3899/8380/876
f 4051/8728/876 4053/8732/876 3897/8375/876
f 4050/8726/876 3899/8380/876 3900/8382/876
f 3900/8382/876 3897/8375/876 4053/8732/876
f 3891/8361/876 3893/8365/876 4190/9023/876
f 3893/8365/876 3894/8367/876 4169/8977/876
f 3891/8361/876 4190/9023/876 4189/9021/876
f 3894/8367/876 3895/8369/876 4169/8977/876
f 4169/8977/876 3895/8369/876 3892/8363/876
f 3892/8363/876 3871/8314/876 4165/8969/876
f 3871/8314/876 3873/8319/876 4175/8990/876
f 4162/8963/876 3871/8314/876 4163/8965/876
f 3873/8319/876 3874/8321/876 4175/8990/876
f 3874/8321/876 4173/8986/876 4175/8990/876
f 4168/8975/876 4169/8977/876 3892/8363/876
f 4170/8980/876 4168/8975/876 3892/8363/876
f 4175/8990/876 4181/9004/876 3871/8314/876
f 4181/9004/876 4179/8999/876 3871/8314/876
f 4167/8973/876 4170/8980/876 3892/8363/876
f 4166/8971/876 4167/8973/876 3892/8363/876
f 4179/8999/876 4163/8965/876 3871/8314/876
f 4171/8982/876 4166/8971/876 3892/8363/876
f 4165/8969/876 4171/8982/876 3892/8363/876
f 3871/8314/876 4162/8963/876 4164/8967/876
f 3862/8293/913 3865/8299/914 3873/8320/914
f 3865/8300/914 3864/8297/915 3874/8322/915
f 3864/8297/915 3863/8295/916 3875/8324/916
f 3863/8295/916 3861/8290/917 3872/8316/917
f 3877/8329/911 3880/8335/918 3868/8308/918
f 3880/8336/918 3879/8333/919 3869/8310/919
f 3879/8333/919 3878/8331/920 3870/8312/920
f 3878/8331/920 3876/8326/921 3867/8304/921
f 3892/8364/922 3895/8370/923 3883/8344/923
f 3895/8371/923 3894/8368/924 3884/8346/924
f 3894/8368/924 3893/8366/925 3885/8348/925
f 3893/8366/925 3891/8362/910 3903/8391/910
f 3887/8353/912 3890/8360/926 3898/8378/926
f 3890/8360/926 3889/8357/927 3899/8381/927
f 3889/8358/927 3888/8355/928 3900/8383/928
f 3888/8355/928 3904/8393/929 3897/8376/929
f 3892/8364/922 3881/8338/922 3862/8293/913
f 3904/8394/880 3905/8397/880 3902/8390/880
f 3882/8340/878 3886/8349/878 3904/8395/878
f 3882/8340/878 3903/8392/878 3905/8398/878
f 3901/8384/878 3905/8398/878 3904/8395/878
f 4194/9031/878 4195/9033/878 3907/8402/878
f 4195/9033/878 3910/8408/878 3907/8402/878
f 3907/8402/878 3926/8447/878 4200/9044/878
f 3926/8447/878 3928/8452/878 4219/9085/878
f 3928/8452/878 3929/8454/878 4219/9085/878
f 3926/8447/878 4219/9085/878 4225/9097/878
f 3929/8454/878 4221/9089/878 4219/9085/878
f 3907/8402/878 4200/9044/878 4199/9042/878
f 4200/9044/878 3926/8447/878 4203/9050/878
f 4196/9035/878 4194/9031/878 3907/8402/878
f 4197/9038/878 4196/9035/878 3907/8402/878
f 4225/9097/878 4217/9080/878 3926/8447/878
f 4217/9080/878 4202/9048/878 3926/8447/878
f 4198/9040/878 4197/9038/878 3907/8402/878
f 4199/9042/878 4198/9040/878 3907/8402/878
f 4202/9048/878 4201/9046/878 3926/8447/878
f 4221/9089/878 3929/8454/878 3930/8456/878
f 3930/8456/878 3927/8449/878 4221/9089/878
f 3927/8449/878 3931/8458/878 4093/8817/878
f 4094/8819/878 3931/8458/878 4086/8802/878
f 3931/8458/878 3933/8463/878 4087/8804/878
f 3933/8463/878 3934/8465/878 4085/8800/878
f 3931/8458/878 4087/8804/878 4086/8802/878
f 4085/8800/878 4087/8804/878 3933/8463/878
f 3931/8458/878 4094/8819/878 4095/8821/878
f 4220/9087/878 4221/9089/878 3927/8449/878
f 4222/9091/878 4220/9087/878 3927/8449/878
f 3931/8458/878 4095/8821/878 4093/8817/878
f 4223/9093/878 4222/9091/878 3927/8449/878
f 4224/9095/878 4223/9093/878 3927/8449/878
f 3927/8449/878 4093/8817/878 4092/8814/878
f 4216/9078/878 4224/9095/878 3927/8449/878
f 4216/9078/878 3927/8449/878 4092/8814/878
f 4218/9083/878 4216/9078/878 4091/8812/878
f 4091/8812/878 4216/9078/878 4092/8814/878
f 4218/9083/878 4091/8812/878 4090/8810/878
f 4215/9075/878 4218/9083/878 4090/8810/878
f 4215/9075/878 4090/8810/878 4080/8789/878
f 4214/9073/878 4215/9075/878 4080/8789/878
f 4214/9073/878 4080/8789/878 4077/8783/878
f 4211/9067/878 4214/9073/878 4077/8783/878
f 4211/9067/878 4077/8783/878 4212/9069/878
f 4077/8783/878 4078/8785/878 4212/9069/878
f 4212/9069/878 4078/8785/878 4072/8773/878
f 4213/9071/878 4212/9069/878 4072/8773/878
f 4213/9071/878 4072/8773/878 4074/8777/878
f 4210/9065/878 4213/9071/878 4074/8777/878
f 4210/9065/878 4074/8777/878 4070/8767/878
f 4209/9063/878 4210/9065/878 4070/8767/878
f 4209/9063/878 4070/8767/878 3906/8399/878
f 4070/8767/878 4069/8765/878 3906/8399/878
f 4208/9060/878 4209/9063/878 3906/8399/878
f 4069/8765/878 4067/8761/878 3912/8414/878
f 3906/8399/878 4069/8765/878 3912/8414/878
f 4207/9058/878 4208/9060/878 3906/8399/878
f 4067/8761/878 4064/8755/878 3912/8414/878
f 4206/9056/878 4207/9058/878 3906/8399/878
f 4064/8755/878 4065/8757/878 3912/8414/878
f 4204/9052/878 4206/9056/878 3906/8399/878
f 4066/8759/878 4068/8763/878 3915/8421/878
f 4068/8763/878 3913/8417/878 3914/8419/878
f 4065/8757/878 4066/8759/878 3912/8414/878
f 4068/8763/878 3914/8419/878 3915/8421/878
f 3915/8421/878 3912/8414/878 4066/8759/878
f 3906/8399/878 3908/8404/878 4205/9054/878
f 3908/8404/878 3909/8406/878 4195/9033/878
f 3906/8399/878 4205/9054/878 4204/9052/878
f 3909/8406/878 3910/8408/878 4195/9033/878
f 4088/8806/878 4085/8800/878 3934/8465/878
f 3934/8465/878 3935/8468/878 4088/8806/878
f 3935/8468/878 3932/8461/878 4088/8806/878
f 3932/8461/878 3911/8411/878 4082/8793/878
f 3911/8411/878 3913/8417/878 4076/8781/878
f 4082/8793/878 3911/8411/878 4079/8787/878
f 3913/8417/878 4068/8763/878 4076/8781/878
f 4076/8781/878 4071/8771/878 3911/8411/878
f 4083/8796/878 4088/8806/878 3932/8461/878
f 4084/8798/878 4083/8796/878 3932/8461/878
f 4071/8771/878 4075/8779/878 3911/8411/878
f 4075/8779/878 4073/8775/878 3911/8411/878
f 4089/8808/878 4084/8798/878 3932/8461/878
f 4081/8791/878 4089/8808/878 3932/8461/878
f 4073/8775/878 4079/8787/878 3911/8411/878
f 3922/8439/911 3911/8412/911 3932/8462/912
f 3906/8400/879 3987/8588/879 3988/8589/879
f 4251/9152/876 4248/9146/876 3937/8473/876
f 4248/9146/876 3940/8479/876 3937/8473/876
f 3937/8473/876 3916/8424/876 4241/9131/876
f 3916/8424/876 3918/8429/876 4228/9104/876
f 3918/8429/876 3919/8431/876 4228/9104/876
f 3916/8424/876 4228/9104/876 4237/9123/876
f 3919/8431/876 4229/9105/876 4228/9104/876
f 3937/8473/876 4241/9131/876 4244/9137/876
f 4241/9131/876 3916/8424/876 4240/9129/876
f 4246/9142/876 4251/9152/876 3937/8473/876
f 4247/9144/876 4246/9142/876 3937/8473/876
f 4237/9123/876 4232/9112/876 3916/8424/876
f 4232/9112/876 4235/9118/876 3916/8424/876
f 4250/9150/876 4247/9144/876 3937/8473/876
f 4244/9137/876 4250/9150/876 3937/8473/876
f 4235/9118/876 4233/9114/876 3916/8424/876
f 4229/9105/876 3919/8431/876 3920/8433/876
f 3920/8433/876 3917/8427/876 4226/9099/876
f 3917/8427/876 3921/8435/876 4124/8882/876
f 4123/8880/876 3921/8435/876 4096/8823/876
f 3921/8435/876 3923/8440/876 4097/8825/876
f 3923/8440/876 3924/8442/876 4100/8832/876
f 3921/8435/876 4097/8825/876 4096/8823/876
f 4100/8832/876 4097/8825/876 3923/8440/876
f 3921/8435/876 4123/8880/876 4125/8884/876
f 4226/9099/876 4229/9105/876 3920/8433/876
f 4227/9101/876 4226/9099/876 3917/8427/876
f 3921/8435/876 4125/8884/876 4124/8882/876
f 4231/9109/876 4227/9101/876 3917/8427/876
f 4230/9107/876 4231/9109/876 3917/8427/876
f 3917/8427/876 4124/8882/876 4128/8891/876
f 4238/9125/876 4230/9107/876 3917/8427/876
f 4236/9120/876 4238/9125/876 3917/8427/876
f 4236/9120/876 3917/8427/876 4128/8891/876
f 4128/8891/876 4126/8886/876 4236/9120/876
f 4234/9116/876 4236/9120/876 4126/8886/876
f 4234/9116/876 4126/8886/876 4127/8888/876
f 4239/9127/876 4234/9116/876 4127/8888/876
f 4239/9127/876 4127/8888/876 4104/8840/876
f 4242/9133/876 4239/9127/876 4104/8840/876
f 4242/9133/876 4104/8840/876 4106/8844/876
f 4243/9135/876 4242/9133/876 4106/8844/876
f 4243/9135/876 4106/8844/876 4245/9139/876
f 4106/8844/876 4105/8842/876 4245/9139/876
f 4245/9139/876 4105/8842/876 4108/8848/876
f 4253/9156/876 4245/9139/876 4108/8848/876
f 4253/9156/876 4108/8848/876 4112/8858/876
f 4252/9154/876 4253/9156/876 4112/8858/876
f 4252/9154/876 4112/8858/876 4110/8853/876
f 4254/9158/876 4252/9154/876 4110/8853/876
f 4254/9158/876 4110/8853/876 3949/8505/876
f 4110/8853/876 4119/8872/876 3949/8505/876
f 4256/9163/876 4254/9158/876 3949/8505/876
f 4119/8872/876 4114/8862/876 3948/8503/876
f 3949/8505/876 4119/8872/876 3948/8503/876
f 4255/9161/876 4256/9163/876 3949/8505/876
f 4114/8862/876 4117/8868/876 3948/8503/876
f 4258/9167/876 4255/9161/876 3949/8505/876
f 4117/8868/876 4116/8866/876 3948/8503/876
f 4257/9165/876 4258/9167/876 3949/8505/876
f 3940/8479/876 4248/9146/876 3939/8477/876
f 4248/9146/876 4249/9148/876 3938/8475/876
f 3939/8477/876 4248/9146/876 3938/8475/876
f 3949/8505/876 3938/8475/876 4249/9148/876
f 3944/8490/876 3945/8492/876 4120/8874/876
f 3945/8492/876 3948/8503/876 4118/8870/876
f 4118/8870/876 3948/8503/876 4116/8866/876
f 4115/8864/876 3943/8487/876 3944/8490/876
f 4120/8874/876 4115/8864/876 3944/8490/876
f 4249/9148/876 4257/9165/876 3949/8505/876
f 4099/8830/876 4100/8832/876 3924/8442/876
f 3924/8442/876 3925/8444/876 4099/8830/876
f 3925/8444/876 3922/8438/876 4099/8830/876
f 3922/8438/876 3941/8483/876 4107/8846/876
f 3941/8483/876 3943/8487/876 4121/8876/876
f 4107/8846/876 3941/8483/876 4122/8878/876
f 3943/8487/876 4115/8864/876 4121/8876/876
f 4121/8876/876 4111/8855/876 3941/8483/876
f 4098/8827/876 4099/8830/876 3922/8438/876
f 4101/8834/876 4098/8827/876 3922/8438/876
f 4111/8855/876 4113/8860/876 3941/8483/876
f 4113/8860/876 4109/8850/876 3941/8483/876
f 4102/8836/876 4101/8834/876 3922/8438/876
f 4103/8838/876 4102/8836/876 3922/8438/876
f 4109/8850/876 4122/8878/876 3941/8483/876
f 3907/8403/913 3910/8409/914 3918/8430/914
f 3910/8410/914 3909/8407/915 3919/8432/915
f 3909/8407/915 3908/8405/916 3920/8434/916
f 3908/8405/916 3906/8401/917 3917/8426/917
f 3922/8439/911 3925/8445/918 3913/8418/918
f 3925/8446/918 3924/8443/919 3914/8420/919
f 3924/8443/919 3923/8441/920 3915/8422/920
f 3923/8441/920 3921/8436/921 3912/8415/921
f 3937/8474/922 3940/8480/923 3928/8453/923
f 3940/8481/923 3939/8478/924 3929/8455/924
f 3939/8478/924 3938/8476/925 3930/8457/925
f 3938/8476/925 3949/8504/910 3927/8450/910
f 3932/8462/912 3935/8469/926 3943/8488/926
f 3935/8469/926 3934/8466/927 3944/8491/927
f 3934/8467/927 3933/8464/928 3945/8493/928
f 3933/8464/928 3931/8459/929 3948/8502/929
f 3937/8474/922 3926/8448/922 3907/8403/913
f 3931/8460/880 3946/8495/880 3950/8506/880
f 3950/8507/909 3946/8496/909 3927/8450/910
f 3936/8470/876 3949/8505/876 3948/8503/876
f 3947/8497/876 3942/8485/876 3948/8503/876
f 3936/8470/876 3947/8497/876 3950/8508/876
f 3964/8538/930 3965/8541/930 3957/8522/930
f 3965/8541/930 3966/8543/930 3957/8522/930
f 3966/8543/930 3947/8498/952 3901/8386/952
f 3901/8386/952 3956/8520/930 3966/8543/930
f 3956/8520/930 3957/8522/930 3966/8543/930
f 3957/8522/930 3958/8525/930 3964/8538/930
f 3958/8525/930 3955/8519/930 3964/8538/930
f 3936/8471/931 3942/8486/932 3886/8350/932
f 3952/8511/933 3953/8514/933 3961/8531/933
f 3953/8514/933 3954/8516/933 3961/8531/933
f 3954/8516/933 3886/8350/932 3942/8486/932
f 3942/8486/932 3960/8529/933 3954/8516/933
f 3960/8529/933 3961/8531/933 3954/8516/933
f 3961/8531/933 3962/8534/933 3952/8511/933
f 3962/8534/933 3959/8527/933 3952/8511/933
f 3951/8510/880 3959/8528/880 3963/8537/880
f 3901/8385/934 3886/8351/934 3954/8517/935
f 3956/8521/936 3954/8517/935 3953/8515/937
f 3957/8523/938 3953/8515/937 3952/8512/939
f 3958/8526/940 3952/8513/940 3951/8510/940
f 3947/8499/941 3966/8544/943 3960/8530/942
f 3966/8544/943 3965/8542/945 3961/8532/944
f 3965/8542/945 3964/8539/946 3962/8535/946
f 3964/8540/947 3963/8537/947 3959/8528/947
f 3968/8547/948 3969/8549/948 3977/8566/948
f 3969/8549/948 3970/8552/948 3977/8566/948
f 3970/8552/948 3967/8545/948 3975/8562/948
f 3975/8562/948 3976/8564/948 3970/8552/948
f 3976/8564/948 3977/8566/948 3970/8552/948
f 3977/8566/948 3978/8568/948 3968/8547/948
f 3978/8568/948 3936/8471/931 3968/8547/948
f 3967/8546/949 3971/8554/961 3979/8570/950
f 3980/8571/953 3981/8573/953 3973/8557/953
f 3981/8573/953 3982/8575/953 3973/8557/953
f 3982/8575/953 3979/8570/953 3971/8554/953
f 3971/8554/953 3972/8556/953 3982/8575/953
f 3972/8556/953 3973/8557/953 3982/8575/953
f 3973/8557/953 3974/8559/953 3980/8571/953
f 3974/8559/953 3901/8386/952 3980/8571/953
f 3882/8341/954 3901/8387/954 3974/8560/955
f 3968/8548/956 3974/8560/955 3973/8558/957
f 3969/8550/958 3973/8558/957 3972/8555/959
f 3970/8553/960 3972/8556/960 3971/8554/961
f 3979/8570/950 3982/8575/962 3976/8565/962
f 3982/8576/963 3981/8574/965 3977/8567/964
f 3981/8574/965 3980/8572/967 3978/8569/966
f 3980/8572/967 3947/8500/968 3936/8472/968
f 3987/8588/879 3995/8608/879 3996/8610/879
f 3990/8595/878 3998/8614/878 3995/8609/878
f 3872/8317/876 3984/8581/876 3985/8582/876
f 3917/8427/876 3988/8590/876 3989/8592/876
f 3876/8327/880 3985/8583/880 3986/8584/880
f 3861/8291/879 3983/8579/879 3984/8580/879
f 3867/8305/878 3986/8585/878 3983/8578/878
f 3921/8437/880 3989/8594/880 3990/8596/880
f 3994/8606/875 3993/8602/875 3992/8599/875
f 3998/8615/875 3997/8613/875 3996/8611/875
f 3994/8605/880 3997/8612/880 3989/8594/880
f 3983/8579/879 3991/8598/879 3992/8600/879
f 3986/8586/877 3989/8593/877 3988/8591/877
f 3989/8594/880 3997/8612/880 3998/8616/880
f 3984/8581/876 3992/8601/876 3993/8603/876
f 3985/8583/880 3993/8604/880 3994/8605/880
f 3996/8610/879 3991/8598/879 3983/8579/879
f 3996/8611/875 3997/8613/875 3994/8606/875
f 4082/8794/879 4107/8847/879 4122/8879/895
f 4013/8648/879 4043/8711/879 4041/8707/895
f 4081/8792/895 4122/8879/895 4109/8851/896
f 4018/8658/895 4041/8707/895 4045/8715/896
f 4089/8809/896 4109/8851/896 4113/8861/897
f 4016/8654/896 4045/8715/896 4049/8725/897
f 4084/8799/897 4113/8861/897 4111/8856/898
f 4020/8662/897 4049/8725/897 4047/8720/898
f 4083/8797/898 4111/8857/898 4121/8877/899
f 4022/8667/898 4047/8721/898 4056/8739/899
f 4121/8877/899 4115/8865/969 4088/8807/899
f 4115/8865/969 4120/8875/900 4085/8801/900
f 4056/8739/899 4050/8727/900 4025/8673/900
f 4087/8805/901 4085/8801/900 4120/8875/900
f 4050/8727/900 4053/8733/901 4023/8669/901
f 4086/8803/875 4087/8805/901 4118/8871/901
f 4053/8733/901 4051/8729/875 4024/8671/875
f 4116/8867/875 4117/8869/902 4094/8820/902
f 4029/8681/902 4024/8671/875 4051/8729/875
f 4095/8822/903 4094/8820/902 4117/8869/902
f 4052/8731/902 4055/8737/903 4030/8683/903
f 4093/8818/904 4095/8822/903 4114/8863/903
f 4055/8737/903 4054/8735/904 4028/8679/904
f 4092/8815/905 4093/8818/904 4119/8873/904
f 4031/8685/905 4028/8679/904 4054/8735/904
f 4091/8813/906 4092/8816/905 4110/8854/905
f 4026/8675/906 4031/8686/905 4046/8718/905
f 4090/8811/907 4091/8813/906 4112/8859/906
f 4027/8677/907 4026/8675/906 4048/8723/906
f 4080/8790/908 4090/8811/907 4108/8849/907
f 4017/8656/908 4027/8677/907 4044/8713/907
f 4077/8784/880 4080/8790/908 4105/8843/908
f 4019/8660/880 4017/8656/908 4057/8741/908
f 4078/8786/881 4077/8784/880 4106/8845/880
f 4014/8650/881 4019/8660/880 4042/8709/880
f 4072/8774/882 4078/8786/881 4104/8841/881
f 4008/8638/882 4014/8650/881 4039/8703/881
f 4074/8778/883 4072/8774/882 4127/8889/882
f 4010/8642/883 4008/8638/882 4062/8752/882
f 4070/8768/884 4074/8778/883 4126/8887/883
f 4006/8632/884 4010/8642/883 4063/8754/883
f 4069/8766/885 4070/8769/884 4128/8892/884
f 4005/8630/885 4006/8633/884 4061/8750/884
f 4067/8762/886 4069/8766/885 4124/8883/885
f 4005/8630/885 4060/8747/885 4059/8745/886
f 4064/8756/887 4067/8762/886 4125/8885/886
f 4002/8624/886 4059/8745/886 4058/8743/887
f 4064/8756/887 4123/8881/887 4096/8824/877
f 3999/8618/887 4058/8743/887 4032/8688/877
f 4066/8760/888 4065/8758/877 4096/8824/877
f 4000/8620/877 4032/8688/877 4033/8690/888
f 4068/8764/889 4066/8760/888 4097/8826/888
f 4001/8622/888 4033/8690/888 4034/8692/889
f 4076/8782/890 4068/8764/889 4100/8833/889
f 4034/8692/889 4035/8694/890 4003/8626/970
f 4035/8694/890 4012/8646/890 4003/8626/970
f 4076/8782/890 4099/8831/890 4098/8828/891
f 4012/8646/890 4035/8694/890 4037/8698/891
f 4071/8772/891 4098/8829/891 4101/8835/892
f 4007/8636/891 4037/8699/891 4036/8696/892
f 4075/8780/892 4101/8835/892 4102/8837/893
f 4011/8644/892 4036/8696/892 4038/8701/893
f 4073/8776/893 4102/8837/893 4103/8839/894
f 4009/8640/893 4038/8701/893 4040/8705/894
f 4079/8788/894 4103/8839/894 4107/8847/879
f 4015/8652/894 4040/8705/894 4043/8711/879
f 4211/9068/879 4243/9136/879 4245/9140/895
f 4147/8931/879 4184/9011/879 4183/9009/895
f 4214/9074/895 4245/9140/895 4253/9157/896
f 4146/8929/895 4183/9009/895 4187/9018/896
f 4215/9076/896 4253/9157/896 4252/9155/897
f 4154/8948/896 4187/9018/896 4186/9016/897
f 4218/9084/897 4252/9155/897 4254/9159/898
f 4150/8938/897 4186/9016/897 4185/9013/898
f 4216/9079/898 4254/9160/898 4256/9164/899
f 4151/8941/898 4185/9014/898 4192/9028/899
f 4223/9094/900 4224/9096/899 4256/9164/899
f 4192/9028/899 4188/9020/900 4157/8954/900
f 4222/9092/901 4223/9094/900 4255/9162/900
f 4188/9020/900 4191/9026/901 4160/8960/901
f 4220/9088/875 4222/9092/901 4258/9168/901
f 4160/8960/901 4191/9026/901 4189/9022/875
f 4221/9090/902 4220/9088/875 4257/9166/875
f 4189/9022/875 4190/9024/902 4159/8958/902
f 4249/9149/902 4248/9147/903 4219/9086/903
f 4190/9024/902 4169/8978/903 4156/8952/971
f 4169/8978/903 4155/8950/903 4156/8952/971
f 4225/9098/904 4219/9086/903 4248/9147/903
f 4169/8978/903 4168/8976/904 4161/8962/904
f 4217/9081/905 4225/9098/904 4251/9153/904
f 4153/8945/905 4161/8962/904 4168/8976/904
f 4202/9049/906 4217/9082/905 4246/9143/905
f 4137/8911/906 4153/8946/905 4170/8981/905
f 4201/9047/907 4202/9049/906 4247/9145/906
f 4136/8909/907 4137/8911/906 4167/8974/906
f 4203/9051/908 4201/9047/907 4250/9151/907
f 4138/8913/908 4136/8909/907 4166/8972/907
f 4200/9045/880 4203/9051/908 4244/9138/908
f 4135/8907/880 4138/8913/908 4171/8983/908
f 4199/9043/881 4200/9045/880 4241/9132/880
f 4134/8905/881 4135/8907/880 4165/8970/880
f 4198/9041/882 4199/9043/881 4240/9130/881
f 4132/8901/882 4134/8905/881 4164/8968/881
f 4197/9039/883 4198/9041/882 4233/9115/882
f 4130/8896/883 4132/8901/882 4162/8964/882
f 4196/9036/884 4197/9039/883 4235/9119/883
f 4131/8898/884 4130/8896/883 4163/8966/883
f 4194/9032/885 4196/9037/884 4232/9113/884
f 4133/8903/885 4131/8899/884 4179/9000/884
f 4195/9034/886 4194/9032/885 4237/9124/885
f 4133/8903/885 4181/9005/885 4175/8991/886
f 4226/9100/887 4205/9055/887 4229/9106/972
f 4205/9055/887 4195/9034/886 4229/9106/972
f 4129/8894/886 4175/8991/886 4173/8987/887
f 4204/9053/877 4205/9055/887 4226/9100/887
f 4140/8917/887 4173/8987/887 4172/8985/877
f 4206/9057/888 4204/9053/877 4227/9102/877
f 4141/8919/888 4139/8915/877 4172/8985/877
f 4207/9059/889 4206/9057/888 4231/9110/888
f 4141/8919/888 4174/8989/888 4176/8993/889
f 4208/9061/890 4207/9059/889 4230/9108/889
f 4143/8923/889 4176/8993/889 4182/9007/890
f 4208/9061/890 4238/9126/890 4236/9121/891
f 4142/8921/890 4182/9007/890 4180/9002/891
f 4209/9064/891 4236/9122/891 4234/9117/892
f 4149/8936/891 4180/9003/891 4178/8997/892
f 4210/9066/892 4234/9117/892 4239/9128/893
f 4145/8927/892 4178/8997/892 4177/8995/893
f 4213/9072/893 4239/9128/893 4242/9134/894
f 4144/8925/893 4177/8995/893 4193/9030/894
f 4212/9070/894 4242/9134/894 4243/9136/879
f 4148/8933/894 4193/9030/894 4184/9011/879
f 4260/9172/880 4262/9175/881 4261/9173/881
f 4262/9175/881 4264/9179/882 4263/9177/882
f 4264/9179/882 4266/9183/883 4265/9181/883
f 4266/9183/883 4268/9188/884 4267/9186/884
f 4268/9189/884 4270/9193/885 4269/9191/885
f 4270/9193/885 4272/9197/886 4271/9195/886
f 4272/9197/886 4274/9201/887 4273/9199/887
f 4274/9201/887 4276/9205/877 4275/9203/877
f 4276/9205/877 4278/9209/888 4277/9207/888
f 4278/9209/888 4280/9213/889 4279/9211/889
f 4280/9213/889 4282/9217/890 4281/9215/890
f 4282/9217/890 4284/9222/891 4283/9220/891
f 4284/9223/891 4286/9227/892 4285/9225/892
f 4286/9227/892 4288/9231/893 4287/9229/893
f 4288/9231/893 4290/9235/894 4289/9233/894
f 4290/9235/894 4292/9239/879 4291/9237/879
f 4292/9239/879 4294/9243/895 4293/9241/895
f 4294/9243/895 4296/9247/896 4295/9245/896
f 4296/9247/896 4298/9251/897 4297/9249/897
f 4298/9251/897 4300/9256/898 4299/9254/898
f 4300/9257/898 4302/9261/899 4301/9259/899
f 4302/9261/899 4304/9265/900 4303/9263/900
f 4304/9265/900 4306/9269/901 4305/9267/901
f 4306/9269/901 4308/9273/875 4307/9271/875
f 4308/9273/875 4310/9277/902 4309/9275/902
f 4310/9277/902 4312/9281/903 4311/9279/903
f 4312/9281/903 4314/9285/904 4313/9283/904
f 4314/9285/904 4316/9290/905 4315/9288/905
f 4316/9291/905 4318/9295/906 4317/9293/906
f 4318/9295/906 4320/9300/907 4319/9297/907
f 4264/9180/878 4262/9176/878 4260/9171/878
f 4260/9171/878 4322/9303/878 4320/9299/878
f 4320/9299/878 4318/9296/878 4316/9292/878
f 4316/9292/878 4314/9286/878 4312/9282/878
f 4312/9282/878 4310/9278/878 4308/9274/878
f 4308/9274/878 4306/9270/878 4312/9282/878
f 4306/9270/878 4304/9266/878 4312/9282/878
f 4304/9266/878 4302/9262/878 4300/9258/878
f 4300/9258/878 4298/9252/878 4304/9266/878
f 4298/9252/878 4296/9248/878 4304/9266/878
f 4296/9248/878 4294/9244/878 4292/9240/878
f 4292/9240/878 4290/9236/878 4288/9232/878
f 4288/9232/878 4286/9228/878 4280/9214/878
f 4286/9228/878 4284/9224/878 4280/9214/878
f 4284/9224/878 4282/9218/878 4280/9214/878
f 4280/9214/878 4278/9210/878 4272/9198/878
f 4278/9210/878 4276/9206/878 4272/9198/878
f 4276/9206/878 4274/9202/878 4272/9198/878
f 4272/9198/878 4270/9194/878 4268/9190/878
f 4268/9190/878 4266/9184/878 4264/9180/878
f 4264/9180/878 4260/9171/878 4320/9299/878
f 4320/9299/878 4316/9292/878 4264/9180/878
f 4316/9292/878 4312/9282/878 4264/9180/878
f 4296/9248/878 4292/9240/878 4280/9214/878
f 4292/9240/878 4288/9232/878 4280/9214/878
f 4272/9198/878 4268/9190/878 4280/9214/878
f 4268/9190/878 4264/9180/878 4280/9214/878
f 4312/9282/878 4304/9266/878 4296/9248/878
f 4264/9180/878 4312/9282/878 4280/9214/878
f 4320/9300/907 4322/9304/908 4321/9301/908
f 4322/9304/908 4260/9172/880 4259/9169/880
f 4321/9302/876 4259/9170/876 4265/9182/876
f 4259/9170/876 4261/9174/876 4265/9182/876
f 4261/9174/876 4263/9178/876 4265/9182/876
f 4265/9182/876 4267/9187/876 4273/9200/876
f 4267/9187/876 4269/9192/876 4273/9200/876
f 4269/9192/876 4271/9196/876 4273/9200/876
f 4273/9200/876 4275/9204/876 4277/9208/876
f 4277/9208/876 4279/9212/876 4281/9216/876
f 4281/9216/876 4283/9221/876 4285/9226/876
f 4285/9226/876 4287/9230/876 4289/9234/876
f 4289/9234/876 4291/9238/876 4297/9250/876
f 4291/9238/876 4293/9242/876 4297/9250/876
f 4293/9242/876 4295/9246/876 4297/9250/876
f 4297/9250/876 4299/9255/876 4301/9260/876
f 4301/9260/876 4303/9264/876 4305/9268/876
f 4305/9268/876 4307/9272/876 4309/9276/876
f 4309/9276/876 4311/9280/876 4305/9268/876
f 4311/9280/876 4313/9284/876 4305/9268/876
f 4313/9284/876 4315/9289/876 4317/9294/876
f 4317/9294/876 4319/9298/876 4321/9302/876
f 4273/9200/876 4277/9208/876 4281/9216/876
f 4281/9216/876 4285/9226/876 4273/9200/876
f 4285/9226/876 4289/9234/876 4273/9200/876
f 4297/9250/876 4301/9260/876 4305/9268/876
f 4313/9284/876 4317/9294/876 4305/9268/876
f 4317/9294/876 4321/9302/876 4305/9268/876
f 4321/9302/876 4265/9182/876 4289/9234/876
f 4265/9182/876 4273/9200/876 4289/9234/876
f 4289/9234/876 4297/9250/876 4321/9302/876
