# Blender 5.2.0 LTS
# www.blender.org
mtllib robot_rigid.mtl
o arm.l
v -2.349430 -0.455059 0.023402
v -3.449429 -0.455059 0.023402
v -2.349430 -0.456980 0.042911
v -3.449429 -0.456980 0.042911
v -2.349430 -0.462670 0.061670
v -3.449429 -0.462670 0.061670
v -2.349430 -0.471912 0.078959
v -3.449429 -0.471912 0.078959
v -2.349430 -0.484348 0.094113
v -3.449429 -0.484348 0.094113
v -2.349430 -0.499501 0.106549
v -3.449429 -0.499502 0.106549
v -2.349430 -0.516790 0.115790
v -3.449429 -0.516791 0.115790
v -2.349430 -0.535550 0.121480
v -3.449429 -0.535550 0.121481
v -2.349430 -0.555059 0.123402
v -3.449429 -0.555059 0.123402
v -2.349430 -0.574567 0.121480
v -3.449429 -0.574567 0.121481
v -2.349430 -0.593327 0.115790
v -3.449429 -0.593327 0.115790
v -2.349430 -0.610615 0.106549
v -3.449429 -0.610616 0.106549
v -2.349430 -0.625769 0.094113
v -3.449429 -0.625769 0.094113
v -2.349430 -0.638206 0.078959
v -3.449429 -0.638206 0.078959
v -2.349430 -0.647447 0.061670
v -3.449429 -0.647447 0.061670
v -2.349430 -0.653137 0.042911
v -3.449429 -0.653137 0.042911
v -2.349430 -0.655059 0.023402
v -3.449429 -0.655059 0.023402
v -2.349430 -0.653137 0.003893
v -3.449429 -0.653137 0.003893
v -2.349430 -0.647447 -0.014867
v -3.449429 -0.647447 -0.014866
v -2.349430 -0.638206 -0.032155
v -3.449429 -0.638206 -0.032155
v -2.349430 -0.625769 -0.047309
v -3.449429 -0.625769 -0.047309
v -2.349430 -0.610615 -0.059745
v -3.449429 -0.610616 -0.059745
v -2.349430 -0.593327 -0.068986
v -3.449429 -0.593327 -0.068986
v -2.349430 -0.574567 -0.074677
v -3.449429 -0.574567 -0.074676
v -2.349430 -0.555059 -0.076598
v -3.449429 -0.555059 -0.076598
v -2.349430 -0.535550 -0.074677
v -3.449429 -0.535550 -0.074676
v -2.349430 -0.516790 -0.068986
v -3.449429 -0.516791 -0.068986
v -2.349430 -0.499501 -0.059745
v -3.449429 -0.499502 -0.059745
v -2.349430 -0.484348 -0.047309
v -3.449429 -0.484348 -0.047309
v -2.349430 -0.471912 -0.032155
v -3.449429 -0.471912 -0.032155
v -2.349430 -0.462670 -0.014867
v -3.449429 -0.462670 -0.014866
v -2.349430 -0.456980 0.003893
v -3.449429 -0.456980 0.003893
v -2.704832 -0.455059 0.023402
v -2.834832 -0.455059 0.023402
v -2.954832 -0.455059 0.023402
v -3.084832 -0.455059 0.023402
v -2.704832 -0.456980 0.042911
v -2.834832 -0.456980 0.042911
v -2.954832 -0.456980 0.042911
v -3.084832 -0.456980 0.042911
v -2.704832 -0.462670 0.061670
v -2.834832 -0.462670 0.061670
v -2.954832 -0.462670 0.061670
v -3.084832 -0.462670 0.061670
v -2.704832 -0.471912 0.078959
v -2.834832 -0.471912 0.078959
v -2.954832 -0.471912 0.078959
v -3.084832 -0.471912 0.078959
v -2.704832 -0.484348 0.094113
v -2.834832 -0.484348 0.094113
v -2.954832 -0.484348 0.094113
v -3.084832 -0.484348 0.094113
v -2.704832 -0.499501 0.106549
v -2.834832 -0.499501 0.106549
v -2.954832 -0.499501 0.106549
v -3.084832 -0.499501 0.106549
v -2.704832 -0.516790 0.115790
v -2.834832 -0.516790 0.115790
v -2.954832 -0.516790 0.115790
v -3.084832 -0.516790 0.115790
v -2.704832 -0.535550 0.121480
v -2.834832 -0.535550 0.121480
v -2.954832 -0.535550 0.121480
v -3.084832 -0.535550 0.121480
v -2.704832 -0.555059 0.123402
v -2.834832 -0.555059 0.123402
v -2.954832 -0.555059 0.123402
v -3.084832 -0.555059 0.123402
v -2.704832 -0.574567 0.121480
v -2.834832 -0.574567 0.121480
v -2.954832 -0.574567 0.121480
v -3.084832 -0.574567 0.121480
v -2.704832 -0.593327 0.115790
v -2.834832 -0.593327 0.115790
v -2.954832 -0.593327 0.115790
v -3.084832 -0.593327 0.115790
v -2.704832 -0.610616 0.106549
v -2.834832 -0.610616 0.106549
v -2.954832 -0.610616 0.106549
v -3.084832 -0.610616 0.106549
v -2.704832 -0.625769 0.094113
v -2.834832 -0.625769 0.094113
v -2.954832 -0.625769 0.094113
v -3.084832 -0.625769 0.094113
v -2.704832 -0.638206 0.078959
v -2.834832 -0.638206 0.078959
v -2.954832 -0.638206 0.078959
v -3.084832 -0.638206 0.078959
v -2.704832 -0.647447 0.061670
v -2.834832 -0.647447 0.061670
v -2.954832 -0.647447 0.061670
v -3.084832 -0.647447 0.061670
v -2.704832 -0.653137 0.042911
v -2.834832 -0.653137 0.042911
v -2.954832 -0.653137 0.042911
v -3.084832 -0.653137 0.042911
v -2.704832 -0.655059 0.023402
v -2.834832 -0.655059 0.023402
v -2.954832 -0.655059 0.023402
v -3.084832 -0.655059 0.023402
v -2.704832 -0.653137 0.003893
v -2.834832 -0.653137 0.003893
v -2.954832 -0.653137 0.003893
v -3.084832 -0.653137 0.003893
v -2.704832 -0.647447 -0.014866
v -2.834832 -0.647447 -0.014866
v -2.954832 -0.647447 -0.014866
v -3.084832 -0.647447 -0.014866
v -2.704832 -0.638206 -0.032155
v -2.834832 -0.638206 -0.032155
v -2.954832 -0.638206 -0.032155
v -3.084832 -0.638206 -0.032155
v -2.704832 -0.625769 -0.047309
v -2.834832 -0.625769 -0.047309
v -2.954832 -0.625769 -0.047309
v -3.084832 -0.625769 -0.047309
v -2.704832 -0.610616 -0.059745
v -2.834832 -0.610616 -0.059745
v -2.954832 -0.610616 -0.059745
v -3.084832 -0.610616 -0.059745
v -2.704832 -0.593327 -0.068986
v -2.834832 -0.593327 -0.068986
v -2.954832 -0.593327 -0.068986
v -3.084832 -0.593327 -0.068986
v -2.704832 -0.574567 -0.074677
v -2.834832 -0.574567 -0.074677
v -2.954832 -0.574567 -0.074677
v -3.084832 -0.574567 -0.074677
v -2.704832 -0.555059 -0.076598
v -2.834832 -0.555059 -0.076598
v -2.954832 -0.555059 -0.076598
v -3.084832 -0.555059 -0.076598
v -2.704832 -0.535550 -0.074677
v -2.834832 -0.535550 -0.074677
v -2.954832 -0.535550 -0.074677
v -3.084832 -0.535550 -0.074677
v -2.704832 -0.516790 -0.068986
v -2.834832 -0.516790 -0.068986
v -2.954832 -0.516790 -0.068986
v -3.084832 -0.516790 -0.068986
v -2.704832 -0.499501 -0.059745
v -2.834832 -0.499501 -0.059745
v -2.954832 -0.499501 -0.059745
v -3.084832 -0.499501 -0.059745
v -2.704832 -0.484348 -0.047309
v -2.834832 -0.484348 -0.047309
v -2.954832 -0.484348 -0.047309
v -3.084832 -0.484348 -0.047309
v -2.704832 -0.471912 -0.032155
v -2.834832 -0.471912 -0.032155
v -2.954832 -0.471912 -0.032155
v -3.084832 -0.471912 -0.032155
v -2.704832 -0.462670 -0.014866
v -2.834832 -0.462670 -0.014866
v -2.954832 -0.462670 -0.014866
v -3.084832 -0.462670 -0.014866
v -2.704832 -0.456980 0.003893
v -2.834832 -0.456980 0.003893
v -2.954832 -0.456980 0.003893
v -3.084832 -0.456980 0.003893
v -3.084832 2.386999 -0.085622
v -2.954832 0.982530 0.058320
v -3.084832 1.106999 -0.589622
v -2.954832 -0.297470 -0.445680
v -3.084832 2.324352 -0.241366
v -2.954832 0.919882 -0.097425
v -3.084832 2.142540 -0.381866
v -2.954832 0.738072 -0.237924
v -3.084832 1.859364 -0.493366
v -2.954832 0.454894 -0.349425
v -3.084832 1.502540 -0.564954
v -2.954832 0.098072 -0.421013
v -2.704832 1.106999 -0.589622
v -2.834832 -0.297470 -0.445680
v -2.704832 2.386999 -0.085622
v -2.834832 0.982530 0.058320
v -2.704832 1.502540 -0.564954
v -2.834832 0.098072 -0.421013
v -2.834832 0.454894 -0.349425
v -2.704832 1.859364 -0.493366
v -2.704832 2.142540 -0.381866
v -2.834832 0.738072 -0.237924
v -2.704832 2.324352 -0.241366
v -2.834832 0.919882 -0.097425
v -3.084832 1.106999 0.670378
v -3.084832 2.386999 0.166378
v -2.954832 0.982530 0.310320
v -3.084832 1.502540 0.645711
v -3.084832 1.859364 0.574123
v -3.084832 2.142540 0.462622
v -2.954832 0.738072 0.606563
v -3.084832 2.324352 0.322123
v -2.954832 0.919882 0.466064
v -2.704832 2.386999 0.166378
v -2.834832 0.982530 0.310320
v -2.704832 1.106999 0.670378
v -2.704832 2.324352 0.322123
v -2.834832 0.919882 0.466064
v -2.834832 0.738072 0.606563
v -2.704832 2.142540 0.462622
v -2.704832 1.859364 0.574123
v -2.704832 1.502540 0.645711
v -3.084832 0.466998 -0.589622
v -3.084832 -0.813001 -0.085622
v -3.084832 0.071457 -0.564954
v -3.084832 -0.285366 -0.493366
v -3.084832 -0.568543 -0.381866
v -3.084832 -0.750353 -0.241366
v -2.704832 -0.813001 -0.085622
v -2.704832 0.466998 -0.589622
v -2.704832 -0.750353 -0.241366
v -2.704832 -0.568543 -0.381866
v -2.704832 -0.285366 -0.493366
v -2.704832 0.071457 -0.564954
v -3.084832 -0.813001 0.166378
v -3.084832 0.466998 0.670378
v -3.084832 -0.750353 0.322123
v -3.084832 -0.568543 0.462622
v -3.084832 -0.285366 0.574123
v -3.084832 0.071457 0.645711
v -2.704832 0.466998 0.670378
v -2.704832 -0.813001 0.166378
v -2.704832 0.071457 0.645711
v -2.704832 -0.285366 0.574123
v -2.704832 -0.568543 0.462622
v -2.704832 -0.750353 0.322123
v -3.084832 2.259880 0.023402
v -3.084832 2.256036 0.062420
v -3.084832 2.244655 0.099939
v -3.084832 2.226173 0.134516
v -3.084832 2.201301 0.164823
v -3.084832 2.170993 0.189696
v -3.084832 2.136416 0.208178
v -3.084832 2.098897 0.219559
v -3.084832 2.059879 0.223402
v -3.084832 2.020861 0.219559
v -3.084832 1.983343 0.208178
v -3.084832 1.948765 0.189696
v -3.084832 1.918458 0.164823
v -3.084832 1.893586 0.134516
v -3.084832 1.875103 0.099939
v -3.084832 1.863722 0.062420
v -3.084832 1.859879 0.023402
v -3.084832 1.863722 -0.015616
v -3.084832 1.875103 -0.053135
v -3.084832 1.893586 -0.087712
v -3.084832 1.918458 -0.118019
v -3.084832 1.948765 -0.142892
v -3.084832 1.983343 -0.161374
v -3.084832 2.020861 -0.172755
v -3.084832 2.059879 -0.176598
v -3.084832 2.098897 -0.172755
v -3.084832 2.136416 -0.161374
v -3.084832 2.170993 -0.142892
v -3.084832 2.201301 -0.118019
v -3.084832 2.226173 -0.087712
v -3.084832 2.244655 -0.053135
v -3.084832 2.256036 -0.015616
v -2.704832 2.226173 0.134516
v -2.704832 2.244655 0.099939
v -2.704832 2.163690 0.193600
v -2.704832 2.170993 0.189696
v -2.704832 2.201301 0.164823
v -2.704832 2.059879 -0.176598
v -2.704832 2.020861 -0.172755
v -2.704832 2.098897 -0.172755
v -2.704832 1.948765 -0.142892
v -2.704832 2.170993 -0.142892
v -2.704832 2.136416 -0.161374
v -2.704832 1.983343 -0.161374
v -2.704832 1.918458 -0.118019
v -2.704832 2.201301 -0.118019
v -2.704832 1.893586 -0.087712
v -2.704832 2.226173 -0.087712
v -2.704832 1.875103 -0.053135
v -2.704832 1.863722 -0.015616
v -2.704832 2.244655 -0.053135
v -2.704832 2.256036 -0.015616
v -2.704832 1.859879 0.023402
v -2.704832 2.259880 0.023402
v -2.704832 1.863722 0.062420
v -2.704832 2.256036 0.062420
v -2.704832 1.875103 0.099939
v -2.704832 1.893586 0.134516
v -2.704832 1.948765 0.189696
v -2.704832 1.918458 0.164823
v -2.704832 2.059879 0.223402
v -2.704832 2.020861 0.219559
v -2.704832 2.098897 0.219559
v -2.704832 1.983343 0.208178
v -2.704832 2.136416 0.208178
v -2.954832 0.466998 0.670378
v -2.954832 0.576002 0.670378
v -2.834832 0.576002 0.670378
v -2.834832 0.466998 0.670378
v -2.954832 -0.813001 -0.085622
v -2.834832 -0.813001 -0.085622
v -2.954832 -0.750353 -0.241366
v -2.834832 -0.750353 -0.241366
v -2.954832 -0.568543 -0.381866
v -2.834832 -0.568543 -0.381866
v -2.954832 -0.406474 -0.445680
v -2.834832 -0.406474 -0.445680
v -2.954832 -0.813001 0.166378
v -2.834832 -0.813001 0.166378
v -2.954832 -0.750353 0.322123
v -2.834832 -0.750353 0.322123
v -2.954832 -0.568543 0.462622
v -2.834832 -0.568543 0.462622
v -2.954832 -0.285366 0.574123
v -2.834832 -0.285366 0.574123
v -2.834832 0.071457 0.645711
v -2.954832 0.071457 0.645711
vn -0.0000 1.0000 -0.0000
vn -0.0000 0.9808 0.1951
vn -0.0000 0.9239 0.3827
vn -0.0000 0.8315 0.5556
vn -0.0000 0.7071 0.7071
vn -0.0000 0.5556 0.8315
vn -0.0000 0.3827 0.9239
vn -0.0000 0.1951 0.9808
vn -0.0000 -0.0000 1.0000
vn -0.0000 -0.1951 0.9808
vn -0.0000 -0.3827 0.9239
vn -0.0000 -0.5556 0.8315
vn -0.0000 -0.7071 0.7071
vn -0.0000 -0.8315 0.5556
vn -0.0000 -0.9239 0.3827
vn -0.0000 -0.9808 0.1951
vn -0.0000 -1.0000 -0.0000
vn -0.0000 -0.9808 -0.1951
vn -0.0000 -0.9239 -0.3827
vn -0.0000 -0.8315 -0.5556
vn -0.0000 -0.7071 -0.7071
vn -0.0000 -0.5556 -0.8315
vn -0.0000 -0.3827 -0.9239
vn -0.0000 -0.1951 -0.9808
vn -0.0000 -0.0000 -1.0000
vn -0.0000 0.1951 -0.9808
vn -0.0000 0.3827 -0.9239
vn -0.0000 0.5556 -0.8315
vn -0.0000 0.7071 -0.7071
vn -0.0000 0.8315 -0.5556
vn -0.0000 0.9239 -0.3827
vn -1.0000 -0.0000 -0.0000
vn -0.0000 0.9808 -0.1951
vn 1.0000 -0.0000 -0.0000
vn -0.0000 0.9818 -0.1900
vn -0.0000 0.9818 0.1900
vn -0.0000 0.9818 0.1901
vn -0.0000 0.0311 0.9995
vn -0.0000 0.9278 -0.3732
vn -0.0000 0.9818 -0.1901
vn -0.0000 0.6115 -0.7913
vn -0.0000 0.4939 -0.8695
vn -0.0000 0.4938 -0.8695
vn -0.0000 0.2826 -0.9592
vn -0.0000 0.1298 -0.9915
vn -0.0000 0.0311 -0.9995
vn -0.0000 0.9278 0.3732
vn -0.0000 0.6115 0.7913
vn -0.0000 0.4939 0.8695
vn -0.0000 0.4938 0.8695
vn -0.0000 0.2826 0.9592
vn -0.0000 0.1298 0.9915
vn -0.0000 -0.0311 -0.9995
vn -0.0000 -0.9278 -0.3732
vn -0.0000 -0.9818 -0.1901
vn -0.0000 -0.6115 -0.7913
vn -0.0000 -0.4939 -0.8695
vn -0.0000 -0.4938 -0.8695
vn -0.0000 -0.2826 -0.9592
vn -0.0000 -0.3664 -0.9305
vn -0.0000 -0.1298 -0.9915
vn -0.0000 -0.9818 0.1901
vn -0.0000 -0.9278 0.3732
vn -0.0000 -0.6115 0.7913
vn -0.0000 -0.4939 0.8695
vn -0.0000 -0.2826 0.9592
vn -0.0000 -0.1298 0.9915
vn -0.0000 -0.0311 0.9995
vn -0.0000 -0.4714 -0.8819
vn -1.0000 -0.0000 0.0001
vn -1.0000 -0.0000 -0.0001
vn -1.0000 -0.0000 -0.0002
vn 1.0000 -0.0000 -0.0001
vn 1.0000 -0.0000 0.0001
vt 0.786783 0.810611
vt 0.787703 0.827799
vt 0.786783 0.827799
vt 0.194700 0.984078
vt 0.195619 0.967322
vt 0.195619 0.984078
vt 0.590623 0.229004
vt 0.584967 0.229924
vt 0.584967 0.229004
vt 0.787703 0.810611
vt 0.788587 0.827799
vt 0.196504 0.967322
vt 0.196504 0.984078
vt 0.590623 0.228120
vt 0.584967 0.228120
vt 0.788587 0.810611
vt 0.789402 0.827799
vt 0.197318 0.967322
vt 0.197318 0.984078
vt 0.590623 0.227305
vt 0.584967 0.227305
vt 0.789402 0.810611
vt 0.790116 0.827799
vt 0.198033 0.967322
vt 0.198033 0.984078
vt 0.590623 0.226590
vt 0.584967 0.226590
vt 0.160077 0.968629
vt 0.160772 0.985818
vt 0.160077 0.985818
vt 0.977407 0.968853
vt 0.978101 0.985608
vt 0.977407 0.985608
vt 0.647182 0.226590
vt 0.641526 0.227285
vt 0.641526 0.226590
vt 0.160772 0.968629
vt 0.161572 0.985818
vt 0.976607 0.968853
vt 0.976607 0.985608
vt 0.647182 0.227285
vt 0.641526 0.228086
vt 0.161572 0.968629
vt 0.162447 0.985818
vt 0.975732 0.968853
vt 0.975732 0.985608
vt 0.647182 0.228086
vt 0.641526 0.228961
vt 0.162447 0.968629
vt 0.163363 0.985818
vt 0.974816 0.968853
vt 0.974816 0.985608
vt 0.647182 0.228961
vt 0.641526 0.229877
vt 0.163363 0.968629
vt 0.164285 0.985818
vt 0.973894 0.968853
vt 0.973894 0.985608
vt 0.647182 0.229877
vt 0.641526 0.230799
vt 0.164285 0.968629
vt 0.165177 0.985818
vt 0.973001 0.968853
vt 0.973001 0.985608
vt 0.647182 0.230799
vt 0.641526 0.231692
vt 0.165177 0.968629
vt 0.166006 0.985818
vt 0.972173 0.968853
vt 0.972173 0.985608
vt 0.647182 0.231692
vt 0.641526 0.232521
vt 0.166006 0.968629
vt 0.166739 0.985818
vt 0.971440 0.968853
vt 0.971440 0.985608
vt 0.647182 0.232521
vt 0.641526 0.233254
vt 0.619113 0.987137
vt 0.618361 0.969949
vt 0.619113 0.969949
vt 0.874340 0.971170
vt 0.875093 0.987925
vt 0.874340 0.987925
vt 0.219400 0.713105
vt 0.213744 0.713858
vt 0.213744 0.713105
vt 0.618361 0.987137
vt 0.617518 0.969949
vt 0.873498 0.971170
vt 0.873498 0.987925
vt 0.219400 0.713858
vt 0.213744 0.714701
vt 0.617518 0.987137
vt 0.616618 0.969949
vt 0.872598 0.971170
vt 0.872598 0.987925
vt 0.219400 0.714701
vt 0.213744 0.715601
vt 0.616618 0.987137
vt 0.615694 0.969949
vt 0.871674 0.971170
vt 0.871674 0.987925
vt 0.219400 0.715601
vt 0.213744 0.716525
vt 0.615694 0.987137
vt 0.614783 0.969949
vt 0.870763 0.971170
vt 0.870763 0.987925
vt 0.219400 0.716525
vt 0.213744 0.717436
vt 0.614783 0.987137
vt 0.613919 0.969949
vt 0.869899 0.971170
vt 0.869899 0.987925
vt 0.219400 0.717436
vt 0.213744 0.718301
vt 0.613919 0.987137
vt 0.613136 0.969949
vt 0.869116 0.971170
vt 0.869116 0.987925
vt 0.219400 0.718301
vt 0.213744 0.719084
vt 0.839424 0.968760
vt 0.840224 0.985948
vt 0.839424 0.985948
vt 0.107346 0.969467
vt 0.108146 0.986222
vt 0.107346 0.986222
vt 0.647182 0.233168
vt 0.652837 0.232368
vt 0.652837 0.233168
vt 0.840224 0.968760
vt 0.841099 0.985948
vt 0.106471 0.986222
vt 0.106471 0.969467
vt 0.652837 0.231493
vt 0.647182 0.232368
vt 0.647182 0.231493
vt 0.841099 0.968760
vt 0.842015 0.985948
vt 0.105555 0.986222
vt 0.105555 0.969467
vt 0.652837 0.230577
vt 0.647182 0.230577
vt 0.842015 0.968760
vt 0.842937 0.985948
vt 0.104633 0.986222
vt 0.104633 0.969467
vt 0.652837 0.229654
vt 0.647182 0.229654
vt 0.842937 0.968760
vt 0.843829 0.985948
vt 0.103741 0.986222
vt 0.103741 0.969467
vt 0.652837 0.228762
vt 0.647182 0.228762
vt 0.843829 0.968760
vt 0.844658 0.985948
vt 0.102912 0.986222
vt 0.102912 0.969467
vt 0.652837 0.227933
vt 0.647182 0.227933
vt 0.844658 0.968760
vt 0.845391 0.985948
vt 0.102179 0.986222
vt 0.102179 0.969467
vt 0.652837 0.227200
vt 0.647182 0.227200
vt 0.845391 0.968760
vt 0.846000 0.985948
vt 0.101570 0.986222
vt 0.101570 0.969467
vt 0.652837 0.226590
vt 0.647182 0.226590
vt 0.782864 0.810611
vt 0.783450 0.827799
vt 0.782864 0.827799
vt 0.190781 0.984078
vt 0.191367 0.967322
vt 0.191367 0.984078
vt 0.590623 0.233257
vt 0.584967 0.233844
vt 0.584967 0.233257
vt 0.783450 0.810611
vt 0.784164 0.827799
vt 0.192081 0.967322
vt 0.192081 0.984078
vt 0.590623 0.232543
vt 0.584967 0.232543
vt 0.784164 0.810611
vt 0.784979 0.827799
vt 0.192896 0.967322
vt 0.192896 0.984078
vt 0.590623 0.231728
vt 0.584967 0.231728
vt 0.755746 0.403351
vt 0.749868 0.400209
vt 0.753010 0.394329
vt 0.784979 0.810611
vt 0.785864 0.827799
vt 0.193780 0.967322
vt 0.193780 0.984078
vt 0.590623 0.230844
vt 0.584967 0.230844
vt 0.785864 0.810611
vt 0.194700 0.967322
vt 0.590623 0.229924
vt 0.761537 0.402998
vt 0.759602 0.396618
vt 0.765981 0.394682
vt 0.309626 0.634806
vt 0.310279 0.628171
vt 0.316913 0.628824
vt 0.426015 0.636497
vt 0.421787 0.631343
vt 0.426939 0.627113
vt 0.414106 0.635449
vt 0.413453 0.628814
vt 0.420086 0.628161
vt 0.280970 0.634037
vt 0.282905 0.627657
vt 0.289283 0.629592
vt 0.885117 0.499461
vt 0.912719 0.493245
vt 0.924142 0.507292
vt 0.597221 0.212624
vt 0.579311 0.200744
vt 0.597221 0.200744
vt 0.656298 0.041697
vt 0.682190 0.024669
vt 0.684029 0.024851
vt 0.685868 0.006174
vt 0.690768 0.000000
vt 0.687636 0.006711
vt 0.480853 0.709758
vt 0.466891 0.721283
vt 0.441051 0.709758
vt 0.490645 0.627246
vt 0.502428 0.652266
vt 0.496773 0.652266
vt 0.579311 0.219967
vt 0.579311 0.212624
vt 0.597221 0.219967
vt 0.579311 0.226590
vt 0.430369 0.734052
vt 0.412459 0.744695
vt 0.412459 0.734052
vt 0.430369 0.744695
vt 0.412459 0.759249
vt 0.430369 0.759249
vt 0.412459 0.776291
vt 0.597221 0.193401
vt 0.508556 0.570422
vt 0.490645 0.578772
vt 0.490645 0.570422
vt 0.508556 0.578772
vt 0.490645 0.591944
vt 0.508556 0.608647
vt 0.490645 0.608647
vt 0.430369 0.804529
vt 0.412459 0.804529
vt 0.984231 0.981214
vt 0.978104 0.974089
vt 0.984231 0.974089
vt 0.076263 0.980552
vt 0.082390 0.987677
vt 0.076263 0.987677
vt 0.412459 0.864025
vt 0.418586 0.853669
vt 0.418586 0.864025
vt 0.430369 0.853669
vt 0.424242 0.864025
vt 0.424242 0.853669
vt 0.412459 0.839323
vt 0.430369 0.839323
vt 0.418586 0.845459
vt 0.430369 0.822391
vt 0.412459 0.822391
vt 0.082390 0.968699
vt 0.076263 0.961173
vt 0.082390 0.961173
vt 0.984231 0.962236
vt 0.978104 0.954710
vt 0.984231 0.954710
vt 0.490645 0.715299
vt 0.496773 0.706516
vt 0.496773 0.715299
vt 0.508556 0.706516
vt 0.502428 0.715299
vt 0.502428 0.706516
vt 0.490645 0.706516
vt 0.496773 0.693001
vt 0.508556 0.693001
vt 0.502428 0.693001
vt 0.490645 0.693001
vt 0.496773 0.676078
vt 0.508556 0.676078
vt 0.502428 0.676078
vt 0.490645 0.676078
vt 0.496773 0.657403
vt 0.508556 0.657403
vt 0.502428 0.657403
vt 0.978104 0.962236
vt 0.082390 0.980552
vt 0.402124 0.967143
vt 0.400301 0.985058
vt 0.400301 0.967143
vt 0.398573 0.985058
vt 0.398573 0.967143
vt 0.397007 0.985058
vt 0.397007 0.967143
vt 0.383854 0.985058
vt 0.385454 0.967143
vt 0.385454 0.985058
vt 0.387204 0.967143
vt 0.387204 0.985058
vt 0.387591 0.967143
vt 0.389036 0.985058
vt 0.390880 0.967143
vt 0.390880 0.985058
vt 0.392665 0.967143
vt 0.392665 0.985058
vt 0.394322 0.967143
vt 0.394322 0.985058
vt 0.395788 0.967143
vt 0.395788 0.985058
vt 0.209165 0.379735
vt 0.210337 0.397650
vt 0.209165 0.397650
vt 0.207736 0.379735
vt 0.207736 0.397650
vt 0.206107 0.379735
vt 0.206107 0.397650
vt 0.204338 0.379735
vt 0.204338 0.397650
vt 0.202499 0.379735
vt 0.202499 0.397650
vt 0.200660 0.379735
vt 0.200660 0.397650
vt 0.198892 0.379735
vt 0.198892 0.397650
vt 0.197262 0.379735
vt 0.197262 0.397650
vt 0.195834 0.379735
vt 0.195834 0.397650
vt 0.324932 0.800064
vt 0.326322 0.817979
vt 0.324932 0.817979
vt 0.323332 0.800064
vt 0.323332 0.817979
vt 0.321582 0.800064
vt 0.321582 0.817979
vt 0.319750 0.817979
vt 0.319750 0.800064
vt 0.317906 0.800064
vt 0.317906 0.817979
vt 0.316121 0.800064
vt 0.316121 0.817979
vt 0.314464 0.817979
vt 0.314464 0.800064
vt 0.312998 0.817979
vt 0.312998 0.800064
vt 0.408961 0.967143
vt 0.407457 0.985058
vt 0.407457 0.967143
vt 0.405771 0.985058
vt 0.405771 0.967143
vt 0.403971 0.985058
vt 0.403971 0.967143
vt 0.402124 0.985058
vt 0.795777 0.159844
vt 0.797084 0.173114
vt 0.783817 0.174421
vt 0.989684 0.528761
vt 0.984028 0.540614
vt 0.984028 0.528761
vt 0.926498 0.020490
vt 0.882011 0.016384
vt 0.921036 0.008552
vt 0.989684 0.548140
vt 0.989684 0.540614
vt 0.658728 0.941016
vt 0.653072 0.932234
vt 0.658728 0.932234
vt 0.658728 0.954531
vt 0.653072 0.941016
vt 0.658728 0.971454
vt 0.653072 0.954531
vt 0.658728 0.990130
vt 0.653072 0.971454
vt 0.984028 0.521636
vt 0.126034 0.979822
vt 0.120378 0.969467
vt 0.126034 0.969467
vt 0.120378 0.979822
vt 0.126034 0.988033
vt 0.120378 0.988033
vt 0.653072 0.990130
vt 0.658728 0.995266
vt 0.653072 0.995266
vt 0.790116 0.810611
vt 0.978101 0.968853
vt 0.166739 0.968629
vt 0.647182 0.233254
vt 0.875093 0.971170
vt 0.613136 0.987137
vt 0.219400 0.719084
vt 0.108146 0.969467
vt 0.846000 0.968760
vt 0.190781 0.967322
vt 0.590623 0.233844
vt 0.753916 0.394148
vt 0.754840 0.394148
vt 0.755746 0.394329
vt 0.756600 0.394682
vt 0.757368 0.395196
vt 0.758021 0.395849
vt 0.758535 0.396618
vt 0.758888 0.397471
vt 0.759069 0.398378
vt 0.759069 0.399302
vt 0.758888 0.400209
vt 0.758535 0.401062
vt 0.758021 0.401831
vt 0.757368 0.402484
vt 0.756600 0.402998
vt 0.754840 0.403532
vt 0.753916 0.403532
vt 0.753010 0.403351
vt 0.752156 0.402998
vt 0.751388 0.402484
vt 0.750735 0.401831
vt 0.750221 0.401062
vt 0.749687 0.399302
vt 0.749687 0.398378
vt 0.749868 0.397471
vt 0.750221 0.396618
vt 0.750735 0.395849
vt 0.751388 0.395196
vt 0.752156 0.394682
vt 0.766749 0.395196
vt 0.768269 0.397471
vt 0.767402 0.395849
vt 0.767916 0.396618
vt 0.768450 0.398378
vt 0.768450 0.399302
vt 0.768269 0.400208
vt 0.767916 0.401062
vt 0.767402 0.401831
vt 0.765127 0.403351
vt 0.766749 0.402484
vt 0.765981 0.402998
vt 0.764221 0.403532
vt 0.763297 0.403532
vt 0.762391 0.403351
vt 0.760769 0.402484
vt 0.759249 0.400209
vt 0.760116 0.401831
vt 0.759602 0.401062
vt 0.759068 0.399302
vt 0.759068 0.398378
vt 0.759249 0.397471
vt 0.760116 0.395849
vt 0.762391 0.394329
vt 0.760769 0.395196
vt 0.761537 0.394682
vt 0.763297 0.394148
vt 0.764221 0.394148
vt 0.765127 0.394329
vt 0.317426 0.629593
vt 0.317960 0.632277
vt 0.317780 0.630446
vt 0.317960 0.631353
vt 0.317780 0.633183
vt 0.317426 0.634037
vt 0.316913 0.634806
vt 0.316259 0.635459
vt 0.315491 0.635973
vt 0.312807 0.636507
vt 0.314638 0.636326
vt 0.313731 0.636507
vt 0.311901 0.636326
vt 0.311048 0.635973
vt 0.310279 0.635459
vt 0.309113 0.634037
vt 0.308579 0.631353
vt 0.308759 0.633183
vt 0.308579 0.632277
vt 0.308759 0.630446
vt 0.309113 0.629593
vt 0.309626 0.628824
vt 0.311048 0.627657
vt 0.313731 0.627123
vt 0.311901 0.627304
vt 0.312807 0.627123
vt 0.314638 0.627304
vt 0.315491 0.627657
vt 0.316259 0.628171
vt 0.427846 0.627294
vt 0.428699 0.627647
vt 0.429467 0.628161
vt 0.430121 0.628814
vt 0.430634 0.629583
vt 0.430988 0.630436
vt 0.431168 0.631343
vt 0.431168 0.632267
vt 0.430988 0.633174
vt 0.430634 0.634027
vt 0.430121 0.634796
vt 0.429467 0.635449
vt 0.428699 0.635963
vt 0.427846 0.636316
vt 0.426939 0.636497
vt 0.425109 0.636316
vt 0.424256 0.635963
vt 0.423487 0.635449
vt 0.422834 0.634796
vt 0.422321 0.634027
vt 0.421967 0.633174
vt 0.421787 0.632267
vt 0.421967 0.630436
vt 0.422321 0.629583
vt 0.422834 0.628814
vt 0.423487 0.628161
vt 0.424256 0.627647
vt 0.425109 0.627294
vt 0.426015 0.627113
vt 0.420740 0.628814
vt 0.421787 0.631343
vt 0.421253 0.629583
vt 0.421607 0.630437
vt 0.421787 0.632267
vt 0.421607 0.633174
vt 0.421253 0.634027
vt 0.420740 0.634796
vt 0.420086 0.635449
vt 0.417558 0.636497
vt 0.419318 0.635963
vt 0.418465 0.636316
vt 0.416634 0.636497
vt 0.415728 0.636316
vt 0.414875 0.635963
vt 0.413453 0.634796
vt 0.412406 0.632267
vt 0.412940 0.634027
vt 0.412586 0.633174
vt 0.412406 0.631343
vt 0.412586 0.630436
vt 0.412940 0.629583
vt 0.414106 0.628161
vt 0.416634 0.627113
vt 0.414875 0.627647
vt 0.415728 0.627294
vt 0.417558 0.627113
vt 0.418465 0.627294
vt 0.419318 0.627647
vt 0.289637 0.630446
vt 0.289817 0.631353
vt 0.289817 0.632277
vt 0.289637 0.633183
vt 0.289283 0.634037
vt 0.287348 0.635973
vt 0.288770 0.634806
vt 0.288116 0.635459
vt 0.286494 0.636326
vt 0.285588 0.636507
vt 0.284664 0.636507
vt 0.283758 0.636326
vt 0.282904 0.635973
vt 0.282136 0.635459
vt 0.281483 0.634806
vt 0.280616 0.633183
vt 0.280436 0.632277
vt 0.280436 0.631353
vt 0.280616 0.630446
vt 0.280970 0.629592
vt 0.281483 0.628824
vt 0.282136 0.628171
vt 0.283758 0.627303
vt 0.284664 0.627123
vt 0.285588 0.627123
vt 0.286494 0.627303
vt 0.287348 0.627657
vt 0.288116 0.628171
vt 0.288770 0.628824
vt 0.924142 0.557085
vt 0.918680 0.569023
vt 0.879655 0.561191
vt 0.910502 0.576123
vt 0.902724 0.577575
vt 0.891079 0.575238
vt 0.884462 0.570898
vt 0.877128 0.547068
vt 0.877128 0.529911
vt 0.926669 0.538573
vt 0.879655 0.511399
vt 0.926669 0.521415
vt 0.880666 0.506360
vt 0.893296 0.492360
vt 0.901074 0.490908
vt 0.919335 0.497585
vt 0.692738 0.011813
vt 0.692051 0.010528
vt 0.698108 0.002953
vt 0.704730 0.011525
vt 0.709985 0.024875
vt 0.693274 0.017261
vt 0.693274 0.013582
vt 0.713359 0.041697
vt 0.689266 0.023262
vt 0.714522 0.060344
vt 0.687636 0.024133
vt 0.714522 0.090517
vt 0.655136 0.090517
vt 0.713359 0.109164
vt 0.709985 0.125986
vt 0.659672 0.125986
vt 0.704730 0.139336
vt 0.698108 0.147908
vt 0.690768 0.150861
vt 0.678890 0.150861
vt 0.664928 0.139336
vt 0.671550 0.147908
vt 0.656298 0.109164
vt 0.655136 0.060344
vt 0.659672 0.024875
vt 0.678792 0.023262
vt 0.664928 0.011525
vt 0.674783 0.017261
vt 0.675320 0.011813
vt 0.671550 0.002953
vt 0.678890 0.000000
vt 0.678792 0.007582
vt 0.676191 0.010183
vt 0.677363 0.008755
vt 0.674783 0.013582
vt 0.693455 0.015422
vt 0.674602 0.015422
vt 0.692738 0.019030
vt 0.691867 0.020660
vt 0.675320 0.019030
vt 0.676191 0.020660
vt 0.690694 0.022089
vt 0.677363 0.022089
vt 0.685868 0.024669
vt 0.680421 0.024133
vt 0.680421 0.006711
vt 0.684029 0.005993
vt 0.690694 0.008755
vt 0.691867 0.010183
vt 0.682190 0.006174
vt 0.689266 0.007582
vt 0.441051 0.581947
vt 0.447673 0.573375
vt 0.455013 0.570422
vt 0.466891 0.570422
vt 0.480853 0.581947
vt 0.474231 0.573375
vt 0.486109 0.595297
vt 0.489483 0.612119
vt 0.432422 0.612119
vt 0.490645 0.630766
vt 0.490645 0.660938
vt 0.431259 0.660938
vt 0.489483 0.679586
vt 0.486109 0.696408
vt 0.435796 0.696408
vt 0.474231 0.718329
vt 0.455013 0.721283
vt 0.447673 0.718329
vt 0.432422 0.679586
vt 0.431259 0.630766
vt 0.435796 0.595297
vt 0.490645 0.657403
vt 0.508556 0.627246
vt 0.597221 0.226590
vt 0.430369 0.776291
vt 0.579311 0.193401
vt 0.508556 0.591944
vt 0.978104 0.981214
vt 0.412459 0.853669
vt 0.430369 0.864025
vt 0.424242 0.845459
vt 0.076263 0.968699
vt 0.508556 0.715299
vt 0.383854 0.967143
vt 0.389036 0.967143
vt 0.210337 0.379735
vt 0.326322 0.800064
vt 0.408961 0.985058
vt 0.782511 0.161151
vt 0.783817 0.159844
vt 0.785354 0.158817
vt 0.787061 0.158109
vt 0.788873 0.157749
vt 0.790721 0.157749
vt 0.792534 0.158109
vt 0.794241 0.158817
vt 0.797084 0.161151
vt 0.798111 0.162687
vt 0.798818 0.164395
vt 0.799178 0.166208
vt 0.799178 0.168056
vt 0.798818 0.169869
vt 0.798111 0.171577
vt 0.795777 0.174421
vt 0.794241 0.175448
vt 0.792534 0.176155
vt 0.790721 0.176516
vt 0.788873 0.176516
vt 0.787061 0.176155
vt 0.785354 0.175448
vt 0.782511 0.173114
vt 0.780416 0.168056
vt 0.781484 0.171577
vt 0.780777 0.169869
vt 0.780416 0.166208
vt 0.780777 0.164395
vt 0.781484 0.162687
vt 0.887473 0.078114
vt 0.883022 0.071215
vt 0.882011 0.066176
vt 0.879484 0.047664
vt 0.929025 0.056160
vt 0.879484 0.030507
vt 0.929025 0.039002
vt 0.886818 0.006677
vt 0.893434 0.002337
vt 0.905080 0.000000
vt 0.912858 0.001451
vt 0.925487 0.015452
vt 0.926498 0.070283
vt 0.921691 0.079990
vt 0.915075 0.084330
vt 0.903429 0.086667
vt 0.895651 0.085215
vt 0.984028 0.548140
vt 0.989684 0.521636
s 1
usemtl 
f 2/1/1 72/2/2 68/3/1
f 1/4/1 69/5/2 3/6/2
f 70/7/2 67/8/1 71/9/2
f 4/10/2 76/11/3 72/2/2
f 3/6/2 73/12/3 5/13/3
f 74/14/3 71/9/2 75/15/3
f 6/16/3 80/17/4 76/11/3
f 5/13/3 77/18/4 7/19/4
f 78/20/4 75/15/3 79/21/4
f 8/22/4 84/23/5 80/17/4
f 7/19/4 81/24/5 9/25/5
f 82/26/5 79/21/4 83/27/5
f 10/28/5 88/29/6 84/30/5
f 11/31/6 81/32/5 85/33/6
f 83/34/5 86/35/6 82/36/5
f 12/37/6 92/38/7 88/29/6
f 13/39/7 85/33/6 89/40/7
f 87/41/6 90/42/7 86/35/6
f 14/43/7 96/44/8 92/38/7
f 15/45/8 89/40/7 93/46/8
f 91/47/7 94/48/8 90/42/7
f 16/49/8 100/50/9 96/44/8
f 17/51/9 93/46/8 97/52/9
f 95/53/8 98/54/9 94/48/8
f 18/55/9 104/56/10 100/50/9
f 19/57/10 97/52/9 101/58/10
f 99/59/9 102/60/10 98/54/9
f 20/61/10 108/62/11 104/56/10
f 21/63/11 101/58/10 105/64/11
f 103/65/10 106/66/11 102/60/10
f 22/67/11 112/68/12 108/62/11
f 23/69/12 105/64/11 109/70/12
f 107/71/11 110/72/12 106/66/11
f 24/73/12 116/74/13 112/68/12
f 25/75/13 109/70/12 113/76/13
f 111/77/12 114/78/13 110/72/12
f 26/79/13 120/80/14 116/81/13
f 27/82/14 113/83/13 117/84/14
f 115/85/13 118/86/14 114/87/13
f 28/88/14 124/89/15 120/80/14
f 29/90/15 117/84/14 121/91/15
f 119/92/14 122/93/15 118/86/14
f 30/94/15 128/95/16 124/89/15
f 31/96/16 121/91/15 125/97/16
f 123/98/15 126/99/16 122/93/15
f 32/100/16 132/101/17 128/95/16
f 33/102/17 125/97/16 129/103/17
f 127/104/16 130/105/17 126/99/16
f 34/106/17 136/107/18 132/101/17
f 35/108/18 129/103/17 133/109/18
f 131/110/17 134/111/18 130/105/17
f 36/112/18 140/113/19 136/107/18
f 37/114/19 133/109/18 137/115/19
f 135/116/18 138/117/19 134/111/18
f 38/118/19 144/119/20 140/113/19
f 39/120/20 137/115/19 141/121/20
f 139/122/19 142/123/20 138/117/19
f 40/124/20 148/125/21 144/126/20
f 41/127/21 141/128/20 145/129/21
f 143/130/20 146/131/21 142/132/20
f 42/133/21 152/134/22 148/125/21
f 41/127/21 149/135/22 43/136/22
f 150/137/22 147/138/21 151/139/22
f 44/140/22 156/141/23 152/134/22
f 43/136/22 153/142/23 45/143/23
f 154/144/23 151/139/22 155/145/23
f 46/146/23 160/147/24 156/141/23
f 45/143/23 157/148/24 47/149/24
f 158/150/24 155/145/23 159/151/24
f 48/152/24 164/153/25 160/147/24
f 47/149/24 161/154/25 49/155/25
f 162/156/25 159/151/24 163/157/25
f 50/158/25 168/159/26 164/153/25
f 49/155/25 165/160/26 51/161/26
f 166/162/26 163/157/25 167/163/26
f 52/164/26 172/165/27 168/159/26
f 51/161/26 169/166/27 53/167/27
f 170/168/27 167/163/26 171/169/27
f 54/170/27 176/171/28 172/165/27
f 53/167/27 173/172/28 55/173/28
f 174/174/28 171/169/27 175/175/28
f 56/176/28 180/177/29 176/178/28
f 55/179/28 177/180/29 57/181/29
f 178/182/29 175/183/28 179/184/29
f 58/185/29 184/186/30 180/177/29
f 57/181/29 181/187/30 59/188/30
f 182/189/30 179/184/29 183/190/30
f 60/191/30 188/192/31 184/186/30
f 59/188/30 185/193/31 61/194/31
f 186/195/31 183/190/30 187/196/31
f 28/197/32 12/198/32 60/199/32
f 62/200/31 192/201/33 188/192/31
f 61/194/31 189/202/33 63/203/33
f 190/204/33 187/196/31 191/205/33
f 64/206/33 68/3/1 192/201/33
f 63/203/33 65/207/1 1/4/1
f 190/204/33 67/8/1 66/208/1
f 29/209/34 45/210/34 61/211/34
f 130/212/34 162/213/34 66/214/34
f 141/215/32 109/216/32 77/217/32
f 132/218/34 164/219/34 68/220/34
f 91/221/32 187/222/32 155/223/32
f 231/224/32 208/225/32 214/226/32
f 207/227/35 218/228/36 226/229/37
f 209/230/34 308/231/34 311/232/34
f 314/233/34 226/234/34 292/235/34
f 239/236/32 236/237/32 250/238/32
f 228/239/38 325/240/9 326/241/9
f 207/227/35 197/242/39 193/243/40
f 215/244/41 199/245/42 197/242/41
f 213/246/43 201/247/44 199/248/42
f 212/249/44 203/250/45 201/247/44
f 209/251/45 195/252/46 203/250/45
f 218/228/36 229/253/47 226/229/37
f 224/254/48 232/255/49 229/256/48
f 222/257/50 233/258/51 232/255/49
f 233/258/51 220/259/52 234/260/52
f 220/259/52 228/239/38 234/260/52
f 195/252/46 242/261/53 235/262/53
f 240/263/54 328/264/55 236/265/55
f 241/266/55 331/267/54 243/268/54
f 240/269/56 332/270/57 330/271/56
f 244/272/58 331/273/56 333/274/57
f 238/275/59 245/276/59 334/277/60
f 238/275/59 246/278/61 245/276/59
f 237/279/61 242/261/53 246/278/61
f 337/280/62 258/281/63 339/282/63
f 247/283/62 338/284/63 249/285/63
f 258/286/64 341/287/65 339/288/64
f 250/289/65 338/290/64 340/291/65
f 257/292/65 343/293/66 341/287/65
f 251/294/66 340/291/65 342/295/66
f 256/296/66 344/297/67 343/293/66
f 252/298/67 342/295/66 345/299/67
f 255/300/67 327/301/68 344/297/67
f 248/302/68 345/299/67 324/303/68
f 236/265/55 336/304/62 247/283/62
f 241/266/55 337/280/62 329/305/55
f 259/306/17 314/307/18 260/308/18
f 260/308/18 292/309/19 261/310/19
f 261/310/19 291/311/20 262/312/20
f 262/313/20 295/314/21 263/315/21
f 263/315/21 294/316/22 264/317/22
f 264/317/22 294/316/22 293/318/69
f 265/319/23 321/320/24 266/321/24
f 266/321/24 319/322/25 267/323/25
f 267/323/25 320/324/26 268/325/26
f 268/325/26 322/326/27 269/327/27
f 270/311/28 322/326/27 317/312/28
f 271/328/29 317/329/28 318/330/29
f 272/331/30 318/330/29 316/332/30
f 273/333/31 316/332/30 315/334/31
f 274/335/33 315/334/31 313/336/33
f 275/337/1 313/336/33 311/338/1
f 276/339/2 311/338/1 308/340/2
f 277/341/3 308/340/2 307/342/3
f 278/343/4 307/342/3 305/344/4
f 279/345/5 305/344/4 303/346/5
f 280/347/6 303/348/5 299/349/6
f 281/350/7 299/349/6 302/351/7
f 282/352/8 302/351/7 297/353/8
f 282/352/8 296/354/9 283/355/9
f 284/356/10 296/354/9 298/357/10
f 285/358/11 298/357/10 301/359/11
f 285/358/11 300/360/12 286/361/12
f 286/361/12 304/362/13 287/363/13
f 287/364/13 306/365/14 288/366/14
f 288/366/14 309/367/15 289/368/15
f 289/368/15 310/369/16 290/370/16
f 290/370/16 312/371/17 259/306/17
f 265/372/34 273/373/34 281/374/34
f 219/375/55 208/376/62 227/377/55
f 324/378/34 200/379/34 223/380/34
f 198/381/63 208/376/62 194/382/62
f 200/383/65 216/384/64 198/385/64
f 202/386/66 214/387/65 200/383/65
f 204/388/67 211/389/66 202/386/66
f 196/390/68 210/391/67 204/388/67
f 230/392/54 219/375/55 227/377/55
f 231/393/57 225/394/56 230/395/56
f 223/396/57 326/397/60 325/398/60
f 206/399/68 334/400/9 335/401/9
f 2/1/1 4/10/2 72/2/2
f 1/4/1 65/207/1 69/5/2
f 70/7/2 66/208/1 67/8/1
f 4/10/2 6/16/3 76/11/3
f 3/6/2 69/5/2 73/12/3
f 74/14/3 70/7/2 71/9/2
f 6/16/3 8/22/4 80/17/4
f 5/13/3 73/12/3 77/18/4
f 78/20/4 74/14/3 75/15/3
f 8/22/4 10/402/5 84/23/5
f 7/19/4 77/18/4 81/24/5
f 82/26/5 78/20/4 79/21/4
f 10/28/5 12/37/6 88/29/6
f 11/31/6 9/403/5 81/32/5
f 83/34/5 87/41/6 86/35/6
f 12/37/6 14/43/7 92/38/7
f 13/39/7 11/31/6 85/33/6
f 87/41/6 91/47/7 90/42/7
f 14/43/7 16/49/8 96/44/8
f 15/45/8 13/39/7 89/40/7
f 91/47/7 95/53/8 94/48/8
f 16/49/8 18/55/9 100/50/9
f 17/51/9 15/45/8 93/46/8
f 95/53/8 99/59/9 98/54/9
f 18/55/9 20/61/10 104/56/10
f 19/57/10 17/51/9 97/52/9
f 99/59/9 103/65/10 102/60/10
f 20/61/10 22/67/11 108/62/11
f 21/63/11 19/57/10 101/58/10
f 103/65/10 107/71/11 106/66/11
f 22/67/11 24/73/12 112/68/12
f 23/69/12 21/63/11 105/64/11
f 107/71/11 111/77/12 110/72/12
f 24/73/12 26/404/13 116/74/13
f 25/75/13 23/69/12 109/70/12
f 111/77/12 115/405/13 114/78/13
f 26/79/13 28/88/14 120/80/14
f 27/82/14 25/406/13 113/83/13
f 115/85/13 119/92/14 118/86/14
f 28/88/14 30/94/15 124/89/15
f 29/90/15 27/82/14 117/84/14
f 119/92/14 123/98/15 122/93/15
f 30/94/15 32/100/16 128/95/16
f 31/96/16 29/90/15 121/91/15
f 123/98/15 127/104/16 126/99/16
f 32/100/16 34/106/17 132/101/17
f 33/102/17 31/96/16 125/97/16
f 127/104/16 131/110/17 130/105/17
f 34/106/17 36/112/18 136/107/18
f 35/108/18 33/102/17 129/103/17
f 131/110/17 135/116/18 134/111/18
f 36/112/18 38/118/19 140/113/19
f 37/114/19 35/108/18 133/109/18
f 135/116/18 139/122/19 138/117/19
f 38/118/19 40/407/20 144/119/20
f 39/120/20 37/114/19 137/115/19
f 139/122/19 143/408/20 142/123/20
f 40/124/20 42/133/21 148/125/21
f 41/127/21 39/409/20 141/128/20
f 143/130/20 147/138/21 146/131/21
f 42/133/21 44/140/22 152/134/22
f 41/127/21 145/129/21 149/135/22
f 150/137/22 146/131/21 147/138/21
f 44/140/22 46/146/23 156/141/23
f 43/136/22 149/135/22 153/142/23
f 154/144/23 150/137/22 151/139/22
f 46/146/23 48/152/24 160/147/24
f 45/143/23 153/142/23 157/148/24
f 158/150/24 154/144/23 155/145/23
f 48/152/24 50/158/25 164/153/25
f 47/149/24 157/148/24 161/154/25
f 162/156/25 158/150/24 159/151/24
f 50/158/25 52/164/26 168/159/26
f 49/155/25 161/154/25 165/160/26
f 166/162/26 162/156/25 163/157/25
f 52/164/26 54/170/27 172/165/27
f 51/161/26 165/160/26 169/166/27
f 170/168/27 166/162/26 167/163/26
f 54/170/27 56/410/28 176/171/28
f 53/167/27 169/166/27 173/172/28
f 174/174/28 170/168/27 171/169/27
f 56/176/28 58/185/29 180/177/29
f 55/179/28 173/411/28 177/180/29
f 178/182/29 174/412/28 175/183/28
f 58/185/29 60/191/30 184/186/30
f 57/181/29 177/180/29 181/187/30
f 182/189/30 178/182/29 179/184/29
f 60/191/30 62/200/31 188/192/31
f 59/188/30 181/187/30 185/193/31
f 186/195/31 182/189/30 183/190/30
f 60/199/32 58/413/32 56/414/32
f 56/414/32 54/415/32 52/416/32
f 52/416/32 50/417/32 48/418/70
f 48/418/70 46/419/70 44/420/32
f 44/420/32 42/421/71 40/422/32
f 40/422/32 38/423/32 36/424/32
f 36/424/32 34/425/32 32/426/32
f 32/426/32 30/427/32 28/197/32
f 28/197/32 26/428/70 24/429/32
f 24/429/32 22/430/72 20/431/32
f 20/431/32 18/432/32 16/433/32
f 16/433/32 14/434/71 12/198/32
f 12/198/32 10/435/32 8/436/32
f 8/436/32 6/437/32 4/438/32
f 4/438/32 2/439/32 64/440/32
f 64/440/32 62/441/32 60/199/32
f 60/199/32 56/414/32 52/416/32
f 52/416/32 48/418/70 44/420/32
f 44/420/32 40/422/32 36/424/32
f 36/424/32 32/426/32 28/197/32
f 28/197/32 24/429/32 20/431/32
f 20/431/32 16/433/32 12/198/32
f 12/198/32 8/436/32 4/438/32
f 4/438/32 64/440/32 60/199/32
f 60/199/32 52/416/32 44/420/32
f 44/420/32 36/424/32 28/197/32
f 28/197/32 20/431/32 12/198/32
f 12/198/32 4/438/32 60/199/32
f 60/199/32 44/420/32 28/197/32
f 62/200/31 64/206/33 192/201/33
f 61/194/31 185/193/31 189/202/33
f 190/204/33 186/195/31 187/196/31
f 64/206/33 2/1/1 68/3/1
f 63/203/33 189/202/33 65/207/1
f 190/204/33 191/205/33 67/8/1
f 61/211/34 63/442/34 5/443/34
f 63/442/34 1/444/34 5/443/34
f 1/444/34 3/445/34 5/443/34
f 5/443/34 7/446/34 9/447/34
f 9/447/34 11/448/34 5/443/34
f 11/448/34 13/449/34 5/443/34
f 13/449/34 15/450/34 21/451/34
f 15/450/34 17/452/73 21/451/34
f 17/452/73 19/453/74 21/451/34
f 21/451/34 23/454/74 25/455/34
f 25/455/34 27/456/34 21/451/34
f 27/456/34 29/209/34 21/451/34
f 29/209/34 31/457/34 37/458/34
f 31/457/34 33/459/34 37/458/34
f 33/459/34 35/460/34 37/458/34
f 37/458/34 39/461/34 41/462/34
f 41/462/34 43/463/34 37/458/34
f 43/463/34 45/210/34 37/458/34
f 45/210/34 47/464/73 53/465/34
f 47/464/73 49/466/34 53/465/34
f 49/466/34 51/467/74 53/465/34
f 53/465/34 55/468/34 57/469/73
f 57/469/73 59/470/74 53/465/34
f 59/470/74 61/211/34 53/465/34
f 61/211/34 5/443/34 13/449/34
f 13/449/34 21/451/34 29/209/34
f 29/209/34 37/458/34 45/210/34
f 45/210/34 53/465/34 61/211/34
f 61/211/34 13/449/34 29/209/34
f 66/214/34 70/471/34 82/472/34
f 70/471/34 74/473/34 82/472/34
f 74/473/34 78/474/34 82/472/34
f 82/472/34 86/475/34 90/476/34
f 90/476/34 94/477/34 98/478/34
f 98/478/34 102/479/34 114/480/34
f 102/479/34 106/481/34 114/480/34
f 106/481/34 110/482/34 114/480/34
f 114/480/34 118/483/34 122/484/34
f 122/484/34 126/485/34 130/212/34
f 130/212/34 134/486/34 146/487/34
f 134/486/34 138/488/34 146/487/34
f 138/488/34 142/489/34 146/487/34
f 146/487/34 150/490/34 154/491/34
f 154/491/34 158/492/34 162/213/34
f 162/213/34 166/493/34 178/494/34
f 166/493/34 170/495/34 178/494/34
f 170/495/34 174/496/34 178/494/34
f 178/494/34 182/497/34 186/498/34
f 186/498/34 190/499/34 66/214/34
f 82/472/34 90/476/34 98/478/34
f 114/480/34 122/484/34 130/212/34
f 146/487/34 154/491/34 162/213/34
f 178/494/34 186/498/34 66/214/34
f 66/214/34 82/472/34 98/478/34
f 98/478/34 114/480/34 130/212/34
f 130/212/34 146/487/34 162/213/34
f 162/213/34 178/494/34 66/214/34
f 66/214/34 98/478/34 130/212/34
f 77/217/32 73/500/32 69/501/32
f 69/501/32 65/502/32 189/503/32
f 189/503/32 185/504/32 181/505/71
f 181/505/71 177/506/32 189/503/32
f 177/506/32 173/507/32 189/503/32
f 173/507/32 169/508/32 165/509/32
f 165/509/32 161/510/32 157/511/32
f 157/511/32 153/512/32 149/513/32
f 149/513/32 145/514/32 157/511/32
f 145/514/32 141/215/32 157/511/32
f 141/215/32 137/515/32 133/516/32
f 133/516/32 129/517/32 125/518/32
f 125/518/32 121/519/32 117/520/70
f 117/520/70 113/521/32 125/518/32
f 113/521/32 109/216/32 125/518/32
f 109/216/32 105/522/32 101/523/32
f 101/523/32 97/524/32 93/525/32
f 93/525/32 89/526/32 85/527/32
f 85/527/32 81/528/32 93/525/32
f 81/528/32 77/217/32 93/525/32
f 77/217/32 69/501/32 189/503/32
f 173/507/32 165/509/32 157/511/32
f 141/215/32 133/516/32 125/518/32
f 109/216/32 101/523/32 93/525/32
f 77/217/32 189/503/32 173/507/32
f 173/507/32 157/511/32 141/215/32
f 141/215/32 125/518/32 109/216/32
f 109/216/32 93/525/32 77/217/32
f 77/217/32 173/507/32 141/215/32
f 68/220/34 72/529/34 84/530/34
f 72/529/34 76/531/73 84/530/34
f 76/531/73 80/532/34 84/530/34
f 84/530/34 88/533/34 92/534/34
f 92/534/34 96/535/34 100/536/34
f 100/536/34 104/537/34 116/538/34
f 104/537/34 108/539/34 116/538/34
f 108/539/34 112/540/34 116/538/34
f 116/538/34 120/541/34 124/542/34
f 124/542/34 128/543/34 132/218/34
f 132/218/34 136/544/34 148/545/34
f 136/544/34 140/546/74 148/545/34
f 140/546/74 144/547/34 148/545/34
f 148/545/34 152/548/34 156/549/34
f 156/549/34 160/550/34 164/219/34
f 164/219/34 168/551/34 180/552/34
f 168/551/34 172/553/34 180/552/34
f 172/553/34 176/554/34 180/552/34
f 180/552/34 184/555/34 188/556/34
f 188/556/34 192/557/34 68/220/34
f 84/530/34 92/534/34 100/536/34
f 116/538/34 124/542/34 132/218/34
f 148/545/34 156/549/34 164/219/34
f 180/552/34 188/556/34 68/220/34
f 68/220/34 84/530/34 100/536/34
f 100/536/34 116/538/34 132/218/34
f 132/218/34 148/545/34 164/219/34
f 164/219/34 180/552/34 68/220/34
f 68/220/34 100/536/34 132/218/34
f 155/223/32 151/558/32 147/559/32
f 147/559/32 143/560/32 155/223/32
f 143/560/32 139/561/32 155/223/32
f 139/561/32 135/562/32 123/563/32
f 135/562/32 131/564/32 123/563/32
f 131/564/32 127/565/32 123/563/32
f 123/563/32 119/566/32 115/567/32
f 115/567/32 111/568/32 123/563/32
f 111/568/32 107/569/32 123/563/32
f 107/569/32 103/570/32 91/221/32
f 103/570/32 99/571/32 91/221/32
f 99/571/32 95/572/70 91/221/32
f 91/221/32 87/573/32 83/574/32
f 83/574/32 79/575/32 91/221/32
f 79/575/32 75/576/32 91/221/32
f 75/576/32 71/577/32 187/222/32
f 71/577/32 67/578/32 187/222/32
f 67/578/32 191/579/32 187/222/32
f 187/222/32 183/580/32 179/581/32
f 179/581/32 175/582/32 187/222/32
f 175/582/32 171/583/32 187/222/32
f 171/583/32 167/584/32 155/223/32
f 167/584/32 163/585/32 155/223/32
f 163/585/32 159/586/71 155/223/32
f 155/223/32 139/561/32 123/563/32
f 123/563/32 107/569/32 91/221/32
f 91/221/32 75/576/32 187/222/32
f 187/222/32 171/583/32 155/223/32
f 155/223/32 123/563/32 91/221/32
f 206/587/32 333/588/32 341/589/32
f 333/588/32 331/590/32 329/591/32
f 341/589/32 333/588/32 337/592/32
f 329/591/32 337/592/32 333/588/32
f 337/592/32 339/593/32 341/589/32
f 341/589/32 343/594/32 206/587/32
f 343/594/32 344/595/32 210/596/32
f 344/595/32 327/597/32 211/598/32
f 327/597/32 326/599/32 231/224/32
f 211/598/32 327/597/32 214/226/32
f 231/224/32 230/600/32 227/601/32
f 208/225/32 231/224/32 227/601/32
f 208/225/32 216/602/32 214/226/32
f 211/598/32 210/596/32 344/595/32
f 214/226/32 327/597/32 231/224/32
f 210/596/32 206/587/32 343/594/32
f 207/227/35 193/243/40 218/228/36
f 323/603/34 293/604/34 229/605/34
f 229/605/34 232/606/34 323/603/34
f 232/606/34 233/607/34 320/608/34
f 323/603/34 232/606/34 321/609/34
f 233/607/34 234/610/34 316/611/34
f 234/610/34 228/612/34 311/232/34
f 316/611/34 234/610/34 315/613/34
f 228/612/34 253/614/34 242/615/34
f 253/614/34 255/616/34 242/615/34
f 255/616/34 256/617/34 245/618/34
f 256/617/34 257/619/34 245/618/34
f 257/619/34 258/620/34 254/621/34
f 254/621/34 241/622/34 244/623/34
f 241/622/34 243/624/34 244/623/34
f 244/623/34 245/618/34 257/619/34
f 254/621/34 244/623/34 257/619/34
f 245/618/34 246/625/34 255/616/34
f 246/625/34 242/615/34 255/616/34
f 242/615/34 205/626/34 228/612/34
f 205/626/34 209/230/34 311/232/34
f 228/612/34 205/626/34 311/232/34
f 209/230/34 212/627/34 305/628/34
f 212/627/34 213/629/34 297/630/34
f 301/631/34 213/629/34 215/632/34
f 215/632/34 207/633/34 306/634/34
f 300/635/34 215/632/34 304/636/34
f 306/634/34 304/636/34 215/632/34
f 213/629/34 301/631/34 298/637/34
f 215/632/34 300/635/34 301/631/34
f 321/609/34 232/606/34 319/638/34
f 319/638/34 232/606/34 320/608/34
f 213/629/34 298/637/34 296/639/34
f 213/629/34 296/639/34 297/630/34
f 322/640/34 320/608/34 233/607/34
f 317/641/34 322/640/34 233/607/34
f 212/627/34 297/630/34 302/642/34
f 212/627/34 302/642/34 299/643/34
f 318/644/34 317/641/34 233/607/34
f 316/611/34 318/644/34 233/607/34
f 212/627/34 299/643/34 303/645/34
f 212/627/34 303/645/34 305/628/34
f 315/613/34 234/610/34 313/646/34
f 313/646/34 234/610/34 311/232/34
f 209/230/34 305/628/34 307/647/34
f 209/230/34 307/647/34 308/231/34
f 309/648/34 306/634/34 207/633/34
f 207/633/34 226/234/34 312/649/34
f 226/234/34 229/605/34 295/650/34
f 312/649/34 226/234/34 314/233/34
f 229/605/34 293/604/34 294/651/34
f 229/605/34 294/651/34 295/650/34
f 310/652/34 309/648/34 207/633/34
f 312/649/34 310/652/34 207/633/34
f 295/650/34 291/653/34 226/234/34
f 291/653/34 292/235/34 226/234/34
f 222/654/32 224/655/32 218/656/32
f 218/656/32 193/657/32 199/658/32
f 193/657/32 197/659/32 199/658/32
f 199/658/32 201/660/32 222/654/32
f 201/660/32 203/661/32 220/662/32
f 203/661/32 195/663/32 220/662/32
f 195/663/32 235/664/32 248/665/32
f 235/664/32 237/666/32 248/665/32
f 237/666/32 238/667/32 251/668/32
f 238/667/32 239/236/32 251/668/32
f 239/236/32 240/669/32 236/237/32
f 236/237/32 247/670/32 250/238/32
f 247/670/32 249/671/32 250/238/32
f 250/238/32 251/668/32 239/236/32
f 251/668/32 252/672/32 237/666/32
f 252/672/32 248/665/32 237/666/32
f 248/665/32 217/673/32 195/663/32
f 217/673/32 220/662/32 195/663/32
f 220/662/32 221/674/32 201/660/32
f 221/674/32 222/654/32 201/660/32
f 222/654/32 218/656/32 199/658/32
f 327/301/68 253/675/68 326/241/9
f 253/675/68 228/239/38 326/241/9
f 228/239/38 217/676/38 325/240/9
f 217/676/38 248/302/68 325/240/9
f 248/302/68 324/303/68 325/240/9
f 207/227/35 215/244/39 197/242/39
f 215/244/41 213/677/43 199/245/42
f 213/246/43 212/249/44 201/247/44
f 212/249/44 209/251/45 203/250/45
f 209/251/45 205/678/46 195/252/46
f 218/228/36 224/679/47 229/253/47
f 224/254/48 222/257/50 232/255/49
f 222/257/50 221/680/51 233/258/51
f 233/258/51 221/680/51 220/259/52
f 220/259/52 217/676/38 228/239/38
f 195/252/46 205/678/46 242/261/53
f 240/263/54 330/681/54 328/264/55
f 241/266/55 329/305/55 331/267/54
f 240/269/56 239/682/58 332/270/57
f 244/272/58 243/683/56 331/273/56
f 334/277/60 332/270/57 239/682/58
f 245/276/59 244/272/58 335/684/60
f 244/272/58 333/274/57 335/684/60
f 334/277/60 239/682/58 238/275/59
f 245/276/59 335/684/60 334/277/60
f 238/275/59 237/279/61 246/278/61
f 237/279/61 235/262/53 242/261/53
f 337/280/62 254/685/62 258/281/63
f 247/283/62 336/304/62 338/284/63
f 258/286/64 257/292/65 341/287/65
f 250/289/65 249/686/64 338/290/64
f 257/292/65 256/296/66 343/293/66
f 251/294/66 250/289/65 340/291/65
f 256/296/66 255/300/67 344/297/67
f 252/298/67 251/294/66 342/295/66
f 255/300/67 253/675/68 327/301/68
f 248/302/68 252/298/67 345/299/67
f 236/265/55 328/264/55 336/304/62
f 241/266/55 254/685/62 337/280/62
f 259/306/17 312/371/17 314/307/18
f 260/308/18 314/307/18 292/309/19
f 261/310/19 292/309/19 291/311/20
f 262/313/20 291/687/20 295/314/21
f 263/315/21 295/314/21 294/316/22
f 293/318/69 323/688/23 265/319/23
f 265/319/23 264/317/22 293/318/69
f 265/319/23 323/688/23 321/320/24
f 266/321/24 321/320/24 319/322/25
f 267/323/25 319/322/25 320/324/26
f 268/325/26 320/324/26 322/326/27
f 270/311/28 269/327/27 322/326/27
f 271/328/29 270/689/28 317/329/28
f 272/331/30 271/328/29 318/330/29
f 273/333/31 272/331/30 316/332/30
f 274/335/33 273/333/31 315/334/31
f 275/337/1 274/335/33 313/336/33
f 276/339/2 275/337/1 311/338/1
f 277/341/3 276/339/2 308/340/2
f 278/343/4 277/341/3 307/342/3
f 279/345/5 278/343/4 305/344/4
f 280/347/6 279/690/5 303/348/5
f 281/350/7 280/347/6 299/349/6
f 282/352/8 281/350/7 302/351/7
f 282/352/8 297/353/8 296/354/9
f 284/356/10 283/355/9 296/354/9
f 285/358/11 284/356/10 298/357/10
f 285/358/11 301/359/11 300/360/12
f 286/361/12 300/360/12 304/362/13
f 287/364/13 304/691/13 306/365/14
f 288/366/14 306/365/14 309/367/15
f 289/368/15 309/367/15 310/369/16
f 290/370/16 310/369/16 312/371/17
f 289/692/34 290/693/34 259/694/34
f 259/694/34 260/695/34 261/696/34
f 261/696/34 262/697/34 263/698/34
f 263/698/34 264/699/34 261/696/34
f 264/699/34 265/372/34 261/696/34
f 265/372/34 266/700/34 267/701/34
f 267/701/34 268/702/34 265/372/34
f 268/702/34 269/703/34 265/372/34
f 269/703/34 270/704/34 271/705/34
f 271/705/34 272/706/34 273/373/34
f 273/373/34 274/707/34 275/708/34
f 275/708/34 276/709/34 277/710/34
f 277/710/34 278/711/34 279/712/34
f 279/712/34 280/713/34 281/374/34
f 281/374/34 282/714/34 285/715/34
f 282/714/34 283/716/34 285/715/34
f 283/716/34 284/717/34 285/715/34
f 285/715/34 286/718/34 289/692/34
f 286/718/34 287/719/34 289/692/34
f 287/719/34 288/720/34 289/692/34
f 289/692/34 259/694/34 261/696/34
f 269/703/34 271/705/34 273/373/34
f 273/373/34 275/708/34 281/374/34
f 275/708/34 277/710/34 281/374/34
f 277/710/34 279/712/34 281/374/34
f 289/692/34 261/696/34 265/372/34
f 265/372/34 269/703/34 273/373/34
f 281/374/34 285/715/34 289/692/34
f 289/692/34 265/372/34 281/374/34
f 219/375/55 194/382/62 208/376/62
f 332/721/34 334/722/34 196/723/34
f 196/723/34 204/724/34 342/725/34
f 204/724/34 202/726/34 345/727/34
f 342/725/34 204/724/34 345/727/34
f 202/726/34 200/379/34 324/378/34
f 200/379/34 198/728/34 194/729/34
f 219/730/34 200/379/34 194/729/34
f 219/730/34 225/731/34 223/380/34
f 223/380/34 325/732/34 324/378/34
f 324/378/34 345/727/34 202/726/34
f 342/725/34 340/733/34 196/723/34
f 340/733/34 338/734/34 336/735/34
f 332/721/34 340/733/34 328/736/34
f 336/735/34 328/736/34 340/733/34
f 328/736/34 330/737/34 332/721/34
f 332/721/34 196/723/34 340/733/34
f 200/379/34 219/730/34 223/380/34
f 198/381/63 216/738/63 208/376/62
f 200/383/65 214/387/65 216/384/64
f 202/386/66 211/389/66 214/387/65
f 204/388/67 210/391/67 211/389/66
f 196/390/68 206/399/68 210/391/67
f 230/392/54 225/739/54 219/375/55
f 231/393/57 223/396/57 225/394/56
f 223/396/57 231/393/57 326/397/60
f 206/399/68 196/390/68 334/400/9
o arm.r
v 3.465252 -0.455059 0.023402
v 2.365252 -0.455059 0.023403
v 3.465252 -0.456980 0.042911
v 2.365252 -0.456980 0.042912
v 3.465252 -0.462670 0.061671
v 2.365252 -0.462670 0.061671
v 3.465252 -0.471911 0.078959
v 2.365252 -0.471911 0.078960
v 3.465252 -0.484348 0.094113
v 2.365252 -0.484348 0.094113
v 3.465252 -0.499501 0.106549
v 2.365252 -0.499502 0.106550
v 3.465252 -0.516790 0.115790
v 2.365252 -0.516790 0.115791
v 3.465252 -0.535550 0.121481
v 2.365252 -0.535550 0.121481
v 3.465252 -0.555058 0.123402
v 2.365252 -0.555058 0.123403
v 3.465252 -0.574567 0.121481
v 2.365252 -0.574567 0.121481
v 3.465252 -0.593327 0.115790
v 2.365252 -0.593327 0.115791
v 3.465252 -0.610615 0.106549
v 2.365252 -0.610616 0.106550
v 3.465252 -0.625769 0.094113
v 2.365252 -0.625769 0.094113
v 3.465252 -0.638206 0.078959
v 2.365252 -0.638206 0.078960
v 3.465252 -0.647447 0.061671
v 2.365252 -0.647447 0.061671
v 3.465252 -0.653137 0.042911
v 2.365252 -0.653137 0.042912
v 3.465252 -0.655058 0.023402
v 2.365252 -0.655058 0.023403
v 3.465252 -0.653137 0.003893
v 2.365252 -0.653137 0.003894
v 3.465252 -0.647447 -0.014866
v 2.365252 -0.647447 -0.014866
v 3.465252 -0.638206 -0.032155
v 2.365252 -0.638206 -0.032154
v 3.465252 -0.625769 -0.047308
v 2.365252 -0.625769 -0.047308
v 3.465252 -0.610615 -0.059745
v 2.365252 -0.610616 -0.059744
v 3.465252 -0.593327 -0.068986
v 2.365252 -0.593327 -0.068985
v 3.465252 -0.574567 -0.074676
v 2.365252 -0.574567 -0.074676
v 3.465252 -0.555058 -0.076598
v 2.365252 -0.555058 -0.076597
v 3.465252 -0.535550 -0.074676
v 2.365252 -0.535550 -0.074676
v 3.465252 -0.516790 -0.068986
v 2.365252 -0.516790 -0.068985
v 3.465252 -0.499501 -0.059745
v 2.365252 -0.499502 -0.059744
v 3.465252 -0.484348 -0.047308
v 2.365252 -0.484348 -0.047308
v 3.465252 -0.471911 -0.032155
v 2.365252 -0.471911 -0.032154
v 3.465252 -0.462670 -0.014866
v 2.365252 -0.462670 -0.014866
v 3.465252 -0.456980 0.003893
v 2.365252 -0.456980 0.003894
v 3.109850 -0.455059 0.023403
v 2.979850 -0.455059 0.023403
v 2.859850 -0.455059 0.023403
v 2.729850 -0.455059 0.023403
v 3.109850 -0.456980 0.042912
v 2.979850 -0.456980 0.042912
v 2.859850 -0.456980 0.042912
v 2.729850 -0.456980 0.042912
v 3.109850 -0.462670 0.061671
v 2.979850 -0.462670 0.061671
v 2.859850 -0.462670 0.061671
v 2.729850 -0.462670 0.061671
v 3.109850 -0.471911 0.078960
v 2.979850 -0.471911 0.078960
v 2.859850 -0.471911 0.078960
v 2.729850 -0.471911 0.078960
v 3.109850 -0.484348 0.094113
v 2.979850 -0.484348 0.094113
v 2.859850 -0.484348 0.094113
v 2.729850 -0.484348 0.094113
v 3.109850 -0.499501 0.106549
v 2.979850 -0.499501 0.106549
v 2.859850 -0.499501 0.106550
v 2.729850 -0.499501 0.106550
v 3.109850 -0.516790 0.115790
v 2.979850 -0.516790 0.115790
v 2.859850 -0.516790 0.115791
v 2.729850 -0.516790 0.115791
v 3.109850 -0.535550 0.121481
v 2.979850 -0.535550 0.121481
v 2.859850 -0.535550 0.121481
v 2.729850 -0.535550 0.121481
v 3.109850 -0.555058 0.123402
v 2.979850 -0.555058 0.123403
v 2.859850 -0.555058 0.123403
v 2.729850 -0.555058 0.123403
v 3.109850 -0.574567 0.121481
v 2.979850 -0.574567 0.121481
v 2.859850 -0.574567 0.121481
v 2.729850 -0.574567 0.121481
v 3.109850 -0.593327 0.115790
v 2.979850 -0.593327 0.115790
v 2.859850 -0.593327 0.115791
v 2.729850 -0.593327 0.115791
v 3.109850 -0.610616 0.106549
v 2.979850 -0.610616 0.106549
v 2.859850 -0.610616 0.106550
v 2.729850 -0.610616 0.106550
v 3.109850 -0.625769 0.094113
v 2.979850 -0.625769 0.094113
v 2.859850 -0.625769 0.094113
v 2.729850 -0.625769 0.094113
v 3.109850 -0.638206 0.078960
v 2.979850 -0.638206 0.078960
v 2.859850 -0.638206 0.078960
v 2.729850 -0.638206 0.078960
v 3.109850 -0.647447 0.061671
v 2.979850 -0.647447 0.061671
v 2.859850 -0.647447 0.061671
v 2.729850 -0.647447 0.061671
v 3.109850 -0.653137 0.042912
v 2.979850 -0.653137 0.042912
v 2.859850 -0.653137 0.042912
v 2.729850 -0.653137 0.042912
v 3.109850 -0.655058 0.023403
v 2.979850 -0.655058 0.023403
v 2.859850 -0.655058 0.023403
v 2.729850 -0.655058 0.023403
v 3.109850 -0.653137 0.003893
v 2.979850 -0.653137 0.003893
v 2.859850 -0.653137 0.003894
v 2.729850 -0.653137 0.003894
v 3.109850 -0.647447 -0.014866
v 2.979850 -0.647447 -0.014866
v 2.859850 -0.647447 -0.014866
v 2.729850 -0.647447 -0.014866
v 3.109850 -0.638206 -0.032155
v 2.979850 -0.638206 -0.032154
v 2.859850 -0.638206 -0.032154
v 2.729850 -0.638206 -0.032154
v 3.109850 -0.625769 -0.047308
v 2.979850 -0.625769 -0.047308
v 2.859850 -0.625769 -0.047308
v 2.729850 -0.625769 -0.047308
v 3.109850 -0.610616 -0.059744
v 2.979850 -0.610616 -0.059744
v 2.859850 -0.610616 -0.059744
v 2.729850 -0.610616 -0.059744
v 3.109850 -0.593327 -0.068985
v 2.979850 -0.593327 -0.068985
v 2.859850 -0.593327 -0.068985
v 2.729850 -0.593327 -0.068985
v 3.109850 -0.574567 -0.074676
v 2.979850 -0.574567 -0.074676
v 2.859850 -0.574567 -0.074676
v 2.729850 -0.574567 -0.074676
v 3.109850 -0.555058 -0.076597
v 2.979850 -0.555058 -0.076597
v 2.859850 -0.555058 -0.076597
v 2.729850 -0.555058 -0.076597
v 3.109850 -0.535550 -0.074676
v 2.979850 -0.535550 -0.074676
v 2.859850 -0.535550 -0.074676
v 2.729850 -0.535550 -0.074676
v 3.109850 -0.516790 -0.068985
v 2.979850 -0.516790 -0.068985
v 2.859850 -0.516790 -0.068985
v 2.729850 -0.516790 -0.068985
v 3.109850 -0.499501 -0.059744
v 2.979850 -0.499501 -0.059744
v 2.859850 -0.499501 -0.059744
v 2.729850 -0.499501 -0.059744
v 3.109850 -0.484348 -0.047308
v 2.979850 -0.484348 -0.047308
v 2.859850 -0.484348 -0.047308
v 2.729850 -0.484348 -0.047308
v 3.109850 -0.471911 -0.032155
v 2.979850 -0.471911 -0.032154
v 2.859850 -0.471911 -0.032154
v 2.729850 -0.471911 -0.032154
v 3.109850 -0.462670 -0.014866
v 2.979850 -0.462670 -0.014866
v 2.859850 -0.462670 -0.014866
v 2.729850 -0.462670 -0.014866
v 3.109850 -0.456980 0.003893
v 2.979850 -0.456980 0.003893
v 2.859850 -0.456980 0.003894
v 2.729850 -0.456980 0.003894
v 2.729850 2.387000 -0.085621
v 2.859850 0.982531 0.058320
v 2.729850 1.106999 -0.589621
v 2.859850 -0.297470 -0.445680
v 2.729850 2.324353 -0.241366
v 2.859850 0.919882 -0.097424
v 2.729850 2.142540 -0.381865
v 2.859850 0.738072 -0.237924
v 2.729850 1.859364 -0.493366
v 2.859850 0.454895 -0.349424
v 2.729850 1.502541 -0.564954
v 2.859850 0.098072 -0.421012
v 3.109850 1.106999 -0.589621
v 2.979850 -0.297470 -0.445680
v 3.109850 2.387000 -0.085621
v 2.979850 0.982531 0.058320
v 3.109850 1.502541 -0.564954
v 2.979850 0.098072 -0.421012
v 2.979850 0.454895 -0.349424
v 3.109850 1.859364 -0.493366
v 3.109850 2.142540 -0.381865
v 2.979850 0.738072 -0.237924
v 3.109850 2.324353 -0.241366
v 2.979850 0.919882 -0.097424
v 2.729850 1.106999 0.670379
v 2.729850 2.387000 0.166379
v 2.859850 0.982531 0.310320
v 2.729850 1.502541 0.645711
v 2.729850 1.859364 0.574123
v 2.729850 2.142540 0.462622
v 2.859850 0.738072 0.606564
v 2.729850 2.324353 0.322123
v 2.859850 0.919882 0.466065
v 3.109850 2.387000 0.166379
v 2.979850 0.982531 0.310320
v 3.109850 1.106999 0.670379
v 3.109850 2.324353 0.322123
v 2.979850 0.919882 0.466065
v 2.979850 0.738072 0.606564
v 3.109850 2.142540 0.462622
v 3.109850 1.859364 0.574123
v 3.109850 1.502541 0.645711
v 2.729850 0.467000 -0.589621
v 2.729850 -0.813001 -0.085621
v 2.729850 0.071457 -0.564954
v 2.729850 -0.285366 -0.493366
v 2.729850 -0.568543 -0.381865
v 2.729850 -0.750353 -0.241366
v 3.109850 -0.813001 -0.085621
v 3.109850 0.467000 -0.589621
v 3.109850 -0.750353 -0.241366
v 3.109850 -0.568543 -0.381865
v 3.109850 -0.285366 -0.493366
v 3.109850 0.071457 -0.564954
v 2.729850 -0.813001 0.166379
v 2.729850 0.467000 0.670379
v 2.729850 -0.750353 0.322123
v 2.729850 -0.568543 0.462622
v 2.729850 -0.285366 0.574123
v 2.729850 0.071457 0.645711
v 3.109850 0.467000 0.670379
v 3.109850 -0.813001 0.166379
v 3.109850 0.071457 0.645711
v 3.109850 -0.285366 0.574123
v 3.109850 -0.568542 0.462622
v 3.109850 -0.750353 0.322123
v 2.729850 2.259881 0.023403
v 2.729850 2.256037 0.062421
v 2.729850 2.244656 0.099939
v 2.729850 2.226174 0.134517
v 2.729850 2.201302 0.164824
v 2.729850 2.170994 0.189696
v 2.729850 2.136416 0.208178
v 2.729850 2.098898 0.219560
v 2.729850 2.059880 0.223403
v 2.729850 2.020861 0.219560
v 2.729850 1.983344 0.208178
v 2.729850 1.948765 0.189696
v 2.729850 1.918459 0.164824
v 2.729850 1.893586 0.134517
v 2.729850 1.875103 0.099939
v 2.729850 1.863722 0.062421
v 2.729850 1.859879 0.023403
v 2.729850 1.863722 -0.015615
v 2.729850 1.875103 -0.053134
v 2.729850 1.893586 -0.087711
v 2.729850 1.918459 -0.118019
v 2.729850 1.948765 -0.142891
v 2.729850 1.983344 -0.161373
v 2.729850 2.020861 -0.172754
v 2.729850 2.059880 -0.176597
v 2.729850 2.098898 -0.172754
v 2.729850 2.136416 -0.161373
v 2.729850 2.170994 -0.142891
v 2.729850 2.201302 -0.118019
v 2.729850 2.226174 -0.087711
v 2.729850 2.244656 -0.053134
v 2.729850 2.256037 -0.015615
v 3.109850 2.226174 0.134517
v 3.109850 2.244656 0.099939
v 3.109850 2.163691 0.193600
v 3.109850 2.170994 0.189696
v 3.109850 2.201302 0.164824
v 3.109850 2.059880 -0.176597
v 3.109850 2.020861 -0.172754
v 3.109850 2.098898 -0.172754
v 3.109850 1.948765 -0.142891
v 3.109850 2.170994 -0.142891
v 3.109850 2.136416 -0.161373
v 3.109850 1.983344 -0.161373
v 3.109850 1.918459 -0.118019
v 3.109850 2.201302 -0.118019
v 3.109850 1.893586 -0.087712
v 3.109850 2.226174 -0.087712
v 3.109850 1.875103 -0.053134
v 3.109850 1.863722 -0.015616
v 3.109850 2.244656 -0.053134
v 3.109850 2.256037 -0.015616
v 3.109850 1.859879 0.023403
v 3.109850 2.259881 0.023403
v 3.109850 1.863722 0.062421
v 3.109850 2.256037 0.062421
v 3.109850 1.875103 0.099939
v 3.109850 1.893586 0.134517
v 3.109850 1.948765 0.189696
v 3.109850 1.918459 0.164824
v 3.109850 2.059880 0.223402
v 3.109850 2.020861 0.219560
v 3.109850 2.098898 0.219560
v 3.109850 1.983344 0.208178
v 3.109850 2.136416 0.208178
v 2.859850 0.467000 0.670379
v 2.859850 0.576003 0.670379
v 2.979850 0.576003 0.670379
v 2.979850 0.467000 0.670379
v 2.859850 -0.813001 -0.085621
v 2.979850 -0.813001 -0.085621
v 2.859850 -0.750353 -0.241366
v 2.979850 -0.750353 -0.241366
v 2.859850 -0.568543 -0.381865
v 2.979850 -0.568543 -0.381865
v 2.859850 -0.406474 -0.445680
v 2.979850 -0.406474 -0.445680
v 2.859850 -0.813001 0.166379
v 2.979850 -0.813001 0.166379
v 2.859850 -0.750353 0.322123
v 2.979850 -0.750353 0.322123
v 2.859850 -0.568543 0.462622
v 2.979850 -0.568543 0.462622
v 2.859850 -0.285366 0.574123
v 2.979850 -0.285366 0.574123
v 2.979850 0.071457 0.645711
v 2.859850 0.071457 0.645711
vn -0.0000 1.0000 -0.0000
vn -0.0000 0.9808 0.1951
vn -0.0000 0.9239 0.3827
vn -0.0000 0.8315 0.5556
vn -0.0000 0.7071 0.7071
vn -0.0000 0.5556 0.8315
vn -0.0000 0.3827 0.9239
vn -0.0000 0.1951 0.9808
vn -0.0000 -0.0000 1.0000
vn -0.0000 -0.1951 0.9808
vn -0.0000 -0.3827 0.9239
vn -0.0000 -0.5556 0.8315
vn -0.0000 -0.7071 0.7071
vn -0.0000 -0.8315 0.5556
vn -0.0000 -0.9239 0.3827
vn -0.0000 -0.9808 0.1951
vn -0.0000 -1.0000 -0.0000
vn -0.0000 -0.9808 -0.1951
vn -0.0000 -0.9239 -0.3827
vn -0.0000 -0.8315 -0.5556
vn -0.0000 -0.7071 -0.7071
vn -0.0000 -0.5556 -0.8315
vn -0.0000 -0.3827 -0.9239
vn -0.0000 -0.1951 -0.9808
vn -0.0000 -0.0000 -1.0000
vn -0.0000 0.1951 -0.9808
vn -0.0000 0.3827 -0.9239
vn -0.0000 0.5556 -0.8315
vn -0.0000 0.7071 -0.7071
vn -0.0000 0.8315 -0.5556
vn -0.0000 0.9239 -0.3827
vn -1.0000 -0.0000 -0.0000
vn -0.0000 0.9808 -0.1951
vn 1.0000 -0.0000 -0.0000
vn -0.0000 0.9818 -0.1900
vn -0.0000 0.9818 0.1900
vn -0.0000 0.9818 0.1901
vn -0.0000 0.0311 0.9995
vn -0.0000 0.9278 -0.3732
vn -0.0000 0.9818 -0.1901
vn -0.0000 0.6115 -0.7913
vn -0.0000 0.4938 -0.8695
vn -0.0000 0.2826 -0.9592
vn -0.0000 0.1298 -0.9915
vn -0.0000 0.0311 -0.9995
vn -0.0000 0.9278 0.3732
vn -0.0000 0.6115 0.7913
vn -0.0000 0.4938 0.8695
vn -0.0000 0.2826 0.9592
vn -0.0000 0.1298 0.9915
vn -0.0000 -0.0311 -0.9995
vn -0.0000 -0.9278 -0.3732
vn -0.0000 -0.9818 -0.1901
vn -0.0000 -0.6115 -0.7913
vn -0.0000 -0.4939 -0.8695
vn -0.0000 -0.4938 -0.8695
vn -0.0000 -0.2826 -0.9592
vn -0.0000 -0.3664 -0.9305
vn -0.0000 -0.1298 -0.9915
vn -0.0000 -0.9818 0.1901
vn -0.0000 -0.9278 0.3732
vn -0.0000 -0.6115 0.7913
vn -0.0000 -0.4939 0.8695
vn -0.0000 -0.2826 0.9592
vn -0.0000 -0.1298 0.9915
vn -0.0000 -0.0311 0.9995
vn -0.0000 -0.4714 -0.8819
vn -0.0000 -0.4938 0.8695
vn -1.0000 -0.0000 -0.0001
vn -1.0000 -0.0000 0.0001
vn 1.0000 -0.0000 0.0001
vn 1.0000 -0.0000 -0.0001
vt 0.964433 0.299637
vt 0.965352 0.316825
vt 0.964433 0.316825
vt 0.548295 0.984795
vt 0.549214 0.968040
vt 0.549214 0.984795
vt 0.584967 0.229004
vt 0.579311 0.229924
vt 0.579311 0.229004
vt 0.965352 0.299637
vt 0.966236 0.316825
vt 0.550098 0.968040
vt 0.550098 0.984795
vt 0.584967 0.228120
vt 0.579311 0.228120
vt 0.966236 0.299637
vt 0.967051 0.316825
vt 0.550913 0.968040
vt 0.550913 0.984795
vt 0.584967 0.227305
vt 0.579311 0.227305
vt 0.967051 0.299637
vt 0.967765 0.316825
vt 0.551627 0.968040
vt 0.551627 0.984795
vt 0.584967 0.226590
vt 0.579311 0.226590
vt 0.153415 0.968629
vt 0.154110 0.985818
vt 0.153415 0.985818
vt 0.965472 0.985608
vt 0.964778 0.968853
vt 0.965472 0.968853
vt 0.641526 0.226590
vt 0.635870 0.227285
vt 0.635870 0.226590
vt 0.154110 0.968629
vt 0.154910 0.985818
vt 0.966273 0.985608
vt 0.966273 0.968853
vt 0.641526 0.227285
vt 0.635870 0.228086
vt 0.154910 0.968629
vt 0.155785 0.985818
vt 0.967148 0.985608
vt 0.967148 0.968853
vt 0.641526 0.228086
vt 0.635870 0.228961
vt 0.155785 0.968629
vt 0.156701 0.985818
vt 0.968064 0.985608
vt 0.968064 0.968853
vt 0.641526 0.228961
vt 0.635870 0.229877
vt 0.156701 0.968629
vt 0.157623 0.985818
vt 0.968986 0.985608
vt 0.968986 0.968853
vt 0.641526 0.229877
vt 0.635870 0.230799
vt 0.157623 0.968629
vt 0.158515 0.985818
vt 0.969878 0.985608
vt 0.969878 0.968853
vt 0.641526 0.230799
vt 0.635870 0.231692
vt 0.158515 0.968629
vt 0.159344 0.985818
vt 0.970707 0.985608
vt 0.970707 0.968853
vt 0.641526 0.231692
vt 0.635870 0.232521
vt 0.159344 0.968629
vt 0.160077 0.985818
vt 0.971440 0.985608
vt 0.971440 0.968853
vt 0.641526 0.232521
vt 0.635870 0.233254
vt 0.625090 0.987137
vt 0.624338 0.969949
vt 0.625090 0.969949
vt 0.880318 0.971169
vt 0.881070 0.987925
vt 0.880318 0.987925
vt 0.496301 0.715299
vt 0.490645 0.716051
vt 0.490645 0.715299
vt 0.624338 0.987137
vt 0.623495 0.969949
vt 0.879475 0.971169
vt 0.879475 0.987925
vt 0.496301 0.716051
vt 0.490645 0.716894
vt 0.623495 0.987137
vt 0.622595 0.969949
vt 0.878575 0.971169
vt 0.878575 0.987925
vt 0.496301 0.716894
vt 0.490645 0.717795
vt 0.622595 0.987137
vt 0.621672 0.969949
vt 0.877652 0.971169
vt 0.877652 0.987925
vt 0.496301 0.717795
vt 0.490645 0.718718
vt 0.621672 0.987137
vt 0.620760 0.969949
vt 0.876740 0.971169
vt 0.876740 0.987925
vt 0.496301 0.718718
vt 0.490645 0.719630
vt 0.620760 0.987137
vt 0.619896 0.969949
vt 0.875876 0.971169
vt 0.875876 0.987925
vt 0.496301 0.719630
vt 0.490645 0.720494
vt 0.619896 0.987137
vt 0.619113 0.969949
vt 0.875093 0.971169
vt 0.875093 0.987925
vt 0.496301 0.720494
vt 0.490645 0.721278
vt 0.852577 0.985948
vt 0.851776 0.968760
vt 0.852577 0.968760
vt 0.113922 0.969467
vt 0.114723 0.986222
vt 0.113922 0.986222
vt 0.508556 0.718432
vt 0.514211 0.717632
vt 0.514211 0.718432
vt 0.851776 0.985948
vt 0.850901 0.968760
vt 0.113047 0.986222
vt 0.113047 0.969467
vt 0.514211 0.716757
vt 0.508556 0.717632
vt 0.508556 0.716757
vt 0.850901 0.985948
vt 0.849985 0.968760
vt 0.112131 0.986222
vt 0.112131 0.969467
vt 0.514211 0.715840
vt 0.508556 0.715840
vt 0.849985 0.985948
vt 0.849063 0.968760
vt 0.111209 0.986222
vt 0.111209 0.969467
vt 0.514211 0.714918
vt 0.508556 0.714918
vt 0.849063 0.985948
vt 0.848171 0.968760
vt 0.110317 0.986222
vt 0.110317 0.969467
vt 0.514211 0.714025
vt 0.508556 0.714025
vt 0.848171 0.985948
vt 0.847342 0.968760
vt 0.109488 0.986222
vt 0.109488 0.969467
vt 0.514211 0.713197
vt 0.508556 0.713197
vt 0.847342 0.985948
vt 0.846609 0.968760
vt 0.108755 0.986222
vt 0.108755 0.969467
vt 0.514211 0.712463
vt 0.508556 0.712463
vt 0.846609 0.985948
vt 0.846000 0.968760
vt 0.108146 0.986222
vt 0.108146 0.969467
vt 0.514211 0.711854
vt 0.508556 0.711854
vt 0.960514 0.299637
vt 0.961100 0.316825
vt 0.960514 0.316825
vt 0.544376 0.984795
vt 0.544962 0.968040
vt 0.544962 0.984795
vt 0.584967 0.233257
vt 0.579311 0.233844
vt 0.579311 0.233257
vt 0.961100 0.299637
vt 0.961814 0.316825
vt 0.545676 0.968040
vt 0.545676 0.984795
vt 0.584967 0.232543
vt 0.579311 0.232543
vt 0.961814 0.299637
vt 0.962629 0.316825
vt 0.546491 0.968040
vt 0.546491 0.984795
vt 0.584967 0.231728
vt 0.579311 0.231728
vt 0.774508 0.403351
vt 0.768630 0.400208
vt 0.771772 0.394329
vt 0.962629 0.299637
vt 0.963513 0.316825
vt 0.547375 0.968040
vt 0.547375 0.984795
vt 0.584967 0.230844
vt 0.579311 0.230844
vt 0.963513 0.299637
vt 0.548295 0.968040
vt 0.584967 0.229924
vt 0.787031 0.400209
vt 0.781153 0.403351
vt 0.778011 0.397471
vt 0.222078 0.400023
vt 0.215445 0.400677
vt 0.214791 0.394042
vt 0.308579 0.632277
vt 0.303426 0.636507
vt 0.299198 0.631353
vt 0.319660 0.635459
vt 0.319007 0.628824
vt 0.325640 0.628171
vt 0.293139 0.627304
vt 0.299018 0.630446
vt 0.295876 0.636326
vt 0.882290 0.243308
vt 0.909891 0.237093
vt 0.921314 0.251140
vt 0.637697 0.690759
vt 0.619787 0.678878
vt 0.637697 0.678878
vt 0.639803 0.445939
vt 0.665694 0.428911
vt 0.667533 0.429092
vt 0.669372 0.410416
vt 0.674272 0.404242
vt 0.671140 0.410952
vt 0.688234 0.694439
vt 0.674272 0.705964
vt 0.648432 0.694439
vt 0.195834 0.291683
vt 0.207617 0.316703
vt 0.201961 0.316703
vt 0.619787 0.698101
vt 0.619787 0.690759
vt 0.637697 0.698101
vt 0.619787 0.704725
vt 0.213744 0.591267
vt 0.195834 0.601910
vt 0.195834 0.591267
vt 0.213744 0.601910
vt 0.195834 0.616464
vt 0.213744 0.616464
vt 0.195834 0.633506
vt 0.637697 0.671536
vt 0.213744 0.234858
vt 0.195834 0.243209
vt 0.195834 0.234858
vt 0.213744 0.243209
vt 0.195834 0.256380
vt 0.213744 0.273083
vt 0.195834 0.273083
vt 0.213744 0.661744
vt 0.195834 0.661744
vt 0.984571 0.085435
vt 0.978444 0.078310
vt 0.984571 0.078310
vt 0.979126 0.219191
vt 0.985253 0.226316
vt 0.979126 0.226316
vt 0.195834 0.721239
vt 0.201961 0.710884
vt 0.201961 0.721239
vt 0.213744 0.710884
vt 0.207617 0.721239
vt 0.207617 0.710884
vt 0.195834 0.696538
vt 0.213744 0.696538
vt 0.201961 0.702673
vt 0.213744 0.679605
vt 0.195834 0.679605
vt 0.985253 0.207338
vt 0.979126 0.199812
vt 0.985253 0.199812
vt 0.984571 0.066457
vt 0.978444 0.058931
vt 0.984571 0.058931
vt 0.195834 0.379735
vt 0.201961 0.370952
vt 0.201961 0.379735
vt 0.213744 0.370952
vt 0.207617 0.379735
vt 0.207617 0.370952
vt 0.195834 0.370952
vt 0.201961 0.357438
vt 0.213744 0.357438
vt 0.207617 0.357438
vt 0.195834 0.357438
vt 0.201961 0.340514
vt 0.213744 0.340514
vt 0.207617 0.340514
vt 0.195834 0.340514
vt 0.201961 0.321839
vt 0.213744 0.321839
vt 0.207617 0.321839
vt 0.978444 0.066457
vt 0.985253 0.219191
vt 0.216960 0.967002
vt 0.215138 0.984916
vt 0.215138 0.967002
vt 0.213410 0.984916
vt 0.213410 0.967002
vt 0.211843 0.984916
vt 0.211843 0.967002
vt 0.351939 0.985058
vt 0.353540 0.967143
vt 0.353540 0.985058
vt 0.355289 0.967143
vt 0.355289 0.985058
vt 0.355676 0.967143
vt 0.357122 0.985058
vt 0.358965 0.967143
vt 0.358965 0.985058
vt 0.360750 0.967143
vt 0.360750 0.985058
vt 0.362408 0.967143
vt 0.362408 0.985058
vt 0.363874 0.967143
vt 0.363874 0.985058
vt 0.365092 0.985058
vt 0.365092 0.967143
vt 0.708529 0.385617
vt 0.709702 0.403532
vt 0.708529 0.403532
vt 0.707101 0.385617
vt 0.707101 0.403532
vt 0.705471 0.385617
vt 0.705471 0.403532
vt 0.703703 0.385617
vt 0.703703 0.403532
vt 0.701864 0.385617
vt 0.701864 0.403532
vt 0.700025 0.385617
vt 0.700025 0.403532
vt 0.698257 0.385617
vt 0.698257 0.403532
vt 0.696627 0.385617
vt 0.696627 0.403532
vt 0.695198 0.385617
vt 0.695198 0.403532
vt 0.748298 0.385617
vt 0.749687 0.403532
vt 0.748298 0.403532
vt 0.746698 0.385617
vt 0.746698 0.403532
vt 0.744948 0.385617
vt 0.744948 0.403532
vt 0.743116 0.403532
vt 0.743116 0.385617
vt 0.741272 0.385617
vt 0.741272 0.403532
vt 0.739487 0.385617
vt 0.739487 0.403532
vt 0.737830 0.403532
vt 0.737830 0.385617
vt 0.736364 0.403532
vt 0.736364 0.385617
vt 0.223798 0.967002
vt 0.222293 0.984916
vt 0.222293 0.967002
vt 0.220608 0.984916
vt 0.220608 0.967002
vt 0.218807 0.984916
vt 0.218807 0.967002
vt 0.216960 0.984916
vt 0.778322 0.161151
vt 0.777015 0.174421
vt 0.763749 0.173114
vt 0.989887 0.961835
vt 0.984231 0.973688
vt 0.984231 0.961835
vt 0.924142 0.424732
vt 0.879655 0.420626
vt 0.918680 0.412794
vt 0.989887 0.981214
vt 0.989887 0.973688
vt 0.570971 0.939107
vt 0.565315 0.930324
vt 0.570971 0.930324
vt 0.570971 0.952621
vt 0.565315 0.939107
vt 0.570971 0.969545
vt 0.565315 0.952621
vt 0.570971 0.988220
vt 0.565315 0.969545
vt 0.984231 0.954710
vt 0.120378 0.979822
vt 0.114723 0.969467
vt 0.120378 0.969467
vt 0.114723 0.979822
vt 0.120378 0.988033
vt 0.114723 0.988033
vt 0.565315 0.988220
vt 0.570971 0.993356
vt 0.565315 0.993356
vt 0.967765 0.299637
vt 0.964778 0.985608
vt 0.160077 0.968629
vt 0.641526 0.233254
vt 0.881070 0.971169
vt 0.619113 0.987137
vt 0.496301 0.721278
vt 0.846000 0.985948
vt 0.544376 0.968040
vt 0.584967 0.233844
vt 0.772678 0.394148
vt 0.773602 0.394148
vt 0.774508 0.394329
vt 0.775362 0.394682
vt 0.776130 0.395196
vt 0.776783 0.395849
vt 0.777297 0.396618
vt 0.777650 0.397471
vt 0.777831 0.398378
vt 0.777831 0.399302
vt 0.777650 0.400209
vt 0.777297 0.401062
vt 0.776783 0.401831
vt 0.776130 0.402484
vt 0.775362 0.402998
vt 0.773602 0.403532
vt 0.772678 0.403532
vt 0.771772 0.403351
vt 0.770918 0.402998
vt 0.770150 0.402484
vt 0.769497 0.401831
vt 0.768983 0.401062
vt 0.768450 0.399302
vt 0.768450 0.398378
vt 0.768630 0.397471
vt 0.768983 0.396618
vt 0.769497 0.395849
vt 0.770150 0.395196
vt 0.770918 0.394682
vt 0.778364 0.396618
vt 0.780299 0.394682
vt 0.778878 0.395849
vt 0.779531 0.395196
vt 0.781153 0.394329
vt 0.782059 0.394148
vt 0.782983 0.394148
vt 0.783889 0.394329
vt 0.784743 0.394682
vt 0.786678 0.396618
vt 0.785511 0.395196
vt 0.786164 0.395849
vt 0.787031 0.397471
vt 0.787212 0.398378
vt 0.787212 0.399302
vt 0.786678 0.401062
vt 0.784743 0.402998
vt 0.786164 0.401831
vt 0.785511 0.402484
vt 0.783889 0.403351
vt 0.782983 0.403532
vt 0.782059 0.403532
vt 0.780299 0.402998
vt 0.778364 0.401062
vt 0.779531 0.402484
vt 0.778878 0.401831
vt 0.778011 0.400208
vt 0.777831 0.399302
vt 0.777831 0.398378
vt 0.215445 0.393388
vt 0.217973 0.392341
vt 0.216213 0.392875
vt 0.217066 0.392521
vt 0.218897 0.392341
vt 0.219803 0.392521
vt 0.220656 0.392875
vt 0.221425 0.393388
vt 0.222078 0.394042
vt 0.223125 0.396571
vt 0.222591 0.394810
vt 0.222945 0.395664
vt 0.223125 0.397495
vt 0.222945 0.398401
vt 0.222591 0.399255
vt 0.221425 0.400677
vt 0.218897 0.401724
vt 0.220656 0.401190
vt 0.219803 0.401544
vt 0.217973 0.401724
vt 0.217066 0.401544
vt 0.216213 0.401190
vt 0.214791 0.400023
vt 0.213744 0.397495
vt 0.214278 0.399255
vt 0.213924 0.398401
vt 0.213744 0.396570
vt 0.213924 0.395664
vt 0.214278 0.394810
vt 0.299378 0.630446
vt 0.299732 0.629592
vt 0.300245 0.628824
vt 0.300898 0.628171
vt 0.301667 0.627657
vt 0.302520 0.627303
vt 0.303426 0.627123
vt 0.304350 0.627123
vt 0.305257 0.627304
vt 0.306110 0.627657
vt 0.306878 0.628171
vt 0.307532 0.628824
vt 0.308045 0.629593
vt 0.308399 0.630446
vt 0.308579 0.631353
vt 0.308399 0.633183
vt 0.308045 0.634037
vt 0.307532 0.634806
vt 0.306878 0.635459
vt 0.306110 0.635973
vt 0.305256 0.636326
vt 0.304350 0.636507
vt 0.302520 0.636326
vt 0.301666 0.635973
vt 0.300898 0.635459
vt 0.300245 0.634806
vt 0.299732 0.634037
vt 0.299378 0.633183
vt 0.299198 0.632277
vt 0.326294 0.628824
vt 0.327341 0.631353
vt 0.326807 0.629592
vt 0.327161 0.630446
vt 0.327341 0.632277
vt 0.327161 0.633183
vt 0.326807 0.634037
vt 0.326294 0.634806
vt 0.325640 0.635459
vt 0.323112 0.636507
vt 0.324872 0.635973
vt 0.324019 0.636326
vt 0.322188 0.636507
vt 0.321282 0.636326
vt 0.320429 0.635973
vt 0.319007 0.634806
vt 0.317960 0.632277
vt 0.318494 0.634037
vt 0.318140 0.633183
vt 0.317960 0.631353
vt 0.318140 0.630446
vt 0.318494 0.629592
vt 0.319660 0.628171
vt 0.322188 0.627123
vt 0.320429 0.627657
vt 0.321282 0.627303
vt 0.323112 0.627123
vt 0.324019 0.627303
vt 0.324872 0.627657
vt 0.294969 0.636507
vt 0.294045 0.636507
vt 0.293139 0.636326
vt 0.292286 0.635973
vt 0.291517 0.635459
vt 0.289997 0.633183
vt 0.290864 0.634806
vt 0.290351 0.634037
vt 0.289817 0.632277
vt 0.289817 0.631353
vt 0.289997 0.630446
vt 0.290351 0.629593
vt 0.290864 0.628824
vt 0.291517 0.628171
vt 0.292286 0.627657
vt 0.294045 0.627123
vt 0.294969 0.627123
vt 0.295875 0.627304
vt 0.296729 0.627657
vt 0.297497 0.628171
vt 0.298151 0.628824
vt 0.298664 0.629592
vt 0.299198 0.631353
vt 0.299198 0.632277
vt 0.299018 0.633183
vt 0.298664 0.634037
vt 0.298151 0.634806
vt 0.297497 0.635459
vt 0.296729 0.635973
vt 0.921314 0.300932
vt 0.915852 0.312870
vt 0.876827 0.305039
vt 0.907674 0.319971
vt 0.899896 0.321423
vt 0.888251 0.319086
vt 0.881635 0.314746
vt 0.874300 0.290915
vt 0.874300 0.273758
vt 0.923842 0.282420
vt 0.876827 0.255246
vt 0.923842 0.265263
vt 0.877838 0.250208
vt 0.890468 0.236207
vt 0.898246 0.234756
vt 0.916507 0.241433
vt 0.676242 0.416055
vt 0.675555 0.414769
vt 0.681612 0.407195
vt 0.688234 0.415767
vt 0.693490 0.429117
vt 0.676778 0.421503
vt 0.676778 0.417824
vt 0.696864 0.445939
vt 0.672770 0.427503
vt 0.698026 0.464586
vt 0.671140 0.428375
vt 0.698026 0.494758
vt 0.638640 0.494758
vt 0.696864 0.513406
vt 0.693490 0.530228
vt 0.643177 0.530228
vt 0.688234 0.543578
vt 0.681612 0.552149
vt 0.674272 0.555103
vt 0.662395 0.555103
vt 0.648432 0.543578
vt 0.655054 0.552149
vt 0.639803 0.513406
vt 0.638640 0.464586
vt 0.643177 0.429117
vt 0.662296 0.427503
vt 0.648432 0.415767
vt 0.658288 0.421503
vt 0.658824 0.416055
vt 0.655054 0.407195
vt 0.662395 0.404242
vt 0.662296 0.411824
vt 0.659695 0.414425
vt 0.660868 0.412996
vt 0.658288 0.417824
vt 0.676959 0.419663
vt 0.658107 0.419663
vt 0.676242 0.423272
vt 0.675371 0.424902
vt 0.658824 0.423272
vt 0.659695 0.424902
vt 0.674199 0.426331
vt 0.660868 0.426331
vt 0.669372 0.428911
vt 0.663926 0.428375
vt 0.663926 0.410952
vt 0.667533 0.410235
vt 0.674199 0.412996
vt 0.675371 0.414425
vt 0.665694 0.410416
vt 0.672770 0.411824
vt 0.648432 0.566628
vt 0.655054 0.558056
vt 0.688234 0.566628
vt 0.681612 0.558056
vt 0.693490 0.579978
vt 0.696864 0.596800
vt 0.639803 0.596800
vt 0.698026 0.615447
vt 0.698026 0.645619
vt 0.638640 0.645619
vt 0.696864 0.664267
vt 0.693490 0.681089
vt 0.643177 0.681089
vt 0.681612 0.703010
vt 0.662395 0.705964
vt 0.655054 0.703010
vt 0.639803 0.664267
vt 0.638640 0.615447
vt 0.643177 0.579978
vt 0.195834 0.321839
vt 0.213744 0.291683
vt 0.637697 0.704725
vt 0.213744 0.633506
vt 0.619787 0.671536
vt 0.213744 0.256380
vt 0.978444 0.085435
vt 0.195834 0.710884
vt 0.213744 0.721239
vt 0.207617 0.702673
vt 0.979126 0.207338
vt 0.213744 0.379735
vt 0.351939 0.967143
vt 0.357122 0.967143
vt 0.709702 0.385617
vt 0.749687 0.385617
vt 0.223798 0.984916
vt 0.765055 0.159844
vt 0.766592 0.158817
vt 0.768299 0.158109
vt 0.770111 0.157749
vt 0.771959 0.157749
vt 0.773772 0.158109
vt 0.775479 0.158817
vt 0.777015 0.159844
vt 0.779349 0.162687
vt 0.780056 0.164395
vt 0.780416 0.166208
vt 0.780416 0.168056
vt 0.780056 0.169869
vt 0.779349 0.171577
vt 0.778322 0.173114
vt 0.775479 0.175448
vt 0.773772 0.176155
vt 0.771959 0.176516
vt 0.770111 0.176516
vt 0.768299 0.176155
vt 0.766592 0.175448
vt 0.765055 0.174421
vt 0.762722 0.171577
vt 0.761654 0.166208
vt 0.762015 0.169869
vt 0.761654 0.168056
vt 0.762015 0.164395
vt 0.762722 0.162687
vt 0.763749 0.161151
vt 0.885117 0.482356
vt 0.880666 0.475457
vt 0.879655 0.470418
vt 0.877128 0.451906
vt 0.926669 0.460401
vt 0.877128 0.434749
vt 0.926669 0.443244
vt 0.884462 0.410919
vt 0.891079 0.406579
vt 0.902724 0.404242
vt 0.910502 0.405693
vt 0.923132 0.419694
vt 0.924142 0.474525
vt 0.919335 0.484231
vt 0.912719 0.488571
vt 0.901074 0.490908
vt 0.893296 0.489457
vt 0.984231 0.981214
vt 0.989887 0.954710
s 1
usemtl 
f 347/740/75 417/741/76 413/742/75
f 346/743/75 414/744/76 348/745/76
f 415/746/76 412/747/75 416/748/76
f 349/749/76 421/750/77 417/741/76
f 348/745/76 418/751/77 350/752/77
f 419/753/77 416/748/76 420/754/77
f 351/755/77 425/756/78 421/750/77
f 350/752/77 422/757/78 352/758/78
f 423/759/78 420/754/77 424/760/78
f 353/761/78 429/762/79 425/756/78
f 352/758/78 426/763/79 354/764/79
f 427/765/79 424/760/78 428/766/79
f 355/767/79 433/768/80 429/769/79
f 356/770/80 426/771/79 430/772/80
f 428/773/79 431/774/80 427/775/79
f 357/776/80 437/777/81 433/768/80
f 358/778/81 430/772/80 434/779/81
f 432/780/80 435/781/81 431/774/80
f 359/782/81 441/783/82 437/777/81
f 360/784/82 434/779/81 438/785/82
f 436/786/81 439/787/82 435/781/81
f 361/788/82 445/789/83 441/783/82
f 362/790/83 438/785/82 442/791/83
f 440/792/82 443/793/83 439/787/82
f 363/794/83 449/795/84 445/789/83
f 364/796/84 442/791/83 446/797/84
f 444/798/83 447/799/84 443/793/83
f 365/800/84 453/801/85 449/795/84
f 366/802/85 446/797/84 450/803/85
f 448/804/84 451/805/85 447/799/84
f 367/806/85 457/807/86 453/801/85
f 368/808/86 450/803/85 454/809/86
f 452/810/85 455/811/86 451/805/85
f 369/812/86 461/813/87 457/807/86
f 370/814/87 454/809/86 458/815/87
f 456/816/86 459/817/87 455/811/86
f 371/818/87 465/819/88 461/820/87
f 372/821/88 458/822/87 462/823/88
f 460/824/87 463/825/88 459/826/87
f 373/827/88 469/828/89 465/819/88
f 374/829/89 462/823/88 466/830/89
f 464/831/88 467/832/89 463/825/88
f 375/833/89 473/834/90 469/828/89
f 376/835/90 466/830/89 470/836/90
f 468/837/89 471/838/90 467/832/89
f 377/839/90 477/840/91 473/834/90
f 378/841/91 470/836/90 474/842/91
f 472/843/90 475/844/91 471/838/90
f 379/845/91 481/846/92 477/840/91
f 380/847/92 474/842/91 478/848/92
f 476/849/91 479/850/92 475/844/91
f 381/851/92 485/852/93 481/846/92
f 382/853/93 478/848/92 482/854/93
f 480/855/92 483/856/93 479/850/92
f 383/857/93 489/858/94 485/852/93
f 384/859/94 482/854/93 486/860/94
f 484/861/93 487/862/94 483/856/93
f 385/863/94 493/864/95 489/865/94
f 386/866/95 486/867/94 490/868/95
f 488/869/94 491/870/95 487/871/94
f 387/872/95 497/873/96 493/864/95
f 386/866/95 494/874/96 388/875/96
f 495/876/96 492/877/95 496/878/96
f 389/879/96 501/880/97 497/873/96
f 388/875/96 498/881/97 390/882/97
f 499/883/97 496/878/96 500/884/97
f 391/885/97 505/886/98 501/880/97
f 390/882/97 502/887/98 392/888/98
f 503/889/98 500/884/97 504/890/98
f 393/891/98 509/892/99 505/886/98
f 392/888/98 506/893/99 394/894/99
f 507/895/99 504/890/98 508/896/99
f 395/897/99 513/898/100 509/892/99
f 394/894/99 510/899/100 396/900/100
f 511/901/100 508/896/99 512/902/100
f 397/903/100 517/904/101 513/898/100
f 396/900/100 514/905/101 398/906/101
f 515/907/101 512/902/100 516/908/101
f 399/909/101 521/910/102 517/904/101
f 398/906/101 518/911/102 400/912/102
f 519/913/102 516/908/101 520/914/102
f 401/915/102 525/916/103 521/917/102
f 400/918/102 522/919/103 402/920/103
f 523/921/103 520/922/102 524/923/103
f 403/924/103 529/925/104 525/916/103
f 402/920/103 526/926/104 404/927/104
f 527/928/104 524/923/103 528/929/104
f 405/930/104 533/931/105 529/925/104
f 404/927/104 530/932/105 406/933/105
f 531/934/105 528/929/104 532/935/105
f 373/936/106 357/937/106 405/938/106
f 407/939/105 537/940/107 533/931/105
f 406/933/105 534/941/107 408/942/107
f 535/943/107 532/935/105 536/944/107
f 409/945/107 413/742/75 537/940/107
f 408/942/107 410/946/75 346/743/75
f 535/943/107 412/747/75 411/947/75
f 374/948/108 390/949/108 406/950/108
f 475/951/108 507/952/108 411/953/108
f 486/954/106 454/955/106 422/956/106
f 477/957/108 509/958/108 413/959/108
f 436/960/106 532/961/106 500/962/106
f 576/963/106 553/964/106 559/965/106
f 552/966/109 563/967/110 571/968/111
f 554/969/108 653/970/108 656/971/108
f 659/972/108 571/973/108 637/974/108
f 584/975/106 581/976/106 595/977/106
f 573/978/112 670/979/83 671/980/83
f 552/966/109 542/981/113 538/982/114
f 560/983/115 544/984/116 542/981/115
f 558/985/116 546/986/117 544/987/116
f 557/988/117 548/989/118 546/986/117
f 554/990/118 540/991/119 548/989/118
f 563/967/110 574/992/120 571/968/111
f 569/993/121 577/994/122 574/995/121
f 567/996/122 578/997/123 577/994/122
f 578/997/123 565/998/124 579/999/124
f 565/998/124 573/978/112 579/999/124
f 540/991/119 587/1000/125 580/1001/125
f 585/1002/126 673/1003/127 581/1004/127
f 586/1005/127 676/1006/126 588/1007/126
f 585/1008/128 677/1009/129 675/1010/128
f 589/1011/130 676/1012/128 678/1013/129
f 583/1014/131 590/1015/131 679/1016/132
f 583/1014/131 591/1017/133 590/1015/131
f 582/1018/133 587/1000/125 591/1017/133
f 682/1019/134 603/1020/135 684/1021/135
f 592/1022/134 683/1023/135 594/1024/135
f 603/1025/136 686/1026/137 684/1027/136
f 595/1028/137 683/1029/136 685/1030/137
f 602/1031/137 688/1032/138 686/1026/137
f 596/1033/138 685/1030/137 687/1034/138
f 601/1035/138 689/1036/139 688/1032/138
f 597/1037/139 687/1034/138 690/1038/139
f 600/1039/139 672/1040/140 689/1036/139
f 593/1041/140 690/1038/139 669/1042/140
f 581/1004/127 681/1043/134 592/1022/134
f 586/1005/127 682/1019/134 674/1044/127
f 604/1045/91 659/1046/92 605/1047/92
f 605/1047/92 637/1048/93 606/1049/93
f 606/1049/93 636/1050/94 607/1051/94
f 607/1052/94 640/1053/95 608/1054/95
f 608/1054/95 639/1055/96 609/1056/96
f 609/1056/96 639/1055/96 638/1057/141
f 610/1058/97 666/1059/98 611/1060/98
f 611/1060/98 664/1061/99 612/1062/99
f 612/1062/99 665/1063/100 613/1064/100
f 613/1064/100 667/1065/101 614/1066/101
f 615/1067/102 667/1065/101 662/1068/102
f 616/1069/103 662/1070/102 663/1071/103
f 617/1072/104 663/1071/103 661/1073/104
f 618/1074/105 661/1073/104 660/1075/105
f 619/1076/107 660/1075/105 658/1077/107
f 620/1078/75 658/1077/107 656/1079/75
f 621/1080/76 656/1079/75 653/1081/76
f 622/1082/77 653/1081/76 652/1083/77
f 623/1084/78 652/1083/77 650/1085/78
f 624/1086/79 650/1085/78 648/1087/79
f 625/1088/80 648/1089/79 644/1090/80
f 626/1091/81 644/1090/80 647/1092/81
f 627/1093/82 647/1092/81 642/1094/82
f 627/1093/82 641/1095/83 628/1096/83
f 629/1097/84 641/1095/83 643/1098/84
f 630/1099/85 643/1098/84 646/1100/85
f 630/1099/85 645/1101/86 631/1102/86
f 631/1102/86 649/1103/87 632/1104/87
f 632/1105/87 651/1106/88 633/1107/88
f 633/1107/88 654/1108/89 634/1109/89
f 634/1109/89 655/1110/90 635/1111/90
f 635/1111/90 657/1112/91 604/1045/91
f 610/1113/108 618/1114/108 626/1115/108
f 564/1116/127 553/1117/134 572/1118/127
f 669/1119/108 545/1120/108 568/1121/108
f 543/1122/135 553/1117/134 539/1123/134
f 545/1124/142 561/1125/136 543/1126/136
f 547/1127/138 559/1128/137 545/1124/142
f 549/1129/139 556/1130/138 547/1127/138
f 541/1131/140 555/1132/139 549/1129/139
f 575/1133/126 564/1116/127 572/1118/127
f 576/1134/130 570/1135/128 575/1136/128
f 568/1137/130 671/1138/132 670/1139/132
f 551/1140/140 679/1141/83 680/1142/83
f 347/740/75 349/749/76 417/741/76
f 346/743/75 410/946/75 414/744/76
f 415/746/76 411/947/75 412/747/75
f 349/749/76 351/755/77 421/750/77
f 348/745/76 414/744/76 418/751/77
f 419/753/77 415/746/76 416/748/76
f 351/755/77 353/761/78 425/756/78
f 350/752/77 418/751/77 422/757/78
f 423/759/78 419/753/77 420/754/77
f 353/761/78 355/1143/79 429/762/79
f 352/758/78 422/757/78 426/763/79
f 427/765/79 423/759/78 424/760/78
f 355/767/79 357/776/80 433/768/80
f 356/770/80 354/1144/79 426/771/79
f 428/773/79 432/780/80 431/774/80
f 357/776/80 359/782/81 437/777/81
f 358/778/81 356/770/80 430/772/80
f 432/780/80 436/786/81 435/781/81
f 359/782/81 361/788/82 441/783/82
f 360/784/82 358/778/81 434/779/81
f 436/786/81 440/792/82 439/787/82
f 361/788/82 363/794/83 445/789/83
f 362/790/83 360/784/82 438/785/82
f 440/792/82 444/798/83 443/793/83
f 363/794/83 365/800/84 449/795/84
f 364/796/84 362/790/83 442/791/83
f 444/798/83 448/804/84 447/799/84
f 365/800/84 367/806/85 453/801/85
f 366/802/85 364/796/84 446/797/84
f 448/804/84 452/810/85 451/805/85
f 367/806/85 369/812/86 457/807/86
f 368/808/86 366/802/85 450/803/85
f 452/810/85 456/816/86 455/811/86
f 369/812/86 371/1145/87 461/813/87
f 370/814/87 368/808/86 454/809/86
f 456/816/86 460/1146/87 459/817/87
f 371/818/87 373/827/88 465/819/88
f 372/821/88 370/1147/87 458/822/87
f 460/824/87 464/831/88 463/825/88
f 373/827/88 375/833/89 469/828/89
f 374/829/89 372/821/88 462/823/88
f 464/831/88 468/837/89 467/832/89
f 375/833/89 377/839/90 473/834/90
f 376/835/90 374/829/89 466/830/89
f 468/837/89 472/843/90 471/838/90
f 377/839/90 379/845/91 477/840/91
f 378/841/91 376/835/90 470/836/90
f 472/843/90 476/849/91 475/844/91
f 379/845/91 381/851/92 481/846/92
f 380/847/92 378/841/91 474/842/91
f 476/849/91 480/855/92 479/850/92
f 381/851/92 383/857/93 485/852/93
f 382/853/93 380/847/92 478/848/92
f 480/855/92 484/861/93 483/856/93
f 383/857/93 385/1148/94 489/858/94
f 384/859/94 382/853/93 482/854/93
f 484/861/93 488/1149/94 487/862/94
f 385/863/94 387/872/95 493/864/95
f 386/866/95 384/1135/94 486/867/94
f 488/869/94 492/877/95 491/870/95
f 387/872/95 389/879/96 497/873/96
f 386/866/95 490/868/95 494/874/96
f 495/876/96 491/870/95 492/877/95
f 389/879/96 391/885/97 501/880/97
f 388/875/96 494/874/96 498/881/97
f 499/883/97 495/876/96 496/878/96
f 391/885/97 393/891/98 505/886/98
f 390/882/97 498/881/97 502/887/98
f 503/889/98 499/883/97 500/884/97
f 393/891/98 395/897/99 509/892/99
f 392/888/98 502/887/98 506/893/99
f 507/895/99 503/889/98 504/890/98
f 395/897/99 397/903/100 513/898/100
f 394/894/99 506/893/99 510/899/100
f 511/901/100 507/895/99 508/896/99
f 397/903/100 399/909/101 517/904/101
f 396/900/100 510/899/100 514/905/101
f 515/907/101 511/901/100 512/902/100
f 399/909/101 401/1150/102 521/910/102
f 398/906/101 514/905/101 518/911/102
f 519/913/102 515/907/101 516/908/101
f 401/915/102 403/924/103 525/916/103
f 400/918/102 518/1151/102 522/919/103
f 523/921/103 519/1152/102 520/922/102
f 403/924/103 405/930/104 529/925/104
f 402/920/103 522/919/103 526/926/104
f 527/928/104 523/921/103 524/923/103
f 405/930/104 407/939/105 533/931/105
f 404/927/104 526/926/104 530/932/105
f 531/934/105 527/928/104 528/929/104
f 405/938/106 403/1153/106 401/1154/106
f 401/1154/106 399/1155/106 397/1156/106
f 397/1156/106 395/1157/106 393/1158/106
f 393/1158/106 391/1159/143 389/1160/106
f 389/1160/106 387/1161/106 385/1162/106
f 385/1162/106 383/1163/106 381/1164/106
f 381/1164/106 379/1165/106 377/1166/106
f 377/1166/106 375/1167/106 373/936/106
f 373/936/106 371/1168/143 369/1169/106
f 369/1169/106 367/1170/144 365/1171/106
f 365/1171/106 363/1172/106 361/1173/106
f 361/1173/106 359/1174/106 357/937/106
f 357/937/106 355/1175/106 353/1176/106
f 353/1176/106 351/1177/106 349/1178/106
f 349/1178/106 347/1179/106 409/1180/106
f 409/1180/106 407/1181/106 405/938/106
f 405/938/106 401/1154/106 397/1156/106
f 397/1156/106 393/1158/106 389/1160/106
f 389/1160/106 385/1162/106 381/1164/106
f 381/1164/106 377/1166/106 373/936/106
f 373/936/106 369/1169/106 365/1171/106
f 365/1171/106 361/1173/106 357/937/106
f 357/937/106 353/1176/106 349/1178/106
f 349/1178/106 409/1180/106 405/938/106
f 405/938/106 397/1156/106 389/1160/106
f 389/1160/106 381/1164/106 373/936/106
f 373/936/106 365/1171/106 357/937/106
f 357/937/106 349/1178/106 405/938/106
f 405/938/106 389/1160/106 373/936/106
f 407/939/105 409/945/107 537/940/107
f 406/933/105 530/932/105 534/941/107
f 535/943/107 531/934/105 532/935/105
f 409/945/107 347/740/75 413/742/75
f 408/942/107 534/941/107 410/946/75
f 535/943/107 536/944/107 412/747/75
f 406/950/108 408/1182/108 350/1183/108
f 408/1182/108 346/1184/108 350/1183/108
f 346/1184/108 348/1185/108 350/1183/108
f 350/1183/108 352/1186/145 354/1187/146
f 354/1187/146 356/1188/108 350/1183/108
f 356/1188/108 358/1189/108 350/1183/108
f 358/1189/108 360/1190/146 366/1191/108
f 360/1190/146 362/1192/108 366/1191/108
f 362/1192/108 364/1193/108 366/1191/108
f 366/1191/108 368/1194/108 370/1195/108
f 370/1195/108 372/1196/108 366/1191/108
f 372/1196/108 374/948/108 366/1191/108
f 374/948/108 376/1197/108 382/1198/108
f 376/1197/108 378/1199/108 382/1198/108
f 378/1199/108 380/1200/108 382/1198/108
f 382/1198/108 384/1201/146 386/1202/108
f 386/1202/108 388/1203/108 382/1198/108
f 388/1203/108 390/949/108 382/1198/108
f 390/949/108 392/1204/145 398/1205/108
f 392/1204/145 394/1206/108 398/1205/108
f 394/1206/108 396/1207/108 398/1205/108
f 398/1205/108 400/1208/145 402/1209/108
f 402/1209/108 404/1210/145 398/1205/108
f 404/1210/145 406/950/108 398/1205/108
f 406/950/108 350/1183/108 358/1189/108
f 358/1189/108 366/1191/108 374/948/108
f 374/948/108 382/1198/108 390/949/108
f 390/949/108 398/1205/108 406/950/108
f 406/950/108 358/1189/108 374/948/108
f 411/953/108 415/1211/108 427/1212/108
f 415/1211/108 419/1213/108 427/1212/108
f 419/1213/108 423/1214/108 427/1212/108
f 427/1212/108 431/1215/108 435/1216/108
f 435/1216/108 439/1217/108 443/1218/108
f 443/1218/108 447/1219/108 459/1220/108
f 447/1219/108 451/1221/146 459/1220/108
f 451/1221/146 455/1222/108 459/1220/108
f 459/1220/108 463/1223/108 467/1224/108
f 467/1224/108 471/1225/108 475/951/108
f 475/951/108 479/1226/108 491/1227/108
f 479/1226/108 483/1228/108 491/1227/108
f 483/1228/108 487/1229/108 491/1227/108
f 491/1227/108 495/1230/108 499/1231/108
f 499/1231/108 503/1232/108 507/952/108
f 507/952/108 511/1233/108 523/1234/108
f 511/1233/108 515/1235/145 523/1234/108
f 515/1235/145 519/1236/108 523/1234/108
f 523/1234/108 527/1237/108 531/1238/108
f 531/1238/108 535/1239/108 411/953/108
f 427/1212/108 435/1216/108 443/1218/108
f 459/1220/108 467/1224/108 475/951/108
f 491/1227/108 499/1231/108 507/952/108
f 523/1234/108 531/1238/108 411/953/108
f 411/953/108 427/1212/108 443/1218/108
f 443/1218/108 459/1220/108 475/951/108
f 475/951/108 491/1227/108 507/952/108
f 507/952/108 523/1234/108 411/953/108
f 411/953/108 443/1218/108 475/951/108
f 422/956/106 418/1240/106 414/1241/106
f 414/1241/106 410/1242/106 534/1243/106
f 534/1243/106 530/1244/106 526/1245/106
f 526/1245/106 522/1246/106 534/1243/106
f 522/1246/106 518/1247/106 534/1243/106
f 518/1247/106 514/1248/144 510/1249/106
f 510/1249/106 506/1250/106 502/1251/106
f 502/1251/106 498/1252/144 494/1253/106
f 494/1253/106 490/1254/106 502/1251/106
f 490/1254/106 486/954/106 502/1251/106
f 486/954/106 482/1255/106 478/1256/106
f 478/1256/106 474/1257/106 470/1258/106
f 470/1258/106 466/1259/106 462/1260/106
f 462/1260/106 458/1261/106 470/1258/106
f 458/1261/106 454/955/106 470/1258/106
f 454/955/106 450/1262/143 446/1263/106
f 446/1263/106 442/1264/106 438/1265/106
f 438/1265/106 434/1266/143 430/1267/106
f 430/1267/106 426/1268/106 438/1265/106
f 426/1268/106 422/956/106 438/1265/106
f 422/956/106 414/1241/106 534/1243/106
f 518/1247/106 510/1249/106 502/1251/106
f 486/954/106 478/1256/106 470/1258/106
f 454/955/106 446/1263/106 438/1265/106
f 422/956/106 534/1243/106 518/1247/106
f 518/1247/106 502/1251/106 486/954/106
f 486/954/106 470/1258/106 454/955/106
f 454/955/106 438/1265/106 422/956/106
f 422/956/106 518/1247/106 486/954/106
f 413/959/108 417/1269/108 429/1270/108
f 417/1269/108 421/1271/108 429/1270/108
f 421/1271/108 425/1272/145 429/1270/108
f 429/1270/108 433/1273/108 437/1274/108
f 437/1274/108 441/1275/108 445/1276/108
f 445/1276/108 449/1277/108 461/1278/108
f 449/1277/108 453/1279/146 461/1278/108
f 453/1279/146 457/1280/108 461/1278/108
f 461/1278/108 465/1281/145 469/1282/108
f 469/1282/108 473/1283/108 477/957/108
f 477/957/108 481/1284/108 493/1285/108
f 481/1284/108 485/1286/108 493/1285/108
f 485/1286/108 489/1287/146 493/1285/108
f 493/1285/108 497/1288/108 501/1289/108
f 501/1289/108 505/1290/108 509/958/108
f 509/958/108 513/1291/108 525/1292/108
f 513/1291/108 517/1293/145 525/1292/108
f 517/1293/145 521/1294/108 525/1292/108
f 525/1292/108 529/1295/146 533/1296/108
f 533/1296/108 537/1297/108 413/959/108
f 429/1270/108 437/1274/108 445/1276/108
f 461/1278/108 469/1282/108 477/957/108
f 493/1285/108 501/1289/108 509/958/108
f 525/1292/108 533/1296/108 413/959/108
f 413/959/108 429/1270/108 445/1276/108
f 445/1276/108 461/1278/108 477/957/108
f 477/957/108 493/1285/108 509/958/108
f 509/958/108 525/1292/108 413/959/108
f 413/959/108 445/1276/108 477/957/108
f 500/962/106 496/1298/106 492/1299/106
f 492/1299/106 488/1300/144 500/962/106
f 488/1300/144 484/1301/106 500/962/106
f 484/1301/106 480/1302/106 468/1303/106
f 480/1302/106 476/1304/106 468/1303/106
f 476/1304/106 472/1305/106 468/1303/106
f 468/1303/106 464/1306/144 460/1307/143
f 460/1307/143 456/1308/106 468/1303/106
f 456/1308/106 452/1309/106 468/1303/106
f 452/1309/106 448/1310/144 436/960/106
f 448/1310/144 444/1311/143 436/960/106
f 444/1311/143 440/1312/106 436/960/106
f 436/960/106 432/1313/106 428/1314/106
f 428/1314/106 424/1315/143 436/960/106
f 424/1315/143 420/1316/106 436/960/106
f 420/1316/106 416/1317/106 532/961/106
f 416/1317/106 412/1318/106 532/961/106
f 412/1318/106 536/1319/106 532/961/106
f 532/961/106 528/1320/143 524/1321/144
f 524/1321/144 520/1322/106 532/961/106
f 520/1322/106 516/1323/106 532/961/106
f 516/1323/106 512/1324/143 500/962/106
f 512/1324/143 508/1325/144 500/962/106
f 508/1325/144 504/1326/106 500/962/106
f 500/962/106 484/1301/106 468/1303/106
f 468/1303/106 452/1309/106 436/960/106
f 436/960/106 420/1316/106 532/961/106
f 532/961/106 516/1323/106 500/962/106
f 500/962/106 468/1303/106 436/960/106
f 551/1327/106 678/1328/106 686/1329/106
f 678/1328/106 676/1330/106 674/1331/106
f 686/1329/106 678/1328/106 682/1332/106
f 674/1331/106 682/1332/106 678/1328/106
f 682/1332/106 684/1333/106 686/1329/106
f 686/1329/106 688/1334/106 551/1327/106
f 688/1334/106 689/1335/106 555/1336/106
f 689/1335/106 672/1337/106 556/1338/106
f 672/1337/106 671/1339/106 576/963/106
f 556/1338/106 672/1337/106 559/965/106
f 576/963/106 575/1340/106 572/1341/106
f 553/964/106 576/963/106 572/1341/106
f 553/964/106 561/1342/106 559/965/106
f 556/1338/106 555/1336/106 689/1335/106
f 559/965/106 672/1337/106 576/963/106
f 555/1336/106 551/1327/106 688/1334/106
f 552/966/109 538/982/114 563/967/110
f 668/1343/108 638/1344/108 574/1345/108
f 574/1345/108 577/1346/108 668/1343/108
f 577/1346/108 578/1347/108 665/1348/108
f 668/1343/108 577/1346/108 666/1349/108
f 578/1347/108 579/1350/108 661/1351/108
f 579/1350/108 573/1352/108 656/971/108
f 661/1351/108 579/1350/108 660/1353/108
f 573/1352/108 598/1354/108 587/1355/108
f 598/1354/108 600/1356/108 587/1355/108
f 600/1356/108 601/1357/108 590/1358/108
f 601/1357/108 602/1359/108 590/1358/108
f 602/1359/108 603/1360/108 599/1361/108
f 599/1361/108 586/1362/108 589/1363/108
f 586/1362/108 588/1364/108 589/1363/108
f 589/1363/108 590/1358/108 602/1359/108
f 599/1361/108 589/1363/108 602/1359/108
f 590/1358/108 591/1365/108 600/1356/108
f 591/1365/108 587/1355/108 600/1356/108
f 587/1355/108 550/1366/108 573/1352/108
f 550/1366/108 554/969/108 656/971/108
f 573/1352/108 550/1366/108 656/971/108
f 554/969/108 557/1367/108 650/1368/108
f 557/1367/108 558/1369/108 642/1370/108
f 646/1371/108 558/1369/108 560/1372/108
f 560/1372/108 552/1373/108 651/1374/108
f 645/1375/108 560/1372/108 649/1376/108
f 651/1374/108 649/1376/108 560/1372/108
f 558/1369/108 646/1371/108 643/1377/108
f 560/1372/108 645/1375/108 646/1371/108
f 666/1349/108 577/1346/108 664/1378/108
f 664/1378/108 577/1346/108 665/1348/108
f 558/1369/108 643/1377/108 641/1379/108
f 558/1369/108 641/1379/108 642/1370/108
f 667/1380/108 665/1348/108 578/1347/108
f 662/1381/108 667/1380/108 578/1347/108
f 557/1367/108 642/1370/108 647/1382/108
f 557/1367/108 647/1382/108 644/1383/108
f 663/1384/108 662/1381/108 578/1347/108
f 661/1351/108 663/1384/108 578/1347/108
f 557/1367/108 644/1383/108 648/1385/108
f 557/1367/108 648/1385/108 650/1368/108
f 660/1353/108 579/1350/108 658/1386/108
f 658/1386/108 579/1350/108 656/971/108
f 554/969/108 650/1368/108 652/1387/108
f 554/969/108 652/1387/108 653/970/108
f 654/1388/108 651/1374/108 552/1373/108
f 552/1373/108 571/973/108 657/1389/108
f 571/973/108 574/1345/108 640/1390/108
f 657/1389/108 571/973/108 659/972/108
f 574/1345/108 638/1344/108 639/1391/108
f 574/1345/108 639/1391/108 640/1390/108
f 655/1392/108 654/1388/108 552/1373/108
f 657/1389/108 655/1392/108 552/1373/108
f 640/1390/108 636/1393/108 571/973/108
f 636/1393/108 637/974/108 571/973/108
f 567/1394/106 569/1395/106 563/1362/106
f 563/1362/106 538/1361/106 544/1396/106
f 538/1361/106 542/1397/106 544/1396/106
f 544/1396/106 546/1398/106 567/1394/106
f 546/1398/106 548/1399/106 565/1400/106
f 548/1399/106 540/1401/106 565/1400/106
f 540/1401/106 580/1402/106 593/1403/106
f 580/1402/106 582/1404/106 593/1403/106
f 582/1404/106 583/1405/106 596/1406/106
f 583/1405/106 584/975/106 596/1406/106
f 584/975/106 585/1407/106 581/976/106
f 581/976/106 592/1408/106 595/977/106
f 592/1408/106 594/1409/106 595/977/106
f 595/977/106 596/1406/106 584/975/106
f 596/1406/106 597/1410/106 582/1404/106
f 597/1410/106 593/1403/106 582/1404/106
f 593/1403/106 562/1411/106 540/1401/106
f 562/1411/106 565/1400/106 540/1401/106
f 565/1400/106 566/1412/106 546/1398/106
f 566/1412/106 567/1394/106 546/1398/106
f 567/1394/106 563/1362/106 544/1396/106
f 672/1040/140 598/1413/140 671/980/83
f 598/1413/140 573/978/112 671/980/83
f 573/978/112 562/1414/112 670/979/83
f 562/1414/112 593/1041/140 670/979/83
f 593/1041/140 669/1042/140 670/979/83
f 552/966/109 560/983/113 542/981/113
f 560/983/115 558/1415/116 544/984/116
f 558/985/116 557/988/117 546/986/117
f 557/988/117 554/990/118 548/989/118
f 554/990/118 550/1416/119 540/991/119
f 563/967/110 569/1417/120 574/992/120
f 569/993/121 567/996/122 577/994/122
f 567/996/122 566/1418/123 578/997/123
f 578/997/123 566/1418/123 565/998/124
f 565/998/124 562/1414/112 573/978/112
f 540/991/119 550/1416/119 587/1000/125
f 585/1002/126 675/1419/126 673/1003/127
f 586/1005/127 674/1044/127 676/1006/126
f 585/1008/128 584/1420/130 677/1009/129
f 589/1011/130 588/1421/128 676/1012/128
f 679/1016/132 677/1009/129 584/1420/130
f 590/1015/131 589/1011/130 680/1422/132
f 589/1011/130 678/1013/129 680/1422/132
f 679/1016/132 584/1420/130 583/1014/131
f 590/1015/131 680/1422/132 679/1016/132
f 583/1014/131 582/1018/133 591/1017/133
f 582/1018/133 580/1001/125 587/1000/125
f 682/1019/134 599/1423/134 603/1020/135
f 592/1022/134 681/1043/134 683/1023/135
f 603/1025/136 602/1031/137 686/1026/137
f 595/1028/137 594/1424/136 683/1029/136
f 602/1031/137 601/1035/138 688/1032/138
f 596/1033/138 595/1028/137 685/1030/137
f 601/1035/138 600/1039/139 689/1036/139
f 597/1037/139 596/1033/138 687/1034/138
f 600/1039/139 598/1413/140 672/1040/140
f 593/1041/140 597/1037/139 690/1038/139
f 581/1004/127 673/1003/127 681/1043/134
f 586/1005/127 599/1423/134 682/1019/134
f 604/1045/91 657/1112/91 659/1046/92
f 605/1047/92 659/1046/92 637/1048/93
f 606/1049/93 637/1048/93 636/1050/94
f 607/1052/94 636/1425/94 640/1053/95
f 608/1054/95 640/1053/95 639/1055/96
f 638/1057/141 668/1426/97 610/1058/97
f 610/1058/97 609/1056/96 638/1057/141
f 610/1058/97 668/1426/97 666/1059/98
f 611/1060/98 666/1059/98 664/1061/99
f 612/1062/99 664/1061/99 665/1063/100
f 613/1064/100 665/1063/100 667/1065/101
f 615/1067/102 614/1066/101 667/1065/101
f 616/1069/103 615/1427/102 662/1070/102
f 617/1072/104 616/1069/103 663/1071/103
f 618/1074/105 617/1072/104 661/1073/104
f 619/1076/107 618/1074/105 660/1075/105
f 620/1078/75 619/1076/107 658/1077/107
f 621/1080/76 620/1078/75 656/1079/75
f 622/1082/77 621/1080/76 653/1081/76
f 623/1084/78 622/1082/77 652/1083/77
f 624/1086/79 623/1084/78 650/1085/78
f 625/1088/80 624/1428/79 648/1089/79
f 626/1091/81 625/1088/80 644/1090/80
f 627/1093/82 626/1091/81 647/1092/81
f 627/1093/82 642/1094/82 641/1095/83
f 629/1097/84 628/1096/83 641/1095/83
f 630/1099/85 629/1097/84 643/1098/84
f 630/1099/85 646/1100/85 645/1101/86
f 631/1102/86 645/1101/86 649/1103/87
f 632/1105/87 649/1429/87 651/1106/88
f 633/1107/88 651/1106/88 654/1108/89
f 634/1109/89 654/1108/89 655/1110/90
f 635/1111/90 655/1110/90 657/1112/91
f 634/1430/108 635/1431/108 604/1432/108
f 604/1432/108 605/1433/108 606/1434/108
f 606/1434/108 607/1435/108 608/1436/108
f 608/1436/108 609/1437/108 606/1434/108
f 609/1437/108 610/1113/108 606/1434/108
f 610/1113/108 611/1438/108 612/1439/108
f 612/1439/108 613/1440/108 610/1113/108
f 613/1440/108 614/1441/108 610/1113/108
f 614/1441/108 615/1442/108 616/1443/108
f 616/1443/108 617/1444/108 618/1114/108
f 618/1114/108 619/1445/108 620/1446/108
f 620/1446/108 621/1447/108 622/1448/108
f 622/1448/108 623/1449/108 624/1450/108
f 624/1450/108 625/1451/108 626/1115/108
f 626/1115/108 627/1452/108 630/1453/108
f 627/1452/108 628/1454/108 630/1453/108
f 628/1454/108 629/1455/108 630/1453/108
f 630/1453/108 631/1456/108 634/1430/108
f 631/1456/108 632/1457/108 634/1430/108
f 632/1457/108 633/1458/108 634/1430/108
f 634/1430/108 604/1432/108 606/1434/108
f 614/1441/108 616/1443/108 618/1114/108
f 618/1114/108 620/1446/108 626/1115/108
f 620/1446/108 622/1448/108 626/1115/108
f 622/1448/108 624/1450/108 626/1115/108
f 634/1430/108 606/1434/108 610/1113/108
f 610/1113/108 614/1441/108 618/1114/108
f 626/1115/108 630/1453/108 634/1430/108
f 634/1430/108 610/1113/108 626/1115/108
f 564/1116/127 539/1123/134 553/1117/134
f 677/1459/108 679/1460/108 541/1461/108
f 541/1461/108 549/1462/108 687/1463/108
f 549/1462/108 547/1464/108 690/1465/108
f 687/1463/108 549/1462/108 690/1465/108
f 547/1464/108 545/1120/108 669/1119/108
f 545/1120/108 543/1466/108 539/1467/108
f 564/1468/108 545/1120/108 539/1467/108
f 564/1468/108 570/1469/108 568/1121/108
f 568/1121/108 670/1470/108 669/1119/108
f 669/1119/108 690/1465/108 547/1464/108
f 687/1463/108 685/1471/108 541/1461/108
f 685/1471/108 683/1472/108 681/1473/108
f 677/1459/108 685/1471/108 673/1474/108
f 681/1473/108 673/1474/108 685/1471/108
f 673/1474/108 675/1475/108 677/1459/108
f 677/1459/108 541/1461/108 685/1471/108
f 545/1120/108 564/1468/108 568/1121/108
f 543/1122/135 561/1476/135 553/1117/134
f 545/1124/142 559/1128/137 561/1125/136
f 547/1127/138 556/1130/138 559/1128/137
f 549/1129/139 555/1132/139 556/1130/138
f 541/1131/140 551/1140/140 555/1132/139
f 575/1133/126 570/1477/126 564/1116/127
f 576/1134/130 568/1137/130 570/1135/128
f 568/1137/130 576/1134/130 671/1138/132
f 551/1140/140 541/1131/140 679/1141/83
o bein.l
v -2.275219 -0.025561 -0.576596
v -1.075219 -0.025561 -0.576596
v -2.275218 -0.025561 0.623404
v -1.075219 -0.025561 0.623404
v -2.275219 -2.425561 -0.576596
v -2.275218 -4.025561 -0.096596
v -2.275219 -2.675857 -0.570686
v -2.275219 -2.919989 -0.553103
v -2.275219 -3.151946 -0.524279
v -2.275219 -3.366017 -0.484924
v -2.275219 -3.556932 -0.436007
v -2.275219 -3.719989 -0.378733
v -2.275218 -3.851172 -0.314511
v -2.275218 -3.947252 -0.244924
v -2.275218 -4.005862 -0.171684
v -1.075219 -4.025561 -0.096596
v -1.075219 -2.425561 -0.576596
v -1.075219 -4.005862 -0.171684
v -1.075219 -3.947252 -0.244924
v -1.075219 -3.851172 -0.314511
v -1.075219 -3.719989 -0.378733
v -1.075219 -3.556932 -0.436007
v -1.075219 -3.366017 -0.484924
v -1.075219 -3.151946 -0.524279
v -1.075219 -2.919989 -0.553103
v -1.075219 -2.675857 -0.570686
v -2.275218 -4.025561 0.143404
v -2.275218 -2.425561 0.623404
v -2.275218 -4.005862 0.218493
v -2.275218 -3.947252 0.291733
v -2.275218 -3.851172 0.361320
v -2.275218 -3.719989 0.425541
v -2.275218 -3.556932 0.482816
v -2.275218 -3.366017 0.531733
v -2.275218 -3.151946 0.571087
v -2.275218 -2.919989 0.599911
v -2.275218 -2.675857 0.617495
v -1.075219 -2.425561 0.623404
v -1.075219 -4.025561 0.143404
v -1.075219 -2.675857 0.617494
v -1.075219 -2.919989 0.599911
v -1.075219 -3.151946 0.571087
v -1.075219 -3.366017 0.531732
v -1.075219 -3.556932 0.482815
v -1.075219 -3.719989 0.425541
v -1.075219 -3.851172 0.361320
v -1.075219 -3.947252 0.291732
v -1.075219 -4.005862 0.218493
v -2.275218 -3.780338 0.099941
v -2.275218 -3.672099 0.208180
v -2.275218 -3.634580 0.219561
v -2.275218 -3.706676 0.189698
v -2.275218 -3.761856 0.134518
v -2.275218 -3.736984 0.164826
v -2.275218 -3.595562 -0.176596
v -2.275218 -3.634580 -0.172753
v -2.275218 -3.556544 -0.172753
v -2.275218 -3.706676 -0.142890
v -2.275218 -3.484448 -0.142890
v -2.275218 -3.672099 -0.161372
v -2.275218 -3.519026 -0.161372
v -2.275218 -3.736984 -0.118017
v -2.275218 -3.454140 -0.118017
v -2.275218 -3.429268 -0.087710
v -2.275218 -3.761856 -0.087710
v -2.275218 -3.410787 -0.053132
v -2.275218 -3.780338 -0.053132
v -2.275218 -3.791719 -0.015614
v -2.275218 -3.399405 -0.015614
v -2.275218 -3.795562 0.023404
v -2.275218 -3.395562 0.023404
v -2.275218 -3.791719 0.062422
v -2.275218 -3.399405 0.062422
v -2.275218 -3.519026 0.208180
v -2.275218 -3.595562 0.223404
v -2.275218 -3.556544 0.219561
v -2.275218 -3.484448 0.189698
v -2.275218 -3.454140 0.164826
v -2.275218 -3.429268 0.134518
v -2.275218 -3.410787 0.099941
v -1.075219 -3.672099 -0.161372
v -1.075219 -3.634580 -0.172753
v -1.075219 -3.780338 -0.053133
v -1.075219 -3.761856 -0.087710
v -1.075219 -3.736984 -0.118017
v -1.075219 -3.706676 -0.142890
v -1.075219 -3.595562 -0.176596
v -1.075219 -3.556544 -0.172753
v -1.075219 -3.519026 -0.161372
v -1.075219 -3.484448 -0.142890
v -1.075219 -3.454140 -0.118017
v -1.075219 -3.429268 -0.087710
v -1.075219 -3.410787 -0.053133
v -1.075219 -3.399405 -0.015614
v -1.075219 -3.791719 -0.015614
v -1.075219 -3.795562 0.023404
v -1.075219 -3.395562 0.023404
v -1.075219 -3.791719 0.062422
v -1.075219 -3.399405 0.062422
v -1.075219 -3.780338 0.099941
v -1.075219 -3.410787 0.099941
v -1.075219 -3.454140 0.164825
v -1.075219 -3.736984 0.164825
v -1.075219 -3.761856 0.134518
v -1.075219 -3.429268 0.134518
v -1.075219 -3.706676 0.189698
v -1.075219 -3.484448 0.189698
v -1.075219 -3.519026 0.208180
v -1.075219 -3.595562 0.223404
v -1.075219 -3.634580 0.219561
v -1.075219 -3.556544 0.219561
v -1.075219 -3.672099 0.208180
v -2.275218 -0.395554 -0.176596
v -2.275218 -0.434572 -0.172753
v -2.275218 -0.356536 -0.172753
v -2.275218 -0.472091 -0.161372
v -2.275218 -0.319017 -0.161372
v -2.275218 -0.284440 -0.142890
v -2.275218 -0.506668 -0.142890
v -2.275218 -0.254133 -0.118017
v -2.275218 -0.536976 -0.118017
v -2.275218 -0.229260 -0.087710
v -2.275218 -0.561848 -0.087710
v -2.275218 -0.210778 -0.053132
v -2.275218 -0.580330 -0.053132
v -2.275218 -0.591711 -0.015614
v -2.275218 -0.199397 -0.015614
v -2.275218 -0.595554 0.023404
v -2.275218 -0.195554 0.023404
v -2.275218 -0.591711 0.062422
v -2.275218 -0.199397 0.062422
v -2.275218 -0.580330 0.099941
v -2.275218 -0.210778 0.099941
v -2.275218 -0.561848 0.134518
v -2.275218 -0.229260 0.134518
v -2.275218 -0.506668 0.189698
v -2.275218 -0.284440 0.189698
v -2.275218 -0.395554 0.223404
v -2.275218 -0.356536 0.219561
v -2.275218 -0.434572 0.219561
v -2.275218 -0.319017 0.208180
v -2.275218 -0.472091 0.208180
v -2.275218 -0.254133 0.164826
v -2.275218 -0.536976 0.164826
v -1.075219 -0.395554 -0.176596
v -1.075219 -0.434572 -0.172753
v -1.075219 -0.356536 -0.172753
v -1.075219 -0.472091 -0.161372
v -1.075219 -0.506668 -0.142890
v -1.075219 -0.284440 -0.142890
v -1.075219 -0.319017 -0.161372
v -1.075219 -0.536976 -0.118017
v -1.075219 -0.561848 -0.087710
v -1.075219 -0.229260 -0.087710
v -1.075219 -0.580330 -0.053133
v -1.075219 -0.591711 -0.015614
v -1.075219 -0.199397 -0.015614
v -1.075219 -0.210778 -0.053133
v -1.075219 -0.254133 -0.118017
v -1.075219 -0.591711 0.062422
v -1.075219 -0.199397 0.062422
v -1.075219 -0.254133 0.164825
v -1.075219 -0.561848 0.134518
v -1.075219 -0.229260 0.134518
v -1.075219 -0.580330 0.099941
v -1.075219 -0.210778 0.099941
v -1.075219 -0.284440 0.189698
v -1.075219 -0.319017 0.208180
v -1.075219 -0.506668 0.189698
v -1.075219 -0.395554 0.223404
v -1.075219 -0.434572 0.219561
v -1.075219 -0.356536 0.219561
v -1.075219 -0.472091 0.208180
v -1.075219 -0.536976 0.164825
v -1.075219 -0.195554 0.023404
v -1.075219 -0.595554 0.023404
vn -1.0000 -0.0000 -0.0000
vn -0.0000 -0.0000 1.0000
vn -0.0000 -0.0118 0.9999
vn 1.0000 -0.0000 -0.0000
vn -0.0000 -0.0000 -1.0000
vn -0.0000 -0.0118 -0.9999
vn -0.0000 1.0000 -0.0000
vn -0.0000 -0.9918 -0.1279
vn -0.0000 -0.8935 -0.4491
vn -0.0000 -0.6899 -0.7239
vn -0.0000 -0.5150 -0.8572
vn -0.0000 -0.3862 -0.9224
vn -0.0000 -0.2901 -0.9570
vn -0.0000 -0.2146 -0.9767
vn -0.0000 -0.1521 -0.9884
vn -0.0000 -0.0976 -0.9952
vn -0.0000 -0.0477 -0.9989
vn -0.0000 -0.9918 0.1279
vn -0.0000 -0.8935 0.4491
vn -0.0000 -0.6899 0.7239
vn -0.0000 -0.5150 0.8572
vn -0.0000 -0.3862 0.9224
vn -0.0000 -0.2901 0.9570
vn -0.0000 -0.2146 0.9767
vn -0.0000 -0.1521 0.9884
vn -0.0000 -0.0976 0.9952
vn -0.0000 -0.0477 0.9989
vn -0.0000 -1.0000 -0.0000
vn -0.0000 -0.9808 -0.1951
vn -0.0000 -0.9239 -0.3827
vn -0.0000 -0.8315 -0.5556
vn -0.0000 -0.7071 -0.7071
vn -0.0000 -0.5556 -0.8315
vn -0.0000 -0.3827 -0.9239
vn -0.0000 -0.1951 -0.9808
vn -0.0000 0.1951 -0.9808
vn -0.0000 0.3827 -0.9239
vn -0.0000 0.5556 -0.8315
vn -0.0000 0.7071 -0.7071
vn -0.0000 0.8315 -0.5556
vn -0.0000 0.9239 -0.3827
vn -0.0000 0.9808 -0.1951
vn -0.0000 0.9808 0.1951
vn -0.0000 0.9239 0.3827
vn -0.0000 0.8315 0.5556
vn -0.0000 0.7071 0.7071
vn -0.0000 0.5556 0.8315
vn -0.0000 0.3827 0.9239
vn -0.0000 0.1951 0.9808
vn -0.0000 -0.1951 0.9808
vn -0.0000 -0.3827 0.9239
vn -0.0000 -0.5556 0.8315
vn -0.0000 -0.7071 0.7071
vn -0.0000 -0.8315 0.5556
vn -0.0000 -0.9239 0.3827
vn -0.0000 -0.9808 0.1951
vt 0.525523 0.234756
vt 0.582081 0.234756
vt 0.553802 0.242770
vt 0.561640 0.408299
vt 0.562511 0.406668
vt 0.562997 0.422403
vt 0.550195 0.411771
vt 0.548146 0.423332
vt 0.548565 0.410900
vt 0.582082 0.420290
vt 0.638640 0.533394
vt 0.582082 0.533394
vt 0.129849 0.410705
vt 0.128010 0.410886
vt 0.101570 0.402691
vt 0.137687 0.576234
vt 0.138558 0.574604
vt 0.139044 0.590339
vt 0.126242 0.579706
vt 0.124193 0.591267
vt 0.124612 0.578835
vt 0.525523 0.423332
vt 0.582082 0.536168
vt 0.525523 0.536168
vt 0.598577 0.226059
vt 0.655136 0.169486
vt 0.655136 0.226059
vt 0.944972 0.459509
vt 0.948511 0.516082
vt 0.944972 0.516082
vt 0.948511 0.459509
vt 0.951963 0.516082
vt 0.525523 0.608867
vt 0.582082 0.604107
vt 0.582081 0.608867
vt 0.525523 0.604107
vt 0.582082 0.597715
vt 0.525523 0.597715
vt 0.582082 0.589849
vt 0.525523 0.589849
vt 0.582082 0.580703
vt 0.525523 0.580703
vt 0.582082 0.570501
vt 0.525523 0.570501
vt 0.582082 0.559495
vt 0.525523 0.559495
vt 0.582082 0.547956
vt 0.525523 0.547956
vt 0.933660 0.516082
vt 0.930121 0.459509
vt 0.933660 0.459509
vt 0.930121 0.516082
vt 0.926669 0.459509
vt 0.582081 0.605534
vt 0.638640 0.600916
vt 0.638640 0.605534
vt 0.582081 0.600916
vt 0.638640 0.594651
vt 0.582081 0.594651
vt 0.638640 0.586893
vt 0.582081 0.586893
vt 0.638640 0.577832
vt 0.582082 0.577832
vt 0.638640 0.567693
vt 0.582082 0.567693
vt 0.638640 0.556725
vt 0.582082 0.556725
vt 0.638640 0.545197
vt 0.582082 0.545197
vt 0.134840 0.931752
vt 0.133001 0.988324
vt 0.133001 0.931752
vt 0.131233 0.988324
vt 0.131233 0.931752
vt 0.129603 0.988324
vt 0.129603 0.931752
vt 0.128175 0.988324
vt 0.128175 0.931752
vt 0.982336 0.056573
vt 0.983847 0.000000
vt 0.983847 0.056573
vt 0.985537 0.000000
vt 0.985537 0.056573
vt 0.987340 0.000000
vt 0.987340 0.056573
vt 0.989188 0.056573
vt 0.989188 0.000000
vt 0.991008 0.056573
vt 0.992732 0.056573
vt 0.991008 0.000000
vt 0.992732 0.000000
vt 0.994293 0.056573
vt 0.994293 0.000000
vt 0.995630 0.056573
vt 0.995630 0.000000
vt 0.651643 0.932234
vt 0.653072 0.988806
vt 0.651643 0.988806
vt 0.650014 0.932234
vt 0.650014 0.988806
vt 0.648245 0.932234
vt 0.648245 0.988806
vt 0.646406 0.932234
vt 0.646406 0.988806
vt 0.644567 0.932234
vt 0.644567 0.988806
vt 0.642799 0.932234
vt 0.642799 0.988806
vt 0.641169 0.932234
vt 0.641169 0.988806
vt 0.639741 0.932234
vt 0.639741 0.988806
vt 0.991056 0.143239
vt 0.992452 0.199812
vt 0.991056 0.199812
vt 0.989451 0.143239
vt 0.989451 0.199812
vt 0.987698 0.143239
vt 0.987698 0.199812
vt 0.985864 0.143239
vt 0.985864 0.199812
vt 0.984021 0.199812
vt 0.984021 0.143239
vt 0.982239 0.199812
vt 0.982239 0.143239
vt 0.980586 0.199812
vt 0.980586 0.143239
vt 0.979126 0.199812
vt 0.979126 0.143239
vt 0.141506 0.931752
vt 0.140077 0.988324
vt 0.140077 0.931752
vt 0.138448 0.988324
vt 0.138448 0.931752
vt 0.136679 0.988324
vt 0.136679 0.931752
vt 0.134840 0.988324
vt 0.984351 0.229292
vt 0.982512 0.285865
vt 0.982512 0.229292
vt 0.980743 0.285865
vt 0.980743 0.229292
vt 0.979114 0.285865
vt 0.979114 0.229292
vt 0.977685 0.285865
vt 0.977685 0.229292
vt 0.455528 0.999316
vt 0.457039 0.942743
vt 0.457039 0.999316
vt 0.458729 0.942743
vt 0.458729 0.999316
vt 0.460532 0.942743
vt 0.460532 0.999316
vt 0.462380 0.999316
vt 0.462380 0.942743
vt 0.464200 0.999316
vt 0.465924 0.999316
vt 0.464200 0.942743
vt 0.465924 0.942743
vt 0.467485 0.999316
vt 0.467485 0.942743
vt 0.468823 0.999316
vt 0.468823 0.942743
vt 0.989879 0.321422
vt 0.991308 0.377995
vt 0.989879 0.377995
vt 0.988249 0.321422
vt 0.988249 0.377995
vt 0.986481 0.321422
vt 0.986481 0.377995
vt 0.984642 0.321422
vt 0.984642 0.377995
vt 0.982803 0.321422
vt 0.982803 0.377995
vt 0.981035 0.321422
vt 0.981035 0.377995
vt 0.979405 0.321422
vt 0.979405 0.377995
vt 0.977977 0.321422
vt 0.977977 0.377995
vt 0.828490 0.938362
vt 0.829886 0.994935
vt 0.828490 0.994935
vt 0.826885 0.938362
vt 0.826885 0.994935
vt 0.825132 0.938362
vt 0.825132 0.994935
vt 0.823299 0.994935
vt 0.823299 0.938362
vt 0.821455 0.994935
vt 0.821455 0.938362
vt 0.819673 0.994935
vt 0.819673 0.938362
vt 0.818020 0.994935
vt 0.818020 0.938362
vt 0.816560 0.994935
vt 0.816560 0.938362
vt 0.991016 0.229292
vt 0.989588 0.285865
vt 0.989588 0.229292
vt 0.987958 0.285865
vt 0.987958 0.229292
vt 0.986190 0.285865
vt 0.986190 0.229292
vt 0.984351 0.285865
vt 0.544557 0.250359
vt 0.544376 0.252199
vt 0.563229 0.252199
vt 0.563048 0.250359
vt 0.562511 0.248591
vt 0.545093 0.248591
vt 0.545964 0.246960
vt 0.561640 0.246960
vt 0.560468 0.245532
vt 0.547137 0.245532
vt 0.548565 0.244359
vt 0.559039 0.244359
vt 0.557410 0.243488
vt 0.550195 0.243488
vt 0.551963 0.242951
vt 0.555641 0.242951
vt 0.544376 0.403060
vt 0.544557 0.404900
vt 0.537876 0.415111
vt 0.534849 0.408926
vt 0.532149 0.401239
vt 0.544557 0.401221
vt 0.545093 0.399452
vt 0.529844 0.392239
vt 0.527989 0.382146
vt 0.526630 0.371211
vt 0.545964 0.397822
vt 0.525802 0.359702
vt 0.525523 0.347902
vt 0.544557 0.254038
vt 0.545093 0.255807
vt 0.545964 0.257437
vt 0.547137 0.258866
vt 0.547137 0.396393
vt 0.548565 0.260039
vt 0.548565 0.395220
vt 0.550195 0.394349
vt 0.550195 0.260910
vt 0.551963 0.261446
vt 0.551963 0.393813
vt 0.553802 0.261628
vt 0.553802 0.393631
vt 0.555641 0.261446
vt 0.555641 0.393813
vt 0.557410 0.260910
vt 0.557410 0.394349
vt 0.559039 0.260039
vt 0.559039 0.395220
vt 0.582081 0.347902
vt 0.560468 0.258866
vt 0.560468 0.396393
vt 0.561640 0.257437
vt 0.561640 0.397822
vt 0.562511 0.255807
vt 0.562511 0.399452
vt 0.579616 0.382146
vt 0.563048 0.254038
vt 0.581803 0.359702
vt 0.563048 0.401221
vt 0.575455 0.401239
vt 0.580974 0.371211
vt 0.577761 0.392239
vt 0.572756 0.408926
vt 0.563229 0.403060
vt 0.569729 0.415111
vt 0.566449 0.419640
vt 0.563048 0.404900
vt 0.559458 0.423332
vt 0.560468 0.409727
vt 0.559039 0.410900
vt 0.557410 0.411771
vt 0.553802 0.412489
vt 0.544607 0.422403
vt 0.547137 0.409727
vt 0.551963 0.412308
vt 0.541155 0.419640
vt 0.545093 0.406668
vt 0.545964 0.408299
vt 0.555641 0.412308
vt 0.638640 0.420290
vt 0.158128 0.402691
vt 0.139275 0.420134
vt 0.139094 0.418294
vt 0.138558 0.416526
vt 0.120604 0.418294
vt 0.120423 0.420134
vt 0.121140 0.416526
vt 0.137687 0.414896
vt 0.136515 0.413467
vt 0.122011 0.414896
vt 0.123184 0.413467
vt 0.135086 0.412294
vt 0.133456 0.411423
vt 0.124612 0.412294
vt 0.126242 0.411423
vt 0.131688 0.410886
vt 0.120423 0.570995
vt 0.120604 0.572835
vt 0.113922 0.583046
vt 0.110895 0.576861
vt 0.108196 0.569174
vt 0.120604 0.569156
vt 0.121140 0.567387
vt 0.105890 0.560174
vt 0.104036 0.550082
vt 0.102677 0.539146
vt 0.122011 0.565757
vt 0.101848 0.527637
vt 0.101570 0.515837
vt 0.120604 0.421973
vt 0.121140 0.423742
vt 0.122011 0.425372
vt 0.123184 0.426801
vt 0.123184 0.564328
vt 0.124612 0.427974
vt 0.124612 0.563156
vt 0.126242 0.562284
vt 0.126242 0.428845
vt 0.128010 0.429382
vt 0.128010 0.561748
vt 0.129849 0.429563
vt 0.129849 0.561567
vt 0.131688 0.429382
vt 0.131688 0.561748
vt 0.133456 0.428845
vt 0.133456 0.562284
vt 0.135086 0.427974
vt 0.135086 0.563156
vt 0.158128 0.515837
vt 0.136515 0.426801
vt 0.136515 0.564328
vt 0.137687 0.425372
vt 0.137687 0.565757
vt 0.138558 0.423742
vt 0.138558 0.567387
vt 0.155662 0.550082
vt 0.139094 0.421973
vt 0.157850 0.527637
vt 0.139094 0.569156
vt 0.151502 0.569174
vt 0.157021 0.539146
vt 0.153808 0.560174
vt 0.148803 0.576861
vt 0.139275 0.570995
vt 0.145776 0.583046
vt 0.142496 0.587575
vt 0.139094 0.572835
vt 0.135505 0.591267
vt 0.136515 0.577663
vt 0.135086 0.578835
vt 0.133456 0.579706
vt 0.129849 0.580424
vt 0.120654 0.590339
vt 0.123184 0.577663
vt 0.128010 0.580243
vt 0.117202 0.587575
vt 0.121140 0.574604
vt 0.122011 0.576234
vt 0.131688 0.580243
vt 0.582082 0.423332
vt 0.598577 0.169486
vt 0.951963 0.459509
vt 0.926669 0.516082
vt 0.982336 0.000000
vt 0.653072 0.932234
vt 0.992452 0.143239
vt 0.141506 0.988324
vt 0.455528 0.942743
vt 0.991308 0.321422
vt 0.829886 0.938362
vt 0.991016 0.285865
s 1
usemtl 
f 693/1478/147 691/1479/147 819/1480/147
f 748/1481/147 750/1482/147 705/1483/147
f 739/1484/147 717/1485/147 743/1486/147
f 694/1487/148 718/1488/149 728/1489/149
f 865/1490/150 847/1491/150 692/1492/150
f 796/1493/150 802/1494/150 738/1495/150
f 773/1496/150 706/1497/150 774/1498/150
f 691/1499/151 707/1500/152 695/1501/152
f 692/1502/153 693/1503/153 694/1504/153
f 696/1505/154 708/1506/155 706/1507/154
f 705/1508/155 709/1509/156 708/1506/155
f 704/1510/156 710/1511/157 709/1512/156
f 703/1513/157 711/1514/158 710/1511/157
f 702/1515/158 712/1516/159 711/1514/158
f 701/1517/159 713/1518/160 712/1516/159
f 700/1519/160 714/1520/161 713/1518/160
f 699/1521/161 715/1522/162 714/1520/161
f 698/1523/162 716/1524/163 715/1522/162
f 697/1525/163 707/1500/152 716/1524/163
f 729/1526/164 719/1527/165 717/1528/164
f 738/1529/165 720/1530/166 719/1527/165
f 737/1531/166 721/1532/167 720/1533/166
f 736/1534/167 722/1535/168 721/1532/167
f 735/1536/168 723/1537/169 722/1535/168
f 734/1538/169 724/1539/170 723/1537/169
f 733/1540/170 725/1541/171 724/1539/170
f 732/1542/171 726/1543/172 725/1541/171
f 731/1544/172 727/1545/173 726/1543/172
f 730/1546/173 718/1488/149 727/1545/173
f 729/1526/164 696/1505/154 706/1507/154
f 761/1547/174 789/1548/175 763/1549/175
f 763/1549/175 791/1550/176 770/1551/176
f 770/1551/176 795/1552/177 769/1553/177
f 769/1553/177 792/1554/178 768/1555/178
f 768/1556/178 797/1557/179 767/1558/179
f 767/1558/179 798/1559/180 764/1560/180
f 764/1560/180 801/1561/181 766/1562/181
f 801/1561/181 765/1563/151 766/1562/181
f 799/1564/151 741/1565/182 765/1563/151
f 740/1566/183 800/1567/182 802/1568/183
f 742/1569/184 802/1568/183 796/1570/184
f 744/1571/185 796/1570/184 793/1572/185
f 743/1573/186 793/1574/185 794/1575/186
f 739/1576/187 794/1575/186 790/1577/187
f 762/1578/188 790/1577/187 788/1579/188
f 760/1580/153 788/1579/188 786/1581/153
f 758/1582/189 786/1581/153 785/1583/189
f 757/1584/190 785/1583/189 773/1585/190
f 755/1586/191 773/1585/190 774/1587/191
f 752/1588/192 774/1587/191 775/1589/192
f 748/1590/193 775/1591/192 776/1592/193
f 750/1593/194 776/1592/193 771/1594/194
f 746/1595/195 771/1594/194 772/1596/195
f 745/1597/148 772/1596/195 777/1598/148
f 745/1597/148 778/1599/196 747/1600/196
f 747/1600/196 779/1601/197 751/1602/197
f 751/1602/197 780/1603/198 749/1604/198
f 749/1604/198 781/1605/199 753/1606/199
f 753/1607/199 782/1608/200 754/1609/200
f 754/1609/200 783/1610/201 756/1611/201
f 756/1611/201 784/1612/202 759/1613/202
f 759/1613/202 787/1614/174 761/1547/174
f 819/1615/174 851/1616/175 821/1617/175
f 821/1617/175 856/1618/176 823/1619/176
f 823/1619/176 854/1620/177 825/1621/177
f 825/1621/177 852/1622/178 833/1623/178
f 833/1624/178 857/1625/179 827/1626/179
f 827/1626/179 858/1627/180 831/1628/180
f 831/1628/180 862/1629/181 829/1630/181
f 862/1629/181 828/1631/151 829/1630/181
f 860/1632/151 830/1633/182 828/1631/151
f 832/1634/183 861/1635/182 863/1636/183
f 826/1637/184 863/1636/183 859/1638/184
f 834/1639/185 859/1638/184 864/1640/185
f 824/1641/186 864/1642/185 853/1643/186
f 822/1644/187 853/1643/186 855/1645/187
f 820/1646/188 855/1645/187 850/1647/188
f 818/1648/153 850/1647/188 866/1649/153
f 816/1650/189 866/1649/153 846/1651/189
f 815/1652/190 846/1651/189 845/1653/190
f 813/1654/191 845/1653/190 843/1655/191
f 811/1656/192 843/1655/191 842/1657/192
f 809/1658/193 842/1659/192 839/1660/193
f 806/1661/194 839/1660/193 838/1662/194
f 804/1663/195 838/1662/194 836/1664/195
f 804/1663/195 835/1665/148 803/1666/148
f 803/1666/148 837/1667/196 805/1668/196
f 805/1668/196 841/1669/197 807/1670/197
f 807/1670/197 840/1671/198 808/1672/198
f 808/1672/198 849/1673/199 810/1674/199
f 810/1675/199 844/1676/200 812/1677/200
f 812/1677/200 848/1678/201 814/1679/201
f 814/1679/201 847/1680/202 817/1681/202
f 817/1681/202 865/1682/174 819/1615/174
f 829/1683/147 828/1684/147 693/1478/147
f 691/1479/147 803/1685/147 805/1686/147
f 691/1479/147 805/1686/147 807/1687/147
f 831/1688/147 829/1683/147 693/1478/147
f 827/1689/147 831/1688/147 693/1478/147
f 691/1479/147 807/1687/147 808/1690/147
f 691/1479/147 808/1690/147 810/1691/147
f 833/1692/147 827/1689/147 693/1478/147
f 825/1693/147 833/1692/147 693/1478/147
f 691/1479/147 810/1691/147 812/1694/147
f 691/1479/147 812/1694/147 814/1695/147
f 823/1696/147 825/1693/147 693/1478/147
f 821/1697/147 823/1696/147 693/1478/147
f 691/1479/147 814/1695/147 817/1698/147
f 819/1480/147 821/1697/147 693/1478/147
f 691/1479/147 817/1698/147 819/1480/147
f 765/1699/147 741/1700/147 721/1701/147
f 721/1701/147 722/1702/147 765/1699/147
f 722/1702/147 723/1703/147 766/1704/147
f 766/1704/147 723/1703/147 764/1705/147
f 723/1703/147 724/1706/147 764/1705/147
f 724/1706/147 725/1707/147 764/1705/147
f 725/1707/147 726/1708/147 767/1709/147
f 726/1708/147 727/1710/147 767/1709/147
f 725/1707/147 767/1709/147 764/1705/147
f 727/1710/147 718/1711/147 767/1709/147
f 718/1711/147 693/1478/147 830/1712/147
f 693/1478/147 828/1684/147 830/1712/147
f 830/1712/147 832/1713/147 718/1711/147
f 766/1704/147 765/1699/147 722/1702/147
f 832/1713/147 826/1714/147 718/1711/147
f 826/1714/147 834/1715/147 718/1711/147
f 767/1709/147 718/1711/147 768/1716/147
f 718/1711/147 834/1715/147 824/1717/147
f 768/1716/147 718/1711/147 769/1718/147
f 718/1711/147 824/1717/147 769/1718/147
f 769/1718/147 824/1717/147 770/1719/147
f 824/1717/147 822/1720/147 770/1719/147
f 770/1719/147 822/1720/147 820/1721/147
f 763/1722/147 770/1719/147 820/1721/147
f 763/1722/147 820/1721/147 818/1723/147
f 761/1724/147 763/1722/147 818/1723/147
f 761/1724/147 818/1723/147 816/1725/147
f 759/1726/147 761/1724/147 816/1725/147
f 759/1726/147 816/1725/147 815/1727/147
f 756/1728/147 759/1726/147 815/1727/147
f 756/1728/147 815/1727/147 813/1729/147
f 754/1730/147 756/1728/147 813/1729/147
f 754/1730/147 813/1729/147 695/1731/147
f 813/1729/147 811/1732/147 695/1731/147
f 753/1733/147 754/1730/147 695/1731/147
f 811/1732/147 809/1734/147 695/1731/147
f 749/1735/147 753/1733/147 695/1731/147
f 809/1734/147 806/1736/147 695/1731/147
f 751/1737/147 749/1735/147 699/1738/147
f 804/1739/147 803/1685/147 691/1479/147
f 749/1735/147 695/1731/147 697/1740/147
f 806/1736/147 804/1739/147 695/1731/147
f 747/1741/147 751/1737/147 701/1742/147
f 804/1739/147 691/1479/147 695/1731/147
f 697/1740/147 698/1743/147 749/1735/147
f 698/1743/147 699/1738/147 749/1735/147
f 699/1738/147 700/1744/147 751/1737/147
f 700/1744/147 701/1742/147 751/1737/147
f 701/1742/147 702/1745/147 747/1741/147
f 745/1746/147 702/1745/147 703/1747/147
f 703/1747/147 704/1748/147 745/1746/147
f 745/1746/147 704/1748/147 746/1749/147
f 704/1748/147 705/1483/147 750/1482/147
f 705/1483/147 696/1750/147 752/1751/147
f 704/1748/147 750/1482/147 746/1749/147
f 696/1750/147 755/1752/147 752/1751/147
f 752/1751/147 748/1481/147 705/1483/147
f 702/1745/147 745/1746/147 747/1741/147
f 757/1753/147 755/1752/147 696/1750/147
f 696/1750/147 717/1485/147 760/1754/147
f 717/1485/147 719/1755/147 744/1756/147
f 760/1754/147 717/1485/147 762/1757/147
f 719/1755/147 720/1758/147 740/1759/147
f 720/1758/147 721/1701/147 741/1700/147
f 719/1755/147 740/1759/147 742/1760/147
f 741/1700/147 740/1759/147 720/1758/147
f 758/1761/147 757/1753/147 696/1750/147
f 760/1754/147 758/1761/147 696/1750/147
f 742/1760/147 744/1756/147 719/1755/147
f 744/1756/147 743/1486/147 717/1485/147
f 762/1757/147 717/1485/147 739/1484/147
f 694/1487/148 693/1762/148 718/1488/149
f 694/1763/150 860/1764/150 862/1765/150
f 694/1763/150 862/1765/150 858/1766/150
f 837/1767/150 835/1768/150 692/1492/150
f 841/1769/150 837/1767/150 692/1492/150
f 694/1763/150 858/1766/150 857/1770/150
f 694/1763/150 857/1770/150 852/1771/150
f 840/1772/150 841/1769/150 692/1492/150
f 849/1773/150 840/1772/150 692/1492/150
f 694/1763/150 852/1771/150 854/1774/150
f 694/1763/150 854/1774/150 856/1775/150
f 844/1776/150 849/1773/150 692/1492/150
f 848/1777/150 844/1776/150 692/1492/150
f 694/1763/150 856/1775/150 851/1778/150
f 694/1763/150 851/1778/150 865/1490/150
f 847/1491/150 848/1777/150 692/1492/150
f 694/1763/150 865/1490/150 692/1492/150
f 777/1779/150 772/1780/150 710/1781/150
f 710/1781/150 711/1782/150 777/1779/150
f 711/1782/150 712/1783/150 778/1784/150
f 778/1784/150 712/1783/150 779/1785/150
f 712/1783/150 713/1786/150 779/1785/150
f 713/1786/150 714/1787/150 779/1785/150
f 714/1787/150 715/1788/150 780/1789/150
f 715/1788/150 716/1790/150 780/1789/150
f 714/1787/150 780/1789/150 779/1785/150
f 716/1790/150 707/1791/150 780/1789/150
f 707/1791/150 692/1492/150 836/1792/150
f 692/1492/150 835/1768/150 836/1792/150
f 836/1792/150 838/1793/150 707/1791/150
f 778/1784/150 777/1779/150 711/1782/150
f 838/1793/150 839/1794/150 707/1791/150
f 839/1794/150 842/1795/150 707/1791/150
f 780/1789/150 707/1791/150 781/1796/150
f 707/1791/150 842/1795/150 843/1797/150
f 781/1796/150 707/1791/150 782/1798/150
f 707/1791/150 843/1797/150 782/1798/150
f 782/1798/150 843/1797/150 783/1799/150
f 843/1797/150 845/1800/150 783/1799/150
f 783/1799/150 845/1800/150 846/1801/150
f 784/1802/150 783/1799/150 846/1801/150
f 784/1802/150 846/1801/150 866/1803/150
f 787/1804/150 784/1802/150 866/1803/150
f 787/1804/150 866/1803/150 850/1805/150
f 789/1806/150 787/1804/150 850/1805/150
f 789/1806/150 850/1805/150 855/1807/150
f 791/1808/150 789/1806/150 855/1807/150
f 791/1808/150 855/1807/150 853/1809/150
f 795/1810/150 791/1808/150 853/1809/150
f 795/1810/150 853/1809/150 728/1811/150
f 853/1809/150 864/1812/150 728/1811/150
f 792/1813/150 795/1810/150 728/1811/150
f 864/1812/150 859/1814/150 728/1811/150
f 797/1815/150 792/1813/150 728/1811/150
f 859/1814/150 863/1816/150 728/1811/150
f 798/1817/150 797/1815/150 732/1818/150
f 861/1819/150 860/1764/150 694/1763/150
f 797/1815/150 728/1811/150 730/1820/150
f 863/1816/150 861/1819/150 728/1811/150
f 801/1821/150 798/1817/150 734/1822/150
f 861/1819/150 694/1763/150 728/1811/150
f 730/1820/150 731/1823/150 797/1815/150
f 731/1823/150 732/1818/150 797/1815/150
f 732/1818/150 733/1824/150 798/1817/150
f 733/1824/150 734/1822/150 798/1817/150
f 734/1822/150 735/1825/150 801/1821/150
f 799/1826/150 735/1825/150 736/1827/150
f 736/1827/150 737/1828/150 799/1826/150
f 799/1826/150 737/1828/150 800/1829/150
f 737/1828/150 738/1495/150 802/1494/150
f 738/1495/150 729/1830/150 793/1831/150
f 737/1828/150 802/1494/150 800/1829/150
f 729/1830/150 794/1832/150 793/1831/150
f 793/1831/150 796/1493/150 738/1495/150
f 735/1825/150 799/1826/150 801/1821/150
f 790/1833/150 794/1832/150 729/1830/150
f 729/1830/150 706/1497/150 786/1834/150
f 706/1497/150 708/1835/150 775/1836/150
f 786/1834/150 706/1497/150 785/1837/150
f 708/1835/150 709/1838/150 771/1839/150
f 709/1838/150 710/1781/150 772/1780/150
f 708/1835/150 771/1839/150 776/1840/150
f 772/1780/150 771/1839/150 709/1838/150
f 788/1841/150 790/1833/150 729/1830/150
f 786/1834/150 788/1841/150 729/1830/150
f 776/1840/150 775/1836/150 708/1835/150
f 775/1836/150 774/1498/150 706/1497/150
f 785/1837/150 706/1497/150 773/1496/150
f 691/1499/151 692/1842/151 707/1500/152
f 692/1502/153 691/1843/153 693/1503/153
f 696/1505/154 705/1508/155 708/1506/155
f 705/1508/155 704/1844/156 709/1509/156
f 704/1510/156 703/1513/157 710/1511/157
f 703/1513/157 702/1515/158 711/1514/158
f 702/1515/158 701/1517/159 712/1516/159
f 701/1517/159 700/1519/160 713/1518/160
f 700/1519/160 699/1521/161 714/1520/161
f 699/1521/161 698/1523/162 715/1522/162
f 698/1523/162 697/1525/163 716/1524/163
f 697/1525/163 695/1501/152 707/1500/152
f 729/1526/164 738/1529/165 719/1527/165
f 738/1529/165 737/1845/166 720/1530/166
f 737/1531/166 736/1534/167 721/1532/167
f 736/1534/167 735/1536/168 722/1535/168
f 735/1536/168 734/1538/169 723/1537/169
f 734/1538/169 733/1540/170 724/1539/170
f 733/1540/170 732/1542/171 725/1541/171
f 732/1542/171 731/1544/172 726/1543/172
f 731/1544/172 730/1546/173 727/1545/173
f 730/1546/173 728/1489/149 718/1488/149
f 729/1526/164 717/1528/164 696/1505/154
f 761/1547/174 787/1614/174 789/1548/175
f 763/1549/175 789/1548/175 791/1550/176
f 770/1551/176 791/1550/176 795/1552/177
f 769/1553/177 795/1552/177 792/1554/178
f 768/1556/178 792/1846/178 797/1557/179
f 767/1558/179 797/1557/179 798/1559/180
f 764/1560/180 798/1559/180 801/1561/181
f 801/1561/181 799/1564/151 765/1563/151
f 799/1564/151 800/1567/182 741/1565/182
f 740/1566/183 741/1565/182 800/1567/182
f 742/1569/184 740/1566/183 802/1568/183
f 744/1571/185 742/1569/184 796/1570/184
f 743/1573/186 744/1847/185 793/1574/185
f 739/1576/187 743/1573/186 794/1575/186
f 762/1578/188 739/1576/187 790/1577/187
f 760/1580/153 762/1578/188 788/1579/188
f 758/1582/189 760/1580/153 786/1581/153
f 757/1584/190 758/1582/189 785/1583/189
f 755/1586/191 757/1584/190 773/1585/190
f 752/1588/192 755/1586/191 774/1587/191
f 748/1590/193 752/1848/192 775/1591/192
f 750/1593/194 748/1590/193 776/1592/193
f 746/1595/195 750/1593/194 771/1594/194
f 745/1597/148 746/1595/195 772/1596/195
f 745/1597/148 777/1598/148 778/1599/196
f 747/1600/196 778/1599/196 779/1601/197
f 751/1602/197 779/1601/197 780/1603/198
f 749/1604/198 780/1603/198 781/1605/199
f 753/1607/199 781/1849/199 782/1608/200
f 754/1609/200 782/1608/200 783/1610/201
f 756/1611/201 783/1610/201 784/1612/202
f 759/1613/202 784/1612/202 787/1614/174
f 819/1615/174 865/1682/174 851/1616/175
f 821/1617/175 851/1616/175 856/1618/176
f 823/1619/176 856/1618/176 854/1620/177
f 825/1621/177 854/1620/177 852/1622/178
f 833/1624/178 852/1850/178 857/1625/179
f 827/1626/179 857/1625/179 858/1627/180
f 831/1628/180 858/1627/180 862/1629/181
f 862/1629/181 860/1632/151 828/1631/151
f 860/1632/151 861/1635/182 830/1633/182
f 832/1634/183 830/1633/182 861/1635/182
f 826/1637/184 832/1634/183 863/1636/183
f 834/1639/185 826/1637/184 859/1638/184
f 824/1641/186 834/1851/185 864/1642/185
f 822/1644/187 824/1641/186 853/1643/186
f 820/1646/188 822/1644/187 855/1645/187
f 818/1648/153 820/1646/188 850/1647/188
f 816/1650/189 818/1648/153 866/1649/153
f 815/1652/190 816/1650/189 846/1651/189
f 813/1654/191 815/1652/190 845/1653/190
f 811/1656/192 813/1654/191 843/1655/191
f 809/1658/193 811/1852/192 842/1659/192
f 806/1661/194 809/1658/193 839/1660/193
f 804/1663/195 806/1661/194 838/1662/194
f 804/1663/195 836/1664/195 835/1665/148
f 803/1666/148 835/1665/148 837/1667/196
f 805/1668/196 837/1667/196 841/1669/197
f 807/1670/197 841/1669/197 840/1671/198
f 808/1672/198 840/1671/198 849/1673/199
f 810/1675/199 849/1853/199 844/1676/200
f 812/1677/200 844/1676/200 848/1678/201
f 814/1679/201 848/1678/201 847/1680/202
f 817/1681/202 847/1680/202 865/1682/174
o bein.r
v 1.071041 -0.025561 -0.576595
v 2.271041 -0.025561 -0.576595
v 1.071041 -0.025561 0.623405
v 2.271041 -0.025561 0.623404
v 1.071041 -2.425560 -0.576595
v 1.071041 -4.025560 -0.096595
v 1.071041 -2.675856 -0.570686
v 1.071041 -2.919988 -0.553102
v 1.071041 -3.151946 -0.524278
v 1.071041 -3.366017 -0.484923
v 1.071041 -3.556932 -0.436007
v 1.071041 -3.719988 -0.378732
v 1.071041 -3.851171 -0.314511
v 1.071041 -3.947251 -0.244923
v 1.071041 -4.005862 -0.171684
v 2.271041 -4.025560 -0.096595
v 2.271041 -2.425560 -0.576595
v 2.271041 -4.005862 -0.171684
v 2.271041 -3.947251 -0.244924
v 2.271041 -3.851171 -0.314511
v 2.271041 -3.719988 -0.378732
v 2.271041 -3.556932 -0.436007
v 2.271041 -3.366017 -0.484924
v 2.271041 -3.151946 -0.524279
v 2.271041 -2.919988 -0.553103
v 2.271041 -2.675856 -0.570686
v 1.071041 -4.025560 0.143405
v 1.071041 -2.425560 0.623405
v 1.071041 -4.005862 0.218493
v 1.071041 -3.947251 0.291733
v 1.071041 -3.851171 0.361320
v 1.071041 -3.719988 0.425542
v 1.071041 -3.556932 0.482816
v 1.071041 -3.366017 0.531733
v 1.071041 -3.151946 0.571088
v 1.071041 -2.919988 0.599912
v 1.071041 -2.675856 0.617495
v 2.271041 -2.425560 0.623404
v 2.271041 -4.025560 0.143404
v 2.271041 -2.675856 0.617495
v 2.271041 -2.919988 0.599912
v 2.271041 -3.151946 0.571087
v 2.271041 -3.366017 0.531733
v 2.271041 -3.556932 0.482816
v 2.271041 -3.719988 0.425541
v 2.271041 -3.851171 0.361320
v 2.271041 -3.947251 0.291733
v 2.271041 -4.005862 0.218493
v 1.071041 -3.780338 0.099941
v 1.071041 -3.672098 0.208181
v 1.071041 -3.634580 0.219562
v 1.071041 -3.706676 0.189699
v 1.071041 -3.761855 0.134519
v 1.071041 -3.736983 0.164826
v 1.071041 -3.595561 -0.176595
v 1.071041 -3.634580 -0.172752
v 1.071041 -3.556544 -0.172752
v 1.071041 -3.706676 -0.142889
v 1.071041 -3.484448 -0.142889
v 1.071041 -3.672098 -0.161371
v 1.071041 -3.519025 -0.161371
v 1.071041 -3.736983 -0.118017
v 1.071041 -3.454140 -0.118017
v 1.071041 -3.429267 -0.087709
v 1.071041 -3.761855 -0.087709
v 1.071041 -3.410786 -0.053132
v 1.071041 -3.780338 -0.053132
v 1.071041 -3.791719 -0.015613
v 1.071041 -3.399405 -0.015613
v 1.071041 -3.795562 0.023405
v 1.071041 -3.395562 0.023405
v 1.071041 -3.791719 0.062423
v 1.071041 -3.399405 0.062423
v 1.071041 -3.519025 0.208181
v 1.071041 -3.595561 0.223405
v 1.071041 -3.556544 0.219562
v 1.071041 -3.484448 0.189699
v 1.071041 -3.454140 0.164826
v 1.071041 -3.429267 0.134519
v 1.071041 -3.410786 0.099941
v 2.271041 -3.672098 -0.161371
v 2.271041 -3.634580 -0.172753
v 2.271041 -3.780338 -0.053132
v 2.271041 -3.761855 -0.087710
v 2.271041 -3.736983 -0.118017
v 2.271041 -3.706676 -0.142889
v 2.271041 -3.595561 -0.176596
v 2.271041 -3.556544 -0.172753
v 2.271041 -3.519025 -0.161371
v 2.271041 -3.484448 -0.142889
v 2.271041 -3.454140 -0.118017
v 2.271041 -3.429267 -0.087710
v 2.271041 -3.410786 -0.053132
v 2.271041 -3.399405 -0.015614
v 2.271041 -3.791719 -0.015614
v 2.271041 -3.795562 0.023404
v 2.271041 -3.395562 0.023404
v 2.271041 -3.791719 0.062423
v 2.271041 -3.399405 0.062423
v 2.271041 -3.780338 0.099941
v 2.271041 -3.410786 0.099941
v 2.271041 -3.454140 0.164826
v 2.271041 -3.736983 0.164826
v 2.271041 -3.761855 0.134519
v 2.271041 -3.429267 0.134519
v 2.271041 -3.706676 0.189698
v 2.271041 -3.484448 0.189698
v 2.271041 -3.519025 0.208180
v 2.271041 -3.595561 0.223404
v 2.271041 -3.634580 0.219562
v 2.271041 -3.556544 0.219562
v 2.271041 -3.672098 0.208180
v 1.071041 -0.395554 -0.176595
v 1.071041 -0.434572 -0.172752
v 1.071041 -0.356536 -0.172752
v 1.071041 -0.472090 -0.161371
v 1.071041 -0.319017 -0.161371
v 1.071041 -0.506668 -0.142889
v 1.071041 -0.284440 -0.142889
v 1.071041 -0.536976 -0.118017
v 1.071041 -0.254133 -0.118017
v 1.071041 -0.561847 -0.087709
v 1.071041 -0.229260 -0.087709
v 1.071041 -0.580330 -0.053132
v 1.071041 -0.210778 -0.053132
v 1.071041 -0.199397 -0.015613
v 1.071041 -0.591711 -0.015613
v 1.071041 -0.195554 0.023405
v 1.071041 -0.199397 0.062423
v 1.071041 -0.591711 0.062423
v 1.071041 -0.210778 0.099941
v 1.071041 -0.536976 0.164826
v 1.071041 -0.229260 0.134519
v 1.071041 -0.561847 0.134519
v 1.071041 -0.580330 0.099941
v 1.071041 -0.506668 0.189699
v 1.071041 -0.254133 0.164826
v 1.071041 -0.472090 0.208181
v 1.071041 -0.284440 0.189699
v 1.071041 -0.319017 0.208181
v 1.071041 -0.395554 0.223405
v 1.071041 -0.356536 0.219562
v 1.071041 -0.434572 0.219562
v 1.071041 -0.595554 0.023405
v 2.271041 -0.395554 -0.176596
v 2.271041 -0.434572 -0.172753
v 2.271041 -0.356536 -0.172753
v 2.271041 -0.319017 -0.161371
v 2.271041 -0.284440 -0.142889
v 2.271041 -0.506668 -0.142889
v 2.271041 -0.472090 -0.161371
v 2.271041 -0.254133 -0.118017
v 2.271041 -0.536976 -0.118017
v 2.271041 -0.229260 -0.087710
v 2.271041 -0.561847 -0.087710
v 2.271041 -0.210778 -0.053132
v 2.271041 -0.580330 -0.053132
v 2.271041 -0.595554 0.023404
v 2.271041 -0.199397 -0.015614
v 2.271041 -0.591711 -0.015614
v 2.271041 -0.591711 0.062423
v 2.271041 -0.195554 0.023404
v 2.271041 -0.580330 0.099941
v 2.271041 -0.199397 0.062423
v 2.271041 -0.561847 0.134519
v 2.271041 -0.210778 0.099941
v 2.271041 -0.536976 0.164826
v 2.271041 -0.254133 0.164826
v 2.271041 -0.229260 0.134519
v 2.271041 -0.506668 0.189698
v 2.271041 -0.284440 0.189698
v 2.271041 -0.472090 0.208180
v 2.271041 -0.395554 0.223404
v 2.271041 -0.434572 0.219562
v 2.271041 -0.356536 0.219562
v 2.271041 -0.319017 0.208180
vn -1.0000 -0.0000 -0.0000
vn -0.0000 -0.0000 1.0000
vn -0.0000 -0.0118 0.9999
vn 1.0000 -0.0000 -0.0000
vn -0.0000 -0.0000 -1.0000
vn -0.0000 -0.0118 -0.9999
vn -0.0000 1.0000 -0.0000
vn -0.0000 -0.9918 -0.1279
vn -0.0000 -0.8935 -0.4491
vn -0.0000 -0.6899 -0.7239
vn -0.0000 -0.5150 -0.8572
vn -0.0000 -0.3862 -0.9224
vn -0.0000 -0.2901 -0.9570
vn -0.0000 -0.2146 -0.9767
vn -0.0000 -0.1521 -0.9884
vn -0.0000 -0.0976 -0.9952
vn -0.0000 -0.0477 -0.9989
vn -0.0000 -0.9918 0.1279
vn -0.0000 -0.8935 0.4491
vn -0.0000 -0.6899 0.7239
vn -0.0000 -0.5150 0.8572
vn -0.0000 -0.3862 0.9224
vn -0.0000 -0.2901 0.9570
vn -0.0000 -0.2146 0.9767
vn -0.0000 -0.1521 0.9884
vn -0.0000 -0.0976 0.9952
vn -0.0000 -0.0477 0.9989
vn -0.0000 -1.0000 -0.0000
vn -0.0000 -0.9808 -0.1951
vn -0.0000 -0.9239 -0.3827
vn -0.0000 -0.8315 -0.5556
vn -0.0000 -0.7071 -0.7071
vn -0.0000 -0.5556 -0.8315
vn -0.0000 -0.3827 -0.9239
vn -0.0000 -0.1951 -0.9808
vn -0.0000 0.1951 -0.9808
vn -0.0000 0.3827 -0.9239
vn -0.0000 0.5556 -0.8315
vn -0.0000 0.7071 -0.7071
vn -0.0000 0.8315 -0.5556
vn -0.0000 0.9239 -0.3827
vn -0.0000 0.9808 -0.1951
vn -0.0000 0.9808 0.1951
vn -0.0000 0.9239 0.3827
vn -0.0000 0.8315 0.5556
vn -0.0000 0.7071 0.7071
vn -0.0000 0.5556 0.8315
vn -0.0000 0.3827 0.9239
vn -0.0000 0.1951 0.9808
vn -0.0000 -0.1951 0.9808
vn -0.0000 -0.3827 0.9239
vn -0.0000 -0.5556 0.8315
vn -0.0000 -0.7071 0.7071
vn -0.0000 -0.8315 0.5556
vn -0.0000 -0.9239 0.3827
vn -0.0000 -0.9808 0.1951
vt 0.158128 0.402691
vt 0.214687 0.402691
vt 0.186407 0.410705
vt 0.194245 0.576234
vt 0.195116 0.574604
vt 0.195602 0.590339
vt 0.182800 0.579706
vt 0.180752 0.591267
vt 0.181170 0.578835
vt 0.582081 0.234756
vt 0.638640 0.347591
vt 0.582081 0.347591
vt 0.570298 0.008014
vt 0.568459 0.008195
vt 0.542019 0.000000
vt 0.578136 0.173543
vt 0.579007 0.171913
vt 0.579493 0.187648
vt 0.566691 0.177015
vt 0.564642 0.188576
vt 0.565061 0.176144
vt 0.000000 0.458823
vt 0.056558 0.571926
vt 0.000000 0.571926
vt 0.751757 0.385617
vt 0.695198 0.329044
vt 0.751757 0.329044
vt 0.944972 0.516082
vt 0.948511 0.572654
vt 0.944972 0.572654
vt 0.948511 0.516082
vt 0.951963 0.572654
vt 0.000000 0.644067
vt 0.056558 0.639449
vt 0.056558 0.644067
vt 0.000000 0.639449
vt 0.056558 0.633184
vt 0.000000 0.633184
vt 0.056558 0.625426
vt 0.000000 0.625426
vt 0.056558 0.616365
vt 0.000000 0.616365
vt 0.056558 0.606226
vt 0.000000 0.606226
vt 0.056558 0.595257
vt 0.000000 0.595257
vt 0.056558 0.583730
vt 0.000000 0.583730
vt 0.933661 0.572654
vt 0.930121 0.516082
vt 0.933661 0.516082
vt 0.930121 0.572654
vt 0.926669 0.516082
vt 0.582081 0.420290
vt 0.638640 0.415531
vt 0.638640 0.420290
vt 0.582081 0.415531
vt 0.638640 0.409139
vt 0.582081 0.409139
vt 0.638640 0.401273
vt 0.582081 0.401273
vt 0.638640 0.392127
vt 0.582081 0.392127
vt 0.638640 0.381925
vt 0.582081 0.381925
vt 0.638640 0.370919
vt 0.582081 0.370919
vt 0.638640 0.359380
vt 0.582081 0.359380
vt 0.984642 0.377995
vt 0.982803 0.434568
vt 0.982803 0.377995
vt 0.981035 0.434568
vt 0.981035 0.377995
vt 0.979405 0.434568
vt 0.979405 0.377995
vt 0.977977 0.434568
vt 0.977977 0.377995
vt 0.599228 0.992905
vt 0.600688 0.936332
vt 0.600688 0.992905
vt 0.602341 0.936332
vt 0.602341 0.992905
vt 0.604124 0.936332
vt 0.604124 0.992905
vt 0.605967 0.992905
vt 0.605967 0.936332
vt 0.607800 0.992905
vt 0.609553 0.992905
vt 0.607800 0.936332
vt 0.609553 0.936332
vt 0.611158 0.992905
vt 0.611158 0.936332
vt 0.612554 0.992905
vt 0.612554 0.936332
vt 0.990006 0.898137
vt 0.991435 0.954710
vt 0.990006 0.954710
vt 0.988376 0.898137
vt 0.988376 0.954710
vt 0.986608 0.898137
vt 0.986608 0.954710
vt 0.984769 0.898137
vt 0.984769 0.954710
vt 0.982930 0.898137
vt 0.982930 0.954710
vt 0.981162 0.898137
vt 0.981162 0.954710
vt 0.979532 0.898137
vt 0.979532 0.954710
vt 0.978104 0.898137
vt 0.978104 0.954710
vt 0.995120 0.717940
vt 0.996457 0.774513
vt 0.995120 0.774513
vt 0.993559 0.717940
vt 0.993559 0.774513
vt 0.991835 0.717940
vt 0.991835 0.774513
vt 0.990014 0.717940
vt 0.990014 0.774513
vt 0.988167 0.774513
vt 0.988167 0.717940
vt 0.986364 0.774513
vt 0.986364 0.717940
vt 0.984674 0.774513
vt 0.984674 0.717940
vt 0.983163 0.774513
vt 0.983163 0.717940
vt 0.991308 0.377995
vt 0.989879 0.434568
vt 0.989879 0.377995
vt 0.988249 0.434568
vt 0.988249 0.377995
vt 0.986481 0.434568
vt 0.986481 0.377995
vt 0.984642 0.434568
vt 0.985286 0.459509
vt 0.983446 0.516082
vt 0.983446 0.459509
vt 0.981678 0.516082
vt 0.981678 0.459509
vt 0.980048 0.516082
vt 0.980048 0.459509
vt 0.978620 0.516082
vt 0.978620 0.459509
vt 0.982114 0.605655
vt 0.983574 0.549082
vt 0.983574 0.605655
vt 0.985227 0.549082
vt 0.985227 0.605655
vt 0.987010 0.549082
vt 0.987010 0.605655
vt 0.988853 0.605655
vt 0.988853 0.549082
vt 0.990686 0.605655
vt 0.992439 0.605655
vt 0.990686 0.549082
vt 0.992439 0.549082
vt 0.994045 0.605655
vt 0.994045 0.549082
vt 0.995440 0.605655
vt 0.995440 0.549082
vt 0.991028 0.086667
vt 0.992457 0.143239
vt 0.991028 0.143239
vt 0.989399 0.086667
vt 0.989399 0.143239
vt 0.987630 0.086667
vt 0.987630 0.143239
vt 0.985791 0.086667
vt 0.985791 0.143239
vt 0.983952 0.086667
vt 0.983952 0.143239
vt 0.982184 0.086667
vt 0.982184 0.143239
vt 0.980554 0.086667
vt 0.980554 0.143239
vt 0.979126 0.086667
vt 0.979126 0.143239
vt 0.998662 0.803846
vt 1.000000 0.860419
vt 0.998662 0.860419
vt 0.997101 0.803846
vt 0.997101 0.860419
vt 0.995378 0.803846
vt 0.995378 0.860419
vt 0.993557 0.860419
vt 0.993557 0.803846
vt 0.991710 0.860419
vt 0.991710 0.803846
vt 0.989907 0.860419
vt 0.989907 0.803846
vt 0.988217 0.860419
vt 0.988217 0.803846
vt 0.986706 0.860419
vt 0.986706 0.803846
vt 0.991951 0.459509
vt 0.990523 0.516082
vt 0.990523 0.459509
vt 0.988893 0.516082
vt 0.988893 0.459509
vt 0.987125 0.516082
vt 0.987125 0.459509
vt 0.985286 0.516082
vt 0.177162 0.418295
vt 0.176981 0.420134
vt 0.195834 0.420134
vt 0.195653 0.418295
vt 0.195116 0.416526
vt 0.177699 0.416526
vt 0.178570 0.414896
vt 0.194245 0.414896
vt 0.193073 0.413467
vt 0.179742 0.413467
vt 0.181170 0.412294
vt 0.191645 0.412294
vt 0.190015 0.411423
vt 0.182800 0.411423
vt 0.184568 0.410886
vt 0.188247 0.410886
vt 0.176981 0.570995
vt 0.177162 0.572835
vt 0.170481 0.583046
vt 0.167454 0.576861
vt 0.164754 0.569174
vt 0.177162 0.569156
vt 0.177699 0.567387
vt 0.162449 0.560174
vt 0.160594 0.550082
vt 0.159236 0.539146
vt 0.178570 0.565757
vt 0.158407 0.527637
vt 0.158128 0.515837
vt 0.177162 0.421973
vt 0.177699 0.423742
vt 0.178570 0.425372
vt 0.179742 0.426801
vt 0.179742 0.564328
vt 0.181170 0.427974
vt 0.181170 0.563156
vt 0.182800 0.562284
vt 0.182800 0.428845
vt 0.184568 0.429382
vt 0.184568 0.561748
vt 0.186407 0.429563
vt 0.186407 0.561567
vt 0.188247 0.429382
vt 0.188247 0.561748
vt 0.190015 0.428845
vt 0.190015 0.562284
vt 0.191645 0.427974
vt 0.191645 0.563156
vt 0.214687 0.515837
vt 0.193073 0.426801
vt 0.193073 0.564328
vt 0.194245 0.425372
vt 0.194245 0.565757
vt 0.195116 0.423742
vt 0.195116 0.567387
vt 0.212221 0.550082
vt 0.195653 0.421973
vt 0.214408 0.527637
vt 0.195653 0.569156
vt 0.208061 0.569174
vt 0.213579 0.539146
vt 0.210366 0.560174
vt 0.205361 0.576861
vt 0.195834 0.570995
vt 0.202334 0.583046
vt 0.199054 0.587575
vt 0.195653 0.572835
vt 0.192063 0.591267
vt 0.193073 0.577663
vt 0.191645 0.578835
vt 0.190015 0.579706
vt 0.186407 0.580424
vt 0.177213 0.590339
vt 0.179742 0.577663
vt 0.184568 0.580243
vt 0.173761 0.587575
vt 0.177699 0.574604
vt 0.178570 0.576234
vt 0.188247 0.580243
vt 0.638640 0.234756
vt 0.598577 0.000000
vt 0.579724 0.017443
vt 0.579543 0.015603
vt 0.579007 0.013835
vt 0.561053 0.015603
vt 0.560872 0.017443
vt 0.561589 0.013835
vt 0.578136 0.012205
vt 0.576963 0.010776
vt 0.562460 0.012205
vt 0.563632 0.010776
vt 0.575535 0.009603
vt 0.573905 0.008732
vt 0.565061 0.009603
vt 0.566691 0.008732
vt 0.572137 0.008195
vt 0.560872 0.168304
vt 0.561053 0.170144
vt 0.554371 0.180355
vt 0.551344 0.174170
vt 0.548645 0.166483
vt 0.561053 0.166465
vt 0.561589 0.164696
vt 0.546339 0.157483
vt 0.544485 0.147391
vt 0.543126 0.136455
vt 0.562460 0.163066
vt 0.542297 0.124946
vt 0.542019 0.113146
vt 0.561053 0.019282
vt 0.561589 0.021051
vt 0.562460 0.022681
vt 0.563632 0.024110
vt 0.563632 0.161637
vt 0.565061 0.025283
vt 0.565061 0.160465
vt 0.566691 0.159593
vt 0.566691 0.026154
vt 0.568459 0.026691
vt 0.568459 0.159057
vt 0.570298 0.026872
vt 0.570298 0.158876
vt 0.572137 0.026691
vt 0.572137 0.159057
vt 0.573905 0.026154
vt 0.573905 0.159593
vt 0.575535 0.025283
vt 0.575535 0.160465
vt 0.598577 0.113146
vt 0.576963 0.024110
vt 0.576963 0.161637
vt 0.578136 0.022681
vt 0.578136 0.163066
vt 0.579007 0.021051
vt 0.579007 0.164696
vt 0.596111 0.147391
vt 0.579543 0.019282
vt 0.598299 0.124946
vt 0.579543 0.166465
vt 0.591951 0.166483
vt 0.597470 0.136455
vt 0.594257 0.157483
vt 0.589252 0.174170
vt 0.579724 0.168304
vt 0.586225 0.180355
vt 0.582945 0.184884
vt 0.579543 0.170144
vt 0.575954 0.188576
vt 0.576963 0.174972
vt 0.575535 0.176144
vt 0.573905 0.177015
vt 0.570298 0.177733
vt 0.561103 0.187648
vt 0.563632 0.174972
vt 0.568459 0.177552
vt 0.557651 0.184884
vt 0.561589 0.171913
vt 0.562460 0.173543
vt 0.572137 0.177552
vt 0.056558 0.458823
vt 0.695198 0.385617
vt 0.951963 0.516082
vt 0.926669 0.572654
vt 0.599228 0.936332
vt 0.991435 0.898137
vt 0.996457 0.717940
vt 0.991308 0.434568
vt 0.982114 0.549082
vt 0.992457 0.086667
vt 1.000000 0.803846
vt 0.991951 0.516082
s 1
usemtl 
f 869/1854/203 867/1855/203 994/1856/203
f 924/1857/203 926/1858/203 881/1859/203
f 915/1860/203 893/1861/203 919/1862/203
f 870/1863/204 894/1864/205 904/1865/205
f 1028/1866/206 1025/1867/206 868/1868/206
f 972/1869/206 978/1870/206 914/1871/206
f 949/1872/206 882/1873/206 950/1874/206
f 867/1875/207 883/1876/208 871/1877/208
f 868/1878/209 869/1879/209 870/1880/209
f 872/1881/210 884/1882/211 882/1883/210
f 881/1884/211 885/1885/212 884/1882/211
f 880/1886/212 886/1887/213 885/1888/212
f 879/1889/213 887/1890/214 886/1887/213
f 878/1891/214 888/1892/215 887/1890/214
f 877/1893/215 889/1894/216 888/1892/215
f 876/1895/216 890/1896/217 889/1894/216
f 875/1897/217 891/1898/218 890/1896/217
f 874/1899/218 892/1900/219 891/1898/218
f 873/1901/219 883/1876/208 892/1900/219
f 905/1902/220 895/1903/221 893/1904/220
f 914/1905/221 896/1906/222 895/1903/221
f 913/1907/222 897/1908/223 896/1909/222
f 912/1910/223 898/1911/224 897/1908/223
f 911/1912/224 899/1913/225 898/1911/224
f 910/1914/225 900/1915/226 899/1913/225
f 909/1916/226 901/1917/227 900/1915/226
f 908/1918/227 902/1919/228 901/1917/227
f 907/1920/228 903/1921/229 902/1919/228
f 906/1922/229 894/1864/205 903/1921/229
f 905/1902/220 872/1881/210 882/1883/210
f 937/1923/230 965/1924/231 939/1925/231
f 939/1925/231 967/1926/232 946/1927/232
f 946/1927/232 971/1928/233 945/1929/233
f 945/1929/233 968/1930/234 944/1931/234
f 944/1932/234 973/1933/235 943/1934/235
f 943/1934/235 974/1935/236 940/1936/236
f 940/1936/236 977/1937/237 942/1938/237
f 977/1937/237 941/1939/207 942/1938/237
f 975/1940/207 917/1941/238 941/1939/207
f 916/1942/239 976/1943/238 978/1944/239
f 918/1945/240 978/1944/239 972/1946/240
f 920/1947/241 972/1946/240 969/1948/241
f 919/1949/242 969/1950/241 970/1951/242
f 915/1952/243 970/1951/242 966/1953/243
f 938/1954/244 966/1953/243 964/1955/244
f 936/1956/209 964/1955/244 962/1957/209
f 934/1958/245 962/1957/209 961/1959/245
f 933/1960/246 961/1959/245 949/1961/246
f 931/1962/247 949/1961/246 950/1963/247
f 928/1964/248 950/1963/247 951/1965/248
f 924/1966/249 951/1967/248 952/1968/249
f 926/1969/250 952/1968/249 947/1970/250
f 922/1971/251 947/1970/250 948/1972/251
f 921/1973/204 948/1972/251 953/1974/204
f 921/1973/204 954/1975/252 923/1976/252
f 923/1976/252 955/1977/253 927/1978/253
f 927/1978/253 956/1979/254 925/1980/254
f 925/1980/254 957/1981/255 929/1982/255
f 929/1983/255 958/1984/256 930/1985/256
f 930/1985/256 959/1986/257 932/1987/257
f 932/1987/257 960/1988/258 935/1989/258
f 935/1989/258 963/1990/230 937/1923/230
f 994/1991/230 1030/1992/231 995/1993/231
f 995/1993/231 1032/1994/232 997/1995/232
f 997/1995/232 1035/1996/233 999/1997/233
f 999/1997/233 1034/1998/234 1003/1999/234
f 1003/2000/234 1037/2001/235 1005/2002/235
f 1005/2002/235 1042/2003/236 1006/2004/236
f 1006/2004/236 1041/2005/237 1008/2006/237
f 1041/2005/237 1007/2007/207 1008/2006/237
f 1039/2008/207 1009/2009/238 1007/2007/207
f 1004/2010/239 1040/2011/238 1038/2012/239
f 1002/2013/240 1038/2012/239 1036/2014/240
f 998/2015/241 1036/2014/240 1033/2016/241
f 1000/2017/242 1033/2018/241 1031/2019/242
f 1001/2020/243 1031/2019/242 1029/2021/243
f 996/2022/244 1029/2021/243 1027/2023/244
f 1010/2024/209 1027/2023/244 1024/2025/209
f 993/2026/245 1024/2025/209 1026/2027/245
f 990/2028/246 1026/2027/245 1023/2029/246
f 988/2030/247 1023/2029/246 1021/2031/247
f 986/2032/248 1021/2031/247 1019/2033/248
f 984/2034/249 1019/2035/248 1016/2036/249
f 982/2037/250 1016/2036/249 1017/2038/250
f 980/2039/251 1017/2038/250 1012/2040/251
f 980/2039/251 1011/2041/204 979/2042/204
f 979/2042/204 1013/2043/252 981/2044/252
f 981/2044/252 1014/2045/253 983/2046/253
f 983/2046/253 1015/2047/254 985/2048/254
f 985/2048/254 1018/2049/255 987/2050/255
f 987/2051/255 1020/2052/256 989/2053/256
f 989/2053/256 1022/2054/257 991/2055/257
f 991/2055/257 1025/2056/258 992/2057/258
f 992/2057/258 1028/2058/230 994/1991/230
f 1008/2059/203 1007/2060/203 869/1854/203
f 867/1855/203 979/2061/203 981/2062/203
f 867/1855/203 981/2062/203 983/2063/203
f 1006/2064/203 1008/2059/203 869/1854/203
f 1005/2065/203 1006/2064/203 869/1854/203
f 867/1855/203 983/2063/203 985/2066/203
f 867/1855/203 985/2066/203 987/2067/203
f 1003/2068/203 1005/2065/203 869/1854/203
f 999/2069/203 1003/2068/203 869/1854/203
f 867/1855/203 987/2067/203 989/2070/203
f 867/1855/203 989/2070/203 991/2071/203
f 997/2072/203 999/2069/203 869/1854/203
f 995/2073/203 997/2072/203 869/1854/203
f 867/1855/203 991/2071/203 992/2074/203
f 994/1856/203 995/2073/203 869/1854/203
f 867/1855/203 992/2074/203 994/1856/203
f 941/2075/203 917/2076/203 897/2077/203
f 897/2077/203 898/2078/203 941/2075/203
f 898/2078/203 899/2079/203 942/2080/203
f 942/2080/203 899/2079/203 940/2081/203
f 899/2079/203 900/2082/203 940/2081/203
f 900/2082/203 901/2083/203 940/2081/203
f 901/2083/203 902/2084/203 943/2085/203
f 902/2084/203 903/2086/203 943/2085/203
f 901/2083/203 943/2085/203 940/2081/203
f 903/2086/203 894/2087/203 943/2085/203
f 894/2087/203 869/1854/203 1009/2088/203
f 869/1854/203 1007/2060/203 1009/2088/203
f 1009/2088/203 1004/2089/203 894/2087/203
f 942/2080/203 941/2075/203 898/2078/203
f 1004/2089/203 1002/2090/203 894/2087/203
f 1002/2090/203 998/2091/203 894/2087/203
f 943/2085/203 894/2087/203 944/2092/203
f 894/2087/203 998/2091/203 1000/2093/203
f 944/2092/203 894/2087/203 945/2094/203
f 894/2087/203 1000/2093/203 945/2094/203
f 945/2094/203 1000/2093/203 946/2095/203
f 1000/2093/203 1001/2096/203 946/2095/203
f 946/2095/203 1001/2096/203 996/2097/203
f 939/2098/203 946/2095/203 996/2097/203
f 939/2098/203 996/2097/203 1010/2099/203
f 937/2100/203 939/2098/203 1010/2099/203
f 937/2100/203 1010/2099/203 993/2101/203
f 935/2102/203 937/2100/203 993/2101/203
f 935/2102/203 993/2101/203 990/2103/203
f 932/2104/203 935/2102/203 990/2103/203
f 932/2104/203 990/2103/203 988/2105/203
f 930/2106/203 932/2104/203 988/2105/203
f 930/2106/203 988/2105/203 871/2107/203
f 988/2105/203 986/2108/203 871/2107/203
f 929/2109/203 930/2106/203 871/2107/203
f 986/2108/203 984/2110/203 871/2107/203
f 925/2111/203 929/2109/203 871/2107/203
f 984/2110/203 982/2112/203 871/2107/203
f 927/2113/203 925/2111/203 875/2114/203
f 980/2115/203 979/2061/203 867/1855/203
f 925/2111/203 871/2107/203 873/2116/203
f 982/2112/203 980/2115/203 871/2107/203
f 923/2117/203 927/2113/203 877/2118/203
f 980/2115/203 867/1855/203 871/2107/203
f 873/2116/203 874/2119/203 925/2111/203
f 874/2119/203 875/2114/203 925/2111/203
f 875/2114/203 876/2120/203 927/2113/203
f 876/2120/203 877/2118/203 927/2113/203
f 877/2118/203 878/2121/203 923/2117/203
f 921/2122/203 878/2121/203 879/2123/203
f 879/2123/203 880/2124/203 921/2122/203
f 921/2122/203 880/2124/203 922/2125/203
f 880/2124/203 881/1859/203 926/1858/203
f 881/1859/203 872/2126/203 928/2127/203
f 880/2124/203 926/1858/203 922/2125/203
f 872/2126/203 931/2128/203 928/2127/203
f 928/2127/203 924/1857/203 881/1859/203
f 878/2121/203 921/2122/203 923/2117/203
f 933/2129/203 931/2128/203 872/2126/203
f 872/2126/203 893/1861/203 936/2130/203
f 893/1861/203 895/2131/203 920/2132/203
f 936/2130/203 893/1861/203 938/2133/203
f 895/2131/203 896/2134/203 916/2135/203
f 896/2134/203 897/2077/203 917/2076/203
f 895/2131/203 916/2135/203 918/2136/203
f 917/2076/203 916/2135/203 896/2134/203
f 934/2137/203 933/2129/203 872/2126/203
f 936/2130/203 934/2137/203 872/2126/203
f 918/2136/203 920/2132/203 895/2131/203
f 920/2132/203 919/1862/203 893/1861/203
f 938/2133/203 893/1861/203 915/1860/203
f 870/1863/204 869/2138/204 894/1864/205
f 870/2139/206 1039/2140/206 1041/2141/206
f 870/2139/206 1041/2141/206 1042/2142/206
f 1013/2143/206 1011/2144/206 868/1868/206
f 1014/2145/206 1013/2143/206 868/1868/206
f 870/2139/206 1042/2142/206 1037/2146/206
f 870/2139/206 1037/2146/206 1034/2147/206
f 1015/2148/206 1014/2145/206 868/1868/206
f 1018/2149/206 1015/2148/206 868/1868/206
f 870/2139/206 1034/2147/206 1035/2150/206
f 870/2139/206 1035/2150/206 1032/2151/206
f 1020/2152/206 1018/2149/206 868/1868/206
f 1022/2153/206 1020/2152/206 868/1868/206
f 870/2139/206 1032/2151/206 1030/2154/206
f 870/2139/206 1030/2154/206 1028/1866/206
f 1025/1867/206 1022/2153/206 868/1868/206
f 870/2139/206 1028/1866/206 868/1868/206
f 953/2155/206 948/2156/206 886/2157/206
f 886/2157/206 887/2158/206 953/2155/206
f 887/2158/206 888/2159/206 954/2160/206
f 954/2160/206 888/2159/206 955/2161/206
f 888/2159/206 889/2162/206 955/2161/206
f 889/2162/206 890/2163/206 955/2161/206
f 890/2163/206 891/2164/206 956/2165/206
f 891/2164/206 892/2166/206 956/2165/206
f 890/2163/206 956/2165/206 955/2161/206
f 892/2166/206 883/2167/206 956/2165/206
f 883/2167/206 868/1868/206 1012/2168/206
f 868/1868/206 1011/2144/206 1012/2168/206
f 1012/2168/206 1017/2169/206 883/2167/206
f 954/2160/206 953/2155/206 887/2158/206
f 1017/2169/206 1016/2170/206 883/2167/206
f 1016/2170/206 1019/2171/206 883/2167/206
f 956/2165/206 883/2167/206 957/2172/206
f 883/2167/206 1019/2171/206 1021/2173/206
f 957/2172/206 883/2167/206 958/2174/206
f 883/2167/206 1021/2173/206 958/2174/206
f 958/2174/206 1021/2173/206 959/2175/206
f 1021/2173/206 1023/2176/206 959/2175/206
f 959/2175/206 1023/2176/206 1026/2177/206
f 960/2178/206 959/2175/206 1026/2177/206
f 960/2178/206 1026/2177/206 1024/2179/206
f 963/2180/206 960/2178/206 1024/2179/206
f 963/2180/206 1024/2179/206 1027/2181/206
f 965/2182/206 963/2180/206 1027/2181/206
f 965/2182/206 1027/2181/206 1029/2183/206
f 967/2184/206 965/2182/206 1029/2183/206
f 967/2184/206 1029/2183/206 1031/2185/206
f 971/2186/206 967/2184/206 1031/2185/206
f 971/2186/206 1031/2185/206 904/2187/206
f 1031/2185/206 1033/2188/206 904/2187/206
f 968/2189/206 971/2186/206 904/2187/206
f 1033/2188/206 1036/2190/206 904/2187/206
f 973/2191/206 968/2189/206 904/2187/206
f 1036/2190/206 1038/2192/206 904/2187/206
f 974/2193/206 973/2191/206 908/2194/206
f 1040/2195/206 1039/2140/206 870/2139/206
f 973/2191/206 904/2187/206 906/2196/206
f 1038/2192/206 1040/2195/206 904/2187/206
f 977/2197/206 974/2193/206 910/2198/206
f 1040/2195/206 870/2139/206 904/2187/206
f 906/2196/206 907/2199/206 973/2191/206
f 907/2199/206 908/2194/206 973/2191/206
f 908/2194/206 909/2200/206 974/2193/206
f 909/2200/206 910/2198/206 974/2193/206
f 910/2198/206 911/2201/206 977/2197/206
f 975/2202/206 911/2201/206 912/2203/206
f 912/2203/206 913/2204/206 975/2202/206
f 975/2202/206 913/2204/206 976/2205/206
f 913/2204/206 914/1871/206 978/1870/206
f 914/1871/206 905/2206/206 969/2207/206
f 913/2204/206 978/1870/206 976/2205/206
f 905/2206/206 970/2208/206 969/2207/206
f 969/2207/206 972/1869/206 914/1871/206
f 911/2201/206 975/2202/206 977/2197/206
f 966/2209/206 970/2208/206 905/2206/206
f 905/2206/206 882/1873/206 962/2210/206
f 882/1873/206 884/2211/206 951/2212/206
f 962/2210/206 882/1873/206 961/2213/206
f 884/2211/206 885/2214/206 947/2215/206
f 885/2214/206 886/2157/206 948/2156/206
f 884/2211/206 947/2215/206 952/2216/206
f 948/2156/206 947/2215/206 885/2214/206
f 964/2217/206 966/2209/206 905/2206/206
f 962/2210/206 964/2217/206 905/2206/206
f 952/2216/206 951/2212/206 884/2211/206
f 951/2212/206 950/1874/206 882/1873/206
f 961/2213/206 882/1873/206 949/1872/206
f 867/1875/207 868/2218/207 883/1876/208
f 868/1878/209 867/2219/209 869/1879/209
f 872/1881/210 881/1884/211 884/1882/211
f 881/1884/211 880/2220/212 885/1885/212
f 880/1886/212 879/1889/213 886/1887/213
f 879/1889/213 878/1891/214 887/1890/214
f 878/1891/214 877/1893/215 888/1892/215
f 877/1893/215 876/1895/216 889/1894/216
f 876/1895/216 875/1897/217 890/1896/217
f 875/1897/217 874/1899/218 891/1898/218
f 874/1899/218 873/1901/219 892/1900/219
f 873/1901/219 871/1877/208 883/1876/208
f 905/1902/220 914/1905/221 895/1903/221
f 914/1905/221 913/2221/222 896/1906/222
f 913/1907/222 912/1910/223 897/1908/223
f 912/1910/223 911/1912/224 898/1911/224
f 911/1912/224 910/1914/225 899/1913/225
f 910/1914/225 909/1916/226 900/1915/226
f 909/1916/226 908/1918/227 901/1917/227
f 908/1918/227 907/1920/228 902/1919/228
f 907/1920/228 906/1922/229 903/1921/229
f 906/1922/229 904/1865/205 894/1864/205
f 905/1902/220 893/1904/220 872/1881/210
f 937/1923/230 963/1990/230 965/1924/231
f 939/1925/231 965/1924/231 967/1926/232
f 946/1927/232 967/1926/232 971/1928/233
f 945/1929/233 971/1928/233 968/1930/234
f 944/1932/234 968/2222/234 973/1933/235
f 943/1934/235 973/1933/235 974/1935/236
f 940/1936/236 974/1935/236 977/1937/237
f 977/1937/237 975/1940/207 941/1939/207
f 975/1940/207 976/1943/238 917/1941/238
f 916/1942/239 917/1941/238 976/1943/238
f 918/1945/240 916/1942/239 978/1944/239
f 920/1947/241 918/1945/240 972/1946/240
f 919/1949/242 920/2223/241 969/1950/241
f 915/1952/243 919/1949/242 970/1951/242
f 938/1954/244 915/1952/243 966/1953/243
f 936/1956/209 938/1954/244 964/1955/244
f 934/1958/245 936/1956/209 962/1957/209
f 933/1960/246 934/1958/245 961/1959/245
f 931/1962/247 933/1960/246 949/1961/246
f 928/1964/248 931/1962/247 950/1963/247
f 924/1966/249 928/2224/248 951/1967/248
f 926/1969/250 924/1966/249 952/1968/249
f 922/1971/251 926/1969/250 947/1970/250
f 921/1973/204 922/1971/251 948/1972/251
f 921/1973/204 953/1974/204 954/1975/252
f 923/1976/252 954/1975/252 955/1977/253
f 927/1978/253 955/1977/253 956/1979/254
f 925/1980/254 956/1979/254 957/1981/255
f 929/1983/255 957/2225/255 958/1984/256
f 930/1985/256 958/1984/256 959/1986/257
f 932/1987/257 959/1986/257 960/1988/258
f 935/1989/258 960/1988/258 963/1990/230
f 994/1991/230 1028/2058/230 1030/1992/231
f 995/1993/231 1030/1992/231 1032/1994/232
f 997/1995/232 1032/1994/232 1035/1996/233
f 999/1997/233 1035/1996/233 1034/1998/234
f 1003/2000/234 1034/2226/234 1037/2001/235
f 1005/2002/235 1037/2001/235 1042/2003/236
f 1006/2004/236 1042/2003/236 1041/2005/237
f 1041/2005/237 1039/2008/207 1007/2007/207
f 1039/2008/207 1040/2011/238 1009/2009/238
f 1004/2010/239 1009/2009/238 1040/2011/238
f 1002/2013/240 1004/2010/239 1038/2012/239
f 998/2015/241 1002/2013/240 1036/2014/240
f 1000/2017/242 998/2227/241 1033/2018/241
f 1001/2020/243 1000/2017/242 1031/2019/242
f 996/2022/244 1001/2020/243 1029/2021/243
f 1010/2024/209 996/2022/244 1027/2023/244
f 993/2026/245 1010/2024/209 1024/2025/209
f 990/2028/246 993/2026/245 1026/2027/245
f 988/2030/247 990/2028/246 1023/2029/246
f 986/2032/248 988/2030/247 1021/2031/247
f 984/2034/249 986/2228/248 1019/2035/248
f 982/2037/250 984/2034/249 1016/2036/249
f 980/2039/251 982/2037/250 1017/2038/250
f 980/2039/251 1012/2040/251 1011/2041/204
f 979/2042/204 1011/2041/204 1013/2043/252
f 981/2044/252 1013/2043/252 1014/2045/253
f 983/2046/253 1014/2045/253 1015/2047/254
f 985/2048/254 1015/2047/254 1018/2049/255
f 987/2051/255 1018/2229/255 1020/2052/256
f 989/2053/256 1020/2052/256 1022/2054/257
f 991/2055/257 1022/2054/257 1025/2056/258
f 992/2057/258 1025/2056/258 1028/2058/230
o fuss.l
v -2.675219 -7.795559 -0.976596
v -2.175219 -7.595559 -0.676596
v -0.675219 -7.795559 -0.976596
v -1.175219 -7.595559 -0.676596
v -2.675219 -7.795559 1.023404
v -2.175219 -7.595559 0.723404
v -0.675219 -7.795559 1.023404
v -1.175219 -7.595559 0.723404
v -2.675219 -7.595559 -0.976596
v -0.675219 -7.595559 -0.976596
v -0.675219 -7.595559 1.023404
v -2.675219 -7.595559 1.023404
v -2.375219 -7.595559 -0.676596
v -0.975219 -7.595559 -0.676596
v -0.975219 -7.595559 0.723404
v -2.375219 -7.595559 0.723404
v -0.975219 -6.895558 -0.076596
v -0.975219 -6.895558 0.123404
v -2.375219 -6.895558 0.123404
v -2.375219 -6.895558 -0.076596
v -1.175219 -6.895558 -0.076596
v -1.175219 -6.895558 0.123404
v -2.175219 -6.895558 0.123404
v -2.175219 -6.895558 -0.076596
v -0.975219 -6.913132 -0.252332
v -0.975219 -6.913132 0.299140
v -2.375219 -6.913132 0.299140
v -2.375219 -6.913132 -0.252332
v -1.175219 -6.913132 -0.252332
v -1.175219 -6.913132 0.299140
v -2.175219 -6.913132 0.299140
v -2.175219 -6.913132 -0.252332
v -0.975219 -6.960125 -0.446986
v -0.975219 -6.960125 0.493794
v -2.375219 -6.960125 0.493794
v -2.375219 -6.960125 -0.446986
v -1.175219 -6.960125 -0.446986
v -1.175219 -6.960125 0.493794
v -2.175219 -6.960125 0.493794
v -2.175219 -6.960125 -0.446986
v -0.975219 -7.016711 -0.559542
v -0.975219 -7.016711 0.606350
v -2.375219 -7.016711 0.606350
v -2.375219 -7.016711 -0.559542
v -1.175219 -7.016711 -0.559542
v -1.175219 -7.016711 0.606350
v -2.175219 -7.016711 0.606350
v -2.175219 -7.016711 -0.559542
v -0.975219 -7.195558 -0.676596
v -0.975219 -7.075847 -0.617786
v -0.975219 -7.075847 0.664594
v -0.975219 -7.195558 0.723404
v -2.375219 -7.195558 0.723404
v -2.375219 -7.075847 0.664594
v -2.375219 -7.075847 -0.617786
v -2.375219 -7.195558 -0.676596
v -1.175219 -7.075847 -0.617786
v -1.175219 -7.195558 -0.676596
v -1.175219 -7.195558 0.723404
v -1.175219 -7.075847 0.664594
v -2.175219 -7.075847 0.664594
v -2.175219 -7.195558 0.723404
v -2.175219 -7.195558 -0.676596
v -2.175219 -7.075847 -0.617786
v -2.175219 -7.395558 0.023404
v -2.175219 -7.391716 0.062422
v -2.175219 -7.380334 0.099941
v -2.175219 -7.195559 -0.176596
v -2.175219 -7.272095 -0.161372
v -2.175219 -7.234576 -0.172753
v -2.175219 -7.156540 -0.172753
v -2.175219 -7.361852 -0.087710
v -2.175219 -7.336980 -0.118017
v -2.175219 -7.306673 -0.142890
v -2.175219 -7.119022 -0.161372
v -2.175219 -7.391716 -0.015614
v -2.175219 -7.380334 -0.053133
v -2.175219 -7.195559 0.223404
v -2.175219 -7.234576 0.219561
v -2.175219 -7.156540 0.219561
v -2.175219 -7.306673 0.189698
v -2.175219 -7.272095 0.208180
v -2.175219 -7.361852 0.134518
v -2.175219 -7.336980 0.164825
v -2.175219 -7.084445 -0.142890
v -2.175219 -7.084445 -0.142890
v -2.175219 -7.054137 -0.118017
v -2.175219 -7.119022 0.208180
v -2.175219 -7.084445 0.189698
v -2.175219 -7.054137 0.164825
v -2.175219 -7.029264 -0.087710
v -2.175219 -6.999401 -0.015614
v -2.175219 -7.010782 -0.053133
v -2.175219 -7.029264 0.134518
v -2.175219 -7.010782 0.099941
v -2.175219 -6.999401 0.062422
v -2.175219 -6.995558 0.023404
v -1.175219 -7.380334 -0.053133
v -1.175219 -7.395558 0.023404
v -1.175219 -7.391716 -0.015614
v -1.175219 -7.234576 -0.172753
v -1.175219 -7.195559 -0.176596
v -1.175219 -7.272095 -0.161372
v -1.175219 -7.156540 -0.172753
v -1.175219 -7.336980 -0.118017
v -1.175219 -7.391716 0.062422
v -1.175219 -7.361852 -0.087710
v -1.175219 -7.306673 -0.142890
v -1.175219 -7.195559 0.223404
v -1.175219 -7.156540 0.219561
v -1.175219 -7.272095 0.208180
v -1.175219 -7.234576 0.219561
v -1.175219 -7.119022 0.208180
v -1.175219 -7.380334 0.099941
v -1.175219 -7.361852 0.134518
v -1.175219 -7.336980 0.164825
v -1.175219 -7.306673 0.189698
v -1.175219 -7.119022 -0.161372
v -1.175219 -7.084445 -0.142890
v -1.175219 -7.054137 -0.118017
v -1.175219 -7.054137 0.164825
v -1.175219 -7.084445 0.189698
v -1.175219 -7.084445 0.189698
v -1.175219 -7.029264 -0.087710
v -1.175219 -7.029264 -0.087710
v -1.175219 -7.010782 -0.053133
v -1.175219 -6.999401 -0.015614
v -1.175219 -6.995558 0.023404
v -1.175219 -7.029264 0.134518
v -1.175219 -7.010782 0.099941
v -1.175219 -6.999401 0.062422
v -0.975219 -7.395558 0.023404
v -0.975219 -7.391716 0.062422
v -0.975219 -7.380334 0.099941
v -0.975219 -7.195559 -0.176596
v -0.975219 -7.272095 -0.161372
v -0.975219 -7.234576 -0.172753
v -0.975219 -7.156540 -0.172753
v -0.975219 -7.380334 -0.053133
v -0.975219 -7.361852 -0.087710
v -0.975219 -7.336980 -0.118018
v -0.975219 -7.306673 -0.142890
v -0.975219 -7.119022 -0.161372
v -0.975219 -7.391716 -0.015614
v -0.975219 -7.195559 0.223404
v -0.975219 -7.156540 0.219561
v -0.975219 -7.272095 0.208180
v -0.975219 -7.234576 0.219561
v -0.975219 -7.361852 0.134518
v -0.975219 -7.336980 0.164825
v -0.975219 -7.306673 0.189698
v -0.975219 -7.084445 -0.142890
v -0.975219 -7.054137 -0.118018
v -0.975219 -7.119022 0.208180
v -0.975219 -7.084445 0.189698
v -0.975219 -7.054137 0.164825
v -0.975219 -7.029264 -0.087710
v -0.975219 -6.999401 -0.015614
v -0.975219 -7.010782 -0.053133
v -0.975219 -6.995558 0.023404
v -0.975219 -7.029264 0.134518
v -0.975219 -7.029264 0.134518
v -0.975219 -7.010782 0.099941
v -0.975219 -6.999401 0.062422
v -2.375219 -7.380334 -0.053133
v -2.375219 -7.395558 0.023404
v -2.375219 -7.391716 -0.015614
v -2.375219 -7.234576 -0.172753
v -2.375219 -7.195559 -0.176596
v -2.375219 -7.272095 -0.161372
v -2.375219 -7.156540 -0.172753
v -2.375219 -7.391716 0.062422
v -2.375219 -7.361852 -0.087710
v -2.375219 -7.336980 -0.118017
v -2.375219 -7.306673 -0.142890
v -2.375219 -7.195559 0.223404
v -2.375219 -7.156540 0.219561
v -2.375219 -7.272095 0.208180
v -2.375219 -7.234576 0.219561
v -2.375219 -7.119022 0.208180
v -2.375219 -7.380334 0.099941
v -2.375219 -7.361852 0.134518
v -2.375219 -7.336980 0.164825
v -2.375219 -7.306673 0.189698
v -2.375219 -7.119022 -0.161372
v -2.375219 -7.084445 -0.142890
v -2.375219 -7.054137 -0.118017
v -2.375219 -7.084445 0.189698
v -2.375219 -7.084445 0.189698
v -2.375219 -7.054137 0.164825
v -2.375219 -7.029264 -0.087710
v -2.375219 -7.010782 -0.053133
v -2.375219 -6.999401 -0.015614
v -2.375219 -7.029264 0.134518
v -2.375219 -7.010782 0.099941
v -2.375219 -6.999401 0.062422
v -2.375219 -6.995558 0.023404
vn -0.0000 -0.0000 -1.0000
vn 1.0000 -0.0000 -0.0000
vn -0.0000 -0.0000 1.0000
vn -1.0000 -0.0000 -0.0000
vn -0.0000 -1.0000 -0.0000
vn -0.0000 1.0000 -0.0000
vn -0.0000 0.9988 0.0498
vn -0.0000 0.9859 0.1675
vn -0.0000 0.9389 0.3442
vn -0.0000 0.9389 -0.3442
vn -0.0000 0.9859 -0.1675
vn -0.0000 0.9988 -0.0498
vn -0.0000 0.8084 0.5887
vn -0.0000 0.8084 -0.5887
vn -0.0000 0.5788 0.8155
vn -0.0000 0.5788 -0.8155
vn -0.0000 0.2263 -0.9740
vn -0.0000 0.2263 0.9740
vn -0.0000 -0.9808 -0.1951
vn -0.0000 -0.9239 -0.3827
vn -0.0000 -0.8315 -0.5556
vn -0.0000 -0.8819 -0.4714
vn -0.0000 0.2430 -0.9700
vn -0.0000 -0.7071 -0.7071
vn -0.0000 -0.7730 -0.6344
vn -0.0000 -0.5556 -0.8315
vn -0.0000 -0.3827 -0.9239
vn -0.0000 -0.1951 -0.9808
vn -0.0000 0.1951 -0.9808
vn -0.0000 0.3827 -0.9239
vn -0.0000 0.5556 -0.8315
vn -0.0000 0.7071 -0.7071
vn -0.0000 0.8315 -0.5556
vn -0.0000 0.9239 -0.3827
vn -0.0000 0.9808 -0.1951
vn -0.0000 0.9808 0.1951
vn -0.0000 0.9239 0.3827
vn -0.0000 0.8315 0.5556
vn -0.0000 0.7071 0.7071
vn -0.0000 0.5556 0.8315
vn -0.0000 0.3827 0.9239
vn -0.0000 0.1951 0.9808
vn -0.0000 -0.1951 0.9808
vn -0.0000 -0.3827 0.9239
vn -0.0000 -0.4714 0.8819
vn -0.0000 -0.5556 0.8315
vn -0.0000 -0.6344 0.7730
vn -0.0000 -0.7071 0.7071
vn -0.0000 -0.8315 0.5556
vn -0.0000 -0.9239 0.3827
vn -0.0000 -0.9808 0.1951
vt 0.968564 0.415711
vt 0.977977 0.321422
vt 0.977977 0.415711
vt 0.318142 0.734052
vt 0.327568 0.639764
vt 0.327568 0.734052
vt 0.782864 0.781394
vt 0.792277 0.687106
vt 0.792277 0.781394
vt 0.213744 0.329146
vt 0.223171 0.234858
vt 0.223171 0.329146
vt 0.698026 0.404242
vt 0.792291 0.498530
vt 0.698026 0.498530
vt 0.014140 0.658210
vt 0.014140 0.667639
vt 0.000000 0.644067
vt 0.094264 0.644067
vt 0.080125 0.667639
vt 0.080125 0.658210
vt 0.080125 0.724212
vt 0.000000 0.738355
vt 0.014140 0.724212
vt 0.080125 0.714783
vt 0.094264 0.738355
vt 0.782851 0.931906
vt 0.792277 0.923621
vt 0.792277 0.931906
vt 0.014140 0.714783
vt 0.525419 0.950342
vt 0.515992 0.959518
vt 0.515992 0.950341
vt 0.782851 0.958797
vt 0.792277 0.949620
vt 0.792277 0.958797
vt 0.525419 0.967803
vt 0.515992 0.967803
vt 0.782851 0.941335
vt 0.782851 0.949620
vt 0.792277 0.941335
vt 0.525419 0.945035
vt 0.515992 0.945035
vt 0.792277 0.914444
vt 0.782851 0.923621
vt 0.782851 0.914444
vt 0.782851 0.964103
vt 0.792277 0.964103
vt 0.525419 0.977232
vt 0.515992 0.977232
vt 0.299130 0.768903
vt 0.297279 0.789239
vt 0.298949 0.767063
vt 0.317802 0.767063
vt 0.317621 0.765224
vt 0.327228 0.734062
vt 0.088269 0.797140
vt 0.097695 0.794206
vt 0.097695 0.797140
vt 0.792277 0.909138
vt 0.782851 0.909138
vt 0.909940 0.588962
vt 0.919366 0.586028
vt 0.919366 0.588962
vt 0.515992 0.985517
vt 0.840251 0.577652
vt 0.844136 0.590651
vt 0.840251 0.603651
vt 0.872415 0.557650
vt 0.862989 0.590651
vt 0.862807 0.588812
vt 0.299469 0.854809
vt 0.297618 0.875146
vt 0.299288 0.852969
vt 0.327568 0.819969
vt 0.318141 0.852969
vt 0.317960 0.851130
vt 0.213744 0.688489
vt 0.223171 0.685555
vt 0.223171 0.688489
vt 0.910595 0.737942
vt 0.914480 0.750941
vt 0.910595 0.763940
vt 0.933333 0.750941
vt 0.933152 0.749102
vt 0.942759 0.717940
vt 0.515992 0.994694
vt 0.525419 0.985517
vt 0.525419 0.994694
vt 0.909940 0.613578
vt 0.919366 0.594749
vt 0.919366 0.613578
vt 0.936147 0.887969
vt 0.945574 0.869140
vt 0.945574 0.887969
vt 0.088269 0.821756
vt 0.097695 0.802926
vt 0.097695 0.821756
vt 0.213744 0.713105
vt 0.223171 0.694276
vt 0.223171 0.713105
vt 0.515992 1.000000
vt 0.525419 1.000000
vt 0.909940 0.594749
vt 0.936147 0.869140
vt 0.945574 0.863353
vt 0.088269 0.802926
vt 0.213744 0.694276
vt 0.936147 0.863353
vt 0.945574 0.860419
vt 0.929025 0.076509
vt 0.938451 0.078349
vt 0.929025 0.078349
vt 0.412406 0.632352
vt 0.402979 0.630512
vt 0.412406 0.630512
vt 0.938451 0.074741
vt 0.938451 0.076509
vt 0.412406 0.628743
vt 0.402979 0.628743
vt 0.929025 0.074741
vt 0.938451 0.073110
vt 0.412406 0.627113
vt 0.402979 0.627113
vt 0.929025 0.073110
vt 0.938451 0.071682
vt 0.210916 0.393069
vt 0.212345 0.402498
vt 0.210916 0.402498
vt 0.525523 0.968040
vt 0.534949 0.969402
vt 0.525523 0.969402
vt 0.181355 0.967323
vt 0.190781 0.968685
vt 0.181355 0.968685
vt 0.525523 0.970982
vt 0.181355 0.970265
vt 0.534949 0.970982
vt 0.525523 0.972719
vt 0.181355 0.972002
vt 0.190781 0.970265
vt 0.190781 0.972002
vt 0.534949 0.972719
vt 0.525523 0.974546
vt 0.181355 0.973829
vt 0.534949 0.974546
vt 0.525523 0.976393
vt 0.190781 0.973829
vt 0.181355 0.975676
vt 0.534949 0.976393
vt 0.525523 0.978188
vt 0.190781 0.975676
vt 0.181355 0.977471
vt 0.534949 0.978188
vt 0.525523 0.979863
vt 0.190781 0.977471
vt 0.181355 0.979146
vt 0.534949 0.979863
vt 0.525523 0.981354
vt 0.190781 0.979146
vt 0.181355 0.980637
vt 0.940285 0.387424
vt 0.930859 0.388853
vt 0.930859 0.387424
vt 0.925702 0.219339
vt 0.916276 0.220768
vt 0.916276 0.219339
vt 0.940285 0.388853
vt 0.930859 0.390483
vt 0.916276 0.222398
vt 0.925702 0.220768
vt 0.925702 0.222398
vt 0.940285 0.390483
vt 0.930859 0.392252
vt 0.916276 0.224167
vt 0.940285 0.392252
vt 0.930859 0.394091
vt 0.916276 0.226006
vt 0.925702 0.224167
vt 0.925702 0.226006
vt 0.940285 0.394091
vt 0.930859 0.395931
vt 0.916276 0.227846
vt 0.925702 0.227846
vt 0.940285 0.397700
vt 0.940285 0.395931
vt 0.925702 0.229615
vt 0.916276 0.229615
vt 0.940285 0.399330
vt 0.930859 0.397700
vt 0.925702 0.231245
vt 0.916276 0.231245
vt 0.940285 0.400759
vt 0.930859 0.399330
vt 0.925702 0.232674
vt 0.916276 0.232674
vt 0.393553 0.637574
vt 0.402979 0.639065
vt 0.393553 0.639065
vt 0.171928 0.979146
vt 0.181355 0.979146
vt 0.393553 0.635899
vt 0.402979 0.637574
vt 0.171928 0.977471
vt 0.393553 0.634104
vt 0.402979 0.635899
vt 0.171928 0.975676
vt 0.393553 0.632257
vt 0.402979 0.634104
vt 0.171928 0.973829
vt 0.181355 0.973829
vt 0.393553 0.630430
vt 0.402979 0.632257
vt 0.171928 0.972002
vt 0.181355 0.972002
vt 0.393553 0.628693
vt 0.402979 0.630430
vt 0.171928 0.970265
vt 0.181355 0.970265
vt 0.393553 0.627113
vt 0.402979 0.628693
vt 0.171928 0.968685
vt 0.181355 0.968685
vt 0.223845 0.348004
vt 0.222483 0.338575
vt 0.223845 0.338575
vt 0.171928 0.967323
vt 0.181355 0.967323
vt 0.929025 0.083587
vt 0.938451 0.085016
vt 0.929025 0.085016
vt 0.412406 0.639019
vt 0.402979 0.637590
vt 0.412406 0.637590
vt 0.929025 0.081957
vt 0.938451 0.083587
vt 0.412406 0.635960
vt 0.402979 0.635960
vt 0.929025 0.080188
vt 0.938451 0.081957
vt 0.402979 0.634191
vt 0.412406 0.634191
vt 0.938451 0.080188
vt 0.402979 0.632352
vt 0.968564 0.321422
vt 0.318142 0.639764
vt 0.782864 0.687106
vt 0.213744 0.234858
vt 0.792291 0.404242
vt 0.525419 0.959518
vt 0.303138 0.774903
vt 0.302733 0.797292
vt 0.301710 0.773730
vt 0.299946 0.794546
vt 0.295064 0.780063
vt 0.299667 0.770672
vt 0.300538 0.772302
vt 0.294236 0.771778
vt 0.294236 0.762349
vt 0.295064 0.754064
vt 0.297279 0.744887
vt 0.299946 0.739581
vt 0.299130 0.765224
vt 0.300538 0.761825
vt 0.299667 0.763455
vt 0.301710 0.760396
vt 0.302733 0.736835
vt 0.308375 0.734062
vt 0.304768 0.758352
vt 0.327228 0.800064
vt 0.308375 0.800064
vt 0.316213 0.772302
vt 0.304768 0.775774
vt 0.195834 0.234858
vt 0.303138 0.759224
vt 0.316213 0.761825
vt 0.306536 0.757816
vt 0.306536 0.776311
vt 0.308375 0.776492
vt 0.308375 0.757634
vt 0.310214 0.757816
vt 0.310214 0.776311
vt 0.311983 0.775774
vt 0.311983 0.758352
vt 0.313612 0.759224
vt 0.313612 0.774903
vt 0.315041 0.773730
vt 0.315041 0.760396
vt 0.317084 0.770672
vt 0.317621 0.768903
vt 0.317084 0.763455
vt 0.088269 0.794206
vt 0.909940 0.586028
vt 0.846897 0.597318
vt 0.848325 0.598491
vt 0.847920 0.620880
vt 0.845133 0.618134
vt 0.842466 0.612827
vt 0.844317 0.592491
vt 0.844853 0.594260
vt 0.839423 0.595366
vt 0.839423 0.585937
vt 0.842466 0.568475
vt 0.845133 0.563169
vt 0.844317 0.588812
vt 0.845724 0.585413
vt 0.844853 0.587043
vt 0.845724 0.595890
vt 0.847920 0.560423
vt 0.846897 0.583984
vt 0.853562 0.557650
vt 0.849955 0.581940
vt 0.848325 0.582811
vt 0.872415 0.623652
vt 0.853562 0.623652
vt 0.861400 0.595890
vt 0.849955 0.599362
vt 0.861400 0.585413
vt 0.851723 0.599899
vt 0.853562 0.600080
vt 0.851723 0.581404
vt 0.853562 0.581222
vt 0.855401 0.599899
vt 0.857170 0.599362
vt 0.855401 0.581404
vt 0.857170 0.581940
vt 0.858799 0.598491
vt 0.860228 0.597318
vt 0.858799 0.582811
vt 0.860228 0.583984
vt 0.862271 0.594260
vt 0.862807 0.592491
vt 0.862271 0.587043
vt 0.303478 0.860809
vt 0.303072 0.883198
vt 0.302049 0.859637
vt 0.300285 0.880452
vt 0.295403 0.865969
vt 0.300006 0.856578
vt 0.300877 0.858208
vt 0.294575 0.857684
vt 0.294575 0.848255
vt 0.295403 0.839970
vt 0.297618 0.830793
vt 0.300285 0.825487
vt 0.299469 0.851130
vt 0.300877 0.847731
vt 0.300006 0.849361
vt 0.303072 0.822741
vt 0.302049 0.846302
vt 0.308715 0.819969
vt 0.305107 0.844258
vt 0.303478 0.845130
vt 0.327568 0.885970
vt 0.308715 0.885970
vt 0.316552 0.858208
vt 0.305107 0.861681
vt 0.306876 0.862217
vt 0.316552 0.847731
vt 0.308715 0.862398
vt 0.310554 0.862217
vt 0.306876 0.843722
vt 0.308715 0.843541
vt 0.312322 0.861681
vt 0.313952 0.860809
vt 0.310554 0.843722
vt 0.312322 0.844258
vt 0.315380 0.859637
vt 0.313952 0.845130
vt 0.315380 0.846302
vt 0.317424 0.856578
vt 0.317960 0.854809
vt 0.317424 0.849361
vt 0.213744 0.685555
vt 0.917241 0.757608
vt 0.918669 0.758781
vt 0.918264 0.781169
vt 0.915477 0.778424
vt 0.912810 0.773117
vt 0.914661 0.752781
vt 0.915198 0.754549
vt 0.909767 0.755655
vt 0.909767 0.746227
vt 0.912810 0.728765
vt 0.915477 0.723459
vt 0.914661 0.749102
vt 0.916069 0.745703
vt 0.915198 0.747333
vt 0.916069 0.756180
vt 0.917241 0.744274
vt 0.918264 0.720713
vt 0.923906 0.717940
vt 0.920299 0.742230
vt 0.942759 0.783942
vt 0.923906 0.783942
vt 0.931744 0.756180
vt 0.920299 0.759652
vt 0.918669 0.743101
vt 0.931744 0.745703
vt 0.922067 0.741693
vt 0.922067 0.760189
vt 0.923906 0.760370
vt 0.923906 0.741512
vt 0.925745 0.741693
vt 0.925745 0.760189
vt 0.927514 0.759652
vt 0.927514 0.742230
vt 0.929143 0.743101
vt 0.929143 0.758781
vt 0.930572 0.757608
vt 0.930572 0.744274
vt 0.932615 0.754549
vt 0.933152 0.752781
vt 0.932615 0.747333
vt 0.936147 0.860419
vt 0.929025 0.071682
vt 0.212345 0.393069
vt 0.534949 0.968040
vt 0.190781 0.967323
vt 0.534949 0.981354
vt 0.190781 0.980637
vt 0.930859 0.400759
vt 0.171928 0.980637
vt 0.222483 0.348004
vt 0.402979 0.639019
s 1
usemtl 
f 1051/2230/259 1045/2231/259 1043/2232/259
f 1052/2233/260 1049/2234/260 1045/2235/260
f 1053/2236/261 1047/2237/261 1049/2238/261
f 1054/2239/262 1043/2240/262 1047/2241/262
f 1049/2242/263 1043/2243/263 1045/2244/263
f 1055/2245/264 1044/2246/264 1051/2247/264
f 1054/2248/264 1048/2249/264 1058/2250/264
f 1057/2251/264 1052/2252/264 1056/2253/264
f 1050/2254/264 1054/2248/264 1053/2255/264
f 1055/2245/264 1054/2248/264 1058/2250/264
f 1057/2251/264 1050/2254/264 1053/2255/264
f 1061/2256/265 1073/2257/266 1065/2258/265
f 1056/2253/264 1052/2252/264 1046/2259/264
f 1051/2247/264 1046/2259/264 1052/2252/264
f 1046/2259/264 1048/2249/264 1050/2254/264
f 1076/2260/267 1072/2261/266 1080/2262/267
f 1078/2263/268 1074/2264/269 1082/2265/268
f 1072/2261/266 1060/2266/265 1064/2267/265
f 1062/2268/270 1074/2264/269 1070/2269/269
f 1066/2270/270 1061/2256/265 1065/2258/265
f 1084/2271/271 1080/2262/267 1088/2272/271
f 1081/2273/267 1069/2274/266 1077/2275/267
f 1086/2276/272 1082/2265/268 1090/2277/272
f 1064/2267/265 1059/2278/270 1063/2279/270
f 1134/2280/260 1082/2281/260 1139/2282/260
f 1107/2283/260 1108/2284/260 1048/2285/260
f 1093/2286/273 1088/2287/271 1102/2288/273
f 1089/2289/271 1077/2275/267 1085/2290/271
f 1097/2291/274 1090/2292/272 1106/2293/274
f 1059/2278/270 1071/2294/269 1063/2279/270
f 1071/2295/262 1170/2296/262 1072/2297/262
f 1046/2298/262 1141/2299/262 1142/2300/262
f 1200/2301/260 1075/2302/260 1202/2303/260
f 1057/2304/260 1174/2305/260 1175/2306/260
f 1103/2307/273 1085/2308/271 1096/2309/273
f 1070/2310/262 1239/2311/262 1069/2312/262
f 1208/2313/262 1209/2314/262 1055/2315/262
f 1079/2316/268 1067/2317/269 1075/2318/268
f 1055/2319/259 1105/2320/275 1044/2321/259
f 1046/2322/259 1091/2323/275 1056/2324/259
f 1057/2325/261 1101/2326/276 1050/2327/261
f 1048/2328/261 1095/2329/276 1058/2330/261
f 1087/2331/272 1075/2318/268 1083/2332/272
f 1098/2333/275 1106/2293/274 1105/2320/275
f 1100/2334/275 1092/2335/274 1091/2323/275
f 1094/2336/276 1102/2288/273 1101/2326/276
f 1104/2337/276 1096/2309/273 1095/2329/276
f 1099/2338/274 1083/2339/272 1092/2335/274
f 1138/2340/277 1239/2341/263 1139/2342/263
f 1170/2343/263 1206/2344/277 1173/2345/277
f 1138/2340/277 1237/2346/278 1238/2347/277
f 1172/2348/278 1206/2344/277 1205/2349/278
f 1137/2350/278 1236/2351/279 1237/2346/278
f 1171/2352/280 1205/2349/278 1204/2353/281
f 1136/2354/279 1232/2355/282 1236/2351/279
f 1163/2356/282 1203/2357/283 1198/2358/282
f 1232/2359/282 1131/2360/284 1230/2361/284
f 1163/2362/282 1197/2363/284 1164/2364/284
f 1131/2360/284 1222/2365/285 1230/2361/284
f 1197/2363/284 1155/2366/285 1164/2364/284
f 1130/2367/285 1219/2368/286 1222/2365/285
f 1152/2369/286 1196/2370/285 1188/2371/286
f 1122/2372/286 1218/2373/259 1219/2368/286
f 1188/2371/286 1151/2374/259 1152/2369/286
f 1120/2375/259 1221/2376/287 1218/2373/259
f 1187/2377/259 1154/2378/287 1151/2374/259
f 1121/2379/287 1220/2380/288 1221/2376/287
f 1190/2381/287 1153/2382/288 1154/2378/287
f 1124/2383/288 1226/2384/289 1220/2380/288
f 1189/2385/288 1159/2386/289 1153/2382/288
f 1123/2387/289 1225/2388/290 1226/2384/289
f 1193/2389/289 1158/2390/290 1159/2386/289
f 1126/2391/290 1224/2392/291 1225/2393/290
f 1192/2394/290 1157/2395/291 1158/2396/290
f 1125/2397/291 1223/2398/292 1224/2392/291
f 1156/2399/292 1191/2400/291 1176/2401/292
f 1109/2402/292 1214/2403/293 1223/2398/292
f 1176/2401/292 1148/2404/293 1156/2399/292
f 1108/2405/293 1208/2406/264 1214/2403/293
f 1141/2407/264 1175/2408/293 1174/2409/264
f 1107/2410/264 1209/2411/294 1208/2406/264
f 1142/2412/294 1174/2409/264 1186/2413/294
f 1119/2414/295 1209/2411/294 1118/2415/294
f 1142/2412/294 1181/2416/295 1140/2417/295
f 1114/2418/296 1207/2419/295 1119/2414/295
f 1140/2417/295 1182/2420/296 1149/2421/296
f 1115/2422/297 1215/2423/296 1114/2418/296
f 1149/2421/296 1183/2424/297 1147/2425/297
f 1116/2426/298 1216/2427/297 1115/2428/297
f 1147/2390/297 1184/2429/298 1150/2430/298
f 1111/2431/299 1217/2432/298 1116/2426/298
f 1150/2430/298 1178/2433/299 1145/2382/299
f 1112/2434/300 1212/2435/299 1111/2431/299
f 1145/2382/299 1179/2436/300 1143/2378/300
f 1110/2437/261 1210/2438/300 1112/2434/300
f 1143/2378/300 1177/2439/261 1144/2440/261
f 1113/2441/301 1211/2442/261 1110/2437/261
f 1144/2440/261 1180/2443/301 1146/2444/301
f 1117/2445/302 1213/2446/301 1113/2441/301
f 1146/2444/301 1185/2447/302 1160/2448/302
f 1127/2449/303 1227/2450/302 1117/2445/302
f 1160/2448/302 1194/2451/304 1161/2452/304
f 1128/2453/305 1229/2454/306 1228/2455/305
f 1161/2452/304 1195/2456/306 1162/2457/306
f 1133/2458/307 1229/2459/306 1129/2460/306
f 1162/2461/306 1199/2462/307 1166/2463/307
f 1135/2464/308 1233/2465/307 1133/2458/307
f 1168/2466/308 1166/2463/307 1201/2467/308
f 1134/2468/309 1234/2469/308 1135/2464/308
f 1168/2466/308 1200/2470/309 1169/2471/309
f 1139/2342/263 1235/2472/309 1134/2468/309
f 1169/2471/309 1202/2473/263 1170/2343/263
f 1051/2230/259 1052/2474/259 1045/2231/259
f 1052/2233/260 1053/2475/260 1049/2234/260
f 1053/2236/261 1054/2476/261 1047/2237/261
f 1054/2239/262 1051/2477/262 1043/2240/262
f 1049/2242/263 1047/2478/263 1043/2243/263
f 1057/2251/264 1053/2255/264 1052/2252/264
f 1050/2254/264 1048/2249/264 1054/2248/264
f 1055/2245/264 1051/2247/264 1054/2248/264
f 1061/2256/265 1069/2274/266 1073/2257/266
f 1051/2247/264 1044/2246/264 1046/2259/264
f 1046/2259/264 1044/2246/264 1048/2249/264
f 1076/2260/267 1068/2479/266 1072/2261/266
f 1078/2263/268 1070/2269/269 1074/2264/269
f 1072/2261/266 1068/2479/266 1060/2266/265
f 1062/2268/270 1066/2270/270 1074/2264/269
f 1066/2270/270 1062/2268/270 1061/2256/265
f 1084/2271/271 1076/2260/267 1080/2262/267
f 1081/2273/267 1073/2257/266 1069/2274/266
f 1086/2276/272 1078/2263/268 1082/2265/268
f 1064/2267/265 1060/2266/265 1059/2278/270
f 1128/2480/260 1106/2481/260 1129/2482/260
f 1106/2481/260 1090/2483/260 1129/2482/260
f 1090/2483/260 1082/2281/260 1134/2280/260
f 1082/2281/260 1074/2484/260 1139/2282/260
f 1090/2483/260 1135/2485/260 1133/2486/260
f 1074/2484/260 1066/2487/260 1065/2488/260
f 1065/2488/260 1073/2489/260 1074/2484/260
f 1073/2489/260 1081/2490/260 1139/2282/260
f 1074/2484/260 1073/2489/260 1139/2282/260
f 1081/2490/260 1089/2491/260 1138/2492/260
f 1089/2491/260 1136/2493/260 1137/2494/260
f 1089/2491/260 1137/2494/260 1138/2492/260
f 1135/2485/260 1090/2483/260 1134/2280/260
f 1129/2482/260 1090/2483/260 1133/2486/260
f 1081/2490/260 1138/2492/260 1139/2282/260
f 1132/2495/260 1136/2493/260 1089/2491/260
f 1089/2491/260 1103/2496/260 1132/2495/260
f 1103/2496/260 1104/2497/260 1130/2498/260
f 1044/2499/260 1105/2500/260 1114/2501/260
f 1105/2500/260 1106/2481/260 1117/2502/260
f 1117/2502/260 1106/2481/260 1128/2480/260
f 1128/2503/264 1127/2503/264 1117/2503/264
f 1103/2496/260 1130/2498/260 1131/2504/260
f 1104/2497/260 1048/2285/260 1125/2505/260
f 1130/2498/260 1104/2497/260 1122/2506/260
f 1131/2504/260 1132/2495/260 1103/2496/260
f 1105/2500/260 1117/2502/260 1113/2507/260
f 1105/2500/260 1113/2507/260 1110/2508/260
f 1122/2506/260 1104/2497/260 1120/2509/260
f 1120/2509/260 1104/2497/260 1121/2510/260
f 1105/2500/260 1110/2508/260 1112/2511/260
f 1105/2500/260 1112/2511/260 1111/2512/260
f 1121/2510/260 1104/2497/260 1124/2513/260
f 1124/2513/260 1104/2497/260 1123/2514/260
f 1105/2500/260 1111/2512/260 1116/2515/260
f 1105/2500/260 1116/2515/260 1115/2516/260
f 1123/2514/260 1104/2497/260 1126/2517/260
f 1126/2517/260 1104/2497/260 1125/2505/260
f 1105/2500/260 1115/2516/260 1114/2501/260
f 1044/2499/260 1114/2501/260 1119/2518/260
f 1044/2499/260 1119/2518/260 1118/2519/260
f 1109/2520/260 1125/2505/260 1048/2285/260
f 1108/2284/260 1109/2520/260 1048/2285/260
f 1048/2285/260 1044/2499/260 1107/2283/260
f 1044/2499/260 1118/2519/260 1107/2283/260
f 1093/2286/273 1084/2521/271 1088/2287/271
f 1089/2289/271 1081/2273/267 1077/2275/267
f 1097/2291/274 1086/2522/272 1090/2292/272
f 1059/2278/270 1067/2317/269 1071/2294/269
f 1163/2523/262 1165/2524/262 1102/2525/262
f 1102/2525/262 1088/2526/262 1163/2523/262
f 1088/2526/262 1080/2527/262 1173/2528/262
f 1172/2529/262 1088/2526/262 1173/2528/262
f 1080/2527/262 1072/2297/262 1170/2296/262
f 1072/2297/262 1064/2530/262 1071/2295/262
f 1080/2527/262 1170/2296/262 1173/2528/262
f 1064/2530/262 1063/2531/262 1071/2295/262
f 1071/2295/262 1079/2532/262 1170/2296/262
f 1079/2532/262 1087/2533/262 1169/2534/262
f 1087/2533/262 1167/2535/262 1168/2536/262
f 1087/2533/262 1168/2536/262 1169/2534/262
f 1079/2532/262 1169/2534/262 1170/2296/262
f 1088/2526/262 1172/2529/262 1171/2537/262
f 1171/2537/262 1163/2523/262 1088/2526/262
f 1166/2503/264 1167/2503/264 1087/2503/264
f 1087/2533/262 1099/2538/262 1162/2539/262
f 1099/2538/262 1100/2540/262 1160/2541/262
f 1161/2542/262 1099/2538/262 1160/2541/262
f 1050/2543/262 1101/2544/262 1157/2545/262
f 1101/2544/262 1102/2525/262 1155/2546/262
f 1155/2546/262 1102/2525/262 1165/2524/262
f 1165/2503/264 1164/2503/264 1155/2503/264
f 1099/2538/262 1161/2542/262 1162/2539/262
f 1100/2540/262 1046/2298/262 1149/2547/262
f 1162/2539/262 1166/2535/262 1087/2533/262
f 1101/2544/262 1155/2546/262 1152/2548/262
f 1101/2544/262 1152/2548/262 1151/2549/262
f 1160/2541/262 1100/2540/262 1146/2550/262
f 1146/2550/262 1100/2540/262 1144/2551/262
f 1101/2544/262 1151/2549/262 1154/2552/262
f 1101/2544/262 1154/2552/262 1153/2553/262
f 1144/2551/262 1100/2540/262 1143/2554/262
f 1143/2554/262 1100/2540/262 1145/2555/262
f 1101/2544/262 1153/2553/262 1159/2556/262
f 1101/2544/262 1159/2556/262 1158/2557/262
f 1145/2555/262 1100/2540/262 1150/2558/262
f 1150/2558/262 1100/2540/262 1147/2559/262
f 1101/2544/262 1158/2557/262 1157/2545/262
f 1147/2559/262 1100/2540/262 1149/2547/262
f 1050/2543/262 1157/2545/262 1156/2560/262
f 1050/2543/262 1156/2560/262 1148/2561/262
f 1140/2562/262 1149/2547/262 1046/2298/262
f 1046/2298/262 1050/2543/262 1141/2299/262
f 1050/2543/262 1148/2561/262 1141/2299/262
f 1142/2300/262 1140/2562/262 1046/2298/262
f 1194/2563/260 1092/2564/260 1195/2565/260
f 1092/2564/260 1083/2566/260 1195/2565/260
f 1083/2566/260 1075/2302/260 1200/2301/260
f 1075/2302/260 1067/2567/260 1202/2303/260
f 1083/2566/260 1201/2568/260 1199/2569/260
f 1067/2567/260 1059/2570/260 1060/2571/260
f 1060/2571/260 1068/2572/260 1067/2567/260
f 1068/2572/260 1076/2573/260 1202/2303/260
f 1067/2567/260 1068/2572/260 1202/2303/260
f 1076/2573/260 1084/2574/260 1206/2575/260
f 1084/2574/260 1204/2576/260 1205/2577/260
f 1084/2574/260 1205/2577/260 1206/2575/260
f 1201/2568/260 1083/2566/260 1200/2301/260
f 1195/2565/260 1083/2566/260 1199/2569/260
f 1076/2573/260 1206/2575/260 1202/2303/260
f 1203/2576/260 1204/2576/260 1084/2574/260
f 1084/2574/260 1093/2578/260 1198/2579/260
f 1093/2578/260 1094/2580/260 1196/2581/260
f 1197/2582/260 1093/2578/260 1196/2581/260
f 1056/2583/260 1091/2584/260 1182/2585/260
f 1091/2584/260 1092/2564/260 1185/2586/260
f 1180/2587/260 1091/2584/260 1185/2586/260
f 1092/2564/260 1194/2563/260 1185/2586/260
f 1093/2578/260 1197/2582/260 1198/2579/260
f 1094/2580/260 1057/2304/260 1191/2588/260
f 1198/2579/260 1203/2576/260 1084/2574/260
f 1091/2584/260 1180/2587/260 1177/2589/260
f 1091/2584/260 1177/2589/260 1179/2590/260
f 1196/2581/260 1094/2580/260 1188/2591/260
f 1188/2591/260 1094/2580/260 1187/2592/260
f 1091/2584/260 1179/2590/260 1178/2593/260
f 1091/2584/260 1178/2593/260 1184/2594/260
f 1187/2592/260 1094/2580/260 1190/2595/260
f 1190/2595/260 1094/2580/260 1189/2596/260
f 1091/2584/260 1184/2594/260 1183/2597/260
f 1091/2584/260 1183/2597/260 1182/2585/260
f 1189/2596/260 1094/2580/260 1193/2598/260
f 1193/2598/260 1094/2580/260 1192/2599/260
f 1056/2583/260 1182/2585/260 1181/2600/260
f 1192/2599/260 1094/2580/260 1191/2588/260
f 1056/2583/260 1181/2600/260 1186/2601/260
f 1056/2583/260 1186/2601/260 1174/2305/260
f 1176/2602/260 1191/2588/260 1057/2304/260
f 1057/2304/260 1056/2583/260 1174/2305/260
f 1175/2306/260 1176/2602/260 1057/2304/260
f 1103/2307/273 1089/2603/271 1085/2308/271
f 1232/2604/262 1231/2605/262 1096/2606/262
f 1096/2606/262 1085/2607/262 1232/2604/262
f 1085/2607/262 1077/2608/262 1238/2609/262
f 1237/2610/262 1085/2607/262 1238/2609/262
f 1077/2608/262 1069/2312/262 1239/2311/262
f 1069/2312/262 1061/2611/262 1070/2310/262
f 1077/2608/262 1239/2311/262 1238/2609/262
f 1061/2611/262 1062/2612/262 1070/2310/262
f 1070/2310/262 1078/2613/262 1239/2311/262
f 1078/2613/262 1086/2614/262 1235/2615/262
f 1086/2614/262 1233/2616/262 1234/2617/262
f 1086/2614/262 1234/2617/262 1235/2615/262
f 1078/2613/262 1235/2615/262 1239/2311/262
f 1085/2607/262 1237/2610/262 1236/2618/262
f 1236/2618/262 1232/2604/262 1085/2607/262
f 1229/2619/262 1233/2616/262 1086/2614/262
f 1086/2614/262 1097/2620/262 1229/2619/262
f 1097/2620/262 1098/2621/262 1227/2622/262
f 1058/2623/262 1095/2624/262 1224/2625/262
f 1095/2624/262 1096/2606/262 1222/2626/262
f 1096/2503/262 1231/2503/262 1230/2503/262
f 1096/2606/262 1230/2605/262 1222/2626/262
f 1097/2620/262 1227/2622/262 1228/2627/262
f 1098/2621/262 1055/2315/262 1215/2628/262
f 1227/2622/262 1098/2621/262 1213/2629/262
f 1228/2627/262 1229/2619/262 1097/2620/262
f 1095/2624/262 1222/2626/262 1219/2630/262
f 1095/2624/262 1219/2630/262 1218/2631/262
f 1213/2629/262 1098/2621/262 1211/2632/262
f 1211/2632/262 1098/2621/262 1210/2633/262
f 1095/2624/262 1218/2631/262 1221/2634/262
f 1095/2624/262 1221/2634/262 1220/2635/262
f 1210/2633/262 1098/2621/262 1212/2636/262
f 1212/2636/262 1098/2621/262 1217/2637/262
f 1095/2624/262 1220/2635/262 1226/2638/262
f 1095/2624/262 1226/2638/262 1225/2639/262
f 1217/2637/262 1098/2621/262 1216/2640/262
f 1216/2640/262 1098/2621/262 1215/2628/262
f 1095/2624/262 1225/2639/262 1224/2625/262
f 1058/2623/262 1224/2625/262 1223/2641/262
f 1058/2623/262 1223/2641/262 1214/2642/262
f 1207/2643/262 1215/2628/262 1055/2315/262
f 1209/2314/262 1207/2643/262 1055/2315/262
f 1055/2315/262 1058/2623/262 1208/2313/262
f 1058/2623/262 1214/2642/262 1208/2313/262
f 1079/2316/268 1071/2294/269 1067/2317/269
f 1055/2319/259 1098/2333/275 1105/2320/275
f 1046/2322/259 1100/2334/275 1091/2323/275
f 1057/2325/261 1094/2336/276 1101/2326/276
f 1048/2328/261 1104/2337/276 1095/2329/276
f 1087/2331/272 1079/2316/268 1075/2318/268
f 1098/2333/275 1097/2291/274 1106/2293/274
f 1100/2334/275 1099/2338/274 1092/2335/274
f 1094/2336/276 1093/2286/273 1102/2288/273
f 1104/2337/276 1103/2307/273 1096/2309/273
f 1099/2338/274 1087/2644/272 1083/2339/272
f 1138/2340/277 1238/2347/277 1239/2341/263
f 1170/2343/263 1202/2473/263 1206/2344/277
f 1138/2340/277 1137/2350/278 1237/2346/278
f 1172/2348/278 1173/2345/277 1206/2344/277
f 1137/2350/278 1136/2354/279 1236/2351/279
f 1204/2503/281 1203/2503/264 1171/2503/280
f 1171/2352/280 1172/2348/278 1205/2349/278
f 1136/2354/279 1132/2645/282 1232/2355/282
f 1163/2356/282 1171/2646/283 1203/2357/283
f 1232/2359/282 1132/2647/282 1131/2360/284
f 1230/2503/264 1231/2503/264 1232/2503/264
f 1164/2503/264 1165/2503/264 1163/2503/264
f 1163/2362/282 1198/2648/282 1197/2363/284
f 1131/2360/284 1130/2367/285 1222/2365/285
f 1197/2363/284 1196/2370/285 1155/2366/285
f 1130/2367/285 1122/2372/286 1219/2368/286
f 1152/2369/286 1155/2366/285 1196/2370/285
f 1122/2372/286 1120/2375/259 1218/2373/259
f 1188/2371/286 1187/2377/259 1151/2374/259
f 1120/2375/259 1121/2379/287 1221/2376/287
f 1187/2377/259 1190/2381/287 1154/2378/287
f 1121/2379/287 1124/2383/288 1220/2380/288
f 1190/2381/287 1189/2385/288 1153/2382/288
f 1124/2383/288 1123/2387/289 1226/2384/289
f 1189/2385/288 1193/2389/289 1159/2386/289
f 1123/2387/289 1126/2649/290 1225/2388/290
f 1193/2389/289 1192/2650/290 1158/2390/290
f 1126/2391/290 1125/2397/291 1224/2392/291
f 1192/2394/290 1191/2400/291 1157/2395/291
f 1125/2397/291 1109/2402/292 1223/2398/292
f 1156/2399/292 1157/2395/291 1191/2400/291
f 1109/2402/292 1108/2405/293 1214/2403/293
f 1176/2401/292 1175/2408/293 1148/2404/293
f 1108/2405/293 1107/2410/264 1208/2406/264
f 1141/2407/264 1148/2404/293 1175/2408/293
f 1107/2410/264 1118/2415/294 1209/2411/294
f 1142/2412/294 1141/2407/264 1174/2409/264
f 1119/2414/295 1207/2419/295 1209/2411/294
f 1142/2412/294 1186/2413/294 1181/2416/295
f 1114/2418/296 1215/2423/296 1207/2419/295
f 1140/2417/295 1181/2416/295 1182/2420/296
f 1115/2422/297 1216/2651/297 1215/2423/296
f 1149/2421/296 1182/2420/296 1183/2424/297
f 1116/2426/298 1217/2432/298 1216/2427/297
f 1147/2390/297 1183/2652/297 1184/2429/298
f 1111/2431/299 1212/2435/299 1217/2432/298
f 1150/2430/298 1184/2429/298 1178/2433/299
f 1112/2434/300 1210/2438/300 1212/2435/299
f 1145/2382/299 1178/2433/299 1179/2436/300
f 1110/2437/261 1211/2442/261 1210/2438/300
f 1143/2378/300 1179/2436/300 1177/2439/261
f 1113/2441/301 1213/2446/301 1211/2442/261
f 1144/2440/261 1177/2439/261 1180/2443/301
f 1117/2445/302 1227/2450/302 1213/2446/301
f 1146/2444/301 1180/2443/301 1185/2447/302
f 1127/2449/303 1228/2353/303 1227/2450/302
f 1160/2448/302 1185/2447/302 1194/2451/304
f 1228/2503/264 1127/2503/264 1128/2503/264
f 1128/2453/305 1129/2653/306 1229/2454/306
f 1161/2452/304 1194/2451/304 1195/2456/306
f 1133/2458/307 1233/2465/307 1229/2459/306
f 1162/2461/306 1195/2654/306 1199/2462/307
f 1135/2464/308 1234/2469/308 1233/2465/307
f 1168/2503/264 1167/2503/264 1166/2503/264
f 1166/2463/307 1199/2462/307 1201/2467/308
f 1134/2468/309 1235/2472/309 1234/2469/308
f 1168/2466/308 1201/2467/308 1200/2470/309
f 1139/2342/263 1239/2341/263 1235/2472/309
f 1169/2471/309 1200/2470/309 1202/2473/263
o fuss.r
v 0.671041 -7.795558 -0.976595
v 1.171041 -7.595558 -0.676595
v 2.671041 -7.795558 -0.976596
v 2.171041 -7.595558 -0.676595
v 0.671041 -7.795558 1.023405
v 1.171041 -7.595558 0.723405
v 2.671041 -7.795558 1.023404
v 2.171041 -7.595558 0.723405
v 0.671041 -7.595558 -0.976595
v 2.671041 -7.595558 -0.976596
v 2.671041 -7.595558 1.023404
v 0.671041 -7.595558 1.023405
v 0.971041 -7.595558 -0.676595
v 2.371041 -7.595558 -0.676595
v 2.371041 -7.595558 0.723405
v 0.971041 -7.595558 0.723405
v 2.371041 -6.895558 -0.076596
v 2.371041 -6.895558 0.123404
v 0.971041 -6.895558 0.123405
v 0.971041 -6.895558 -0.076595
v 2.171041 -6.895558 -0.076596
v 2.171041 -6.895558 0.123405
v 1.171041 -6.895558 0.123405
v 1.171041 -6.895558 -0.076595
v 2.371041 -6.913132 -0.252331
v 2.371041 -6.913132 0.299140
v 0.971041 -6.913132 0.299141
v 0.971041 -6.913132 -0.252331
v 2.171041 -6.913132 -0.252331
v 2.171041 -6.913132 0.299140
v 1.171041 -6.913132 0.299141
v 1.171041 -6.913132 -0.252331
v 2.371041 -6.960125 -0.446985
v 2.371041 -6.960125 0.493794
v 0.971041 -6.960125 0.493795
v 0.971041 -6.960125 -0.446985
v 2.171041 -6.960125 -0.446985
v 2.171041 -6.960125 0.493794
v 1.171041 -6.960125 0.493795
v 1.171041 -6.960125 -0.446985
v 2.371041 -7.016711 -0.559541
v 2.371041 -7.016711 0.606350
v 0.971041 -7.016711 0.606351
v 0.971041 -7.016711 -0.559541
v 2.171041 -7.016711 -0.559541
v 2.171041 -7.016711 0.606350
v 1.171041 -7.016711 0.606350
v 1.171041 -7.016711 -0.559541
v 2.371041 -7.195558 -0.676595
v 2.371041 -7.075847 -0.617785
v 2.371041 -7.075847 0.664594
v 2.371041 -7.195558 0.723405
v 0.971041 -7.195558 0.723405
v 0.971041 -7.075847 0.664594
v 0.971041 -7.075847 -0.617785
v 0.971041 -7.195558 -0.676595
v 2.171041 -7.075847 -0.617785
v 2.171041 -7.195558 -0.676595
v 2.171041 -7.195558 0.723405
v 2.171041 -7.075847 0.664594
v 1.171041 -7.075847 0.664594
v 1.171041 -7.195558 0.723405
v 1.171041 -7.195558 -0.676595
v 1.171041 -7.075847 -0.617785
v 1.171041 -7.395558 0.023405
v 1.171041 -7.391716 0.062423
v 1.171041 -7.380334 0.099941
v 1.171041 -7.195559 -0.176595
v 1.171041 -7.272095 -0.161371
v 1.171041 -7.234576 -0.172752
v 1.171041 -7.156540 -0.172752
v 1.171041 -7.361852 -0.087709
v 1.171041 -7.336980 -0.118017
v 1.171041 -7.306673 -0.142889
v 1.171041 -7.119022 -0.161371
v 1.171041 -7.391716 -0.015613
v 1.171041 -7.380334 -0.053132
v 1.171041 -7.195559 0.223405
v 1.171041 -7.234576 0.219562
v 1.171041 -7.156540 0.219562
v 1.171041 -7.306673 0.189699
v 1.171041 -7.272095 0.208181
v 1.171041 -7.361852 0.134519
v 1.171041 -7.336980 0.164826
v 1.171041 -7.084445 -0.142889
v 1.171041 -7.084445 -0.142889
v 1.171041 -7.054137 -0.118017
v 1.171041 -7.119022 0.208181
v 1.171041 -7.084445 0.189699
v 1.171041 -7.054137 0.164826
v 1.171041 -7.029264 -0.087709
v 1.171041 -6.999401 -0.015613
v 1.171041 -7.010782 -0.053132
v 1.171041 -7.029264 0.134519
v 1.171041 -7.010782 0.099941
v 1.171041 -6.999401 0.062423
v 1.171041 -6.995558 0.023405
v 2.171041 -7.380334 -0.053132
v 2.171041 -7.395558 0.023405
v 2.171041 -7.391716 -0.015614
v 2.171041 -7.234576 -0.172753
v 2.171041 -7.195559 -0.176595
v 2.171041 -7.272095 -0.161371
v 2.171041 -7.156540 -0.172753
v 2.171041 -7.336980 -0.118017
v 2.171041 -7.391716 0.062423
v 2.171041 -7.361852 -0.087710
v 2.171041 -7.306673 -0.142889
v 2.171041 -7.195559 0.223404
v 2.171041 -7.156540 0.219562
v 2.171041 -7.272095 0.208180
v 2.171041 -7.234576 0.219562
v 2.171041 -7.119022 0.208180
v 2.171041 -7.380334 0.099941
v 2.171041 -7.361852 0.134519
v 2.171041 -7.336980 0.164826
v 2.171041 -7.306673 0.189698
v 2.171041 -7.119022 -0.161371
v 2.171041 -7.084445 -0.142889
v 2.171041 -7.054137 -0.118017
v 2.171041 -7.054137 0.164826
v 2.171041 -7.084445 0.189698
v 2.171041 -7.084445 0.189698
v 2.171041 -7.029264 -0.087710
v 2.171041 -7.029264 -0.087710
v 2.171041 -7.010782 -0.053132
v 2.171041 -6.999401 -0.015614
v 2.171041 -6.995558 0.023405
v 2.171041 -7.029264 0.134519
v 2.171041 -7.010782 0.099941
v 2.171041 -6.999401 0.062423
v 2.371041 -7.395558 0.023404
v 2.371041 -7.391716 0.062423
v 2.371041 -7.380334 0.099941
v 2.371041 -7.195559 -0.176595
v 2.371041 -7.272095 -0.161371
v 2.371041 -7.234576 -0.172753
v 2.371041 -7.156540 -0.172753
v 2.371041 -7.380334 -0.053132
v 2.371041 -7.361852 -0.087710
v 2.371041 -7.336980 -0.118017
v 2.371041 -7.306673 -0.142889
v 2.371041 -7.119022 -0.161371
v 2.371041 -7.391716 -0.015614
v 2.371041 -7.195559 0.223404
v 2.371041 -7.156540 0.219562
v 2.371041 -7.272095 0.208180
v 2.371041 -7.234576 0.219562
v 2.371041 -7.361852 0.134519
v 2.371041 -7.336980 0.164826
v 2.371041 -7.306673 0.189698
v 2.371041 -7.084445 -0.142889
v 2.371041 -7.054137 -0.118017
v 2.371041 -7.119022 0.208180
v 2.371041 -7.084445 0.189698
v 2.371041 -7.054137 0.164826
v 2.371041 -7.029264 -0.087710
v 2.371041 -6.999401 -0.015614
v 2.371041 -7.010782 -0.053132
v 2.371041 -6.995558 0.023404
v 2.371041 -7.029264 0.134519
v 2.371041 -7.029264 0.134518
v 2.371041 -7.010782 0.099941
v 2.371041 -6.999401 0.062423
v 0.971041 -7.380334 -0.053132
v 0.971041 -7.395558 0.023405
v 0.971041 -7.391716 -0.015613
v 0.971041 -7.234576 -0.172752
v 0.971041 -7.195559 -0.176595
v 0.971041 -7.272095 -0.161371
v 0.971041 -7.156540 -0.172752
v 0.971041 -7.391716 0.062423
v 0.971041 -7.361852 -0.087709
v 0.971041 -7.336980 -0.118017
v 0.971041 -7.306673 -0.142889
v 0.971041 -7.195559 0.223405
v 0.971041 -7.156540 0.219562
v 0.971041 -7.272095 0.208181
v 0.971041 -7.234576 0.219562
v 0.971041 -7.119022 0.208181
v 0.971041 -7.380334 0.099941
v 0.971041 -7.361852 0.134519
v 0.971041 -7.336980 0.164826
v 0.971041 -7.306673 0.189699
v 0.971041 -7.119022 -0.161371
v 0.971041 -7.084445 -0.142889
v 0.971041 -7.054137 -0.118017
v 0.971041 -7.084445 0.189699
v 0.971041 -7.084445 0.189699
v 0.971041 -7.054137 0.164826
v 0.971041 -7.029264 -0.087709
v 0.971041 -7.010782 -0.053132
v 0.971041 -6.999401 -0.015613
v 0.971041 -7.029264 0.134519
v 0.971041 -7.010782 0.099941
v 0.971041 -6.999401 0.062423
v 0.971041 -6.995558 0.023405
vn -0.0000 -0.0000 -1.0000
vn 1.0000 -0.0000 -0.0000
vn -0.0000 -0.0000 1.0000
vn -1.0000 -0.0000 -0.0000
vn -0.0000 -1.0000 -0.0000
vn -0.0000 1.0000 -0.0000
vn -0.0000 0.9988 0.0498
vn -0.0000 0.9859 0.1675
vn -0.0000 0.9389 0.3442
vn -0.0000 0.9389 -0.3442
vn -0.0000 0.9859 -0.1675
vn -0.0000 0.9988 -0.0498
vn -0.0000 0.8084 0.5887
vn -0.0000 0.8084 -0.5887
vn -0.0000 0.5788 0.8155
vn -0.0000 0.5788 -0.8155
vn -0.0000 0.2263 -0.9740
vn -0.0000 0.2263 0.9740
vn -0.0000 -0.9808 -0.1951
vn -0.0000 -0.9239 -0.3827
vn -0.0000 -0.8315 -0.5556
vn -0.0000 -0.8819 -0.4714
vn -0.0000 -0.9700 -0.2430
vn -0.0000 -0.7071 -0.7071
vn -0.0000 -0.7730 -0.6344
vn -0.0000 -0.5556 -0.8315
vn -0.0000 -0.3827 -0.9239
vn -0.0000 -0.1951 -0.9808
vn -0.0000 0.1951 -0.9808
vn -0.0000 0.3827 -0.9239
vn -0.0000 0.5556 -0.8315
vn -0.0000 0.7071 -0.7071
vn -0.0000 0.8315 -0.5556
vn -0.0000 0.9239 -0.3827
vn -0.0000 0.9808 -0.1951
vn -0.0000 0.9808 0.1951
vn -0.0000 0.9239 0.3827
vn -0.0000 0.8315 0.5556
vn -0.0000 0.7071 0.7071
vn -0.0000 0.5556 0.8315
vn -0.0000 0.3827 0.9239
vn -0.0000 0.1951 0.9808
vn -0.0000 -0.1951 0.9808
vn -0.0000 -0.3827 0.9239
vn -0.0000 -0.4714 0.8819
vn -0.0000 -0.5556 0.8315
vn -0.0000 -0.6344 0.7730
vn -0.0000 -0.7071 0.7071
vn -0.0000 -0.8315 0.5556
vn -0.0000 -0.9239 0.3827
vn -0.0000 -0.9808 0.1951
vn 0.9999 0.0101 -0.0000
vn 0.2234 0.9747 -0.0000
vt 0.318155 0.980258
vt 0.327568 0.885970
vt 0.327568 0.980258
vt 0.421832 0.734052
vt 0.431259 0.639764
vt 0.431259 0.734052
vt 0.421847 0.982750
vt 0.431259 0.888462
vt 0.431259 0.982750
vt 0.213744 0.685556
vt 0.223171 0.591267
vt 0.223171 0.685556
vt 0.698026 0.498530
vt 0.792290 0.592818
vt 0.698026 0.592818
vt 0.712166 0.672963
vt 0.721592 0.672963
vt 0.698026 0.687106
vt 0.698026 0.592818
vt 0.721592 0.606961
vt 0.712166 0.606961
vt 0.778151 0.606961
vt 0.792291 0.687106
vt 0.778151 0.672963
vt 0.768724 0.606961
vt 0.792291 0.592818
vt 0.829886 0.961130
vt 0.839312 0.952845
vt 0.839312 0.961130
vt 0.768725 0.672963
vt 0.478249 0.948050
vt 0.468823 0.957226
vt 0.468823 0.948050
vt 0.829886 0.988020
vt 0.839312 0.978843
vt 0.839312 0.988020
vt 0.478249 0.965511
vt 0.468823 0.965511
vt 0.829886 0.970559
vt 0.829886 0.978843
vt 0.839312 0.970559
vt 0.478249 0.942743
vt 0.468823 0.942743
vt 0.839312 0.943668
vt 0.829886 0.952845
vt 0.829886 0.943668
vt 0.829886 0.993326
vt 0.839312 0.993326
vt 0.478249 0.974940
vt 0.468823 0.974940
vt 0.665163 0.912698
vt 0.663312 0.933035
vt 0.664982 0.910859
vt 0.683835 0.910859
vt 0.683654 0.909019
vt 0.693262 0.877858
vt 0.969017 0.061864
vt 0.978444 0.058931
vt 0.978444 0.061864
vt 0.839312 0.938362
vt 0.829886 0.938362
vt 0.900512 0.955336
vt 0.909939 0.952403
vt 0.909939 0.955336
vt 0.468823 0.983225
vt 0.917547 0.341424
vt 0.921432 0.354423
vt 0.917547 0.367423
vt 0.949712 0.321422
vt 0.940285 0.354423
vt 0.940104 0.352584
vt 0.924371 0.121507
vt 0.922520 0.141844
vt 0.924190 0.119667
vt 0.952469 0.086667
vt 0.943043 0.119667
vt 0.942862 0.117828
vt 0.973206 0.873519
vt 0.982632 0.870585
vt 0.982632 0.873519
vt 0.920305 0.172670
vt 0.924190 0.185669
vt 0.920305 0.198668
vt 0.943043 0.185669
vt 0.942862 0.183830
vt 0.952469 0.152668
vt 0.468823 0.992402
vt 0.478249 0.983225
vt 0.478249 0.992402
vt 0.900512 0.979952
vt 0.909939 0.961123
vt 0.909939 0.979952
vt 0.977685 0.313414
vt 0.987112 0.294585
vt 0.987112 0.313414
vt 0.969017 0.086480
vt 0.978444 0.067651
vt 0.978444 0.086480
vt 0.973206 0.898135
vt 0.982632 0.879305
vt 0.982632 0.898135
vt 0.468823 0.997708
vt 0.478249 0.997708
vt 0.900512 0.961123
vt 0.977685 0.294585
vt 0.987112 0.288798
vt 0.969017 0.067651
vt 0.973206 0.879305
vt 0.977685 0.288798
vt 0.987112 0.285865
vt 0.799178 0.162576
vt 0.808605 0.164416
vt 0.799178 0.164416
vt 0.944555 0.226006
vt 0.935129 0.224167
vt 0.944555 0.224167
vt 0.808605 0.160808
vt 0.808605 0.162576
vt 0.944555 0.222398
vt 0.935129 0.222398
vt 0.799178 0.160808
vt 0.808605 0.159178
vt 0.944555 0.220768
vt 0.935129 0.220768
vt 0.799178 0.159178
vt 0.808605 0.157749
vt 0.944555 0.219339
vt 0.935129 0.219339
vt 0.408961 0.967143
vt 0.418388 0.968505
vt 0.408961 0.968505
vt 0.534949 0.968039
vt 0.544376 0.969402
vt 0.534949 0.969402
vt 0.408961 0.970086
vt 0.534949 0.970982
vt 0.418388 0.970086
vt 0.408961 0.971822
vt 0.534949 0.972719
vt 0.544376 0.970982
vt 0.544376 0.972719
vt 0.418388 0.971822
vt 0.408961 0.973649
vt 0.534949 0.974546
vt 0.418388 0.973649
vt 0.408961 0.975496
vt 0.544376 0.974546
vt 0.534949 0.976393
vt 0.418388 0.975496
vt 0.408961 0.977291
vt 0.544376 0.976393
vt 0.534949 0.978188
vt 0.418388 0.977291
vt 0.408961 0.978967
vt 0.544376 0.978188
vt 0.534949 0.979863
vt 0.418388 0.978967
vt 0.408961 0.980457
vt 0.544376 0.979863
vt 0.534949 0.981354
vt 0.605647 0.860906
vt 0.596221 0.862335
vt 0.596221 0.860906
vt 0.949712 0.387424
vt 0.940285 0.388853
vt 0.940285 0.387424
vt 0.605647 0.862335
vt 0.596221 0.863965
vt 0.940285 0.390483
vt 0.949712 0.388853
vt 0.949712 0.390483
vt 0.605647 0.863965
vt 0.596221 0.865734
vt 0.940285 0.392252
vt 0.605647 0.865734
vt 0.596221 0.867573
vt 0.940285 0.394091
vt 0.949712 0.392252
vt 0.949712 0.394091
vt 0.605647 0.867573
vt 0.596221 0.869413
vt 0.940285 0.395931
vt 0.949712 0.395931
vt 0.605647 0.871181
vt 0.605647 0.869413
vt 0.949712 0.397700
vt 0.940285 0.397700
vt 0.605647 0.872811
vt 0.596221 0.871181
vt 0.949712 0.399330
vt 0.940285 0.399330
vt 0.605647 0.874240
vt 0.596221 0.872811
vt 0.949712 0.400759
vt 0.940285 0.400759
vt 0.384127 0.637574
vt 0.393553 0.639065
vt 0.384127 0.639065
vt 0.153415 0.981944
vt 0.143989 0.980453
vt 0.153415 0.980453
vt 0.384127 0.635899
vt 0.393553 0.637574
vt 0.143989 0.978778
vt 0.153415 0.978778
vt 0.384127 0.634104
vt 0.393553 0.635899
vt 0.143989 0.976983
vt 0.153415 0.976983
vt 0.384127 0.632257
vt 0.393553 0.634104
vt 0.143989 0.975136
vt 0.153415 0.975136
vt 0.384127 0.630430
vt 0.393553 0.632257
vt 0.143989 0.973309
vt 0.153415 0.973309
vt 0.384127 0.628693
vt 0.393553 0.630430
vt 0.143989 0.971572
vt 0.153415 0.971572
vt 0.384127 0.627113
vt 0.393553 0.628693
vt 0.143989 0.969992
vt 0.153415 0.969992
vt 0.223845 0.338575
vt 0.222482 0.329146
vt 0.223845 0.329146
vt 0.143989 0.968629
vt 0.153415 0.968629
vt 0.799178 0.169654
vt 0.808605 0.171083
vt 0.799178 0.171083
vt 0.944555 0.232674
vt 0.935129 0.231245
vt 0.944555 0.231245
vt 0.799178 0.168024
vt 0.808605 0.169654
vt 0.944555 0.229615
vt 0.935129 0.229615
vt 0.799178 0.166255
vt 0.808605 0.168024
vt 0.935129 0.227846
vt 0.944555 0.227846
vt 0.808605 0.166255
vt 0.935129 0.226006
vt 0.318155 0.885970
vt 0.421832 0.639764
vt 0.421847 0.888462
vt 0.213744 0.591267
vt 0.792290 0.498530
vt 0.478249 0.957226
vt 0.669172 0.918698
vt 0.668766 0.941087
vt 0.667743 0.917526
vt 0.665979 0.938341
vt 0.661097 0.923858
vt 0.665700 0.914467
vt 0.666571 0.916097
vt 0.660269 0.915573
vt 0.660269 0.906144
vt 0.661097 0.897859
vt 0.663312 0.888683
vt 0.665979 0.883376
vt 0.665163 0.909019
vt 0.666571 0.905620
vt 0.665700 0.907250
vt 0.667743 0.904191
vt 0.668766 0.880630
vt 0.674409 0.877858
vt 0.670801 0.902148
vt 0.693262 0.943860
vt 0.674409 0.943860
vt 0.682246 0.916097
vt 0.670801 0.919570
vt 0.195834 0.234858
vt 0.669172 0.903019
vt 0.682246 0.905620
vt 0.672570 0.901611
vt 0.672570 0.920106
vt 0.674409 0.920287
vt 0.674409 0.901430
vt 0.676248 0.901611
vt 0.676248 0.920106
vt 0.678016 0.919570
vt 0.678016 0.902148
vt 0.679646 0.903019
vt 0.679646 0.918698
vt 0.681074 0.917526
vt 0.681074 0.904191
vt 0.683118 0.914467
vt 0.683654 0.912698
vt 0.683118 0.907250
vt 0.969017 0.058931
vt 0.900512 0.952403
vt 0.924193 0.361091
vt 0.925622 0.362263
vt 0.925216 0.384652
vt 0.922429 0.381906
vt 0.919762 0.376599
vt 0.921613 0.356263
vt 0.922150 0.358032
vt 0.916719 0.359138
vt 0.916719 0.349709
vt 0.919762 0.332247
vt 0.922429 0.326941
vt 0.921613 0.352584
vt 0.923021 0.349185
vt 0.922150 0.350815
vt 0.923021 0.359662
vt 0.925216 0.324195
vt 0.924193 0.347756
vt 0.930859 0.321422
vt 0.927251 0.345712
vt 0.925622 0.346584
vt 0.949712 0.387424
vt 0.930859 0.387424
vt 0.938697 0.359662
vt 0.927251 0.363134
vt 0.938697 0.349185
vt 0.929020 0.363671
vt 0.930859 0.363852
vt 0.929020 0.345176
vt 0.930859 0.344995
vt 0.932698 0.363671
vt 0.934466 0.363134
vt 0.932698 0.345176
vt 0.934466 0.345712
vt 0.936096 0.362263
vt 0.937524 0.361091
vt 0.936096 0.346584
vt 0.937524 0.347756
vt 0.939568 0.358032
vt 0.940104 0.356263
vt 0.939568 0.350815
vt 0.928379 0.127507
vt 0.927974 0.149896
vt 0.926951 0.126335
vt 0.925187 0.147150
vt 0.920305 0.132667
vt 0.924907 0.123276
vt 0.925779 0.124906
vt 0.919477 0.124382
vt 0.919477 0.114953
vt 0.920305 0.106668
vt 0.922520 0.097491
vt 0.925187 0.092185
vt 0.924371 0.117828
vt 0.925779 0.114429
vt 0.924907 0.116059
vt 0.927974 0.089439
vt 0.926951 0.113000
vt 0.933616 0.086667
vt 0.930009 0.110956
vt 0.928379 0.111828
vt 0.952469 0.152668
vt 0.933616 0.152668
vt 0.941454 0.124906
vt 0.930009 0.128379
vt 0.931777 0.128915
vt 0.941454 0.114429
vt 0.933616 0.129096
vt 0.935455 0.128915
vt 0.931777 0.110420
vt 0.933616 0.110239
vt 0.937224 0.128379
vt 0.938853 0.127507
vt 0.935455 0.110420
vt 0.937224 0.110956
vt 0.940282 0.126335
vt 0.938853 0.111828
vt 0.940282 0.113000
vt 0.942325 0.123276
vt 0.942862 0.121507
vt 0.942325 0.116059
vt 0.973206 0.870585
vt 0.926951 0.192336
vt 0.928379 0.193509
vt 0.927974 0.215897
vt 0.925187 0.213152
vt 0.922520 0.207845
vt 0.924371 0.187509
vt 0.924907 0.189277
vt 0.919477 0.190384
vt 0.919477 0.180955
vt 0.922520 0.163493
vt 0.925187 0.158187
vt 0.924371 0.183830
vt 0.925779 0.180431
vt 0.924907 0.182061
vt 0.925779 0.190908
vt 0.926951 0.179002
vt 0.927974 0.155441
vt 0.933616 0.152668
vt 0.930009 0.176958
vt 0.952469 0.218670
vt 0.933616 0.218670
vt 0.941454 0.190908
vt 0.930009 0.194380
vt 0.928379 0.193509
vt 0.928379 0.177829
vt 0.941454 0.180431
vt 0.931777 0.176422
vt 0.931777 0.194917
vt 0.933616 0.195098
vt 0.933616 0.176240
vt 0.935455 0.176422
vt 0.935455 0.194917
vt 0.937224 0.194380
vt 0.937224 0.176958
vt 0.938853 0.177829
vt 0.938853 0.193509
vt 0.940282 0.192336
vt 0.940282 0.179002
vt 0.942325 0.189277
vt 0.942862 0.187509
vt 0.942325 0.182061
vt 0.977685 0.285865
vt 0.799178 0.157749
vt 0.418388 0.967143
vt 0.544376 0.968039
vt 0.418388 0.980457
vt 0.544376 0.981354
vt 0.596221 0.874240
vt 0.143989 0.981944
vt 0.393553 0.627113
vt 0.222482 0.338575
vt 0.935129 0.232674
s 1
usemtl 
f 1248/2655/310 1242/2656/310 1240/2657/310
f 1249/2658/311 1246/2659/311 1242/2660/311
f 1250/2661/312 1244/2662/312 1246/2663/312
f 1251/2664/313 1240/2665/313 1244/2666/313
f 1246/2667/314 1240/2668/314 1242/2669/314
f 1252/2670/315 1241/2671/315 1248/2672/315
f 1251/2673/315 1245/2674/315 1255/2675/315
f 1254/2676/315 1249/2677/315 1253/2678/315
f 1247/2679/315 1251/2673/315 1250/2680/315
f 1252/2670/315 1251/2673/315 1255/2675/315
f 1254/2676/315 1247/2679/315 1250/2680/315
f 1258/2681/316 1270/2682/317 1262/2683/316
f 1253/2678/315 1249/2677/315 1243/2684/315
f 1248/2672/315 1243/2684/315 1249/2677/315
f 1243/2684/315 1245/2674/315 1247/2679/315
f 1273/2685/318 1269/2686/317 1277/2687/318
f 1275/2688/319 1271/2689/320 1279/2690/319
f 1269/2686/317 1257/2691/316 1261/2692/316
f 1259/2693/321 1271/2689/320 1267/2694/320
f 1263/2695/321 1258/2681/316 1262/2683/316
f 1281/2696/322 1277/2687/318 1285/2697/322
f 1278/2698/318 1266/2699/317 1274/2700/318
f 1283/2701/323 1279/2690/319 1287/2702/323
f 1261/2692/316 1256/2703/321 1260/2704/321
f 1331/2705/311 1279/2706/311 1336/2707/311
f 1304/2708/311 1305/2709/311 1245/2710/311
f 1290/2711/324 1285/2712/322 1299/2713/324
f 1286/2714/322 1274/2700/318 1282/2715/322
f 1294/2716/325 1287/2717/323 1303/2718/325
f 1256/2703/321 1268/2719/320 1260/2704/321
f 1268/2720/313 1367/2721/313 1269/2722/313
f 1243/2723/313 1338/2724/313 1339/2725/313
f 1397/2726/311 1272/2727/311 1399/2728/311
f 1254/2729/311 1371/2730/311 1372/2731/311
f 1300/2732/324 1282/2733/322 1293/2734/324
f 1267/2735/313 1436/2736/313 1266/2737/313
f 1405/2738/313 1406/2739/313 1252/2740/313
f 1276/2741/319 1264/2742/320 1272/2743/319
f 1252/2744/310 1302/2745/326 1241/2746/310
f 1243/2747/310 1288/2748/326 1253/2749/310
f 1254/2750/312 1298/2751/327 1247/2752/312
f 1245/2753/312 1292/2754/327 1255/2755/312
f 1284/2756/323 1272/2743/319 1280/2757/323
f 1295/2758/326 1303/2718/325 1302/2745/326
f 1297/2759/326 1289/2760/325 1288/2748/326
f 1291/2761/327 1299/2713/324 1298/2751/327
f 1301/2762/327 1293/2734/324 1292/2754/327
f 1296/2763/325 1280/2764/323 1289/2760/325
f 1335/2765/328 1436/2766/314 1336/2767/314
f 1367/2768/314 1403/2769/328 1370/2770/328
f 1335/2765/328 1434/2771/329 1435/2772/328
f 1369/2773/329 1403/2769/328 1402/2774/329
f 1334/2775/329 1433/2776/330 1434/2771/329
f 1368/2777/331 1402/2774/329 1401/2778/332
f 1333/2779/330 1429/2780/333 1433/2776/330
f 1360/2781/333 1400/2778/334 1395/2782/333
f 1429/2783/333 1328/2784/335 1427/2785/335
f 1360/2786/333 1394/2787/335 1361/2788/335
f 1328/2784/335 1419/2789/336 1427/2785/335
f 1394/2787/335 1352/2790/336 1361/2788/335
f 1327/2791/336 1416/2792/337 1419/2789/336
f 1349/2793/337 1393/2794/336 1385/2795/337
f 1319/2796/337 1415/2797/310 1416/2792/337
f 1385/2795/337 1348/2798/310 1349/2793/337
f 1317/2799/310 1418/2800/338 1415/2797/310
f 1384/2801/310 1351/2802/338 1348/2798/310
f 1318/2803/338 1417/2804/339 1418/2800/338
f 1387/2805/338 1350/2806/339 1351/2802/338
f 1321/2807/339 1423/2808/340 1417/2804/339
f 1386/2809/339 1356/2810/340 1350/2806/339
f 1320/2811/340 1422/2812/341 1423/2808/340
f 1390/2813/340 1355/2814/341 1356/2810/340
f 1323/2815/341 1421/2816/342 1422/2817/341
f 1389/2818/341 1354/2819/342 1355/2820/341
f 1322/2821/342 1420/2822/343 1421/2816/342
f 1353/2823/343 1388/2824/342 1373/2825/343
f 1306/2826/343 1411/2827/344 1420/2822/343
f 1373/2825/343 1345/2828/344 1353/2823/343
f 1305/2829/344 1405/2830/315 1411/2827/344
f 1338/2831/315 1372/2832/344 1371/2833/315
f 1304/2834/315 1406/2835/345 1405/2830/315
f 1339/2836/345 1371/2833/315 1383/2837/345
f 1316/2838/346 1406/2835/345 1315/2839/345
f 1339/2836/345 1378/2840/346 1337/2841/346
f 1311/2842/347 1404/2843/346 1316/2838/346
f 1337/2841/346 1379/2844/347 1346/2845/347
f 1312/2846/348 1412/2847/347 1311/2842/347
f 1346/2845/347 1380/2848/348 1344/2849/348
f 1313/2850/349 1413/2851/348 1312/2852/348
f 1344/2853/348 1381/2854/349 1347/2855/349
f 1308/2856/350 1414/2857/349 1313/2850/349
f 1347/2855/349 1375/2858/350 1342/2859/350
f 1309/2860/351 1409/2861/350 1308/2856/350
f 1342/2859/350 1376/2862/351 1340/2863/351
f 1307/2864/312 1407/2865/351 1309/2860/351
f 1340/2863/351 1374/2866/312 1341/2867/312
f 1310/2868/352 1408/2869/312 1307/2864/312
f 1341/2867/312 1377/2870/352 1343/2871/352
f 1314/2872/353 1410/2873/352 1310/2868/352
f 1343/2871/352 1382/2874/353 1357/2875/353
f 1324/2876/354 1424/2877/353 1314/2872/353
f 1357/2875/353 1391/2878/355 1358/2879/355
f 1325/2880/356 1426/2881/357 1425/2882/356
f 1358/2879/355 1392/2883/357 1359/2884/357
f 1330/2885/358 1426/2886/357 1326/2887/357
f 1359/2888/357 1396/2889/358 1363/2890/358
f 1332/2891/359 1430/2892/358 1330/2885/358
f 1365/2893/359 1363/2890/358 1398/2894/359
f 1331/2895/360 1431/2896/359 1332/2891/359
f 1365/2893/359 1397/2897/360 1366/2898/360
f 1336/2767/314 1432/2899/360 1331/2895/360
f 1366/2898/360 1399/2900/314 1367/2768/314
f 1248/2655/310 1249/2901/310 1242/2656/310
f 1249/2658/311 1250/2902/311 1246/2659/311
f 1250/2661/312 1251/2903/312 1244/2662/312
f 1251/2664/313 1248/2904/313 1240/2665/313
f 1246/2667/314 1244/2905/314 1240/2668/314
f 1254/2676/315 1250/2680/315 1249/2677/315
f 1247/2679/315 1245/2674/315 1251/2673/315
f 1252/2670/315 1248/2672/315 1251/2673/315
f 1258/2681/316 1266/2699/317 1270/2682/317
f 1248/2672/315 1241/2671/315 1243/2684/315
f 1243/2684/315 1241/2671/315 1245/2674/315
f 1273/2685/318 1265/2906/317 1269/2686/317
f 1275/2688/319 1267/2694/320 1271/2689/320
f 1269/2686/317 1265/2906/317 1257/2691/316
f 1259/2693/321 1263/2695/321 1271/2689/320
f 1263/2695/321 1259/2693/321 1258/2681/316
f 1281/2696/322 1273/2685/318 1277/2687/318
f 1278/2698/318 1270/2682/317 1266/2699/317
f 1283/2701/323 1275/2688/319 1279/2690/319
f 1261/2692/316 1257/2691/316 1256/2703/321
f 1325/2907/311 1303/2908/311 1326/2909/311
f 1303/2908/311 1287/2910/311 1326/2909/311
f 1287/2910/311 1279/2706/311 1331/2705/311
f 1279/2706/311 1271/2911/311 1336/2707/311
f 1287/2910/311 1332/2912/311 1330/2913/311
f 1271/2911/311 1263/2914/311 1262/2915/311
f 1262/2915/311 1270/2916/311 1271/2911/311
f 1270/2916/311 1278/2917/311 1336/2707/311
f 1271/2911/311 1270/2916/311 1336/2707/311
f 1278/2917/311 1286/2918/311 1335/2919/311
f 1286/2918/311 1333/2920/311 1334/2921/311
f 1286/2918/311 1334/2921/311 1335/2919/311
f 1332/2912/311 1287/2910/311 1331/2705/311
f 1326/2909/311 1287/2910/311 1330/2913/311
f 1278/2917/311 1335/2919/311 1336/2707/311
f 1329/2922/311 1333/2920/311 1286/2918/311
f 1286/2918/311 1300/2923/311 1329/2922/311
f 1300/2923/311 1301/2924/311 1327/2925/311
f 1241/2926/311 1302/2927/311 1311/2928/311
f 1302/2927/311 1303/2908/311 1314/2929/311
f 1314/2929/311 1303/2908/311 1325/2907/311
f 1325/2930/315 1324/2930/315 1314/2930/315
f 1300/2923/311 1327/2925/311 1328/2931/311
f 1301/2924/311 1245/2710/311 1322/2932/311
f 1327/2925/311 1301/2924/311 1319/2933/311
f 1328/2931/311 1329/2922/311 1300/2923/311
f 1302/2927/311 1314/2929/311 1310/2934/311
f 1302/2927/311 1310/2934/311 1307/2935/311
f 1319/2933/311 1301/2924/311 1317/2936/311
f 1317/2936/311 1301/2924/311 1318/2937/311
f 1302/2927/311 1307/2935/311 1309/2938/311
f 1302/2927/311 1309/2938/311 1308/2939/311
f 1318/2937/311 1301/2924/311 1321/2940/311
f 1321/2940/311 1301/2924/311 1320/2941/311
f 1302/2927/311 1308/2939/311 1313/2942/311
f 1302/2927/311 1313/2942/311 1312/2943/311
f 1320/2941/311 1301/2924/311 1323/2944/311
f 1323/2944/311 1301/2924/311 1322/2932/311
f 1302/2927/311 1312/2943/311 1311/2928/311
f 1241/2926/311 1311/2928/311 1316/2945/311
f 1241/2926/311 1316/2945/311 1315/2946/311
f 1306/2947/311 1322/2932/311 1245/2710/311
f 1305/2709/311 1306/2947/311 1245/2710/311
f 1245/2710/311 1241/2926/311 1304/2708/311
f 1241/2926/311 1315/2946/311 1304/2708/311
f 1290/2711/324 1281/2948/322 1285/2712/322
f 1286/2714/322 1278/2698/318 1274/2700/318
f 1294/2716/325 1283/2949/323 1287/2717/323
f 1256/2703/321 1264/2742/320 1268/2719/320
f 1360/2950/313 1362/2951/313 1299/2952/313
f 1299/2952/313 1285/2953/313 1360/2950/313
f 1285/2953/313 1277/2954/313 1370/2955/313
f 1369/2956/313 1285/2953/313 1370/2955/313
f 1277/2954/313 1269/2722/313 1367/2721/313
f 1269/2722/313 1261/2957/313 1268/2720/313
f 1277/2954/313 1367/2721/313 1370/2955/313
f 1261/2957/313 1260/2958/313 1268/2720/313
f 1268/2720/313 1276/2959/313 1367/2721/313
f 1276/2959/313 1284/2960/313 1366/2961/313
f 1284/2960/313 1364/2962/313 1365/2963/313
f 1284/2960/313 1365/2963/313 1366/2961/313
f 1276/2959/313 1366/2961/313 1367/2721/313
f 1285/2953/313 1369/2956/313 1368/2964/313
f 1368/2964/313 1360/2950/313 1285/2953/313
f 1363/2930/315 1364/2930/315 1284/2930/315
f 1284/2960/313 1296/2965/313 1359/2966/313
f 1296/2965/313 1297/2967/313 1357/2968/313
f 1358/2969/313 1296/2965/313 1357/2968/313
f 1247/2970/313 1298/2971/313 1354/2972/313
f 1298/2971/313 1299/2952/313 1352/2973/313
f 1352/2973/313 1299/2952/313 1362/2951/313
f 1362/2930/315 1361/2930/315 1352/2930/315
f 1296/2965/313 1358/2969/313 1359/2966/313
f 1297/2967/313 1243/2723/313 1346/2974/313
f 1359/2966/313 1363/2962/313 1284/2960/313
f 1298/2971/313 1352/2973/313 1349/2975/313
f 1298/2971/313 1349/2975/313 1348/2976/313
f 1357/2968/313 1297/2967/313 1343/2977/313
f 1343/2977/313 1297/2967/313 1341/2978/313
f 1298/2971/313 1348/2976/313 1351/2979/313
f 1298/2971/313 1351/2979/313 1350/2980/313
f 1341/2978/313 1297/2967/313 1340/2981/313
f 1340/2981/313 1297/2967/313 1342/2982/313
f 1298/2971/313 1350/2980/313 1356/2983/313
f 1298/2971/313 1356/2983/313 1355/2984/313
f 1342/2982/313 1297/2967/313 1347/2985/313
f 1347/2985/313 1297/2967/313 1344/2986/313
f 1298/2971/313 1355/2984/313 1354/2972/313
f 1344/2986/313 1297/2967/313 1346/2974/313
f 1247/2970/313 1354/2972/313 1353/2987/313
f 1247/2970/313 1353/2987/313 1345/2988/313
f 1337/2989/313 1346/2974/313 1243/2723/313
f 1243/2723/313 1247/2970/313 1338/2724/313
f 1247/2970/313 1345/2988/313 1338/2724/313
f 1339/2725/313 1337/2989/313 1243/2723/313
f 1391/2990/311 1289/2991/311 1392/2992/311
f 1289/2991/311 1280/2993/311 1392/2992/311
f 1280/2993/311 1272/2727/311 1397/2726/311
f 1272/2727/311 1264/2994/311 1399/2728/311
f 1280/2993/311 1398/2995/311 1396/2996/311
f 1264/2994/311 1256/2997/311 1257/2998/311
f 1257/2998/311 1265/2999/311 1264/2994/311
f 1265/2999/311 1273/3000/311 1399/2728/311
f 1264/2994/311 1265/2999/311 1399/2728/311
f 1273/3000/311 1281/3001/311 1403/3002/311
f 1281/3001/311 1401/3003/361 1402/3004/311
f 1281/3001/311 1402/3004/311 1403/3002/311
f 1398/2995/311 1280/2993/311 1397/2726/311
f 1392/2992/311 1280/2993/311 1396/2996/311
f 1273/3000/311 1403/3002/311 1399/2728/311
f 1400/2930/362 1401/2930/361 1281/2930/311
f 1281/3001/311 1290/3005/311 1395/3006/311
f 1290/3005/311 1291/3007/311 1393/3008/311
f 1394/3009/311 1290/3005/311 1393/3008/311
f 1253/3010/311 1288/3011/311 1379/3012/311
f 1288/3011/311 1289/2991/311 1382/3013/311
f 1377/3014/311 1288/3011/311 1382/3013/311
f 1289/2991/311 1391/2990/311 1382/3013/311
f 1290/3005/311 1394/3009/311 1395/3006/311
f 1291/3007/311 1254/2729/311 1388/3015/311
f 1395/3006/311 1400/3003/362 1281/3001/311
f 1288/3011/311 1377/3014/311 1374/3016/311
f 1288/3011/311 1374/3016/311 1376/3017/311
f 1393/3008/311 1291/3007/311 1385/3018/311
f 1385/3018/311 1291/3007/311 1384/3019/311
f 1288/3011/311 1376/3017/311 1375/3020/311
f 1288/3011/311 1375/3020/311 1381/3021/311
f 1384/3019/311 1291/3007/311 1387/3022/311
f 1387/3022/311 1291/3007/311 1386/3023/311
f 1288/3011/311 1381/3021/311 1380/3024/311
f 1288/3011/311 1380/3024/311 1379/3012/311
f 1386/3023/311 1291/3007/311 1390/3025/311
f 1390/3025/311 1291/3007/311 1389/3026/311
f 1253/3010/311 1379/3012/311 1378/3027/311
f 1389/3026/311 1291/3007/311 1388/3015/311
f 1253/3010/311 1378/3027/311 1383/3028/311
f 1253/3010/311 1383/3028/311 1371/2730/311
f 1373/3029/311 1388/3015/311 1254/2729/311
f 1254/2729/311 1253/3010/311 1371/2730/311
f 1372/2731/311 1373/3029/311 1254/2729/311
f 1300/2732/324 1286/3030/322 1282/2733/322
f 1429/3031/313 1428/3032/313 1293/3033/313
f 1293/3033/313 1282/3034/313 1429/3031/313
f 1282/3034/313 1274/3035/313 1435/3036/313
f 1434/3037/313 1282/3034/313 1435/3036/313
f 1274/3035/313 1266/2737/313 1436/2736/313
f 1266/2737/313 1258/3038/313 1267/2735/313
f 1274/3035/313 1436/2736/313 1435/3036/313
f 1258/3038/313 1259/3039/313 1267/2735/313
f 1267/2735/313 1275/3040/313 1436/2736/313
f 1275/3040/313 1283/3041/313 1432/3042/313
f 1283/3041/313 1430/3043/313 1431/3044/313
f 1283/3041/313 1431/3044/313 1432/3042/313
f 1275/3040/313 1432/3042/313 1436/2736/313
f 1282/3034/313 1434/3037/313 1433/3045/313
f 1433/3045/313 1429/3031/313 1282/3034/313
f 1426/3046/313 1430/3043/313 1283/3041/313
f 1283/3041/313 1294/3047/313 1426/3046/313
f 1294/3047/313 1295/3048/313 1424/3049/313
f 1255/3050/313 1292/3051/313 1421/3052/313
f 1292/3051/313 1293/3033/313 1419/3053/313
f 1293/2930/313 1428/2930/313 1427/2930/313
f 1293/3033/313 1427/3054/313 1419/3053/313
f 1294/3047/313 1424/3049/313 1425/3055/313
f 1295/3048/313 1252/2740/313 1412/3056/313
f 1424/3049/313 1295/3048/313 1410/3057/313
f 1425/3055/313 1426/3046/313 1294/3047/313
f 1292/3051/313 1419/3053/313 1416/3058/313
f 1292/3051/313 1416/3058/313 1415/3059/313
f 1410/3057/313 1295/3048/313 1408/3060/313
f 1408/3060/313 1295/3048/313 1407/3061/313
f 1292/3051/313 1415/3059/313 1418/3062/313
f 1292/3051/313 1418/3062/313 1417/3063/313
f 1407/3061/313 1295/3048/313 1409/3064/313
f 1409/3064/313 1295/3048/313 1414/3065/313
f 1292/3051/313 1417/3063/313 1423/3066/313
f 1292/3051/313 1423/3066/313 1422/3067/313
f 1414/3065/313 1295/3048/313 1413/3068/313
f 1413/3068/313 1295/3048/313 1412/3056/313
f 1292/3051/313 1422/3067/313 1421/3052/313
f 1255/3050/313 1421/3052/313 1420/3069/313
f 1255/3050/313 1420/3069/313 1411/3070/313
f 1404/3071/313 1412/3056/313 1252/2740/313
f 1406/2739/313 1404/3071/313 1252/2740/313
f 1252/2740/313 1255/3050/313 1405/2738/313
f 1255/3050/313 1411/3070/313 1405/2738/313
f 1276/2741/319 1268/2719/320 1264/2742/320
f 1252/2744/310 1295/2758/326 1302/2745/326
f 1243/2747/310 1297/2759/326 1288/2748/326
f 1254/2750/312 1291/2761/327 1298/2751/327
f 1245/2753/312 1301/2762/327 1292/2754/327
f 1284/2756/323 1276/2741/319 1272/2743/319
f 1295/2758/326 1294/2716/325 1303/2718/325
f 1297/2759/326 1296/2763/325 1289/2760/325
f 1291/2761/327 1290/2711/324 1299/2713/324
f 1301/2762/327 1300/2732/324 1293/2734/324
f 1296/2763/325 1284/3072/323 1280/2764/323
f 1335/2765/328 1435/2772/328 1436/2766/314
f 1367/2768/314 1399/2900/314 1403/2769/328
f 1335/2765/328 1334/2775/329 1434/2771/329
f 1369/2773/329 1370/2770/328 1403/2769/328
f 1334/2775/329 1333/2779/330 1433/2776/330
f 1401/2778/332 1400/2778/314 1368/2777/331
f 1368/2777/331 1369/2773/329 1402/2774/329
f 1333/2779/330 1329/3073/333 1429/2780/333
f 1360/2781/333 1368/2777/334 1400/2778/334
f 1429/2783/333 1329/3074/333 1328/2784/335
f 1427/2930/315 1428/2930/315 1429/2930/315
f 1361/2930/315 1362/2930/315 1360/2930/315
f 1360/2786/333 1395/3075/333 1394/2787/335
f 1328/2784/335 1327/2791/336 1419/2789/336
f 1394/2787/335 1393/2794/336 1352/2790/336
f 1327/2791/336 1319/2796/337 1416/2792/337
f 1349/2793/337 1352/2790/336 1393/2794/336
f 1319/2796/337 1317/2799/310 1415/2797/310
f 1385/2795/337 1384/2801/310 1348/2798/310
f 1317/2799/310 1318/2803/338 1418/2800/338
f 1384/2801/310 1387/2805/338 1351/2802/338
f 1318/2803/338 1321/2807/339 1417/2804/339
f 1387/2805/338 1386/2809/339 1350/2806/339
f 1321/2807/339 1320/2811/340 1423/2808/340
f 1386/2809/339 1390/2813/340 1356/2810/340
f 1320/2811/340 1323/3076/341 1422/2812/341
f 1390/2813/340 1389/3077/341 1355/2814/341
f 1323/2815/341 1322/2821/342 1421/2816/342
f 1389/2818/341 1388/2824/342 1354/2819/342
f 1322/2821/342 1306/2826/343 1420/2822/343
f 1353/2823/343 1354/2819/342 1388/2824/342
f 1306/2826/343 1305/2829/344 1411/2827/344
f 1373/2825/343 1372/2832/344 1345/2828/344
f 1305/2829/344 1304/2834/315 1405/2830/315
f 1338/2831/315 1345/2828/344 1372/2832/344
f 1304/2834/315 1315/2839/345 1406/2835/345
f 1339/2836/345 1338/2831/315 1371/2833/315
f 1316/2838/346 1404/2843/346 1406/2835/345
f 1339/2836/345 1383/2837/345 1378/2840/346
f 1311/2842/347 1412/2847/347 1404/2843/346
f 1337/2841/346 1378/2840/346 1379/2844/347
f 1312/2846/348 1413/3078/348 1412/2847/347
f 1346/2845/347 1379/2844/347 1380/2848/348
f 1313/2850/349 1414/2857/349 1413/2851/348
f 1344/2853/348 1380/3079/348 1381/2854/349
f 1308/2856/350 1409/2861/350 1414/2857/349
f 1347/2855/349 1381/2854/349 1375/2858/350
f 1309/2860/351 1407/2865/351 1409/2861/350
f 1342/2859/350 1375/2858/350 1376/2862/351
f 1307/2864/312 1408/2869/312 1407/2865/351
f 1340/2863/351 1376/2862/351 1374/2866/312
f 1310/2868/352 1410/2873/352 1408/2869/312
f 1341/2867/312 1374/2866/312 1377/2870/352
f 1314/2872/353 1424/2877/353 1410/2873/352
f 1343/2871/352 1377/2870/352 1382/2874/353
f 1324/2876/354 1425/3080/354 1424/2877/353
f 1357/2875/353 1382/2874/353 1391/2878/355
f 1425/2930/315 1324/2930/315 1325/2930/315
f 1325/2880/356 1326/3081/357 1426/2881/357
f 1358/2879/355 1391/2878/355 1392/2883/357
f 1330/2885/358 1430/2892/358 1426/2886/357
f 1359/2888/357 1392/3082/357 1396/2889/358
f 1332/2891/359 1431/2896/359 1430/2892/358
f 1365/2930/315 1364/2930/315 1363/2930/315
f 1363/2890/358 1396/2889/358 1398/2894/359
f 1331/2895/360 1432/2899/360 1431/2896/359
f 1365/2893/359 1398/2894/359 1397/2897/360
f 1336/2767/314 1436/2766/314 1432/2899/360
f 1366/2898/360 1397/2897/360 1399/2900/314
o hand.l
v -3.399430 -0.298080 -0.208598
v -3.399430 -0.940081 -0.706598
v -2.399431 -0.940081 -0.706598
v -2.399431 -0.298080 -0.208598
v -3.399430 -0.940081 0.753402
v -3.399430 -0.298080 0.255402
v -2.399431 -0.298080 0.255402
v -2.399431 -0.940081 0.753402
v -3.399430 -1.368080 -0.706598
v -2.399431 -1.368080 -0.706598
v -3.399430 -1.368080 0.753402
v -2.399431 -1.368080 0.753402
v -2.399431 -0.574567 -0.078179
v -2.399431 -0.555058 -0.080170
v -2.399431 -0.535549 -0.078179
v -2.399431 -0.593326 -0.072286
v -2.399431 -0.516789 -0.072286
v -2.399431 -0.610615 -0.062715
v -2.399431 -0.499501 -0.062715
v -2.399431 -0.625769 -0.049834
v -2.399431 -0.638205 -0.034139
v -2.399431 -0.647446 -0.016233
v -2.399431 -0.653136 0.043608
v -2.399431 -0.655058 0.023402
v -2.399431 -0.653136 0.003196
v -2.399431 -0.484347 -0.049834
v -2.399431 -0.471911 -0.034139
v -2.399431 -0.462670 -0.016233
v -2.399431 -0.456979 0.003196
v -2.399431 -0.647446 0.063037
v -2.399431 -0.462670 0.063037
v -2.399431 -0.455058 0.023402
v -2.399431 -0.456979 0.043608
v -2.399431 -0.484347 0.096638
v -2.399431 -0.610615 0.109518
v -2.399431 -0.499501 0.109518
v -2.399431 -0.625769 0.096638
v -2.399431 -0.555058 0.126973
v -2.399431 -0.535549 0.124983
v -2.399431 -0.593326 0.119089
v -2.399431 -0.574567 0.124983
v -3.084833 -0.813001 -0.085622
v -2.399431 -0.516789 0.119089
v -2.399431 -0.471911 0.080943
v -2.399431 -0.638205 0.080943
v -3.399430 -0.574567 -0.078179
v -3.399430 -0.555058 -0.080169
v -3.084833 -0.750353 -0.241366
v -2.704833 -0.813001 -0.085622
v -3.399430 -0.535549 -0.078179
v -3.399430 -0.593326 -0.072285
v -2.704833 -0.750353 -0.241366
v -3.399430 -0.516789 -0.072285
v -3.399430 -0.610615 -0.062714
v -3.399430 -0.499501 -0.062714
v -3.399430 -0.625769 -0.049834
v -3.084833 -0.813001 0.166378
v -3.399430 -0.638205 -0.034139
v -3.399430 -0.647446 -0.016233
v -3.084833 -0.750353 0.322123
v -3.399430 -0.653136 0.043608
v -3.399430 -0.655058 0.023402
v -3.399430 -0.653136 0.003196
v -3.399430 -0.484347 -0.049834
v -3.399430 -0.471911 -0.034139
v -3.399430 -0.462670 -0.016233
v -2.704833 -0.813001 0.166378
v -3.399430 -0.456979 0.003196
v -3.399430 -0.647446 0.063037
v -3.399430 -0.462670 0.063037
v -2.704833 -0.750353 0.322123
v -3.399430 -0.455058 0.023402
v -3.399430 -0.456979 0.043608
v -3.399430 -0.484347 0.096638
v -3.399430 -0.610615 0.109519
v -3.399430 -0.499501 0.109519
v -3.399430 -0.625769 0.096638
v -3.399430 -0.555058 0.126973
v -3.399430 -0.535549 0.124983
v -3.399430 -0.593326 0.119090
v -3.399430 -0.574567 0.124983
v -3.399430 -0.516789 0.119090
v -3.399430 -0.471911 0.080943
v -3.399430 -0.638205 0.080943
v -2.954833 -0.813001 -0.085622
v -2.834833 -0.813001 -0.085622
v -2.954833 -0.750353 -0.241366
v -2.834833 -0.750353 -0.241366
v -2.954833 -0.813001 0.166378
v -2.834833 -0.813001 0.166378
v -2.954833 -0.750353 0.322123
v -2.834833 -0.750353 0.322123
v -2.834833 -0.298080 0.053375
v -2.704833 -0.298080 0.113695
v -2.704833 -0.298080 0.003748
v -3.084833 -0.298080 -0.208598
v -3.084833 -0.298080 -0.062625
v -2.954833 -0.298080 -0.208598
v -2.954833 -0.298080 -0.002305
v -2.834833 -0.298080 -0.208598
v -2.704833 -0.298080 -0.208598
v -2.834833 -0.298080 0.104110
v -3.084833 -0.298080 0.100110
v -2.834833 -0.298080 0.255402
v -2.704833 -0.298080 0.255402
v -3.084833 -0.298080 0.255402
v -2.954833 -0.298080 0.255402
v -2.834833 -0.588820 -0.366195
v -2.704833 -0.588820 -0.366195
v -3.084833 -0.588820 -0.366195
v -2.954833 -0.588820 -0.366195
v -3.084833 -0.614643 0.426996
v -2.954833 -0.614643 0.426996
v -2.834833 -0.614643 0.426996
v -2.704833 -0.614643 0.426996
v -3.084833 -0.456979 0.043608
v -2.954833 -0.456979 0.043608
v -2.834833 -0.456979 0.043608
v -2.704833 -0.456979 0.043608
v -3.084833 -0.455058 0.023402
v -2.954833 -0.455058 0.023402
v -2.834833 -0.455058 0.023402
v -2.704833 -0.455058 0.023402
v -3.084833 -0.462670 0.063037
v -2.954833 -0.462670 0.063037
v -2.834833 -0.462670 0.063037
v -2.704833 -0.462670 0.063037
v -3.084833 -0.471911 0.080943
v -3.084833 -0.469004 0.075310
v -2.954833 -0.471911 0.080943
v -2.834833 -0.471911 0.080943
v -2.704833 -0.471911 0.080943
v -3.084833 -0.484347 0.096638
v -2.954833 -0.484347 0.096638
v -2.834833 -0.484347 0.096638
v -2.704833 -0.484347 0.096638
v -3.084833 -0.499501 0.109518
v -2.954833 -0.499501 0.109518
v -2.834833 -0.499501 0.109518
v -2.704833 -0.499501 0.109518
v -3.084833 -0.516789 0.119089
v -2.954833 -0.516789 0.119089
v -2.834833 -0.516789 0.119089
v -2.704833 -0.516789 0.119089
v -3.084833 -0.535549 0.124983
v -2.704833 -0.535549 0.124983
v -2.834833 -0.535549 0.124983
v -2.954833 -0.535549 0.124983
v -3.084833 -0.555058 0.126973
v -2.704833 -0.555058 0.126973
v -2.834833 -0.555058 0.126973
v -2.954833 -0.555058 0.126973
v -3.084833 -0.574567 0.124983
v -2.704833 -0.574567 0.124983
v -2.834833 -0.574567 0.124983
v -2.954833 -0.574567 0.124983
v -3.084833 -0.593326 0.119089
v -2.704833 -0.593326 0.119089
v -2.834833 -0.593326 0.119089
v -2.954833 -0.593326 0.119089
v -3.084833 -0.610615 0.109518
v -2.954833 -0.610615 0.109518
v -2.834833 -0.610615 0.109518
v -2.704833 -0.610615 0.109518
v -3.084833 -0.625769 0.096638
v -2.954833 -0.625769 0.096638
v -2.834833 -0.625769 0.096638
v -2.704833 -0.625769 0.096638
v -3.084833 -0.638205 0.080943
v -2.954833 -0.638205 0.080943
v -2.834833 -0.638205 0.080943
v -2.704833 -0.638205 0.080943
v -3.084833 -0.647446 0.063037
v -2.954833 -0.647446 0.063037
v -2.834833 -0.647446 0.063037
v -2.704833 -0.647446 0.063037
v -3.084833 -0.653136 0.043608
v -2.954833 -0.653136 0.043608
v -2.834833 -0.653136 0.043608
v -2.704833 -0.653136 0.043608
v -3.084833 -0.655058 0.023402
v -2.954833 -0.655058 0.023402
v -2.834833 -0.655058 0.023402
v -2.704833 -0.655058 0.023402
v -3.084833 -0.653136 0.003196
v -2.954833 -0.653136 0.003196
v -2.834833 -0.653136 0.003196
v -2.704833 -0.653136 0.003196
v -3.084833 -0.647446 -0.016233
v -2.954833 -0.647446 -0.016233
v -2.834833 -0.647446 -0.016233
v -2.704833 -0.647446 -0.016233
v -3.084833 -0.638205 -0.034139
v -2.954833 -0.638205 -0.034139
v -2.834833 -0.638205 -0.034139
v -2.704833 -0.638205 -0.034139
v -3.084833 -0.625769 -0.049834
v -2.954833 -0.625769 -0.049834
v -2.834833 -0.625769 -0.049834
v -2.704833 -0.625769 -0.049834
v -3.084833 -0.610615 -0.062715
v -2.954833 -0.610615 -0.062715
v -2.834833 -0.610615 -0.062715
v -2.704833 -0.610615 -0.062715
v -3.084833 -0.593326 -0.072286
v -2.954833 -0.593326 -0.072286
v -2.834833 -0.593326 -0.072286
v -2.704833 -0.593326 -0.072286
v -2.954833 -0.574567 -0.078179
v -3.084833 -0.574567 -0.078179
v -2.704833 -0.574567 -0.078179
v -2.834833 -0.574567 -0.078179
v -2.954833 -0.555058 -0.080169
v -3.084833 -0.555058 -0.080169
v -2.704833 -0.555058 -0.080170
v -2.834833 -0.555058 -0.080170
v -2.954833 -0.535549 -0.078179
v -3.084833 -0.535549 -0.078179
v -2.704833 -0.535549 -0.078179
v -2.834833 -0.535549 -0.078179
v -2.954833 -0.516789 -0.072286
v -3.084833 -0.516789 -0.072286
v -2.704833 -0.516789 -0.072286
v -2.834833 -0.516789 -0.072286
v -3.084833 -0.499501 -0.062715
v -2.954833 -0.499501 -0.062715
v -2.834833 -0.499501 -0.062715
v -2.704833 -0.499501 -0.062715
v -3.084833 -0.484347 -0.049834
v -2.954833 -0.484347 -0.049834
v -2.834833 -0.484347 -0.049834
v -2.704833 -0.484347 -0.049834
v -3.084833 -0.471911 -0.034139
v -2.954833 -0.471911 -0.034139
v -2.834833 -0.471911 -0.034139
v -2.704833 -0.471911 -0.034139
v -3.084833 -0.462670 -0.016233
v -2.954833 -0.462670 -0.016233
v -2.834833 -0.462670 -0.016233
v -2.704833 -0.462670 -0.016233
v -3.084833 -0.456979 0.003196
v -2.954833 -0.456979 0.003196
v -2.834833 -0.456979 0.003196
v -2.704833 -0.456979 0.003196
v -2.704833 -0.456393 0.009367
v -2.399431 -1.368080 -0.379357
v -2.399431 -1.368080 0.426160
v -2.399431 -0.858080 -0.104598
v -2.399431 -1.164081 -0.379357
v -2.399431 -0.858080 0.151402
v -2.399431 -1.164081 0.426160
v -3.399430 -1.368080 -0.379357
v -3.399430 -1.368080 0.426161
v -3.399430 -0.858080 -0.104598
v -3.399430 -1.164081 -0.379357
v -3.399430 -0.858080 0.151402
v -3.399430 -1.164081 0.426161
v -2.399431 -2.408765 0.043402
v -2.399431 -1.852755 0.043402
v -2.399431 -1.852755 0.003402
v -2.399431 -2.408765 0.003402
v -3.399430 -2.408765 0.003402
v -3.399430 -1.852755 0.003402
v -3.399430 -1.852755 0.043402
v -3.399430 -2.408765 0.043402
vn -0.0000 1.0000 -0.0000
vn 1.0000 -0.0000 -0.0000
vn -1.0000 -0.0000 -0.0000
vn -0.0000 -0.0000 1.0000
vn -0.0000 0.6280 -0.7782
vn -0.0625 0.6660 -0.7433
vn 0.0707 0.6380 0.7668
vn 0.0851 0.5388 0.8381
vn 0.0709 0.6714 0.7377
vn -0.0000 -0.0000 -1.0000
vn -0.0000 -0.5636 -0.8261
vn -0.0000 -0.5636 0.8261
vn -0.0000 -1.0000 -0.0000
vn -0.0000 -0.9820 -0.1887
vn -0.0000 -0.9284 -0.3715
vn -0.0000 -0.8401 -0.5424
vn -0.0000 -0.8886 -0.4586
vn -0.0000 -0.7192 -0.6948
vn -0.0000 -0.5688 -0.8225
vn -0.0000 -0.3940 -0.9191
vn -0.0000 -0.2016 -0.9795
vn -0.0000 0.2016 -0.9795
vn -0.0000 0.3940 -0.9191
vn -0.0000 0.5688 -0.8225
vn -0.0000 0.7192 -0.6948
vn -0.0000 0.8401 -0.5424
vn -0.0000 0.9284 -0.3715
vn -0.0000 0.9820 -0.1887
vn -0.0000 0.9820 0.1887
vn -0.0000 0.9284 0.3715
vn -0.0000 0.8401 0.5424
vn -0.0000 0.7192 0.6948
vn -0.0000 0.5688 0.8225
vn -0.0000 0.3940 0.9191
vn -0.0000 0.2016 0.9795
vn -0.0000 -0.2016 0.9795
vn -0.0000 -0.3940 0.9191
vn -0.0000 -0.5688 0.8225
vn -0.0000 -0.7192 0.6948
vn -0.0000 -0.8401 0.5424
vn -0.0000 -0.9284 0.3715
vn -0.0000 -0.9820 0.1887
vn -0.0000 -0.9955 0.0947
vn -0.0000 0.9278 0.3732
vn -0.0000 0.9818 0.1901
vn -0.0000 0.6115 0.7913
vn -0.0000 0.9278 -0.3732
vn -0.0000 0.9818 -0.1901
vn -0.0000 0.6115 -0.7913
vn -0.0000 -0.6681 -0.7441
vn -0.0000 -0.6681 0.7441
vn -0.0000 0.6198 0.7848
vn -0.0000 0.6198 -0.7848
vn -0.0675 0.6305 -0.7733
vn -0.0000 0.4765 -0.8791
vn -0.0836 0.5413 -0.8367
vn 0.0621 0.6653 -0.7440
vn 0.0827 0.5426 -0.8359
vn 0.0646 0.6304 -0.7736
vn -0.0000 0.6369 0.7709
vn -0.0000 0.4765 0.8791
vn -0.0858 0.5375 0.8389
vn -0.0739 0.6380 0.7665
vn -0.0714 0.6722 0.7369
vn 1.0000 -0.0000 -0.0001
vt 0.639314 0.885527
vt 0.639313 0.895107
vt 0.633658 0.889483
vt 0.613137 0.877858
vt 0.627531 0.877858
vt 0.627531 0.885752
vt 0.645441 0.889334
vt 0.645441 0.883284
vt 0.660269 0.877858
vt 0.294236 0.747470
vt 0.281758 0.747269
vt 0.281061 0.746614
vt 0.274185 0.765325
vt 0.280630 0.754529
vt 0.281392 0.754001
vt 0.273627 0.751773
vt 0.274027 0.752635
vt 0.264652 0.757928
vt 0.050308 0.769618
vt 0.056753 0.758822
vt 0.057514 0.758293
vt 0.050150 0.756928
vt 0.050709 0.757701
vt 0.040774 0.762220
vt 0.070358 0.751762
vt 0.057881 0.751562
vt 0.057184 0.750906
vt 0.714522 0.156879
vt 0.761654 0.173433
vt 0.714522 0.173433
vt 0.457870 0.903853
vt 0.478392 0.926767
vt 0.452215 0.903853
vt 0.645441 0.910664
vt 0.660268 0.895107
vt 0.660269 0.932234
vt 0.431260 0.926767
vt 0.478391 0.942743
vt 0.431259 0.942743
vt 0.219060 0.874133
vt 0.171928 0.929607
vt 0.171928 0.874133
vt 0.761654 0.232823
vt 0.714522 0.232823
vt 0.093835 0.972963
vt 0.094669 0.987361
vt 0.093835 0.987361
vt 0.945286 0.234171
vt 0.946120 0.219339
vt 0.946120 0.234171
vt 0.596278 0.227321
vt 0.601934 0.228155
vt 0.596278 0.228155
vt 0.094669 0.972963
vt 0.095574 0.987361
vt 0.947025 0.219339
vt 0.947025 0.234171
vt 0.596278 0.229061
vt 0.095574 0.972963
vt 0.096516 0.987361
vt 0.947670 0.219339
vt 0.947966 0.234171
vt 0.601934 0.230003
vt 0.596278 0.230003
vt 0.096516 0.972963
vt 0.097457 0.987361
vt 0.948908 0.219339
vt 0.948908 0.234171
vt 0.601934 0.230945
vt 0.596278 0.230945
vt 0.097457 0.972963
vt 0.098363 0.987361
vt 0.949814 0.219339
vt 0.949814 0.234171
vt 0.601934 0.231851
vt 0.596278 0.231851
vt 0.098363 0.972963
vt 0.099199 0.987361
vt 0.950650 0.219339
vt 0.950650 0.234171
vt 0.601934 0.232686
vt 0.596278 0.232686
vt 0.099931 0.972963
vt 0.099199 0.972963
vt 0.951382 0.234171
vt 0.951382 0.219339
vt 0.596278 0.233419
vt 0.601934 0.233419
vt 0.799700 0.975756
vt 0.799029 0.990154
vt 0.799029 0.975756
vt 0.910792 0.986531
vt 0.910121 0.971700
vt 0.910792 0.971700
vt 0.624558 0.227261
vt 0.630214 0.226590
vt 0.630214 0.227261
vt 0.800486 0.975756
vt 0.799700 0.990154
vt 0.911578 0.971700
vt 0.624558 0.228047
vt 0.630214 0.228047
vt 0.801355 0.975756
vt 0.800486 0.990154
vt 0.912447 0.986531
vt 0.912447 0.971700
vt 0.624558 0.228917
vt 0.630214 0.228917
vt 0.802276 0.990154
vt 0.801355 0.990154
vt 0.913368 0.986531
vt 0.913368 0.971700
vt 0.624558 0.229838
vt 0.802276 0.975756
vt 0.803212 0.990154
vt 0.914304 0.986531
vt 0.914304 0.971700
vt 0.630214 0.229838
vt 0.624558 0.230774
vt 0.803212 0.975756
vt 0.804128 0.990154
vt 0.915220 0.986531
vt 0.915220 0.971700
vt 0.630214 0.230774
vt 0.624558 0.231690
vt 0.804128 0.975756
vt 0.804989 0.990154
vt 0.916081 0.986531
vt 0.916081 0.971700
vt 0.630214 0.231690
vt 0.624558 0.232551
vt 0.804989 0.975756
vt 0.805760 0.990154
vt 0.916852 0.986531
vt 0.916852 0.971700
vt 0.630214 0.232551
vt 0.624558 0.233323
vt 0.572655 0.974047
vt 0.573350 0.988445
vt 0.572655 0.988445
vt 0.976008 0.716865
vt 0.975313 0.702033
vt 0.976008 0.702033
vt 0.601934 0.233396
vt 0.607590 0.232700
vt 0.607590 0.233396
vt 0.573350 0.974047
vt 0.574157 0.988445
vt 0.976815 0.716865
vt 0.976815 0.702033
vt 0.601934 0.232700
vt 0.607590 0.231893
vt 0.574157 0.974047
vt 0.575044 0.988445
vt 0.977702 0.716865
vt 0.977702 0.702033
vt 0.601934 0.231893
vt 0.607590 0.231006
vt 0.575044 0.974047
vt 0.575977 0.988445
vt 0.978635 0.716865
vt 0.978635 0.702033
vt 0.601934 0.231006
vt 0.607590 0.230072
vt 0.575977 0.974047
vt 0.576921 0.988445
vt 0.979579 0.716865
vt 0.979579 0.702033
vt 0.601934 0.230072
vt 0.607590 0.229128
vt 0.576921 0.974047
vt 0.577839 0.988445
vt 0.980497 0.716865
vt 0.980497 0.702033
vt 0.601934 0.229128
vt 0.607590 0.228210
vt 0.577839 0.974047
vt 0.578696 0.988445
vt 0.981354 0.716865
vt 0.981354 0.702033
vt 0.601934 0.228210
vt 0.607590 0.227353
vt 0.578696 0.974047
vt 0.579459 0.988445
vt 0.982117 0.702033
vt 0.982117 0.716865
vt 0.601934 0.226590
vt 0.607590 0.226590
vt 0.593001 0.988445
vt 0.592301 0.974047
vt 0.593001 0.974047
vt 0.888490 0.971169
vt 0.887789 0.986001
vt 0.887789 0.971169
vt 0.618902 0.233332
vt 0.613246 0.232631
vt 0.618902 0.232631
vt 0.592301 0.988445
vt 0.591493 0.974047
vt 0.886981 0.986001
vt 0.886981 0.971169
vt 0.613246 0.231823
vt 0.618902 0.231823
vt 0.591493 0.988445
vt 0.590608 0.974047
vt 0.886097 0.986001
vt 0.886097 0.971169
vt 0.613246 0.230938
vt 0.618902 0.230938
vt 0.590608 0.988445
vt 0.589682 0.974047
vt 0.885171 0.986001
vt 0.885171 0.971169
vt 0.613246 0.230012
vt 0.618902 0.230012
vt 0.589682 0.988445
vt 0.588749 0.974047
vt 0.884238 0.986001
vt 0.884238 0.971169
vt 0.613246 0.229078
vt 0.618902 0.229078
vt 0.588749 0.988445
vt 0.587845 0.974047
vt 0.883334 0.986001
vt 0.883334 0.971169
vt 0.613246 0.228174
vt 0.618902 0.228174
vt 0.587845 0.988445
vt 0.587005 0.974047
vt 0.882494 0.986001
vt 0.882494 0.971169
vt 0.613246 0.227334
vt 0.618902 0.227334
vt 0.587005 0.988445
vt 0.586262 0.974047
vt 0.881750 0.986001
vt 0.881750 0.971169
vt 0.613246 0.226590
vt 0.618902 0.226590
vt 0.093327 0.987361
vt 0.944555 0.234171
vt 0.945286 0.219339
vt 0.601934 0.227321
vt 0.000000 0.956235
vt 0.008193 0.957328
vt 0.007757 0.958172
vt 0.016466 0.961909
vt 0.024269 0.965180
vt 0.016031 0.962753
vt 0.215275 0.948927
vt 0.215366 0.947975
vt 0.222810 0.954715
vt 0.206030 0.948927
vt 0.206298 0.949843
vt 0.198540 0.952231
vt 0.448084 0.961770
vt 0.455528 0.966910
vt 0.447993 0.962723
vt 0.431259 0.958154
vt 0.438748 0.960818
vt 0.438658 0.961770
vt 0.989290 0.783837
vt 0.983163 0.791443
vt 0.983163 0.783837
vt 0.988760 0.879909
vt 0.982633 0.887515
vt 0.982633 0.879909
vt 0.983163 0.774513
vt 0.989290 0.774513
vt 0.988760 0.870585
vt 0.982117 0.710119
vt 0.988244 0.716942
vt 0.982117 0.716942
vt 0.593002 0.988956
vt 0.599129 0.982133
vt 0.599129 0.988956
vt 0.988244 0.710119
vt 0.982117 0.702033
vt 0.988244 0.702033
vt 0.599129 0.974047
vt 0.593001 0.982133
vt 0.593002 0.974047
vt 0.983163 0.800812
vt 0.989290 0.791443
vt 0.989290 0.800811
vt 0.988760 0.896883
vt 0.988760 0.887515
vt 0.674185 0.966738
vt 0.674999 0.966286
vt 0.684538 0.968967
vt 0.660269 0.961015
vt 0.669048 0.958774
vt 0.668462 0.959514
vt 0.067413 0.914029
vt 0.057501 0.961173
vt 0.057501 0.914029
vt 0.086275 0.914029
vt 0.067413 0.961173
vt 0.864429 0.176516
vt 0.817297 0.184131
vt 0.817297 0.176516
vt 0.143989 0.968629
vt 0.163225 0.921485
vt 0.163225 0.968629
vt 0.171114 0.968629
vt 0.171114 0.921485
vt 0.726300 0.966862
vt 0.698026 0.919719
vt 0.726300 0.919718
vt 0.864429 0.184131
vt 0.817297 0.213245
vt 0.951888 0.850991
vt 0.973388 0.803846
vt 0.973388 0.850991
vt 0.864429 0.213244
vt 0.817296 0.233999
vt 0.633657 0.895107
vt 0.633658 0.887597
vt 0.633658 0.877858
vt 0.639314 0.877858
vt 0.627530 0.889839
vt 0.613136 0.895107
vt 0.627530 0.895107
vt 0.645441 0.877858
vt 0.645440 0.895107
vt 0.276570 0.745781
vt 0.275714 0.746148
vt 0.276956 0.734062
vt 0.282841 0.751678
vt 0.282984 0.750757
vt 0.282942 0.749821
vt 0.277487 0.745588
vt 0.278431 0.745579
vt 0.282717 0.748904
vt 0.282317 0.748042
vt 0.279365 0.745752
vt 0.280253 0.746101
vt 0.282519 0.752547
vt 0.294236 0.785775
vt 0.275578 0.784663
vt 0.281872 0.801718
vt 0.282029 0.753331
vt 0.225367 0.819969
vt 0.269685 0.792262
vt 0.241429 0.799257
vt 0.278857 0.755089
vt 0.279774 0.754897
vt 0.239939 0.798101
vt 0.223877 0.818813
vt 0.239686 0.768986
vt 0.227499 0.759531
vt 0.239864 0.743587
vt 0.245579 0.761387
vt 0.274953 0.746677
vt 0.274315 0.747346
vt 0.273826 0.748130
vt 0.277913 0.755099
vt 0.275283 0.754064
vt 0.276979 0.754925
vt 0.276091 0.754576
vt 0.273503 0.748999
vt 0.273360 0.749920
vt 0.273402 0.750857
vt 0.274586 0.753408
vt 0.058641 0.756840
vt 0.058964 0.755971
vt 0.070358 0.790067
vt 0.051701 0.788956
vt 0.057994 0.806011
vt 0.058152 0.757624
vt 0.001490 0.824261
vt 0.045807 0.796555
vt 0.017552 0.803549
vt 0.054980 0.759381
vt 0.055897 0.759189
vt 0.000000 0.823105
vt 0.003622 0.763823
vt 0.015809 0.773279
vt 0.015986 0.747880
vt 0.021702 0.765680
vt 0.053078 0.738355
vt 0.051837 0.750441
vt 0.051075 0.750969
vt 0.050438 0.751639
vt 0.016062 0.802394
vt 0.049948 0.752423
vt 0.054036 0.759391
vt 0.051406 0.758356
vt 0.053102 0.759218
vt 0.049626 0.753292
vt 0.049483 0.754212
vt 0.052214 0.758869
vt 0.049525 0.755149
vt 0.049750 0.756066
vt 0.052693 0.750073
vt 0.059107 0.755050
vt 0.059065 0.754113
vt 0.053610 0.749881
vt 0.054554 0.749871
vt 0.058840 0.753197
vt 0.058440 0.752335
vt 0.055488 0.750044
vt 0.056376 0.750394
vt 0.761654 0.156879
vt 0.463998 0.903853
vt 0.463998 0.888462
vt 0.478392 0.888462
vt 0.431260 0.888462
vt 0.446087 0.903853
vt 0.446088 0.888462
vt 0.452215 0.888462
vt 0.457871 0.888462
vt 0.633658 0.910664
vt 0.639314 0.910664
vt 0.627531 0.910664
vt 0.613137 0.932234
vt 0.219060 0.929607
vt 0.601934 0.229061
vt 0.947966 0.219339
vt 0.099931 0.987361
vt 0.910121 0.986531
vt 0.624558 0.226590
vt 0.911578 0.986531
vt 0.805760 0.975756
vt 0.630214 0.233323
vt 0.975313 0.716865
vt 0.601934 0.227353
vt 0.579459 0.974047
vt 0.888490 0.986001
vt 0.613246 0.233332
vt 0.586262 0.988445
vt 0.093104 0.987361
vt 0.093104 0.972963
vt 0.944555 0.219339
vt 0.596278 0.226590
vt 0.007489 0.959088
vt 0.000000 0.958627
vt 0.008779 0.956588
vt 0.000000 0.949103
vt 0.010308 0.955529
vt 0.014920 0.941013
vt 0.021317 0.945957
vt 0.009493 0.955980
vt 0.024269 0.953300
vt 0.013031 0.955251
vt 0.015445 0.956588
vt 0.016031 0.957328
vt 0.016825 0.960040
vt 0.021317 0.972523
vt 0.013916 0.964551
vt 0.016735 0.959088
vt 0.013703 0.978408
vt 0.000000 0.970978
vt 0.008193 0.962753
vt 0.007399 0.960040
vt 0.007489 0.960993
vt 0.014730 0.955980
vt 0.011192 0.955251
vt 0.007757 0.961909
vt 0.012112 0.955158
vt 0.008779 0.963493
vt 0.009493 0.964100
vt 0.010308 0.964551
vt 0.013916 0.955529
vt 0.012112 0.964923
vt 0.011192 0.964829
vt 0.013031 0.964829
vt 0.016466 0.958172
vt 0.014730 0.964100
vt 0.016735 0.960993
vt 0.015445 0.963493
vt 0.206030 0.947022
vt 0.206002 0.947313
vt 0.198540 0.947048
vt 0.198540 0.937037
vt 0.207320 0.944522
vt 0.212244 0.929607
vt 0.219857 0.935492
vt 0.206733 0.945262
vt 0.222810 0.942835
vt 0.212456 0.943463
vt 0.215007 0.946106
vt 0.215275 0.947022
vt 0.219857 0.962057
vt 0.211572 0.952763
vt 0.213461 0.967002
vt 0.198540 0.958912
vt 0.208849 0.952486
vt 0.206733 0.950687
vt 0.207320 0.951427
vt 0.208034 0.952034
vt 0.214571 0.945262
vt 0.206298 0.946106
vt 0.208034 0.943915
vt 0.208849 0.943463
vt 0.210652 0.952857
vt 0.209733 0.952763
vt 0.209733 0.943186
vt 0.210652 0.943092
vt 0.212456 0.952486
vt 0.213271 0.952034
vt 0.211572 0.943186
vt 0.213985 0.951427
vt 0.214571 0.950687
vt 0.213271 0.943915
vt 0.213985 0.944522
vt 0.215007 0.949843
vt 0.205939 0.947975
vt 0.439452 0.959058
vt 0.439315 0.959323
vt 0.431259 0.950833
vt 0.440752 0.957710
vt 0.446179 0.942743
vt 0.452575 0.947687
vt 0.440038 0.958318
vt 0.455528 0.955030
vt 0.444290 0.956981
vt 0.446704 0.958318
vt 0.447290 0.959058
vt 0.452575 0.974253
vt 0.445174 0.966281
vt 0.447993 0.960818
vt 0.447725 0.959902
vt 0.444962 0.980138
vt 0.431259 0.972708
vt 0.431259 0.965826
vt 0.441567 0.966281
vt 0.439452 0.964483
vt 0.440038 0.965223
vt 0.440752 0.965830
vt 0.445989 0.957710
vt 0.441567 0.957259
vt 0.442451 0.956981
vt 0.443371 0.956888
vt 0.443371 0.966653
vt 0.442451 0.966559
vt 0.444290 0.966559
vt 0.445174 0.957259
vt 0.445989 0.965830
vt 0.446704 0.965223
vt 0.447290 0.964483
vt 0.447725 0.963639
vt 0.439016 0.963639
vt 0.439016 0.959902
vt 0.438748 0.962723
vt 0.982632 0.870585
vt 0.982632 0.896883
vt 0.671461 0.957438
vt 0.670577 0.957715
vt 0.660269 0.951289
vt 0.673972 0.943859
vt 0.681586 0.949744
vt 0.684538 0.957087
vt 0.674185 0.957715
vt 0.677094 0.962227
vt 0.677004 0.963179
vt 0.676735 0.964095
vt 0.681586 0.976309
vt 0.673300 0.967016
vt 0.675189 0.981254
vt 0.660269 0.973164
vt 0.675714 0.965679
vt 0.676300 0.964939
vt 0.668462 0.964939
vt 0.667758 0.961274
vt 0.667668 0.962227
vt 0.667758 0.963179
vt 0.672381 0.957344
vt 0.668027 0.964095
vt 0.673300 0.957438
vt 0.669048 0.965679
vt 0.669762 0.966286
vt 0.674999 0.958167
vt 0.675714 0.958774
vt 0.670577 0.966738
vt 0.671461 0.967016
vt 0.676300 0.959514
vt 0.676735 0.960358
vt 0.672381 0.967109
vt 0.677004 0.961274
vt 0.668027 0.960358
vt 0.669762 0.958167
vt 0.086275 0.961173
vt 0.143989 0.921485
vt 0.698026 0.966863
vt 0.951888 0.803846
vt 0.864428 0.233999
s 1
usemtl 
f 1535/3083/363 1543/3084/363 1538/3085/363
f 1440/3086/363 1537/3087/363 1531/3088/363
f 1539/3089/363 1533/3090/363 1437/3091/363
f 1443/3092/364 1469/3093/364 1468/3094/364
f 1686/3095/364 1476/3096/364 1477/3097/364
f 1457/3098/364 1458/3099/364 1684/3100/364
f 1690/3101/365 1487/3102/365 1482/3103/365
f 1505/3104/365 1497/3105/365 1692/3106/365
f 1437/3107/365 1504/3108/365 1508/3109/365
f 1444/3110/366 1447/3111/366 1448/3112/366
f 1544/3113/367 1439/3114/368 1547/3115/367
f 1548/3116/369 1442/3117/370 1441/3118/371
f 1438/3119/372 1446/3120/372 1445/3121/372
f 1446/3122/373 1698/3123/373 1445/3124/373
f 1448/3112/374 1701/3125/374 1694/3126/374
f 1468/3127/375 1555/3128/376 1559/3129/375
f 1508/3130/375 1552/3131/376 1509/3132/376
f 1557/3133/375 1554/3134/376 1553/3135/376
f 1469/3136/376 1563/3137/377 1555/3128/376
f 1509/3132/376 1560/3138/377 1506/3139/377
f 1554/3134/376 1561/3140/377 1553/3135/376
f 1467/3141/377 1568/3142/378 1563/3137/377
f 1506/3139/377 1565/3143/379 1519/3144/378
f 1561/3140/377 1567/3145/378 1566/3146/378
f 1480/3147/378 1572/3148/380 1568/3142/378
f 1519/3144/378 1569/3149/380 1510/3150/380
f 1566/3146/378 1571/3151/380 1570/3152/380
f 1470/3153/380 1576/3154/381 1572/3148/380
f 1510/3150/380 1573/3155/381 1512/3156/381
f 1570/3152/380 1575/3157/381 1574/3158/381
f 1472/3159/381 1580/3160/382 1576/3154/381
f 1512/3156/381 1577/3161/382 1518/3162/382
f 1574/3158/381 1579/3163/382 1578/3164/382
f 1475/3165/383 1580/3160/382 1479/3166/382
f 1515/3167/383 1577/3161/382 1581/3168/383
f 1584/3169/383 1579/3163/382 1583/3170/383
f 1474/3171/372 1582/3172/383 1475/3173/383
f 1514/3174/372 1581/3175/383 1585/3176/372
f 1588/3177/372 1583/3178/383 1587/3179/372
f 1477/3180/384 1586/3181/372 1474/3171/372
f 1589/3182/384 1514/3174/372 1585/3176/372
f 1592/3183/384 1587/3179/372 1591/3184/384
f 1476/3185/385 1590/3186/384 1477/3180/384
f 1516/3187/385 1589/3182/384 1593/3188/385
f 1596/3189/385 1591/3184/384 1595/3190/385
f 1476/3185/385 1600/3191/386 1594/3192/385
f 1511/3193/386 1593/3188/385 1597/3194/386
f 1595/3190/385 1598/3195/386 1596/3189/385
f 1471/3196/386 1604/3197/387 1600/3191/386
f 1513/3198/387 1597/3194/386 1601/3199/387
f 1599/3200/386 1602/3201/387 1598/3195/386
f 1473/3202/387 1608/3203/388 1604/3197/387
f 1520/3204/388 1601/3199/387 1605/3205/388
f 1603/3206/387 1606/3207/388 1602/3201/387
f 1481/3208/388 1612/3209/389 1608/3203/388
f 1505/3210/389 1605/3205/388 1609/3211/389
f 1607/3212/388 1610/3213/389 1606/3207/388
f 1466/3214/389 1616/3215/390 1612/3209/389
f 1497/3216/390 1609/3211/389 1613/3217/390
f 1611/3218/389 1614/3219/390 1610/3213/389
f 1459/3220/390 1620/3221/363 1616/3222/390
f 1498/3223/363 1613/3224/390 1617/3225/363
f 1615/3226/390 1618/3227/363 1614/3228/390
f 1460/3229/363 1624/3230/391 1620/3221/363
f 1499/3231/391 1617/3225/363 1621/3232/391
f 1619/3233/363 1622/3234/391 1618/3227/363
f 1461/3235/391 1628/3236/392 1624/3230/391
f 1495/3237/392 1621/3232/391 1625/3238/392
f 1623/3239/391 1626/3240/392 1622/3234/391
f 1458/3241/392 1632/3242/393 1628/3236/392
f 1494/3243/393 1625/3238/392 1629/3244/393
f 1627/3245/392 1630/3246/393 1626/3240/392
f 1457/3247/393 1636/3248/394 1632/3242/393
f 1492/3249/394 1629/3244/393 1633/3250/394
f 1631/3251/393 1634/3252/394 1630/3246/393
f 1456/3253/394 1640/3254/395 1636/3248/394
f 1490/3255/395 1633/3250/394 1637/3256/395
f 1635/3257/394 1638/3258/395 1634/3252/394
f 1454/3259/395 1644/3260/396 1640/3254/395
f 1487/3261/396 1637/3256/395 1641/3262/396
f 1639/3263/395 1642/3264/396 1638/3258/395
f 1452/3265/396 1647/3266/397 1644/3260/396
f 1487/3261/396 1646/3267/397 1482/3268/397
f 1642/3264/396 1648/3269/397 1645/3270/397
f 1449/3271/397 1651/3272/366 1647/3273/397
f 1482/3274/397 1650/3275/366 1483/3276/366
f 1645/3277/397 1652/3278/366 1649/3279/366
f 1450/3280/366 1655/3281/398 1651/3272/366
f 1483/3276/366 1654/3282/398 1486/3283/398
f 1649/3279/366 1656/3284/398 1653/3285/398
f 1451/3286/398 1659/3287/399 1655/3281/398
f 1486/3283/398 1658/3288/399 1489/3289/399
f 1653/3285/398 1660/3290/399 1657/3291/399
f 1453/3292/399 1664/3293/400 1659/3287/399
f 1489/3289/399 1661/3294/400 1491/3295/400
f 1657/3291/399 1663/3296/400 1662/3297/400
f 1455/3298/400 1668/3299/401 1664/3293/400
f 1491/3295/400 1665/3300/401 1500/3301/401
f 1662/3297/400 1667/3302/401 1666/3303/401
f 1462/3304/401 1672/3305/402 1668/3299/401
f 1500/3301/401 1669/3306/402 1501/3307/402
f 1666/3303/401 1671/3308/402 1670/3309/402
f 1463/3310/402 1676/3311/403 1672/3305/402
f 1501/3307/402 1673/3312/403 1502/3313/403
f 1670/3309/402 1675/3314/403 1674/3315/403
f 1464/3316/403 1680/3317/404 1676/3311/403
f 1502/3313/403 1677/3318/404 1504/3319/404
f 1674/3315/403 1679/3320/404 1678/3321/404
f 1468/3127/375 1559/3129/375 1681/3322/405
f 1504/3323/404 1556/3324/375 1508/3130/375
f 1557/3133/375 1679/3269/404 1558/3325/375
f 1538/3326/364 1567/3327/364 1562/3328/364
f 1627/3329/364 1522/3330/364 1631/3331/364
f 1616/3332/365 1620/3333/365 1503/3334/365
f 1555/3335/365 1563/3336/365 1530/3337/365
f 1617/3338/364 1478/3339/364 1621/3340/364
f 1539/3341/364 1552/3342/364 1556/3343/364
f 1484/3344/406 1521/3345/407 1523/3346/406
f 1524/3347/406 1485/3348/407 1488/3349/406
f 1484/3344/408 1547/3350/408 1546/3351/408
f 1488/3349/408 1544/3352/408 1524/3347/408
f 1528/3353/409 1503/3354/410 1526/3355/410
f 1493/3356/410 1527/3357/409 1525/3358/410
f 1507/3359/411 1550/3360/411 1551/3361/411
f 1549/3362/411 1496/3363/411 1548/3364/411
f 1525/3365/410 1478/3366/407 1493/3367/410
f 1526/3368/410 1485/3348/407 1522/3369/407
f 1596/3370/365 1598/3371/365 1525/3372/365
f 1535/3373/365 1666/3374/365 1670/3375/365
f 1686/3376/375 1690/3377/375 1684/3378/375
f 1687/3379/412 1692/3380/412 1686/3376/412
f 1687/3381/372 1689/3382/372 1693/3383/372
f 1684/3384/413 1691/3385/413 1685/3386/413
f 1682/3387/366 1691/3385/366 1688/3388/366
f 1688/3389/414 1696/3390/414 1682/3391/414
f 1683/3392/415 1700/3393/415 1689/3382/415
f 1696/3394/366 1698/3395/366 1697/3396/366
f 1695/3397/372 1701/3398/372 1700/3393/372
f 1540/3399/363 1538/3085/363 1543/3084/363
f 1538/3085/363 1529/3400/363 1535/3083/363
f 1529/3400/363 1536/3401/363 1535/3083/363
f 1536/3401/363 1534/3402/363 1535/3083/363
f 1531/3088/363 1530/3403/363 1443/3404/363
f 1530/3403/363 1541/3405/363 1443/3404/363
f 1531/3088/363 1443/3404/363 1440/3086/363
f 1533/3090/363 1532/3406/363 1437/3091/363
f 1437/3091/363 1442/3117/363 1539/3089/363
f 1442/3117/363 1542/3407/363 1539/3089/363
f 1455/3408/364 1453/3409/364 1440/3410/364
f 1443/3092/364 1479/3411/364 1472/3412/364
f 1443/3092/364 1472/3412/364 1470/3413/364
f 1462/3414/364 1455/3408/364 1440/3410/364
f 1463/3415/364 1462/3414/364 1440/3410/364
f 1443/3092/364 1470/3413/364 1480/3416/364
f 1443/3092/364 1480/3416/364 1467/3417/364
f 1463/3415/364 1440/3410/364 1464/3418/364
f 1440/3410/364 1443/3092/364 1468/3094/364
f 1464/3418/364 1440/3410/364 1465/3419/364
f 1465/3419/364 1440/3410/364 1468/3094/364
f 1443/3092/364 1467/3417/364 1469/3093/364
f 1475/3420/364 1479/3411/364 1443/3092/364
f 1443/3092/364 1444/3421/364 1687/3422/364
f 1444/3421/364 1448/3423/364 1687/3422/364
f 1443/3092/364 1474/3424/364 1475/3420/364
f 1448/3423/364 1694/3425/364 1683/3426/364
f 1694/3425/364 1695/3427/364 1683/3426/364
f 1474/3424/364 1443/3092/364 1477/3097/364
f 1443/3092/364 1687/3422/364 1686/3095/364
f 1448/3423/364 1683/3426/364 1687/3422/364
f 1686/3095/364 1473/3428/364 1471/3429/364
f 1686/3095/364 1471/3429/364 1476/3096/364
f 1477/3097/364 1443/3092/364 1686/3095/364
f 1696/3430/364 1697/3431/364 1682/3432/364
f 1697/3431/364 1446/3433/364 1682/3432/364
f 1446/3433/364 1439/3434/364 1685/3435/364
f 1439/3434/364 1440/3410/364 1685/3435/364
f 1685/3435/364 1440/3410/364 1684/3100/364
f 1440/3410/364 1453/3409/364 1451/3436/364
f 1440/3410/364 1451/3436/364 1450/3437/364
f 1685/3435/364 1682/3432/364 1446/3433/364
f 1440/3410/364 1450/3437/364 1449/3438/364
f 1440/3410/364 1449/3438/364 1684/3100/364
f 1473/3428/364 1686/3095/364 1481/3439/364
f 1686/3095/364 1684/3100/364 1460/3440/364
f 1481/3439/364 1686/3095/364 1466/3441/364
f 1466/3441/364 1686/3095/364 1459/3442/364
f 1684/3100/364 1449/3438/364 1452/3443/364
f 1459/3442/364 1686/3095/364 1460/3440/364
f 1684/3100/364 1452/3443/364 1454/3444/364
f 1684/3100/364 1454/3444/364 1456/3445/364
f 1461/3446/364 1460/3440/364 1684/3100/364
f 1684/3100/364 1456/3445/364 1457/3098/364
f 1458/3099/364 1461/3446/364 1684/3100/364
f 1486/3447/365 1489/3448/365 1437/3107/365
f 1437/3107/365 1438/3449/365 1691/3450/365
f 1438/3449/365 1445/3451/365 1691/3450/365
f 1437/3107/365 1483/3452/365 1486/3447/365
f 1445/3451/365 1698/3453/365 1688/3454/365
f 1698/3453/365 1699/3455/365 1688/3454/365
f 1483/3452/365 1437/3107/365 1482/3103/365
f 1437/3107/365 1691/3450/365 1690/3101/365
f 1445/3451/365 1688/3454/365 1691/3450/365
f 1690/3101/365 1492/3456/365 1490/3457/365
f 1690/3101/365 1490/3457/365 1487/3102/365
f 1482/3103/365 1437/3107/365 1690/3101/365
f 1701/3458/365 1447/3459/365 1689/3460/365
f 1447/3459/365 1441/3461/365 1693/3462/365
f 1689/3460/365 1447/3459/365 1693/3462/365
f 1441/3461/365 1442/3463/365 1693/3462/365
f 1442/3463/365 1518/3464/365 1515/3465/365
f 1442/3463/365 1515/3465/365 1514/3466/365
f 1689/3460/365 1700/3467/365 1701/3458/365
f 1442/3463/365 1514/3466/365 1517/3468/365
f 1442/3463/365 1517/3468/365 1692/3106/365
f 1693/3462/365 1442/3463/365 1692/3106/365
f 1492/3456/365 1690/3101/365 1494/3469/365
f 1690/3101/365 1692/3106/365 1498/3470/365
f 1494/3469/365 1690/3101/365 1495/3471/365
f 1692/3106/365 1517/3468/365 1516/3472/365
f 1516/3472/365 1511/3473/365 1692/3106/365
f 1495/3471/365 1690/3101/365 1499/3474/365
f 1499/3474/365 1690/3101/365 1498/3470/365
f 1692/3106/365 1511/3473/365 1513/3475/365
f 1692/3106/365 1513/3475/365 1520/3476/365
f 1692/3106/365 1520/3476/365 1505/3104/365
f 1497/3105/365 1498/3470/365 1692/3106/365
f 1512/3477/365 1518/3464/365 1442/3463/365
f 1437/3107/365 1489/3448/365 1491/3478/365
f 1437/3107/365 1491/3478/365 1500/3479/365
f 1510/3480/365 1512/3477/365 1442/3463/365
f 1519/3481/365 1510/3480/365 1442/3463/365
f 1437/3107/365 1500/3479/365 1501/3482/365
f 1437/3107/365 1501/3482/365 1502/3483/365
f 1519/3481/365 1442/3463/365 1506/3484/365
f 1442/3463/365 1437/3107/365 1508/3109/365
f 1506/3484/365 1442/3463/365 1509/3485/365
f 1509/3485/365 1442/3463/365 1508/3109/365
f 1437/3107/365 1502/3483/365 1504/3108/365
f 1444/3110/366 1441/3486/366 1447/3111/366
f 1545/3487/416 1537/3488/417 1440/3489/418
f 1438/3119/419 1437/3490/420 1546/3491/421
f 1437/3490/420 1532/3492/417 1546/3491/421
f 1545/3487/416 1440/3489/418 1439/3114/368
f 1534/3493/417 1536/3494/417 1544/3113/367
f 1544/3113/367 1545/3487/416 1439/3114/368
f 1439/3114/368 1438/3119/419 1547/3115/367
f 1438/3119/419 1546/3491/421 1547/3115/367
f 1547/3115/367 1534/3493/417 1544/3113/367
f 1550/3495/422 1540/3399/423 1543/3084/423
f 1550/3495/422 1543/3084/423 1549/3496/422
f 1443/3404/424 1541/3405/423 1551/3497/425
f 1550/3495/422 1549/3496/422 1444/3498/426
f 1549/3496/422 1548/3116/369 1441/3118/371
f 1444/3498/426 1443/3404/424 1551/3497/425
f 1551/3497/425 1550/3495/422 1444/3498/426
f 1549/3496/422 1441/3118/371 1444/3498/426
f 1548/3116/369 1542/3407/423 1442/3117/370
f 1438/3119/372 1439/3114/372 1446/3120/372
f 1446/3122/373 1697/3499/373 1698/3123/373
f 1448/3112/374 1447/3111/374 1701/3125/374
f 1468/3127/375 1469/3136/376 1555/3128/376
f 1508/3130/375 1556/3324/375 1552/3131/376
f 1557/3133/375 1558/3325/375 1554/3134/376
f 1469/3136/376 1467/3141/377 1563/3137/377
f 1509/3132/376 1552/3131/376 1560/3138/377
f 1554/3134/376 1562/3500/377 1561/3140/377
f 1467/3141/377 1480/3147/378 1568/3142/378
f 1560/3138/377 1565/3143/379 1506/3139/377
f 1565/3143/379 1564/3501/378 1519/3144/378
f 1561/3140/377 1562/3500/377 1567/3145/378
f 1480/3147/378 1470/3153/380 1572/3148/380
f 1519/3144/378 1564/3501/378 1569/3149/380
f 1566/3146/378 1567/3145/378 1571/3151/380
f 1470/3153/380 1472/3159/381 1576/3154/381
f 1510/3150/380 1569/3149/380 1573/3155/381
f 1570/3152/380 1571/3151/380 1575/3157/381
f 1472/3159/381 1479/3166/382 1580/3160/382
f 1512/3156/381 1573/3155/381 1577/3161/382
f 1574/3158/381 1575/3157/381 1579/3163/382
f 1475/3165/383 1582/3502/383 1580/3160/382
f 1515/3167/383 1518/3162/382 1577/3161/382
f 1584/3169/383 1578/3164/382 1579/3163/382
f 1474/3171/372 1586/3181/372 1582/3172/383
f 1514/3174/372 1515/3503/383 1581/3175/383
f 1588/3177/372 1584/3504/383 1583/3178/383
f 1477/3180/384 1590/3186/384 1586/3181/372
f 1589/3182/384 1517/3505/384 1514/3174/372
f 1592/3183/384 1588/3177/372 1587/3179/372
f 1476/3185/385 1594/3192/385 1590/3186/384
f 1516/3187/385 1517/3505/384 1589/3182/384
f 1596/3189/385 1592/3183/384 1591/3184/384
f 1476/3185/385 1471/3196/386 1600/3191/386
f 1511/3193/386 1516/3187/385 1593/3188/385
f 1595/3190/385 1599/3200/386 1598/3195/386
f 1471/3196/386 1473/3202/387 1604/3197/387
f 1513/3198/387 1511/3193/386 1597/3194/386
f 1599/3200/386 1603/3206/387 1602/3201/387
f 1473/3202/387 1481/3208/388 1608/3203/388
f 1520/3204/388 1513/3198/387 1601/3199/387
f 1603/3206/387 1607/3212/388 1606/3207/388
f 1481/3208/388 1466/3214/389 1612/3209/389
f 1505/3210/389 1520/3204/388 1605/3205/388
f 1607/3212/388 1611/3218/389 1610/3213/389
f 1466/3214/389 1459/3506/390 1616/3215/390
f 1497/3216/390 1505/3210/389 1609/3211/389
f 1611/3218/389 1615/3507/390 1614/3219/390
f 1459/3220/390 1460/3229/363 1620/3221/363
f 1498/3223/363 1497/3508/390 1613/3224/390
f 1615/3226/390 1619/3233/363 1618/3227/363
f 1460/3229/363 1461/3235/391 1624/3230/391
f 1499/3231/391 1498/3223/363 1617/3225/363
f 1619/3233/363 1623/3239/391 1622/3234/391
f 1461/3235/391 1458/3241/392 1628/3236/392
f 1495/3237/392 1499/3231/391 1621/3232/391
f 1623/3239/391 1627/3245/392 1626/3240/392
f 1458/3241/392 1457/3247/393 1632/3242/393
f 1494/3243/393 1495/3237/392 1625/3238/392
f 1627/3245/392 1631/3251/393 1630/3246/393
f 1457/3247/393 1456/3253/394 1636/3248/394
f 1492/3249/394 1494/3243/393 1629/3244/393
f 1631/3251/393 1635/3257/394 1634/3252/394
f 1456/3253/394 1454/3259/395 1640/3254/395
f 1490/3255/395 1492/3249/394 1633/3250/394
f 1635/3257/394 1639/3263/395 1638/3258/395
f 1454/3259/395 1452/3265/396 1644/3260/396
f 1487/3261/396 1490/3255/395 1637/3256/395
f 1639/3263/395 1643/3509/396 1642/3264/396
f 1452/3265/396 1449/3510/397 1647/3266/397
f 1487/3261/396 1641/3262/396 1646/3267/397
f 1642/3264/396 1643/3509/396 1648/3269/397
f 1449/3271/397 1450/3280/366 1651/3272/366
f 1482/3274/397 1646/3511/397 1650/3275/366
f 1645/3277/397 1648/3512/397 1652/3278/366
f 1450/3280/366 1451/3286/398 1655/3281/398
f 1483/3276/366 1650/3275/366 1654/3282/398
f 1649/3279/366 1652/3278/366 1656/3284/398
f 1451/3286/398 1453/3292/399 1659/3287/399
f 1486/3283/398 1654/3282/398 1658/3288/399
f 1653/3285/398 1656/3284/398 1660/3290/399
f 1453/3292/399 1455/3298/400 1664/3293/400
f 1489/3289/399 1658/3288/399 1661/3294/400
f 1657/3291/399 1660/3290/399 1663/3296/400
f 1455/3298/400 1462/3304/401 1668/3299/401
f 1491/3295/400 1661/3294/400 1665/3300/401
f 1662/3297/400 1663/3296/400 1667/3302/401
f 1462/3304/401 1463/3310/402 1672/3305/402
f 1500/3301/401 1665/3300/401 1669/3306/402
f 1666/3303/401 1667/3302/401 1671/3308/402
f 1463/3310/402 1464/3316/403 1676/3311/403
f 1501/3307/402 1669/3306/402 1673/3312/403
f 1670/3309/402 1671/3308/402 1675/3314/403
f 1464/3316/403 1465/3513/404 1680/3317/404
f 1502/3313/403 1673/3312/403 1677/3318/404
f 1674/3315/403 1675/3314/403 1679/3320/404
f 1681/3322/405 1680/3514/404 1465/3515/404
f 1465/3515/404 1468/3127/375 1681/3322/405
f 1504/3323/404 1677/3516/404 1556/3324/375
f 1557/3133/375 1678/3517/404 1679/3269/404
f 1562/3328/364 1554/3518/364 1529/3519/364
f 1529/3519/364 1538/3326/364 1562/3328/364
f 1571/3520/364 1567/3327/364 1538/3326/364
f 1538/3326/364 1540/3521/364 1579/3522/364
f 1540/3521/364 1550/3523/364 1528/3524/364
f 1538/3326/364 1575/3525/364 1571/3520/364
f 1528/3524/364 1526/3526/364 1591/3527/364
f 1603/3528/364 1526/3526/364 1607/3529/364
f 1526/3526/364 1522/3330/364 1619/3530/364
f 1522/3330/364 1524/3531/364 1643/3532/364
f 1526/3526/364 1619/3530/364 1615/3533/364
f 1524/3531/364 1544/3534/364 1536/3535/364
f 1536/3535/364 1529/3519/364 1671/3536/364
f 1529/3519/364 1554/3518/364 1558/3537/364
f 1529/3519/364 1558/3537/364 1679/3538/364
f 1526/3526/364 1603/3528/364 1599/3539/364
f 1575/3525/364 1538/3326/364 1579/3522/364
f 1579/3522/364 1540/3521/364 1583/3540/364
f 1529/3519/364 1679/3538/364 1675/3541/364
f 1529/3519/364 1675/3541/364 1671/3536/364
f 1583/3540/364 1540/3521/364 1587/3542/364
f 1587/3542/364 1540/3521/364 1528/3524/364
f 1536/3535/364 1671/3536/364 1667/3543/364
f 1591/3527/364 1587/3542/364 1528/3524/364
f 1536/3535/364 1667/3543/364 1663/3544/364
f 1536/3535/364 1663/3544/364 1660/3545/364
f 1595/3546/364 1591/3527/364 1526/3526/364
f 1599/3539/364 1595/3546/364 1526/3526/364
f 1524/3531/364 1536/3535/364 1652/3547/364
f 1536/3535/364 1660/3545/364 1656/3548/364
f 1536/3535/364 1656/3548/364 1652/3547/364
f 1524/3531/364 1652/3547/364 1648/3549/364
f 1611/3550/364 1607/3529/364 1526/3526/364
f 1615/3533/364 1611/3550/364 1526/3526/364
f 1524/3531/364 1648/3549/364 1643/3532/364
f 1643/3532/364 1639/3551/364 1522/3330/364
f 1619/3530/364 1522/3330/364 1623/3552/364
f 1623/3552/364 1522/3330/364 1627/3329/364
f 1639/3551/364 1635/3553/364 1522/3330/364
f 1635/3553/364 1631/3331/364 1522/3330/364
f 1680/3554/365 1681/3555/365 1531/3556/365
f 1531/3556/365 1537/3557/365 1668/3558/365
f 1537/3557/365 1545/3559/365 1488/3560/365
f 1531/3556/365 1668/3558/365 1672/3561/365
f 1488/3560/365 1485/3562/365 1644/3563/365
f 1628/3564/365 1485/3562/365 1624/3565/365
f 1485/3562/365 1503/3334/365 1620/3333/365
f 1503/3334/365 1507/3566/365 1590/3567/365
f 1485/3562/365 1620/3333/365 1624/3565/365
f 1507/3566/365 1551/3568/365 1541/3569/365
f 1541/3569/365 1530/3337/365 1580/3570/365
f 1530/3337/365 1568/3571/365 1572/3572/365
f 1530/3337/365 1572/3572/365 1576/3573/365
f 1485/3562/365 1628/3564/365 1632/3574/365
f 1676/3575/365 1680/3554/365 1531/3556/365
f 1672/3561/365 1676/3575/365 1531/3556/365
f 1530/3337/365 1576/3573/365 1580/3570/365
f 1668/3558/365 1537/3557/365 1664/3576/365
f 1664/3576/365 1537/3557/365 1659/3577/365
f 1507/3566/365 1541/3569/365 1586/3578/365
f 1541/3569/365 1580/3570/365 1582/3579/365
f 1541/3569/365 1582/3579/365 1586/3578/365
f 1659/3577/365 1537/3557/365 1655/3580/365
f 1655/3580/365 1537/3557/365 1651/3581/365
f 1507/3566/365 1586/3578/365 1590/3567/365
f 1651/3581/365 1537/3557/365 1488/3560/365
f 1590/3567/365 1594/3582/365 1503/3334/365
f 1594/3582/365 1600/3583/365 1503/3334/365
f 1647/3584/365 1651/3581/365 1488/3560/365
f 1644/3563/365 1647/3584/365 1488/3560/365
f 1600/3583/365 1604/3585/365 1503/3334/365
f 1604/3585/365 1608/3586/365 1503/3334/365
f 1640/3587/365 1644/3563/365 1485/3562/365
f 1636/3588/365 1640/3587/365 1485/3562/365
f 1608/3586/365 1612/3589/365 1503/3334/365
f 1612/3589/365 1616/3332/365 1503/3334/365
f 1632/3574/365 1636/3588/365 1485/3562/365
f 1563/3336/365 1568/3571/365 1530/3337/365
f 1530/3337/365 1531/3556/365 1555/3335/365
f 1531/3556/365 1681/3555/365 1559/3590/365
f 1531/3556/365 1559/3590/365 1555/3335/365
f 1564/3591/364 1565/3592/427 1539/3341/364
f 1539/3341/364 1542/3593/364 1573/3594/364
f 1542/3593/364 1548/3595/364 1496/3596/364
f 1539/3341/364 1569/3597/364 1564/3591/364
f 1496/3596/364 1493/3598/364 1589/3599/364
f 1601/3600/364 1493/3598/364 1605/3601/364
f 1493/3598/364 1478/3339/364 1617/3338/364
f 1478/3339/364 1484/3602/364 1641/3603/364
f 1493/3598/364 1613/3604/364 1609/3605/364
f 1484/3602/364 1546/3606/364 1532/3607/364
f 1532/3607/364 1533/3608/364 1658/3609/364
f 1533/3608/364 1669/3610/364 1665/3611/364
f 1533/3608/364 1665/3611/364 1661/3612/364
f 1493/3598/364 1601/3600/364 1597/3613/364
f 1613/3604/364 1493/3598/364 1617/3338/364
f 1569/3597/364 1539/3341/364 1573/3594/364
f 1573/3594/364 1542/3593/364 1577/3614/364
f 1533/3608/364 1661/3612/364 1658/3609/364
f 1577/3614/364 1542/3593/364 1581/3615/364
f 1581/3615/364 1542/3593/364 1585/3616/364
f 1484/3602/364 1532/3607/364 1650/3617/364
f 1532/3607/364 1658/3609/364 1654/3618/364
f 1532/3607/364 1654/3618/364 1650/3617/364
f 1585/3616/364 1542/3593/364 1496/3596/364
f 1484/3602/364 1650/3617/364 1646/3619/364
f 1589/3599/364 1585/3616/364 1496/3596/364
f 1593/3620/364 1589/3599/364 1493/3598/364
f 1484/3602/364 1646/3619/364 1641/3603/364
f 1641/3603/364 1637/3621/364 1478/3339/364
f 1597/3613/364 1593/3620/364 1493/3598/364
f 1637/3621/364 1633/3622/364 1478/3339/364
f 1633/3622/364 1629/3623/364 1478/3339/364
f 1609/3605/364 1605/3601/364 1493/3598/364
f 1629/3623/364 1625/3624/364 1478/3339/364
f 1625/3624/364 1621/3340/364 1478/3339/364
f 1673/3625/364 1669/3610/364 1533/3608/364
f 1533/3608/364 1539/3341/364 1556/3343/364
f 1539/3341/364 1565/3592/427 1560/3626/364
f 1539/3341/364 1560/3626/364 1552/3342/364
f 1677/3627/364 1673/3625/364 1533/3608/364
f 1556/3343/364 1677/3627/364 1533/3608/364
f 1484/3344/406 1478/3366/407 1521/3345/407
f 1524/3347/406 1522/3369/407 1485/3348/407
f 1484/3344/408 1523/3346/408 1547/3350/408
f 1488/3349/408 1545/3628/408 1544/3352/408
f 1528/3353/409 1507/3359/409 1503/3354/410
f 1493/3356/410 1496/3363/409 1527/3357/409
f 1507/3359/411 1528/3353/411 1550/3360/411
f 1549/3362/411 1527/3357/411 1496/3363/411
f 1525/3365/410 1521/3345/407 1478/3366/407
f 1526/3368/410 1503/3629/410 1485/3348/407
f 1653/3630/365 1657/3631/365 1534/3632/365
f 1534/3632/365 1547/3633/365 1523/3634/365
f 1523/3634/365 1521/3635/365 1642/3636/365
f 1521/3635/365 1525/3372/365 1618/3637/365
f 1614/3638/365 1525/3372/365 1610/3639/365
f 1525/3372/365 1527/3640/365 1592/3641/365
f 1527/3640/365 1549/3642/365 1543/3643/365
f 1525/3372/365 1602/3644/365 1606/3645/365
f 1543/3643/365 1535/3373/365 1566/3646/365
f 1535/3373/365 1678/3647/365 1557/3648/365
f 1535/3373/365 1557/3648/365 1553/3649/365
f 1525/3372/365 1614/3638/365 1618/3637/365
f 1602/3644/365 1525/3372/365 1598/3371/365
f 1610/3639/365 1525/3372/365 1606/3645/365
f 1653/3630/365 1534/3632/365 1649/3650/365
f 1534/3632/365 1523/3634/365 1649/3650/365
f 1535/3373/365 1553/3649/365 1561/3651/365
f 1535/3373/365 1561/3651/365 1566/3646/365
f 1645/3652/365 1649/3650/365 1523/3634/365
f 1642/3636/365 1645/3652/365 1523/3634/365
f 1543/3643/365 1566/3646/365 1570/3653/365
f 1543/3643/365 1570/3653/365 1574/3654/365
f 1638/3655/365 1642/3636/365 1521/3635/365
f 1634/3656/365 1638/3655/365 1521/3635/365
f 1543/3643/365 1574/3654/365 1578/3657/365
f 1543/3643/365 1578/3657/365 1584/3658/365
f 1630/3659/365 1634/3656/365 1521/3635/365
f 1626/3660/365 1630/3659/365 1521/3635/365
f 1543/3643/365 1584/3658/365 1588/3661/365
f 1543/3643/365 1588/3661/365 1527/3640/365
f 1622/3662/365 1626/3660/365 1521/3635/365
f 1618/3637/365 1622/3662/365 1521/3635/365
f 1588/3661/365 1592/3641/365 1527/3640/365
f 1592/3641/365 1596/3370/365 1525/3372/365
f 1674/3663/365 1678/3647/365 1535/3373/365
f 1535/3373/365 1534/3632/365 1666/3374/365
f 1534/3632/365 1657/3631/365 1662/3664/365
f 1534/3632/365 1662/3664/365 1666/3374/365
f 1670/3375/365 1674/3663/365 1535/3373/365
f 1686/3376/375 1692/3380/375 1690/3377/375
f 1687/3379/412 1693/3665/412 1692/3380/412
f 1687/3381/372 1683/3392/372 1689/3382/372
f 1684/3384/413 1690/3666/413 1691/3385/413
f 1682/3387/366 1685/3386/366 1691/3385/366
f 1688/3389/414 1699/3667/414 1696/3390/414
f 1683/3392/415 1695/3397/415 1700/3393/415
f 1696/3394/366 1699/3668/366 1698/3395/366
f 1695/3397/372 1694/3669/372 1701/3398/372
o hand.r
v 2.415251 -0.298081 -0.208597
v 2.415251 -0.940081 -0.706597
v 3.415251 -0.940081 -0.706598
v 3.415251 -0.298081 -0.208598
v 2.415251 -0.940081 0.753403
v 2.415251 -0.298081 0.255403
v 3.415251 -0.298081 0.255402
v 3.415251 -0.940081 0.753402
v 2.415251 -1.368081 -0.706597
v 3.415251 -1.368081 -0.706598
v 2.415251 -1.368081 0.753403
v 3.415251 -1.368081 0.753402
v 3.415251 -0.574567 -0.078179
v 3.415251 -0.555058 -0.080169
v 3.415251 -0.535549 -0.078179
v 3.415251 -0.593326 -0.072285
v 3.415251 -0.516790 -0.072285
v 3.415251 -0.610615 -0.062714
v 3.415251 -0.499501 -0.062714
v 3.415251 -0.625769 -0.049834
v 3.415251 -0.638205 -0.034139
v 3.415251 -0.647446 -0.016233
v 3.415251 -0.653136 0.043608
v 3.415251 -0.655058 0.023402
v 3.415251 -0.653136 0.003197
v 3.415251 -0.484348 -0.049834
v 3.415251 -0.471911 -0.034139
v 3.415251 -0.462670 -0.016233
v 3.415251 -0.456979 0.003197
v 3.415251 -0.647446 0.063038
v 3.415251 -0.462670 0.063038
v 3.415251 -0.455058 0.023402
v 3.415251 -0.456979 0.043608
v 3.415251 -0.484348 0.096639
v 3.415251 -0.610615 0.109519
v 3.415251 -0.499501 0.109519
v 3.415251 -0.625769 0.096639
v 3.415251 -0.555058 0.126974
v 3.415251 -0.535549 0.124984
v 3.415251 -0.593326 0.119090
v 3.415251 -0.574567 0.124984
v 2.729849 -0.813001 -0.085621
v 3.415251 -0.516790 0.119090
v 3.415251 -0.471911 0.080944
v 3.415251 -0.638205 0.080944
v 2.415251 -0.574567 -0.078179
v 2.415251 -0.555058 -0.080169
v 2.729849 -0.750353 -0.241366
v 3.109849 -0.813001 -0.085621
v 2.415251 -0.535549 -0.078179
v 2.415251 -0.593326 -0.072285
v 3.109849 -0.750353 -0.241366
v 2.415251 -0.516790 -0.072285
v 2.415251 -0.610615 -0.062714
v 2.415251 -0.499501 -0.062714
v 2.415251 -0.625769 -0.049833
v 2.729849 -0.813001 0.166379
v 2.415251 -0.638205 -0.034139
v 2.415251 -0.647446 -0.016232
v 2.729849 -0.750353 0.322123
v 2.415251 -0.653136 0.043608
v 2.415251 -0.655058 0.023403
v 2.415251 -0.653136 0.003197
v 2.415251 -0.484348 -0.049833
v 2.415251 -0.471911 -0.034139
v 2.415251 -0.462670 -0.016232
v 3.109849 -0.813001 0.166379
v 2.415251 -0.456979 0.003197
v 2.415251 -0.647446 0.063038
v 2.415251 -0.462670 0.063038
v 3.109849 -0.750353 0.322123
v 2.415251 -0.455058 0.023403
v 2.415251 -0.456979 0.043608
v 2.415251 -0.484348 0.096639
v 2.415251 -0.610615 0.109519
v 2.415251 -0.499501 0.109519
v 2.415251 -0.625769 0.096639
v 2.415251 -0.555058 0.126974
v 2.415251 -0.535549 0.124984
v 2.415251 -0.593326 0.119090
v 2.415251 -0.574567 0.124984
v 2.415251 -0.516790 0.119090
v 2.415251 -0.471911 0.080944
v 2.415251 -0.638205 0.080944
v 2.859849 -0.813001 -0.085621
v 2.979849 -0.813001 -0.085621
v 2.859849 -0.750353 -0.241366
v 2.979849 -0.750353 -0.241366
v 2.859849 -0.813001 0.166379
v 2.979849 -0.813001 0.166379
v 2.859849 -0.750353 0.322123
v 2.979849 -0.750353 0.322123
v 2.979849 -0.298081 0.053376
v 3.109849 -0.298081 0.113696
v 3.109849 -0.298081 0.003748
v 2.729849 -0.298081 -0.208597
v 2.729849 -0.298081 -0.062624
v 2.859849 -0.298081 -0.208597
v 2.859849 -0.298081 -0.002304
v 2.979849 -0.298081 -0.208597
v 3.109849 -0.298081 -0.208597
v 2.979849 -0.298081 0.104111
v 2.729849 -0.298081 0.100110
v 2.979849 -0.298081 0.255402
v 3.109849 -0.298081 0.255402
v 2.729849 -0.298081 0.255403
v 2.859849 -0.298081 0.255403
v 2.979849 -0.588821 -0.366195
v 3.109849 -0.588821 -0.366195
v 2.729849 -0.588821 -0.366195
v 2.859849 -0.588821 -0.366195
v 2.729849 -0.614643 0.426997
v 2.859849 -0.614643 0.426997
v 2.979849 -0.614643 0.426997
v 3.109849 -0.614643 0.426997
v 2.729849 -0.456979 0.043608
v 2.859849 -0.456979 0.043608
v 2.979849 -0.456979 0.043608
v 3.109849 -0.456979 0.043608
v 2.729849 -0.455058 0.023403
v 2.859849 -0.455058 0.023403
v 2.979849 -0.455058 0.023403
v 3.109849 -0.455058 0.023403
v 2.729849 -0.462670 0.063038
v 2.859849 -0.462670 0.063038
v 2.979849 -0.462670 0.063038
v 3.109849 -0.462670 0.063038
v 2.729849 -0.471911 0.080944
v 2.729849 -0.469004 0.075311
v 2.859849 -0.471911 0.080944
v 2.979849 -0.471911 0.080944
v 3.109849 -0.471911 0.080944
v 2.729849 -0.484348 0.096639
v 2.859849 -0.484348 0.096639
v 2.979849 -0.484348 0.096639
v 3.109849 -0.484348 0.096639
v 2.729849 -0.499501 0.109519
v 2.859849 -0.499501 0.109519
v 2.979849 -0.499501 0.109519
v 3.109849 -0.499501 0.109519
v 2.729849 -0.516790 0.119090
v 2.859849 -0.516790 0.119090
v 2.979849 -0.516790 0.119090
v 3.109849 -0.516790 0.119090
v 2.729849 -0.535549 0.124984
v 3.109849 -0.535549 0.124984
v 2.979849 -0.535549 0.124984
v 2.859849 -0.535549 0.124984
v 2.729849 -0.555058 0.126974
v 3.109849 -0.555058 0.126974
v 2.979849 -0.555058 0.126974
v 2.859849 -0.555058 0.126974
v 2.729849 -0.574567 0.124984
v 3.109849 -0.574567 0.124984
v 2.979849 -0.574567 0.124984
v 2.859849 -0.574567 0.124984
v 2.729849 -0.593326 0.119090
v 3.109849 -0.593326 0.119090
v 2.979849 -0.593326 0.119090
v 2.859849 -0.593326 0.119090
v 2.729849 -0.610615 0.109519
v 2.859849 -0.610615 0.109519
v 2.979849 -0.610615 0.109519
v 3.109849 -0.610615 0.109519
v 2.729849 -0.625769 0.096639
v 2.859849 -0.625769 0.096639
v 2.979849 -0.625769 0.096639
v 3.109849 -0.625769 0.096639
v 2.729849 -0.638205 0.080944
v 2.859849 -0.638205 0.080944
v 2.979849 -0.638205 0.080944
v 3.109849 -0.638205 0.080944
v 2.729849 -0.647446 0.063038
v 2.859849 -0.647446 0.063038
v 2.979849 -0.647446 0.063038
v 3.109849 -0.647446 0.063038
v 2.729849 -0.653136 0.043608
v 2.859849 -0.653136 0.043608
v 2.979849 -0.653136 0.043608
v 3.109849 -0.653136 0.043608
v 2.729849 -0.655058 0.023403
v 2.859849 -0.655058 0.023403
v 2.979849 -0.655058 0.023403
v 3.109849 -0.655058 0.023403
v 2.729849 -0.653136 0.003197
v 2.859849 -0.653136 0.003197
v 2.979849 -0.653136 0.003197
v 3.109849 -0.653136 0.003197
v 2.729849 -0.647446 -0.016232
v 2.859849 -0.647446 -0.016233
v 2.979849 -0.647446 -0.016233
v 3.109849 -0.647446 -0.016233
v 2.729849 -0.638205 -0.034139
v 2.859849 -0.638205 -0.034139
v 2.979849 -0.638205 -0.034139
v 3.109849 -0.638205 -0.034139
v 2.729849 -0.625769 -0.049833
v 2.859849 -0.625769 -0.049833
v 2.979849 -0.625769 -0.049834
v 3.109849 -0.625769 -0.049834
v 2.729849 -0.610615 -0.062714
v 2.859849 -0.610615 -0.062714
v 2.979849 -0.610615 -0.062714
v 3.109849 -0.610615 -0.062714
v 2.729849 -0.593326 -0.072285
v 2.859849 -0.593326 -0.072285
v 2.979849 -0.593326 -0.072285
v 3.109849 -0.593326 -0.072285
v 2.859849 -0.574567 -0.078179
v 2.729849 -0.574567 -0.078179
v 3.109849 -0.574567 -0.078179
v 2.979849 -0.574567 -0.078179
v 2.859849 -0.555058 -0.080169
v 2.729849 -0.555058 -0.080169
v 3.109849 -0.555058 -0.080169
v 2.979849 -0.555058 -0.080169
v 2.859849 -0.535549 -0.078179
v 2.729849 -0.535549 -0.078179
v 3.109849 -0.535549 -0.078179
v 2.979849 -0.535549 -0.078179
v 2.859849 -0.516790 -0.072285
v 2.729849 -0.516790 -0.072285
v 3.109849 -0.516790 -0.072285
v 2.979849 -0.516790 -0.072285
v 2.729849 -0.499501 -0.062714
v 2.859849 -0.499501 -0.062714
v 2.979849 -0.499501 -0.062714
v 3.109849 -0.499501 -0.062714
v 2.729849 -0.484348 -0.049833
v 2.859849 -0.484348 -0.049833
v 2.979849 -0.484348 -0.049834
v 3.109849 -0.484348 -0.049834
v 2.729849 -0.471911 -0.034139
v 2.859849 -0.471911 -0.034139
v 2.979849 -0.471911 -0.034139
v 3.109849 -0.471911 -0.034139
v 2.729849 -0.462670 -0.016232
v 2.859849 -0.462670 -0.016233
v 2.979849 -0.462670 -0.016233
v 3.109849 -0.462670 -0.016233
v 2.729849 -0.456979 0.003197
v 2.859849 -0.456979 0.003197
v 2.979849 -0.456979 0.003197
v 3.109849 -0.456979 0.003197
v 3.109849 -0.456393 0.009368
v 3.415251 -1.368081 -0.379356
v 3.415251 -1.368081 0.426161
v 3.415251 -0.858081 -0.104598
v 3.415251 -1.164081 -0.379356
v 3.415251 -0.858081 0.151402
v 3.415251 -1.164081 0.426161
v 2.415251 -1.368081 -0.379356
v 2.415251 -1.368081 0.426161
v 2.415251 -0.858081 -0.104597
v 2.415251 -1.164081 -0.379356
v 2.415251 -0.858081 0.151403
v 2.415251 -1.164081 0.426161
v 3.415251 -2.408766 0.043402
v 3.415251 -1.852755 0.043402
v 3.415251 -1.852755 0.003402
v 3.415251 -2.408766 0.003402
v 2.415251 -2.408766 0.003403
v 2.415251 -1.852755 0.003403
v 2.415251 -1.852755 0.043403
v 2.415251 -2.408766 0.043403
vn -0.0000 1.0000 -0.0000
vn 1.0000 -0.0000 -0.0000
vn -1.0000 -0.0000 -0.0000
vn -0.0000 -0.0000 1.0000
vn -0.0000 0.6280 -0.7782
vn -0.0625 0.6660 -0.7433
vn 0.0707 0.6380 0.7668
vn 0.0851 0.5388 0.8381
vn 0.0709 0.6714 0.7377
vn -0.0000 -0.0000 -1.0000
vn -0.0000 -0.5636 -0.8261
vn -0.0000 -0.5636 0.8261
vn -0.0000 -1.0000 -0.0000
vn -0.0000 -0.9820 -0.1887
vn -0.0000 -0.9284 -0.3715
vn -0.0000 -0.8401 -0.5424
vn -0.0000 -0.8886 -0.4586
vn -0.0000 -0.7192 -0.6948
vn -0.0000 -0.5688 -0.8225
vn -0.0000 -0.3940 -0.9191
vn -0.0000 -0.2016 -0.9795
vn -0.0000 0.2016 -0.9795
vn -0.0000 0.3940 -0.9191
vn -0.0000 0.5688 -0.8225
vn -0.0000 0.7192 -0.6948
vn -0.0000 0.8401 -0.5424
vn -0.0000 0.9284 -0.3715
vn -0.0000 0.9820 -0.1887
vn -0.0000 0.9820 0.1887
vn -0.0000 0.9284 0.3715
vn -0.0000 0.8401 0.5424
vn -0.0000 0.7192 0.6948
vn -0.0000 0.5688 0.8225
vn -0.0000 0.3940 0.9191
vn -0.0000 0.2016 0.9795
vn -0.0000 -0.2016 0.9795
vn -0.0000 -0.3940 0.9191
vn -0.0000 -0.5688 0.8225
vn -0.0000 -0.7192 0.6948
vn -0.0000 -0.8401 0.5424
vn -0.0000 -0.9284 0.3715
vn -0.0000 -0.9820 0.1887
vn -0.0000 -0.9955 0.0947
vn -0.0000 0.9278 0.3732
vn -0.0000 0.9818 0.1901
vn -0.0000 0.6115 0.7913
vn -0.0000 0.9278 -0.3732
vn -0.0000 0.9818 -0.1901
vn -0.0000 0.6115 -0.7913
vn -0.0000 -0.6681 -0.7441
vn -0.0000 -0.6681 0.7441
vn -0.0000 0.6198 0.7848
vn -0.0000 0.6198 -0.7848
vn -0.0675 0.6305 -0.7733
vn -0.0000 0.4765 -0.8791
vn -0.0836 0.5413 -0.8367
vn 0.0621 0.6653 -0.7440
vn 0.0827 0.5426 -0.8359
vn 0.0646 0.6304 -0.7736
vn -0.0000 0.6369 0.7709
vn -0.0000 0.4765 0.8791
vn -0.0858 0.5375 0.8389
vn -0.0739 0.6380 0.7665
vn -0.0714 0.6722 0.7369
vt 0.813246 0.893562
vt 0.813245 0.883991
vt 0.818902 0.889610
vt 0.839424 0.901223
vt 0.825030 0.901223
vt 0.825029 0.893337
vt 0.807119 0.889758
vt 0.807119 0.895802
vt 0.792292 0.901223
vt 0.862649 0.731348
vt 0.850171 0.731147
vt 0.849474 0.730492
vt 0.842599 0.749203
vt 0.849043 0.738407
vt 0.849805 0.737879
vt 0.842041 0.735651
vt 0.842440 0.736513
vt 0.833065 0.741806
vt 0.151878 0.811106
vt 0.158323 0.800310
vt 0.159084 0.799782
vt 0.151720 0.798416
vt 0.152279 0.799190
vt 0.142344 0.803709
vt 0.171928 0.793251
vt 0.159450 0.793050
vt 0.158753 0.792395
vt 0.862988 0.936442
vt 0.910121 0.952403
vt 0.862989 0.952403
vt 0.818902 0.915519
vt 0.839423 0.938362
vt 0.813246 0.915519
vt 0.895293 0.914892
vt 0.910120 0.898137
vt 0.910120 0.936442
vt 0.698026 0.843926
vt 0.745158 0.860340
vt 0.698026 0.860340
vt 0.698026 0.919718
vt 0.525523 0.875049
vt 0.572655 0.930324
vt 0.525523 0.930324
vt 0.092368 0.972963
vt 0.093104 0.987361
vt 0.092368 0.987361
vt 0.939188 0.071682
vt 0.938452 0.086513
vt 0.938452 0.071682
vt 0.596278 0.227327
vt 0.590622 0.226590
vt 0.596278 0.226590
vt 0.792291 0.975756
vt 0.793041 0.990154
vt 0.792291 0.990154
vt 0.888490 0.986001
vt 0.889241 0.971169
vt 0.889241 0.986001
vt 0.624558 0.226590
vt 0.618902 0.227341
vt 0.618902 0.226590
vt 0.793041 0.975756
vt 0.793886 0.990154
vt 0.889820 0.971169
vt 0.890086 0.986001
vt 0.624558 0.228187
vt 0.618902 0.228187
vt 0.793886 0.975756
vt 0.794793 0.990154
vt 0.890993 0.971169
vt 0.890993 0.986001
vt 0.624558 0.229094
vt 0.618902 0.229094
vt 0.794793 0.975756
vt 0.795728 0.990154
vt 0.891927 0.971169
vt 0.891927 0.986001
vt 0.624558 0.230028
vt 0.618902 0.230028
vt 0.795728 0.975756
vt 0.796653 0.990154
vt 0.892852 0.971169
vt 0.892852 0.986001
vt 0.624558 0.230954
vt 0.618902 0.230954
vt 0.797534 0.975756
vt 0.796653 0.975756
vt 0.893733 0.986001
vt 0.893733 0.971169
vt 0.618902 0.231835
vt 0.624558 0.231835
vt 0.798336 0.975756
vt 0.797534 0.990154
vt 0.894536 0.986001
vt 0.894536 0.971169
vt 0.618902 0.232637
vt 0.624558 0.232637
vt 0.799030 0.975756
vt 0.798336 0.990154
vt 0.895229 0.971169
vt 0.618902 0.233331
vt 0.624558 0.233331
vt 0.580222 0.974047
vt 0.579459 0.988445
vt 0.579459 0.974047
vt 0.625854 0.984780
vt 0.625090 0.969949
vt 0.625854 0.969949
vt 0.607590 0.227354
vt 0.613246 0.226590
vt 0.613246 0.227354
vt 0.581080 0.988445
vt 0.580222 0.988445
vt 0.626711 0.984780
vt 0.626711 0.969949
vt 0.607590 0.228211
vt 0.581080 0.974047
vt 0.581998 0.988445
vt 0.627629 0.984780
vt 0.627629 0.969949
vt 0.613246 0.228211
vt 0.607590 0.229130
vt 0.581998 0.974047
vt 0.582942 0.988445
vt 0.628573 0.984780
vt 0.628573 0.969949
vt 0.613246 0.229130
vt 0.607590 0.230074
vt 0.582942 0.974047
vt 0.583875 0.988445
vt 0.629506 0.984780
vt 0.629506 0.969949
vt 0.613246 0.230074
vt 0.607590 0.231007
vt 0.583875 0.974047
vt 0.584761 0.988445
vt 0.630393 0.984780
vt 0.630393 0.969949
vt 0.613246 0.231007
vt 0.607590 0.231894
vt 0.584761 0.974047
vt 0.585567 0.988445
vt 0.631199 0.984780
vt 0.631199 0.969949
vt 0.613246 0.231894
vt 0.607590 0.232700
vt 0.585567 0.974047
vt 0.586262 0.988445
vt 0.631893 0.984780
vt 0.631893 0.969949
vt 0.613246 0.232700
vt 0.607590 0.233395
vt 0.805761 0.975756
vt 0.806533 0.990154
vt 0.805761 0.990154
vt 0.917625 0.986531
vt 0.916852 0.971700
vt 0.917625 0.971700
vt 0.630214 0.233322
vt 0.635870 0.232550
vt 0.635870 0.233322
vt 0.806533 0.975756
vt 0.807394 0.990154
vt 0.918486 0.986531
vt 0.918486 0.971700
vt 0.630214 0.232550
vt 0.635870 0.231689
vt 0.807394 0.975756
vt 0.808310 0.990154
vt 0.919402 0.986531
vt 0.919402 0.971700
vt 0.630214 0.231689
vt 0.635870 0.230772
vt 0.808310 0.975756
vt 0.809246 0.990154
vt 0.920338 0.986531
vt 0.920338 0.971700
vt 0.630214 0.230772
vt 0.635870 0.229836
vt 0.809246 0.975756
vt 0.810167 0.990154
vt 0.921259 0.986531
vt 0.921259 0.971700
vt 0.630214 0.229836
vt 0.635870 0.228915
vt 0.810167 0.975756
vt 0.811036 0.990154
vt 0.922128 0.971700
vt 0.922128 0.986531
vt 0.630214 0.228045
vt 0.635870 0.228045
vt 0.811036 0.975756
vt 0.811821 0.990154
vt 0.922913 0.971700
vt 0.922913 0.986531
vt 0.630214 0.227260
vt 0.635870 0.227260
vt 0.811821 0.975756
vt 0.812491 0.990154
vt 0.923583 0.971700
vt 0.923583 0.986531
vt 0.630214 0.226590
vt 0.635870 0.226590
vt 0.086275 0.972963
vt 0.087002 0.987361
vt 0.086275 0.987361
vt 0.945280 0.071682
vt 0.944553 0.086513
vt 0.944553 0.071682
vt 0.596278 0.233421
vt 0.590622 0.232694
vt 0.596278 0.232694
vt 0.087002 0.972963
vt 0.087834 0.987361
vt 0.943722 0.086513
vt 0.943722 0.071682
vt 0.590622 0.231862
vt 0.596278 0.231862
vt 0.087834 0.972963
vt 0.088737 0.987361
vt 0.942818 0.086513
vt 0.942818 0.071682
vt 0.590622 0.230958
vt 0.596278 0.230958
vt 0.088737 0.972963
vt 0.089679 0.987361
vt 0.941877 0.086513
vt 0.941877 0.071682
vt 0.590622 0.230016
vt 0.596278 0.230016
vt 0.089679 0.972963
vt 0.090621 0.987361
vt 0.940934 0.086513
vt 0.940934 0.071682
vt 0.590622 0.229073
vt 0.596278 0.229073
vt 0.090621 0.972963
vt 0.091529 0.987361
vt 0.940026 0.086513
vt 0.940026 0.071682
vt 0.590622 0.228165
vt 0.596278 0.228165
vt 0.091785 0.987361
vt 0.939188 0.086513
vt 0.590622 0.227327
vt 0.478392 0.960257
vt 0.486585 0.961350
vt 0.486150 0.962194
vt 0.494858 0.965931
vt 0.502661 0.969202
vt 0.494423 0.966775
vt 0.809025 0.957681
vt 0.809116 0.956729
vt 0.816560 0.963469
vt 0.799780 0.957681
vt 0.800048 0.958597
vt 0.792291 0.960986
vt 0.953320 0.964309
vt 0.960764 0.969449
vt 0.953229 0.965262
vt 0.936495 0.960693
vt 0.943984 0.963356
vt 0.943893 0.964309
vt 0.869116 0.980794
vt 0.862988 0.987622
vt 0.862988 0.980794
vt 0.638021 0.979573
vt 0.631893 0.986402
vt 0.631893 0.979573
vt 0.862988 0.971170
vt 0.869115 0.971169
vt 0.638020 0.969949
vt 0.966374 0.423780
vt 0.972501 0.431383
vt 0.966374 0.431383
vt 0.782851 0.979542
vt 0.788978 0.971939
vt 0.788978 0.979542
vt 0.972501 0.423780
vt 0.966374 0.415944
vt 0.972501 0.415944
vt 0.788978 0.964103
vt 0.782851 0.971939
vt 0.782851 0.964103
vt 0.782851 0.988901
vt 0.972501 0.440742
vt 0.966374 0.440742
vt 0.759074 0.969550
vt 0.759889 0.969099
vt 0.769428 0.971779
vt 0.745158 0.963827
vt 0.753938 0.961586
vt 0.753351 0.962326
vt 0.955465 0.572655
vt 0.945490 0.619799
vt 0.945490 0.572655
vt 0.962023 0.717940
vt 0.942759 0.765084
vt 0.942759 0.717940
vt 0.969845 0.765084
vt 0.962023 0.765084
vt 0.926670 0.619799
vt 0.926670 0.572655
vt 0.864430 0.184123
vt 0.911561 0.176516
vt 0.911562 0.184124
vt 0.864429 0.213237
vt 0.936495 0.898137
vt 0.964778 0.945282
vt 0.936495 0.945281
vt 0.911563 0.233972
vt 0.864430 0.233971
vt 0.951888 0.850991
vt 0.973206 0.898135
vt 0.951888 0.898135
vt 0.818901 0.883991
vt 0.818902 0.891494
vt 0.818902 0.901223
vt 0.813247 0.901223
vt 0.825029 0.889254
vt 0.839423 0.883991
vt 0.825028 0.883991
vt 0.807119 0.901223
vt 0.792291 0.883991
vt 0.807118 0.883991
vt 0.844983 0.729659
vt 0.844127 0.730026
vt 0.845369 0.717940
vt 0.851254 0.735556
vt 0.851397 0.734636
vt 0.851355 0.733699
vt 0.845901 0.729466
vt 0.846844 0.729457
vt 0.851130 0.732782
vt 0.850730 0.731920
vt 0.847778 0.729630
vt 0.848666 0.729979
vt 0.850932 0.736425
vt 0.862649 0.769653
vt 0.843991 0.768541
vt 0.850285 0.785596
vt 0.850443 0.737209
vt 0.793780 0.803847
vt 0.838098 0.776140
vt 0.809842 0.783135
vt 0.847270 0.738967
vt 0.848188 0.738775
vt 0.808353 0.781979
vt 0.792291 0.802691
vt 0.808100 0.752864
vt 0.795913 0.743409
vt 0.808277 0.727465
vt 0.813993 0.745265
vt 0.843366 0.730555
vt 0.842728 0.731224
vt 0.842239 0.732008
vt 0.846326 0.738977
vt 0.843697 0.737942
vt 0.845393 0.738803
vt 0.844505 0.738454
vt 0.841916 0.732877
vt 0.841773 0.733798
vt 0.841815 0.734735
vt 0.843000 0.737286
vt 0.160211 0.798328
vt 0.160534 0.797459
vt 0.171928 0.831556
vt 0.153270 0.830444
vt 0.159564 0.847499
vt 0.159722 0.799113
vt 0.103059 0.865750
vt 0.147377 0.838044
vt 0.119122 0.845038
vt 0.156549 0.800870
vt 0.157467 0.800678
vt 0.101570 0.864594
vt 0.105192 0.805312
vt 0.117379 0.814768
vt 0.117556 0.789369
vt 0.123272 0.807169
vt 0.154648 0.779844
vt 0.153407 0.791929
vt 0.152645 0.792458
vt 0.152008 0.793127
vt 0.117632 0.843882
vt 0.151518 0.793911
vt 0.155606 0.800880
vt 0.152976 0.799845
vt 0.154672 0.800707
vt 0.151196 0.794781
vt 0.151053 0.795701
vt 0.153784 0.800357
vt 0.151095 0.796638
vt 0.151320 0.797555
vt 0.154263 0.791562
vt 0.160677 0.796539
vt 0.160635 0.795602
vt 0.155180 0.791370
vt 0.156124 0.791360
vt 0.160410 0.794685
vt 0.160010 0.793824
vt 0.157058 0.791533
vt 0.157945 0.791883
vt 0.825029 0.915519
vt 0.792291 0.938362
vt 0.807119 0.915519
vt 0.883510 0.914892
vt 0.883510 0.898137
vt 0.889165 0.898137
vt 0.889166 0.914892
vt 0.862988 0.898137
vt 0.877382 0.898137
vt 0.877383 0.914892
vt 0.895293 0.898137
vt 0.745158 0.843926
vt 0.745158 0.919718
vt 0.572655 0.875049
vt 0.093104 0.972963
vt 0.888490 0.971169
vt 0.624558 0.227341
vt 0.890086 0.971169
vt 0.799030 0.990154
vt 0.895229 0.986001
vt 0.625090 0.984780
vt 0.607590 0.226590
vt 0.586262 0.974047
vt 0.613246 0.233395
vt 0.916852 0.986531
vt 0.630214 0.228915
vt 0.812491 0.975756
vt 0.945280 0.086513
vt 0.590622 0.233421
vt 0.091529 0.972963
vt 0.485881 0.963110
vt 0.478392 0.962649
vt 0.487171 0.960610
vt 0.478392 0.953125
vt 0.488700 0.959551
vt 0.493312 0.945035
vt 0.499709 0.949979
vt 0.487886 0.960002
vt 0.502661 0.957322
vt 0.491424 0.959273
vt 0.493837 0.960610
vt 0.494423 0.961350
vt 0.495217 0.964062
vt 0.499709 0.976544
vt 0.492308 0.968573
vt 0.495127 0.963110
vt 0.492095 0.982429
vt 0.478392 0.975000
vt 0.486585 0.966775
vt 0.485791 0.964062
vt 0.485881 0.965015
vt 0.493123 0.960002
vt 0.489585 0.959273
vt 0.486150 0.965931
vt 0.490504 0.959179
vt 0.487171 0.967515
vt 0.487886 0.968122
vt 0.488700 0.968573
vt 0.492308 0.959551
vt 0.490504 0.968945
vt 0.489585 0.968851
vt 0.491424 0.968851
vt 0.494858 0.962194
vt 0.493123 0.968122
vt 0.495127 0.965015
vt 0.493837 0.967515
vt 0.799780 0.955776
vt 0.799752 0.956067
vt 0.792291 0.955802
vt 0.792291 0.945791
vt 0.801070 0.953276
vt 0.805994 0.938362
vt 0.813607 0.944247
vt 0.800483 0.954016
vt 0.816560 0.951589
vt 0.806206 0.952218
vt 0.808757 0.954860
vt 0.809025 0.955776
vt 0.813607 0.970812
vt 0.805322 0.961518
vt 0.807211 0.975756
vt 0.792291 0.967666
vt 0.802599 0.961240
vt 0.800483 0.959442
vt 0.801070 0.960181
vt 0.801784 0.960789
vt 0.808321 0.954016
vt 0.800048 0.954860
vt 0.801784 0.952669
vt 0.802599 0.952218
vt 0.804402 0.961612
vt 0.803483 0.961518
vt 0.803483 0.951940
vt 0.804402 0.951846
vt 0.806206 0.961240
vt 0.807021 0.960789
vt 0.805322 0.951940
vt 0.807735 0.960181
vt 0.808321 0.959442
vt 0.807021 0.952669
vt 0.807735 0.953276
vt 0.808757 0.958597
vt 0.799689 0.956729
vt 0.944688 0.961596
vt 0.944551 0.961862
vt 0.936495 0.953372
vt 0.945988 0.960249
vt 0.951415 0.945282
vt 0.957811 0.950226
vt 0.945274 0.960856
vt 0.960764 0.957569
vt 0.949526 0.959520
vt 0.951939 0.960856
vt 0.952526 0.961596
vt 0.957811 0.976791
vt 0.950410 0.968820
vt 0.953229 0.963356
vt 0.952961 0.962440
vt 0.950198 0.982676
vt 0.936495 0.975246
vt 0.936495 0.968365
vt 0.946803 0.968820
vt 0.944688 0.967022
vt 0.945274 0.967762
vt 0.945988 0.968369
vt 0.951225 0.960249
vt 0.946803 0.959798
vt 0.947687 0.959520
vt 0.948607 0.959426
vt 0.948607 0.969192
vt 0.947687 0.969098
vt 0.949526 0.969098
vt 0.950410 0.959798
vt 0.951225 0.968369
vt 0.951939 0.967762
vt 0.952526 0.967022
vt 0.952961 0.966178
vt 0.944252 0.966178
vt 0.944252 0.962440
vt 0.943984 0.965262
vt 0.869115 0.987622
vt 0.638020 0.986401
vt 0.631893 0.969949
vt 0.788978 0.988901
vt 0.756351 0.960250
vt 0.755467 0.960528
vt 0.745158 0.954101
vt 0.758862 0.946671
vt 0.766475 0.952556
vt 0.769428 0.959899
vt 0.759074 0.960528
vt 0.761984 0.965039
vt 0.761893 0.965991
vt 0.761625 0.966907
vt 0.766475 0.979122
vt 0.758190 0.969828
vt 0.760079 0.984066
vt 0.745158 0.975976
vt 0.760603 0.968491
vt 0.761189 0.967751
vt 0.753351 0.967751
vt 0.752648 0.964086
vt 0.752557 0.965039
vt 0.752648 0.965991
vt 0.757270 0.960156
vt 0.752916 0.966907
vt 0.758190 0.960250
vt 0.753938 0.968491
vt 0.754652 0.969099
vt 0.759889 0.960979
vt 0.760603 0.961586
vt 0.755467 0.969550
vt 0.756351 0.969828
vt 0.761189 0.962326
vt 0.761625 0.963170
vt 0.757270 0.969921
vt 0.761893 0.964086
vt 0.752916 0.963170
vt 0.754652 0.960979
vt 0.955465 0.619799
vt 0.969845 0.717940
vt 0.864429 0.176516
vt 0.911561 0.213238
vt 0.964778 0.898138
vt 0.973206 0.850991
s 1
usemtl 
f 1800/3670/428 1808/3671/428 1803/3672/428
f 1705/3673/428 1802/3674/428 1796/3675/428
f 1804/3676/428 1798/3677/428 1702/3678/428
f 1708/3679/429 1734/3680/429 1733/3681/429
f 1951/3682/429 1741/3683/429 1742/3684/429
f 1722/3685/429 1723/3686/429 1949/3687/429
f 1955/3688/430 1752/3689/430 1747/3690/430
f 1770/3691/430 1762/3692/430 1957/3693/430
f 1702/3694/430 1769/3695/430 1773/3696/430
f 1709/3697/431 1712/3698/431 1713/3699/431
f 1809/3700/432 1704/3701/433 1812/3702/432
f 1813/3703/434 1707/3704/435 1706/3705/436
f 1703/3706/437 1711/3707/437 1710/3708/437
f 1711/3707/438 1963/3709/438 1710/3708/438
f 1713/3710/439 1966/3711/439 1959/3712/439
f 1733/3713/440 1820/3714/441 1824/3715/440
f 1773/3716/440 1817/3717/441 1774/3718/441
f 1822/3719/440 1819/3720/441 1818/3721/441
f 1734/3722/441 1828/3723/442 1820/3724/441
f 1774/3725/441 1825/3726/442 1771/3727/442
f 1819/3728/441 1826/3729/442 1818/3730/441
f 1732/3731/442 1833/3732/443 1828/3723/442
f 1771/3727/442 1830/3733/444 1784/3734/443
f 1826/3729/442 1832/3735/443 1831/3736/443
f 1745/3737/443 1837/3738/445 1833/3732/443
f 1784/3734/443 1834/3739/445 1775/3740/445
f 1831/3736/443 1836/3741/445 1835/3742/445
f 1735/3743/445 1841/3744/446 1837/3738/445
f 1775/3740/445 1838/3745/446 1777/3746/446
f 1835/3742/445 1840/3747/446 1839/3748/446
f 1737/3749/446 1845/3750/447 1841/3744/446
f 1777/3746/446 1842/3751/447 1783/3752/447
f 1839/3748/446 1844/3753/447 1843/3754/447
f 1740/3755/448 1845/3750/447 1744/3756/447
f 1780/3757/448 1842/3751/447 1846/3758/448
f 1849/3759/448 1844/3753/447 1848/3760/448
f 1739/3761/437 1847/3762/448 1740/3755/448
f 1779/3763/437 1846/3758/448 1850/3764/437
f 1853/3765/437 1848/3760/448 1852/3766/437
f 1742/3767/449 1851/3768/437 1739/3761/437
f 1854/3769/449 1779/3763/437 1850/3764/437
f 1857/3770/449 1852/3766/437 1856/3771/449
f 1741/3772/450 1855/3773/449 1742/3774/449
f 1781/3775/450 1854/3776/449 1858/3777/450
f 1861/3778/450 1856/3779/449 1860/3780/450
f 1741/3772/450 1865/3781/451 1859/3782/450
f 1776/3783/451 1858/3777/450 1862/3784/451
f 1860/3780/450 1863/3785/451 1861/3778/450
f 1736/3786/451 1869/3787/452 1865/3781/451
f 1778/3788/452 1862/3784/451 1866/3789/452
f 1864/3790/451 1867/3791/452 1863/3785/451
f 1738/3792/452 1873/3793/453 1869/3787/452
f 1785/3794/453 1866/3789/452 1870/3795/453
f 1868/3796/452 1871/3797/453 1867/3791/452
f 1746/3798/453 1877/3799/454 1873/3793/453
f 1770/3800/454 1870/3795/453 1874/3801/454
f 1872/3802/453 1875/3803/454 1871/3797/453
f 1731/3804/454 1881/3805/455 1877/3799/454
f 1762/3806/455 1874/3801/454 1878/3807/455
f 1876/3808/454 1879/3809/455 1875/3803/454
f 1724/3810/455 1885/3811/428 1881/3805/455
f 1763/3812/428 1878/3807/455 1882/3813/428
f 1880/3814/455 1883/3815/428 1879/3809/455
f 1725/3816/428 1889/3817/456 1885/3811/428
f 1764/3818/456 1882/3813/428 1886/3819/456
f 1884/3820/428 1887/3821/456 1883/3815/428
f 1726/3822/456 1893/3823/457 1889/3824/456
f 1760/3825/457 1886/3826/456 1890/3827/457
f 1888/3828/456 1891/3829/457 1887/3830/456
f 1723/3831/457 1897/3832/458 1893/3823/457
f 1759/3833/458 1890/3827/457 1894/3834/458
f 1892/3835/457 1895/3836/458 1891/3829/457
f 1722/3837/458 1901/3838/459 1897/3832/458
f 1757/3839/459 1894/3834/458 1898/3840/459
f 1896/3841/458 1899/3842/459 1895/3836/458
f 1721/3843/459 1905/3844/460 1901/3838/459
f 1755/3845/460 1898/3840/459 1902/3846/460
f 1900/3847/459 1903/3848/460 1899/3842/459
f 1719/3849/460 1909/3850/461 1905/3844/460
f 1752/3851/461 1902/3846/460 1906/3852/461
f 1904/3853/460 1907/3854/461 1903/3848/460
f 1717/3855/461 1912/3856/462 1909/3850/461
f 1752/3851/461 1911/3857/462 1747/3858/462
f 1907/3854/461 1913/3859/462 1910/3860/462
f 1714/3861/462 1916/3862/431 1912/3856/462
f 1747/3858/462 1915/3863/431 1748/3864/431
f 1910/3860/462 1917/3865/431 1914/3866/431
f 1715/3867/431 1920/3868/463 1916/3862/431
f 1748/3864/431 1919/3869/463 1751/3870/463
f 1914/3866/431 1921/3871/463 1918/3872/463
f 1716/3873/463 1924/3874/464 1920/3875/463
f 1751/3876/463 1923/3877/464 1754/3878/464
f 1918/3879/463 1925/3880/464 1922/3881/464
f 1718/3882/464 1929/3883/465 1924/3874/464
f 1754/3878/464 1926/3884/465 1756/3885/465
f 1922/3881/464 1928/3886/465 1927/3887/465
f 1720/3888/465 1933/3889/466 1929/3883/465
f 1756/3885/465 1930/3890/466 1765/3891/466
f 1927/3887/465 1932/3892/466 1931/3893/466
f 1727/3894/466 1937/3895/467 1933/3889/466
f 1765/3891/466 1934/3896/467 1766/3897/467
f 1931/3893/466 1936/3898/467 1935/3899/467
f 1728/3900/467 1941/3901/468 1937/3895/467
f 1766/3897/467 1938/3902/468 1767/3903/468
f 1935/3899/467 1940/3904/468 1939/3905/468
f 1729/3906/468 1945/3907/469 1941/3901/468
f 1767/3903/468 1942/3908/469 1769/3909/469
f 1939/3905/468 1944/3910/469 1943/3911/469
f 1733/3713/440 1824/3715/440 1946/3912/470
f 1769/3909/469 1821/3913/440 1773/3716/440
f 1822/3719/440 1944/3910/469 1823/3914/440
f 1803/3915/429 1832/3916/429 1827/3917/429
f 1892/3918/429 1787/3919/429 1896/3920/429
f 1881/3921/430 1885/3922/430 1768/3923/430
f 1820/3924/430 1828/3925/430 1795/3926/430
f 1882/3927/429 1743/3928/429 1886/3929/429
f 1804/3930/429 1817/3931/429 1821/3932/429
f 1749/3933/471 1786/3934/472 1788/3935/471
f 1789/3936/471 1750/3937/472 1753/3938/471
f 1749/3933/473 1812/3939/473 1811/3940/473
f 1753/3938/473 1809/3941/473 1789/3936/473
f 1793/3942/474 1768/3943/475 1791/3944/475
f 1758/3945/475 1792/3946/474 1790/3947/475
f 1772/3948/476 1815/3949/476 1816/3950/476
f 1814/3951/476 1761/3952/476 1813/3953/476
f 1790/3947/475 1743/3954/472 1758/3945/475
f 1791/3944/475 1750/3955/472 1787/3956/472
f 1861/3957/430 1863/3958/430 1790/3959/430
f 1800/3960/430 1931/3961/430 1935/3962/430
f 1951/3963/440 1955/3964/440 1949/3965/440
f 1952/3966/477 1957/3967/477 1951/3968/477
f 1952/3966/437 1954/3969/437 1958/3970/437
f 1949/3965/478 1956/3971/478 1950/3972/478
f 1947/3973/431 1956/3974/431 1953/3975/431
f 1953/3975/479 1961/3976/479 1947/3973/479
f 1948/3977/480 1965/3978/480 1954/3979/480
f 1961/3976/431 1963/3980/431 1962/3981/431
f 1960/3982/437 1966/3983/437 1965/3984/437
f 1805/3985/428 1803/3672/428 1808/3671/428
f 1803/3672/428 1794/3986/428 1800/3670/428
f 1794/3986/428 1801/3987/428 1800/3670/428
f 1801/3987/428 1799/3988/428 1800/3670/428
f 1796/3675/428 1795/3989/428 1708/3990/428
f 1795/3989/428 1806/3991/428 1708/3990/428
f 1796/3675/428 1708/3990/428 1705/3673/428
f 1798/3677/428 1797/3992/428 1702/3678/428
f 1702/3678/428 1707/3993/428 1804/3676/428
f 1707/3993/428 1807/3994/428 1804/3676/428
f 1720/3995/429 1718/3996/429 1705/3997/429
f 1708/3679/429 1744/3998/429 1737/3999/429
f 1708/3679/429 1737/3999/429 1735/4000/429
f 1727/4001/429 1720/3995/429 1705/3997/429
f 1728/4002/429 1727/4001/429 1705/3997/429
f 1708/3679/429 1735/4000/429 1745/4003/429
f 1708/3679/429 1745/4003/429 1732/4004/429
f 1728/4002/429 1705/3997/429 1729/4005/429
f 1705/3997/429 1708/3679/429 1733/3681/429
f 1729/4005/429 1705/3997/429 1730/4006/429
f 1730/4006/429 1705/3997/429 1733/3681/429
f 1708/3679/429 1732/4004/429 1734/3680/429
f 1740/4007/429 1744/3998/429 1708/3679/429
f 1708/3679/429 1709/4008/429 1952/4009/429
f 1709/4008/429 1713/4010/429 1952/4009/429
f 1708/3679/429 1739/4011/429 1740/4007/429
f 1713/4010/429 1959/4012/429 1948/4013/429
f 1959/4012/429 1960/4014/429 1948/4013/429
f 1739/4011/429 1708/3679/429 1742/3684/429
f 1708/3679/429 1952/4009/429 1951/3682/429
f 1713/4010/429 1948/4013/429 1952/4009/429
f 1951/3682/429 1738/4015/429 1736/4016/429
f 1951/3682/429 1736/4016/429 1741/3683/429
f 1742/3684/429 1708/3679/429 1951/3682/429
f 1961/4017/429 1962/4018/429 1947/4019/429
f 1962/4018/429 1711/4020/429 1947/4019/429
f 1711/4020/429 1704/4021/429 1950/4022/429
f 1704/4021/429 1705/3997/429 1950/4022/429
f 1950/4022/429 1705/3997/429 1949/3687/429
f 1705/3997/429 1718/3996/429 1716/4023/429
f 1705/3997/429 1716/4023/429 1715/4024/429
f 1950/4022/429 1947/4019/429 1711/4020/429
f 1705/3997/429 1715/4024/429 1714/4025/429
f 1705/3997/429 1714/4025/429 1949/3687/429
f 1738/4015/429 1951/3682/429 1746/4026/429
f 1951/3682/429 1949/3687/429 1725/4027/429
f 1746/4026/429 1951/3682/429 1731/4028/429
f 1731/4028/429 1951/3682/429 1724/4029/429
f 1949/3687/429 1714/4025/429 1717/4030/429
f 1724/4029/429 1951/3682/429 1725/4027/429
f 1949/3687/429 1717/4030/429 1719/4031/429
f 1949/3687/429 1719/4031/429 1721/4032/429
f 1726/4033/429 1725/4027/429 1949/3687/429
f 1949/3687/429 1721/4032/429 1722/3685/429
f 1723/3686/429 1726/4033/429 1949/3687/429
f 1751/4034/430 1754/4035/430 1702/3694/430
f 1702/3694/430 1703/4036/430 1956/4037/430
f 1703/4036/430 1710/4038/430 1956/4037/430
f 1702/3694/430 1748/4039/430 1751/4034/430
f 1710/4038/430 1963/4040/430 1953/4041/430
f 1963/4040/430 1964/4042/430 1953/4041/430
f 1748/4039/430 1702/3694/430 1747/3690/430
f 1702/3694/430 1956/4037/430 1955/3688/430
f 1710/4038/430 1953/4041/430 1956/4037/430
f 1955/3688/430 1757/4043/430 1755/4044/430
f 1955/3688/430 1755/4044/430 1752/3689/430
f 1747/3690/430 1702/3694/430 1955/3688/430
f 1966/4045/430 1712/4046/430 1954/4047/430
f 1712/4046/430 1706/4048/430 1958/4049/430
f 1954/4047/430 1712/4046/430 1958/4049/430
f 1706/4048/430 1707/4050/430 1958/4049/430
f 1707/4050/430 1783/4051/430 1780/4052/430
f 1707/4050/430 1780/4052/430 1779/4053/430
f 1954/4047/430 1965/4054/430 1966/4045/430
f 1707/4050/430 1779/4053/430 1782/4055/430
f 1707/4050/430 1782/4055/430 1957/3693/430
f 1958/4049/430 1707/4050/430 1957/3693/430
f 1757/4043/430 1955/3688/430 1759/4056/430
f 1955/3688/430 1957/3693/430 1763/4057/430
f 1759/4056/430 1955/3688/430 1760/4058/430
f 1957/3693/430 1782/4055/430 1781/4059/430
f 1781/4059/430 1776/4060/430 1957/3693/430
f 1760/4058/430 1955/3688/430 1764/4061/430
f 1764/4061/430 1955/3688/430 1763/4057/430
f 1957/3693/430 1776/4060/430 1778/4062/430
f 1957/3693/430 1778/4062/430 1785/4063/430
f 1957/3693/430 1785/4063/430 1770/3691/430
f 1762/3692/430 1763/4057/430 1957/3693/430
f 1777/4064/430 1783/4051/430 1707/4050/430
f 1702/3694/430 1754/4035/430 1756/4065/430
f 1702/3694/430 1756/4065/430 1765/4066/430
f 1775/4067/430 1777/4064/430 1707/4050/430
f 1784/4068/430 1775/4067/430 1707/4050/430
f 1702/3694/430 1765/4066/430 1766/4069/430
f 1702/3694/430 1766/4069/430 1767/4070/430
f 1784/4068/430 1707/4050/430 1771/4071/430
f 1707/4050/430 1702/3694/430 1773/3696/430
f 1771/4071/430 1707/4050/430 1774/4072/430
f 1774/4072/430 1707/4050/430 1773/3696/430
f 1702/3694/430 1767/4070/430 1769/3695/430
f 1709/3697/431 1706/3705/431 1712/3698/431
f 1810/4073/481 1802/3674/482 1705/3673/483
f 1703/4074/484 1702/3678/485 1811/4075/486
f 1702/3678/485 1797/3992/482 1811/4075/486
f 1810/4073/481 1705/3673/483 1704/3701/433
f 1799/3988/482 1801/3987/482 1809/3700/432
f 1809/3700/432 1810/4073/481 1704/3701/433
f 1704/3701/433 1703/4074/484 1812/3702/432
f 1703/4074/484 1811/4075/486 1812/3702/432
f 1812/3702/432 1799/3988/482 1809/3700/432
f 1815/4076/487 1805/4077/488 1808/4078/488
f 1815/4076/487 1808/4078/488 1814/4079/487
f 1708/4080/489 1806/4081/488 1816/4082/490
f 1815/4076/487 1814/4079/487 1709/3697/491
f 1814/4079/487 1813/3703/434 1706/3705/436
f 1709/3697/491 1708/4080/489 1816/4082/490
f 1816/4082/490 1815/4076/487 1709/3697/491
f 1814/4079/487 1706/3705/436 1709/3697/491
f 1813/3703/434 1807/4083/488 1707/3704/435
f 1703/3706/437 1704/4084/437 1711/3707/437
f 1711/3707/438 1962/4085/438 1963/3709/438
f 1713/3710/439 1712/4086/439 1966/3711/439
f 1733/3713/440 1734/4087/441 1820/3714/441
f 1773/3716/440 1821/3913/440 1817/3717/441
f 1822/3719/440 1823/3914/440 1819/3720/441
f 1734/3722/441 1732/3731/442 1828/3723/442
f 1774/3725/441 1817/4088/441 1825/3726/442
f 1819/3728/441 1827/4089/442 1826/3729/442
f 1732/3731/442 1745/3737/443 1833/3732/443
f 1825/3726/442 1830/3733/444 1771/3727/442
f 1830/3733/444 1829/4090/443 1784/3734/443
f 1826/3729/442 1827/4089/442 1832/3735/443
f 1745/3737/443 1735/3743/445 1837/3738/445
f 1784/3734/443 1829/4090/443 1834/3739/445
f 1831/3736/443 1832/3735/443 1836/3741/445
f 1735/3743/445 1737/3749/446 1841/3744/446
f 1775/3740/445 1834/3739/445 1838/3745/446
f 1835/3742/445 1836/3741/445 1840/3747/446
f 1737/3749/446 1744/3756/447 1845/3750/447
f 1777/3746/446 1838/3745/446 1842/3751/447
f 1839/3748/446 1840/3747/446 1844/3753/447
f 1740/3755/448 1847/3762/448 1845/3750/447
f 1780/3757/448 1783/3752/447 1842/3751/447
f 1849/3759/448 1843/3754/447 1844/3753/447
f 1739/3761/437 1851/3768/437 1847/3762/448
f 1779/3763/437 1780/3757/448 1846/3758/448
f 1853/3765/437 1849/3759/448 1848/3760/448
f 1742/3767/449 1855/4091/449 1851/3768/437
f 1854/3769/449 1782/4092/449 1779/3763/437
f 1857/3770/449 1853/3765/437 1852/3766/437
f 1741/3772/450 1859/3782/450 1855/3773/449
f 1781/3775/450 1782/4093/449 1854/3776/449
f 1861/3778/450 1857/4094/449 1856/3779/449
f 1741/3772/450 1736/3786/451 1865/3781/451
f 1776/3783/451 1781/3775/450 1858/3777/450
f 1860/3780/450 1864/3790/451 1863/3785/451
f 1736/3786/451 1738/3792/452 1869/3787/452
f 1778/3788/452 1776/3783/451 1862/3784/451
f 1864/3790/451 1868/3796/452 1867/3791/452
f 1738/3792/452 1746/3798/453 1873/3793/453
f 1785/3794/453 1778/3788/452 1866/3789/452
f 1868/3796/452 1872/3802/453 1871/3797/453
f 1746/3798/453 1731/3804/454 1877/3799/454
f 1770/3800/454 1785/3794/453 1870/3795/453
f 1872/3802/453 1876/3808/454 1875/3803/454
f 1731/3804/454 1724/3810/455 1881/3805/455
f 1762/3806/455 1770/3800/454 1874/3801/454
f 1876/3808/454 1880/3814/455 1879/3809/455
f 1724/3810/455 1725/3816/428 1885/3811/428
f 1763/3812/428 1762/3806/455 1878/3807/455
f 1880/3814/455 1884/3820/428 1883/3815/428
f 1725/3816/428 1726/4095/456 1889/3817/456
f 1764/3818/456 1763/3812/428 1882/3813/428
f 1884/3820/428 1888/4096/456 1887/3821/456
f 1726/3822/456 1723/3831/457 1893/3823/457
f 1760/3825/457 1764/4097/456 1886/3826/456
f 1888/3828/456 1892/3835/457 1891/3829/457
f 1723/3831/457 1722/3837/458 1897/3832/458
f 1759/3833/458 1760/3825/457 1890/3827/457
f 1892/3835/457 1896/3841/458 1895/3836/458
f 1722/3837/458 1721/3843/459 1901/3838/459
f 1757/3839/459 1759/3833/458 1894/3834/458
f 1896/3841/458 1900/3847/459 1899/3842/459
f 1721/3843/459 1719/3849/460 1905/3844/460
f 1755/3845/460 1757/3839/459 1898/3840/459
f 1900/3847/459 1904/3853/460 1903/3848/460
f 1719/3849/460 1717/3855/461 1909/3850/461
f 1752/3851/461 1755/3845/460 1902/3846/460
f 1904/3853/460 1908/4098/461 1907/3854/461
f 1717/3855/461 1714/3861/462 1912/3856/462
f 1752/3851/461 1906/3852/461 1911/3857/462
f 1907/3854/461 1908/4098/461 1913/3859/462
f 1714/3861/462 1715/3867/431 1916/3862/431
f 1747/3858/462 1911/3857/462 1915/3863/431
f 1910/3860/462 1913/3859/462 1917/3865/431
f 1715/3867/431 1716/4099/463 1920/3868/463
f 1748/3864/431 1915/3863/431 1919/3869/463
f 1914/3866/431 1917/3865/431 1921/3871/463
f 1716/3873/463 1718/3882/464 1924/3874/464
f 1751/3876/463 1919/4100/463 1923/3877/464
f 1918/3879/463 1921/4101/463 1925/3880/464
f 1718/3882/464 1720/3888/465 1929/3883/465
f 1754/3878/464 1923/3877/464 1926/3884/465
f 1922/3881/464 1925/3880/464 1928/3886/465
f 1720/3888/465 1727/3894/466 1933/3889/466
f 1756/3885/465 1926/3884/465 1930/3890/466
f 1927/3887/465 1928/3886/465 1932/3892/466
f 1727/3894/466 1728/3900/467 1937/3895/467
f 1765/3891/466 1930/3890/466 1934/3896/467
f 1931/3893/466 1932/3892/466 1936/3898/467
f 1728/3900/467 1729/3906/468 1941/3901/468
f 1766/3897/467 1934/3896/467 1938/3902/468
f 1935/3899/467 1936/3898/467 1940/3904/468
f 1729/3906/468 1730/4102/469 1945/3907/469
f 1767/3903/468 1938/3902/468 1942/3908/469
f 1939/3905/468 1940/3904/468 1944/3910/469
f 1946/3912/470 1945/3907/469 1730/4102/469
f 1730/4102/469 1733/3713/440 1946/3912/470
f 1769/3909/469 1942/3908/469 1821/3913/440
f 1822/3719/440 1943/3911/469 1944/3910/469
f 1827/3917/429 1819/4103/429 1794/4104/429
f 1794/4104/429 1803/3915/429 1827/3917/429
f 1836/4105/429 1832/3916/429 1803/3915/429
f 1803/3915/429 1805/4106/429 1844/4107/429
f 1805/4106/429 1815/4108/429 1793/4109/429
f 1803/3915/429 1840/4110/429 1836/4105/429
f 1793/4109/429 1791/4111/429 1856/4112/429
f 1868/4113/429 1791/4111/429 1872/4114/429
f 1791/4111/429 1787/3919/429 1884/4115/429
f 1787/3919/429 1789/4116/429 1908/4117/429
f 1791/4111/429 1884/4115/429 1880/4118/429
f 1789/4116/429 1809/4119/429 1801/4120/429
f 1801/4120/429 1794/4104/429 1936/4121/429
f 1794/4104/429 1819/4103/429 1823/4122/429
f 1794/4104/429 1823/4122/429 1944/4123/429
f 1791/4111/429 1868/4113/429 1864/4124/429
f 1840/4110/429 1803/3915/429 1844/4107/429
f 1844/4107/429 1805/4106/429 1848/4125/429
f 1794/4104/429 1944/4123/429 1940/4126/429
f 1794/4104/429 1940/4126/429 1936/4121/429
f 1848/4125/429 1805/4106/429 1852/4127/429
f 1852/4127/429 1805/4106/429 1793/4109/429
f 1801/4120/429 1936/4121/429 1932/4128/429
f 1856/4112/429 1852/4127/429 1793/4109/429
f 1801/4120/429 1932/4128/429 1928/4129/429
f 1801/4120/429 1928/4129/429 1925/4130/429
f 1860/4131/429 1856/4112/429 1791/4111/429
f 1864/4124/429 1860/4131/429 1791/4111/429
f 1789/4116/429 1801/4120/429 1917/4132/429
f 1801/4120/429 1925/4130/429 1921/4133/429
f 1801/4120/429 1921/4133/429 1917/4132/429
f 1789/4116/429 1917/4132/429 1913/4134/429
f 1876/4135/429 1872/4114/429 1791/4111/429
f 1880/4118/429 1876/4135/429 1791/4111/429
f 1789/4116/429 1913/4134/429 1908/4117/429
f 1908/4117/429 1904/4136/429 1787/3919/429
f 1884/4115/429 1787/3919/429 1888/4137/429
f 1888/4137/429 1787/3919/429 1892/3918/429
f 1904/4136/429 1900/4138/429 1787/3919/429
f 1900/4138/429 1896/3920/429 1787/3919/429
f 1945/4139/430 1946/4140/430 1796/4141/430
f 1796/4141/430 1802/4142/430 1933/4143/430
f 1802/4142/430 1810/4144/430 1753/4145/430
f 1796/4141/430 1933/4143/430 1937/4146/430
f 1753/4145/430 1750/4147/430 1909/4148/430
f 1893/4149/430 1750/4147/430 1889/4150/430
f 1750/4147/430 1768/3923/430 1885/3922/430
f 1768/3923/430 1772/4151/430 1855/4152/430
f 1750/4147/430 1885/3922/430 1889/4150/430
f 1772/4151/430 1816/4153/430 1806/4154/430
f 1806/4154/430 1795/3926/430 1845/4155/430
f 1795/3926/430 1833/4156/430 1837/4157/430
f 1795/3926/430 1837/4157/430 1841/4158/430
f 1750/4147/430 1893/4149/430 1897/4159/430
f 1941/4160/430 1945/4139/430 1796/4141/430
f 1937/4146/430 1941/4160/430 1796/4141/430
f 1795/3926/430 1841/4158/430 1845/4155/430
f 1933/4143/430 1802/4142/430 1929/4161/430
f 1929/4161/430 1802/4142/430 1924/4162/430
f 1772/4151/430 1806/4154/430 1851/4163/430
f 1806/4154/430 1845/4155/430 1847/4164/430
f 1806/4154/430 1847/4164/430 1851/4163/430
f 1924/4162/430 1802/4142/430 1920/4165/430
f 1920/4165/430 1802/4142/430 1916/4166/430
f 1772/4151/430 1851/4163/430 1855/4152/430
f 1916/4166/430 1802/4142/430 1753/4145/430
f 1855/4152/430 1859/4167/430 1768/3923/430
f 1859/4167/430 1865/4168/430 1768/3923/430
f 1912/4169/430 1916/4166/430 1753/4145/430
f 1909/4148/430 1912/4169/430 1753/4145/430
f 1865/4168/430 1869/4170/430 1768/3923/430
f 1869/4170/430 1873/4171/430 1768/3923/430
f 1905/4172/430 1909/4148/430 1750/4147/430
f 1901/4173/430 1905/4172/430 1750/4147/430
f 1873/4171/430 1877/4174/430 1768/3923/430
f 1877/4174/430 1881/3921/430 1768/3923/430
f 1897/4159/430 1901/4173/430 1750/4147/430
f 1828/3925/430 1833/4156/430 1795/3926/430
f 1795/3926/430 1796/4141/430 1820/3924/430
f 1796/4141/430 1946/4140/430 1824/4175/430
f 1796/4141/430 1824/4175/430 1820/3924/430
f 1829/4176/429 1830/4177/429 1804/3930/429
f 1804/3930/429 1807/4178/429 1838/4179/429
f 1807/4178/429 1813/4180/429 1761/4181/429
f 1804/3930/429 1834/4182/429 1829/4176/429
f 1761/4181/429 1758/4183/429 1854/4184/429
f 1866/4185/429 1758/4183/429 1870/4186/429
f 1758/4183/429 1743/3928/429 1882/3927/429
f 1743/3928/429 1749/4187/429 1906/4188/429
f 1758/4183/429 1878/4189/429 1874/4190/429
f 1749/4187/429 1811/4191/429 1797/4192/429
f 1797/4192/429 1798/4193/429 1923/4194/429
f 1798/4193/429 1934/4195/429 1930/4196/429
f 1798/4193/429 1930/4196/429 1926/4197/429
f 1758/4183/429 1866/4185/429 1862/4198/429
f 1878/4189/429 1758/4183/429 1882/3927/429
f 1834/4182/429 1804/3930/429 1838/4179/429
f 1838/4179/429 1807/4178/429 1842/4199/429
f 1798/4193/429 1926/4197/429 1923/4194/429
f 1842/4199/429 1807/4178/429 1846/4200/429
f 1846/4200/429 1807/4178/429 1850/4201/429
f 1749/4187/429 1797/4192/429 1915/4202/429
f 1797/4192/429 1923/4194/429 1919/4203/429
f 1797/4192/429 1919/4203/429 1915/4202/429
f 1850/4201/429 1807/4178/429 1761/4181/429
f 1749/4187/429 1915/4202/429 1911/4204/429
f 1854/4184/429 1850/4201/429 1761/4181/429
f 1858/4205/429 1854/4184/429 1758/4183/429
f 1749/4187/429 1911/4204/429 1906/4188/429
f 1906/4188/429 1902/4206/429 1743/3928/429
f 1862/4198/429 1858/4205/429 1758/4183/429
f 1902/4206/429 1898/4207/429 1743/3928/429
f 1898/4207/429 1894/4208/429 1743/3928/429
f 1874/4190/429 1870/4186/429 1758/4183/429
f 1894/4208/429 1890/4209/429 1743/3928/429
f 1890/4209/429 1886/3929/429 1743/3928/429
f 1938/4210/429 1934/4195/429 1798/4193/429
f 1798/4193/429 1804/3930/429 1821/3932/429
f 1804/3930/429 1830/4177/429 1825/4211/429
f 1804/3930/429 1825/4211/429 1817/3931/429
f 1942/4212/429 1938/4210/429 1798/4193/429
f 1821/3932/429 1942/4212/429 1798/4193/429
f 1749/3933/471 1743/4213/472 1786/3934/472
f 1789/3936/471 1787/4214/472 1750/3937/472
f 1749/3933/473 1788/3935/473 1812/3939/473
f 1753/3938/473 1810/4215/473 1809/3941/473
f 1793/3942/474 1772/3948/474 1768/3943/475
f 1758/3945/475 1761/3952/474 1792/3946/474
f 1772/3948/476 1793/3942/476 1815/3949/476
f 1814/3951/476 1792/3946/476 1761/3952/476
f 1790/3947/475 1786/4216/472 1743/3954/472
f 1791/3944/475 1768/3943/475 1750/3955/472
f 1918/4217/430 1922/4218/430 1799/4219/430
f 1799/4219/430 1812/4220/430 1788/4221/430
f 1788/4221/430 1786/4222/430 1907/4223/430
f 1786/4222/430 1790/3959/430 1883/4224/430
f 1879/4225/430 1790/3959/430 1875/4226/430
f 1790/3959/430 1792/4227/430 1857/4228/430
f 1792/4227/430 1814/4229/430 1808/4230/430
f 1790/3959/430 1867/4231/430 1871/4232/430
f 1808/4230/430 1800/3960/430 1831/4233/430
f 1800/3960/430 1943/4234/430 1822/4235/430
f 1800/3960/430 1822/4235/430 1818/4236/430
f 1790/3959/430 1879/4225/430 1883/4224/430
f 1867/4231/430 1790/3959/430 1863/3958/430
f 1875/4226/430 1790/3959/430 1871/4232/430
f 1918/4217/430 1799/4219/430 1914/4237/430
f 1799/4219/430 1788/4221/430 1914/4237/430
f 1800/3960/430 1818/4236/430 1826/4238/430
f 1800/3960/430 1826/4238/430 1831/4233/430
f 1910/4239/430 1914/4237/430 1788/4221/430
f 1907/4223/430 1910/4239/430 1788/4221/430
f 1808/4230/430 1831/4233/430 1835/4240/430
f 1808/4230/430 1835/4240/430 1839/4241/430
f 1903/4242/430 1907/4223/430 1786/4222/430
f 1899/4243/430 1903/4242/430 1786/4222/430
f 1808/4230/430 1839/4241/430 1843/4244/430
f 1808/4230/430 1843/4244/430 1849/4245/430
f 1895/4246/430 1899/4243/430 1786/4222/430
f 1891/4247/430 1895/4246/430 1786/4222/430
f 1808/4230/430 1849/4245/430 1853/4248/430
f 1808/4230/430 1853/4248/430 1792/4227/430
f 1887/4249/430 1891/4247/430 1786/4222/430
f 1883/4224/430 1887/4249/430 1786/4222/430
f 1853/4248/430 1857/4228/430 1792/4227/430
f 1857/4228/430 1861/3957/430 1790/3959/430
f 1939/4250/430 1943/4234/430 1800/3960/430
f 1800/3960/430 1799/4219/430 1931/3961/430
f 1799/4219/430 1922/4218/430 1927/4251/430
f 1799/4219/430 1927/4251/430 1931/3961/430
f 1935/3962/430 1939/4250/430 1800/3960/430
f 1951/3963/440 1957/4252/440 1955/3964/440
f 1952/3966/477 1958/3970/477 1957/3967/477
f 1952/3966/437 1948/4253/437 1954/3969/437
f 1949/3965/478 1955/3964/478 1956/3971/478
f 1947/3973/431 1950/4254/431 1956/3974/431
f 1953/3975/479 1964/4255/479 1961/3976/479
f 1948/3977/480 1960/4256/480 1965/3978/480
f 1961/3976/431 1964/4255/431 1963/3980/431
f 1960/3982/437 1959/4257/437 1966/3983/437
o kopf
v -0.987090 5.804440 -0.976596
v -0.987090 7.804440 -0.976596
v 1.012911 5.804440 -0.976597
v 1.012911 7.804440 -0.976597
v -0.987089 5.804440 1.023404
v -0.987089 7.804440 1.023404
v 1.012912 5.804440 1.023403
v 1.012912 7.804440 1.023403
vn -0.0000 -0.0000 -1.0000
vn 1.0000 -0.0000 -0.0000
vn -0.0000 -0.0000 1.0000
vn -1.0000 -0.0000 -0.0000
vn -0.0000 -1.0000 -0.0000
vn -0.0000 1.0000 -0.0000
vt 0.101570 0.685556
vt 0.195834 0.591267
vt 0.195834 0.685556
vt 0.101570 0.779844
vt 0.195834 0.685555
vt 0.195834 0.779844
vt 0.223877 0.734062
vt 0.318141 0.639774
vt 0.318141 0.734062
vt 0.695198 0.329044
vt 0.789463 0.234756
vt 0.789463 0.329044
vt 0.525523 0.703155
vt 0.619787 0.608867
vt 0.619787 0.703155
vt 0.327568 0.734052
vt 0.421832 0.639764
vt 0.421832 0.734052
vt 0.101570 0.591267
vt 0.101570 0.685555
vt 0.223877 0.639774
vt 0.695198 0.234756
vt 0.525523 0.608867
vt 0.327568 0.639764
s 1
f 1968/4258/492 1969/4259/492 1967/4260/492
f 1970/4261/493 1973/4262/493 1969/4263/493
f 1974/4264/494 1971/4265/494 1973/4266/494
f 1972/4267/495 1967/4268/495 1971/4269/495
f 1973/4270/496 1967/4271/496 1969/4272/496
f 1970/4273/497 1972/4274/497 1974/4275/497
f 1968/4258/492 1970/4276/492 1969/4259/492
f 1970/4261/493 1974/4277/493 1973/4262/493
f 1974/4264/494 1972/4278/494 1971/4265/494
f 1972/4267/495 1968/4279/495 1967/4268/495
f 1973/4270/496 1971/4280/496 1967/4271/496
f 1970/4273/497 1968/4281/497 1972/4274/497
o oberarm.l
v -3.319429 5.292544 -0.176597
v -3.084831 3.526637 -0.159621
v -3.319430 3.868544 -0.976597
v -3.084831 3.461641 -0.406835
v -3.319429 5.222849 -0.423810
v -3.319429 5.020585 -0.646825
v -3.084831 3.273011 -0.629850
v -3.319430 4.705551 -0.823811
v -3.084832 2.979216 -0.806835
v -3.319430 4.308585 -0.937442
v -2.519429 3.868544 -0.976597
v -2.519429 5.292544 -0.176597
v -2.704831 3.526637 -0.159621
v -2.519429 4.308585 -0.937442
v -2.704832 2.979216 -0.806835
v -2.519429 4.705551 -0.823811
v -2.519429 5.020585 -0.646825
v -2.704831 3.273011 -0.629850
v -2.519429 5.222849 -0.423810
v -2.704831 3.461641 -0.406835
v -3.319429 3.868543 1.023403
v -3.319429 5.292544 0.223403
v -3.084831 3.526637 0.240379
v -3.319429 4.308584 0.984248
v -3.319429 4.705550 0.870617
v -3.084831 2.979215 0.887592
v -3.084831 3.273011 0.710607
v -3.319429 5.020584 0.693632
v -3.084831 3.461640 0.487592
v -3.319429 5.222848 0.470617
v -2.704831 3.526637 0.240379
v -2.519429 5.292544 0.223403
v -2.519429 3.868543 1.023402
v -2.519429 5.222848 0.470617
v -2.704831 3.461640 0.487592
v -2.519429 5.020584 0.693631
v -2.704831 3.273011 0.710607
v -2.519429 4.705550 0.870617
v -2.704831 2.979215 0.887592
v -2.519429 4.308584 0.984248
v -3.319430 3.156544 -0.976598
v -3.319429 1.732543 -0.176598
v -3.319430 2.716504 -0.937443
v -3.319430 2.319538 -0.823812
v -3.319429 2.004503 -0.646827
v -3.319429 1.802239 -0.423812
v -2.519429 1.732543 -0.176599
v -2.519429 3.156544 -0.976598
v -2.519429 1.802239 -0.423812
v -2.519429 2.004503 -0.646827
v -2.519429 2.319538 -0.823812
v -2.519429 2.716504 -0.937443
v -3.319429 1.732543 0.223402
v -3.319429 3.156543 1.023402
v -3.319429 1.802238 0.470615
v -3.319429 2.004503 0.693630
v -3.319429 2.319537 0.870616
v -3.319429 2.716503 0.984247
v -2.519429 3.156543 1.023402
v -2.519429 1.732543 0.223401
v -2.519429 2.716503 0.984247
v -2.519429 2.319537 0.870615
v -2.519429 2.004503 0.693630
v -2.519429 1.802238 0.470615
v -3.084831 1.732543 -0.176599
v -2.704831 1.732543 -0.176599
v -3.084831 1.802239 -0.423812
v -2.704831 1.802239 -0.423812
v -3.084831 2.004503 -0.646827
v -2.704831 2.004503 -0.646827
v -3.084832 2.319538 -0.823812
v -2.704832 2.319538 -0.823812
v -3.084832 2.632265 -0.913330
v -2.704832 2.632265 -0.913330
v -3.084831 1.732543 0.223401
v -2.704831 1.732543 0.223401
v -3.084831 1.802238 0.470615
v -2.704831 1.802238 0.470615
v -3.084831 2.004503 0.693630
v -2.704831 2.004503 0.693630
v -2.704831 2.319537 0.870615
v -3.084831 2.319537 0.870615
v -3.084831 2.689500 0.976518
v -2.704831 2.689500 0.976518
v -2.459430 2.259882 0.023402
v -2.459430 2.256039 0.062420
v -2.459430 2.244658 0.099938
v -2.459430 2.226175 0.134516
v -2.459430 2.201303 0.164823
v -2.459430 2.170996 0.189695
v -2.459430 2.136418 0.208177
v -2.459430 2.098900 0.219559
v -2.459430 2.059881 0.223401
v -2.459430 2.020864 0.219559
v -2.459430 1.983345 0.208177
v -2.459430 1.948768 0.189695
v -2.459430 1.918461 0.164823
v -2.459430 1.893588 0.134515
v -2.459430 1.875106 0.099938
v -2.459430 1.863725 0.062419
v -2.459430 1.859881 0.023401
v -2.459430 1.863725 -0.015617
v -2.459430 1.875106 -0.053135
v -2.459430 1.893588 -0.087713
v -2.459430 1.918461 -0.118020
v -2.459430 1.948768 -0.142892
v -2.459430 1.983345 -0.161374
v -2.459430 2.020864 -0.172756
v -2.459430 2.059881 -0.176598
v -2.459430 2.098900 -0.172756
v -2.459430 2.136418 -0.161374
v -2.459430 2.170996 -0.142892
v -2.459430 2.201303 -0.118020
v -2.459430 2.226175 -0.087712
v -2.459430 2.244658 -0.053135
v -2.459430 2.256039 -0.015616
v -2.519429 2.259882 0.023402
v -2.704831 2.259882 0.023402
v -3.084831 2.259882 0.023402
v -2.519429 2.256039 0.062420
v -2.704831 2.256039 0.062420
v -3.084831 2.256039 0.062420
v -2.519429 2.244658 0.099938
v -2.704831 2.244658 0.099938
v -3.084831 2.244658 0.099938
v -2.519429 2.226175 0.134516
v -2.704831 2.226175 0.134516
v -3.084831 2.226175 0.134516
v -2.519429 2.201303 0.164823
v -2.704831 2.201303 0.164823
v -3.084831 2.201303 0.164823
v -2.519429 2.170996 0.189695
v -2.704831 2.170996 0.189696
v -3.084831 2.170996 0.189696
v -2.519429 2.136418 0.208177
v -2.704831 2.136418 0.208177
v -3.084831 2.136418 0.208178
v -2.519429 2.098900 0.219559
v -2.704831 2.098900 0.219559
v -3.084831 2.098900 0.219559
v -2.519429 2.059881 0.223402
v -2.704831 2.059881 0.223402
v -3.084831 2.059881 0.223402
v -2.519429 2.020864 0.219559
v -2.704831 2.020864 0.219559
v -3.084831 2.020864 0.219559
v -2.519429 1.983345 0.208177
v -2.704831 1.983345 0.208177
v -3.084831 1.983345 0.208177
v -2.519429 1.948768 0.189695
v -2.704831 1.948768 0.189695
v -3.084831 1.948768 0.189695
v -2.519429 1.918461 0.164823
v -2.704831 1.918461 0.164823
v -3.084831 1.918461 0.164823
v -2.519429 1.893588 0.134515
v -2.704831 1.893588 0.134516
v -3.084831 1.893588 0.134516
v -2.519429 1.875106 0.099938
v -2.704831 1.875106 0.099938
v -3.084831 1.875106 0.099938
v -2.519429 1.863725 0.062420
v -2.704831 1.863725 0.062420
v -3.084831 1.863725 0.062420
v -2.519429 1.859881 0.023401
v -2.704831 1.859881 0.023401
v -3.084831 1.859881 0.023402
v -2.519429 1.863725 -0.015617
v -2.704831 1.863725 -0.015617
v -3.084831 1.863725 -0.015617
v -2.519429 1.875106 -0.053135
v -2.704831 1.875106 -0.053135
v -3.084831 1.875106 -0.053135
v -2.519429 1.893588 -0.087713
v -2.704831 1.893588 -0.087713
v -3.084831 1.893588 -0.087712
v -2.519429 1.918461 -0.118020
v -2.704831 1.918461 -0.118020
v -3.084831 1.918461 -0.118020
v -2.519429 1.948768 -0.142892
v -2.704831 1.948768 -0.142892
v -3.084831 1.948768 -0.142892
v -2.519429 1.983345 -0.161374
v -2.704831 1.983345 -0.161374
v -3.084831 1.983345 -0.161374
v -2.519429 2.020864 -0.172756
v -2.704831 2.020864 -0.172755
v -3.084831 2.020864 -0.172755
v -2.519429 2.059881 -0.176598
v -2.704831 2.059881 -0.176598
v -3.084831 2.059881 -0.176598
v -2.519429 2.098900 -0.172756
v -2.704831 2.098900 -0.172755
v -3.084831 2.098900 -0.172755
v -2.519429 2.136418 -0.161374
v -2.704831 2.136418 -0.161374
v -3.084831 2.136418 -0.161374
v -2.519429 2.170996 -0.142892
v -2.704831 2.170996 -0.142892
v -3.084831 2.170996 -0.142892
v -2.519429 2.201303 -0.118020
v -2.704831 2.201303 -0.118020
v -3.084831 2.201303 -0.118020
v -2.519429 2.226175 -0.087712
v -2.704831 2.226175 -0.087712
v -3.084831 2.226175 -0.087712
v -2.519429 2.244658 -0.053135
v -2.704831 2.244658 -0.053135
v -3.084831 2.244658 -0.053135
v -2.519429 2.256039 -0.015616
v -2.704831 2.256039 -0.015616
v -3.084831 2.256039 -0.015616
v -2.519429 4.626405 -0.368911
v -2.519429 4.704441 -0.376597
v -2.519429 4.857514 -0.346149
v -2.519429 4.782477 -0.368911
v -2.519429 4.926669 -0.309185
v -2.519429 4.987284 -0.259440
v -2.519429 5.037029 -0.198825
v -2.519429 5.096755 -0.054633
v -2.519429 5.073993 -0.129670
v -2.519429 5.037029 0.245631
v -2.519429 5.073993 0.176476
v -2.519429 4.987284 0.306246
v -2.519429 4.926669 0.355991
v -2.519429 4.551368 0.392955
v -2.519429 4.857514 0.392955
v -2.519429 4.704441 0.423403
v -2.519429 4.626405 0.415717
v -2.519429 4.782477 0.415717
v -2.519429 4.482213 0.355991
v -2.519429 5.104442 0.023403
v -2.519429 5.096755 0.101439
v -2.519429 4.482213 -0.309185
v -2.519429 4.551368 -0.346149
v -2.519429 4.421598 -0.259440
v -2.519429 4.334889 -0.129671
v -2.519429 4.371853 -0.198825
v -2.519429 4.312127 -0.054633
v -2.519429 4.312127 0.101439
v -2.519429 4.304441 0.023403
v -2.519429 4.421598 0.306246
v -2.519429 4.371853 0.245631
v -2.519429 4.334889 0.176476
v -3.319429 4.626405 -0.368911
v -3.319429 4.704441 -0.376597
v -3.319429 4.857514 -0.346149
v -3.319429 4.551368 -0.346149
v -3.319429 4.782477 -0.368911
v -3.319429 4.987284 -0.259439
v -3.319429 4.482213 -0.309185
v -3.319429 5.037029 -0.198825
v -3.319429 5.073993 -0.129670
v -3.319429 4.926669 -0.309185
v -3.319429 5.073993 0.176477
v -3.319429 5.037029 0.245631
v -3.319429 5.096755 0.101439
v -3.319429 4.926669 0.355991
v -3.319429 4.857514 0.392955
v -3.319429 4.704441 0.423403
v -3.319429 4.626405 0.415717
v -3.319429 4.782477 0.415717
v -3.319429 4.987284 0.306246
v -3.319429 5.104442 0.023403
v -3.319429 5.096755 -0.054633
v -3.319429 4.371853 -0.198825
v -3.319429 4.421598 -0.259440
v -3.319429 4.304441 0.023403
v -3.319429 4.312127 -0.054633
v -3.319429 4.334889 -0.129671
v -3.319429 4.334889 0.176476
v -3.319429 4.421598 0.306246
v -3.319429 4.371853 0.245631
v -3.319429 4.482213 0.355991
v -3.319429 4.551368 0.392955
v -3.319429 4.312127 0.101439
vn -0.0000 0.9906 -0.1370
vn -0.0000 0.9906 0.1370
vn 1.0000 -0.0000 -0.0000
vn -1.0000 -0.0000 -0.0000
vn -0.0000 0.0444 0.9990
vn -0.0000 -0.0444 0.9990
vn -0.0000 0.8748 -0.4844
vn -0.0000 0.6233 -0.7820
vn -0.0000 0.3851 -0.9229
vn -0.0000 0.1827 -0.9832
vn -0.0000 0.0444 -0.9990
vn -0.0000 0.8748 0.4844
vn -0.0000 0.6233 0.7820
vn -0.0000 0.3851 0.9229
vn -0.0000 0.1827 0.9832
vn -0.0000 -0.0444 -0.9990
vn -0.0000 -0.8748 -0.4844
vn -0.0000 -0.9906 -0.1370
vn -0.0000 -0.6233 -0.7820
vn -0.0000 -0.3851 -0.9229
vn -0.0000 -0.2752 -0.9614
vn -0.0000 -0.1827 -0.9832
vn -0.0000 -0.9906 0.1370
vn -0.0000 -0.8748 0.4844
vn -0.0000 -0.6233 0.7820
vn -0.0000 -0.3851 0.9229
vn -0.0000 -0.2752 0.9614
vn -0.0000 -0.1827 0.9832
vn -0.0000 -0.9917 -0.1282
vn -0.0000 -0.9917 0.1282
vn -0.0000 -0.8872 0.4614
vn -0.0000 -0.6484 0.7613
vn -0.0000 -0.4078 0.9131
vn -0.0000 -0.2934 0.9560
vn -0.0000 -0.8872 -0.4614
vn -0.0000 -0.6484 -0.7613
vn -0.0000 -0.4078 -0.9131
vn -0.0000 -0.2934 -0.9560
vn -0.0000 1.0000 -0.0000
vn -0.0000 0.9808 0.1951
vn -0.0000 0.9239 0.3827
vn -0.0000 0.8315 0.5556
vn -0.0000 0.7071 0.7071
vn -0.0000 0.5556 0.8315
vn -0.0000 0.3827 0.9239
vn -0.0000 0.1951 0.9808
vn -0.0000 -0.0000 1.0000
vn -0.0000 -0.1951 0.9808
vn -0.0000 -0.3827 0.9239
vn -0.0000 -0.5556 0.8315
vn -0.0000 -0.7071 0.7071
vn -0.0000 -0.8315 0.5556
vn -0.0000 -0.9239 0.3827
vn -0.0000 -0.9808 0.1951
vn -0.0000 -1.0000 -0.0000
vn -0.0000 -0.9808 -0.1951
vn -0.0000 -0.9239 -0.3827
vn -0.0000 -0.8315 -0.5556
vn -0.0000 -0.7071 -0.7071
vn -0.0000 -0.5556 -0.8315
vn -0.0000 -0.3827 -0.9239
vn -0.0000 -0.1951 -0.9808
vn -0.0000 -0.0000 -1.0000
vn -0.0000 0.1951 -0.9808
vn -0.0000 0.3827 -0.9239
vn -0.0000 0.5556 -0.8315
vn -0.0000 0.7071 -0.7071
vn -0.0000 0.8315 -0.5556
vn -0.0000 0.9239 -0.3827
vn -0.0000 0.9808 -0.1951
vn -1.0000 -0.0000 -0.0001
vn -1.0000 -0.0000 0.0001
vt 0.541786 0.208859
vt 0.504080 0.190001
vt 0.541786 0.190001
vt 0.139275 0.234858
vt 0.138228 0.246904
vt 0.135371 0.249249
vt 0.155917 0.280006
vt 0.180291 0.389870
vt 0.152380 0.281079
vt 0.485606 0.279904
vt 0.509980 0.389767
vt 0.482069 0.280977
vt 0.465060 0.249147
vt 0.462715 0.252005
vt 0.457313 0.238042
vt 0.745158 0.740287
vt 0.782864 0.773782
vt 0.745158 0.773782
vt 0.504080 0.220514
vt 0.504080 0.208859
vt 0.541786 0.220514
vt 0.504080 0.231028
vt 0.094264 0.458823
vt 0.056558 0.473099
vt 0.056558 0.458823
vt 0.094264 0.473099
vt 0.056558 0.491424
vt 0.094264 0.491424
vt 0.056558 0.512004
vt 0.541786 0.178347
vt 0.504080 0.178347
vt 0.541786 0.167833
vt 0.782864 0.687106
vt 0.745158 0.701382
vt 0.745158 0.687106
vt 0.782864 0.701382
vt 0.745158 0.719707
vt 0.782864 0.719707
vt 0.094264 0.545499
vt 0.056558 0.545499
vt 0.035326 0.994178
vt 0.024269 0.982745
vt 0.035326 0.982745
vt 0.991016 0.282456
vt 0.999754 0.271023
vt 0.999754 0.282456
vt 0.056558 0.600710
vt 0.067616 0.610912
vt 0.056558 0.610912
vt 0.094264 0.610912
vt 0.085526 0.600710
vt 0.094264 0.600710
vt 0.056558 0.585345
vt 0.067616 0.600710
vt 0.094264 0.585345
vt 0.085526 0.585345
vt 0.067616 0.570358
vt 0.056558 0.566321
vt 0.094264 0.566321
vt 0.991016 0.252201
vt 0.999754 0.240368
vt 0.999754 0.252201
vt 0.035326 0.963923
vt 0.024269 0.952089
vt 0.035326 0.952089
vt 0.991016 0.240368
vt 0.999754 0.229292
vt 0.024269 0.941013
vt 0.035326 0.941013
vt 0.745158 0.828993
vt 0.753897 0.813628
vt 0.753897 0.828993
vt 0.782864 0.813628
vt 0.771807 0.828993
vt 0.771807 0.813628
vt 0.771807 0.795898
vt 0.753897 0.795898
vt 0.745158 0.794604
vt 0.782864 0.794604
vt 0.024269 0.963923
vt 0.991016 0.271023
vt 0.968389 0.256154
vt 0.950479 0.274976
vt 0.950479 0.256154
vt 0.536938 0.778585
vt 0.529456 0.766525
vt 0.557692 0.703155
vt 0.646083 0.792999
vt 0.633354 0.786725
vt 0.617670 0.729011
vt 0.968389 0.286796
vt 0.968389 0.274976
vt 0.968389 0.297833
vt 0.950479 0.286796
vt 0.092379 0.625278
vt 0.074469 0.610912
vt 0.092379 0.610912
vt 0.074469 0.625278
vt 0.092379 0.641927
vt 0.074469 0.641927
vt 0.950479 0.244708
vt 0.950479 0.234756
vt 0.968389 0.244708
vt 0.088269 0.808572
vt 0.070358 0.794206
vt 0.088269 0.794206
vt 0.070358 0.808572
vt 0.088269 0.822475
vt 0.070358 0.822475
vt 0.213744 0.386402
vt 0.210916 0.384563
vt 0.213744 0.384563
vt 0.718206 0.403532
vt 0.716367 0.385617
vt 0.718206 0.385617
vt 0.719975 0.385617
vt 0.210916 0.382794
vt 0.213744 0.382794
vt 0.721604 0.385617
vt 0.719975 0.403532
vt 0.210916 0.381164
vt 0.213744 0.381164
vt 0.723033 0.385617
vt 0.721604 0.403532
vt 0.210916 0.379735
vt 0.213744 0.379735
vt 0.198540 0.984916
vt 0.199889 0.967002
vt 0.199889 0.984916
vt 0.521887 0.625027
vt 0.524714 0.623677
vt 0.524714 0.625027
vt 0.521887 0.626596
vt 0.524714 0.626596
vt 0.201459 0.984916
vt 0.201459 0.967002
vt 0.203188 0.984916
vt 0.521887 0.628326
vt 0.524714 0.628326
vt 0.203188 0.967002
vt 0.205012 0.984916
vt 0.521887 0.630150
vt 0.524714 0.630150
vt 0.205012 0.967002
vt 0.206858 0.984916
vt 0.521887 0.631998
vt 0.524714 0.631998
vt 0.206858 0.967002
vt 0.208658 0.984916
vt 0.521887 0.633798
vt 0.524714 0.633798
vt 0.208658 0.967002
vt 0.210341 0.984916
vt 0.521887 0.635481
vt 0.524714 0.635481
vt 0.210341 0.967002
vt 0.211843 0.984916
vt 0.521887 0.636983
vt 0.524714 0.636983
vt 0.941835 0.801857
vt 0.940338 0.783942
vt 0.941835 0.783942
vt 0.521886 0.585254
vt 0.524714 0.583756
vt 0.524714 0.585254
vt 0.521886 0.586934
vt 0.524714 0.586934
vt 0.938658 0.783942
vt 0.940338 0.801857
vt 0.938658 0.801857
vt 0.936860 0.783942
vt 0.521886 0.588732
vt 0.524714 0.588732
vt 0.521886 0.590579
vt 0.524714 0.590579
vt 0.936860 0.801857
vt 0.935013 0.783942
vt 0.521886 0.592404
vt 0.524714 0.592404
vt 0.933189 0.783942
vt 0.935013 0.801857
vt 0.933189 0.801857
vt 0.931457 0.783942
vt 0.521886 0.594137
vt 0.524714 0.594137
vt 0.521886 0.595711
vt 0.524714 0.595711
vt 0.931457 0.801857
vt 0.929883 0.783942
vt 0.929883 0.801857
vt 0.928529 0.783942
vt 0.521886 0.597066
vt 0.524714 0.597066
vt 0.339369 0.985058
vt 0.340871 0.967143
vt 0.340871 0.985058
vt 0.524714 0.650289
vt 0.521886 0.648787
vt 0.524714 0.648787
vt 0.337686 0.985058
vt 0.339369 0.967143
vt 0.521886 0.647103
vt 0.524714 0.647103
vt 0.335886 0.985058
vt 0.337686 0.967143
vt 0.521886 0.645303
vt 0.524714 0.645303
vt 0.334039 0.967143
vt 0.335886 0.967143
vt 0.521886 0.643456
vt 0.524714 0.643456
vt 0.332216 0.985058
vt 0.334039 0.985058
vt 0.521886 0.641632
vt 0.524714 0.641632
vt 0.330486 0.985058
vt 0.332216 0.967143
vt 0.521886 0.639902
vt 0.524714 0.639902
vt 0.328917 0.985058
vt 0.330486 0.967143
vt 0.521886 0.638333
vt 0.524714 0.638333
vt 0.327568 0.985058
vt 0.328917 0.967143
vt 0.521886 0.636983
vt 0.711130 0.385617
vt 0.709702 0.403532
vt 0.709702 0.385617
vt 0.213744 0.393069
vt 0.210916 0.391641
vt 0.213744 0.391641
vt 0.712760 0.385617
vt 0.711130 0.403532
vt 0.210916 0.390011
vt 0.213744 0.390011
vt 0.714528 0.385617
vt 0.712760 0.403532
vt 0.210916 0.388242
vt 0.213744 0.388242
vt 0.714528 0.403532
vt 0.210916 0.386402
vt 0.865662 0.376643
vt 0.867474 0.377003
vt 0.856424 0.381581
vt 0.846900 0.395410
vt 0.845052 0.395410
vt 0.837662 0.390471
vt 0.424576 0.864385
vt 0.426283 0.865093
vt 0.412819 0.870671
vt 0.300880 0.800425
vt 0.302693 0.800064
vt 0.312637 0.806711
vt 0.189220 0.929607
vt 0.185571 0.967323
vt 0.185571 0.929607
vt 0.192685 0.929607
vt 0.189220 0.967323
vt 0.195832 0.929607
vt 0.192685 0.967323
vt 0.198540 0.929607
vt 0.195832 0.967323
vt 0.528527 0.930324
vt 0.525523 0.968039
vt 0.525523 0.930324
vt 0.531893 0.968039
vt 0.528527 0.968039
vt 0.531893 0.930324
vt 0.535492 0.968039
vt 0.535492 0.930324
vt 0.539186 0.968039
vt 0.539186 0.930324
vt 0.542833 0.968039
vt 0.546292 0.930324
vt 0.542833 0.930324
vt 0.549430 0.968039
vt 0.546292 0.968039
vt 0.549430 0.930324
vt 0.552128 0.968039
vt 0.936147 0.898135
vt 0.933290 0.860419
vt 0.936147 0.860419
vt 0.933290 0.898135
vt 0.930031 0.860419
vt 0.930031 0.898135
vt 0.926494 0.860419
vt 0.926494 0.898135
vt 0.922816 0.860419
vt 0.922816 0.898135
vt 0.919138 0.860419
vt 0.919138 0.898135
vt 0.915602 0.860419
vt 0.915602 0.898135
vt 0.912342 0.860419
vt 0.912342 0.898135
vt 0.909485 0.860419
vt 0.128175 0.969467
vt 0.125477 0.931752
vt 0.128175 0.931752
vt 0.122338 0.969467
vt 0.125477 0.969467
vt 0.118879 0.969467
vt 0.122338 0.931752
vt 0.115233 0.969467
vt 0.118879 0.931752
vt 0.111539 0.969467
vt 0.115233 0.931752
vt 0.107940 0.969467
vt 0.111539 0.931752
vt 0.104574 0.969467
vt 0.107940 0.931752
vt 0.101570 0.969467
vt 0.104574 0.931752
vt 0.174923 0.929607
vt 0.171928 0.967323
vt 0.171928 0.929607
vt 0.178282 0.929607
vt 0.174923 0.967323
vt 0.181878 0.929607
vt 0.178282 0.967323
vt 0.181878 0.967323
vt 0.129849 0.262584
vt 0.108771 0.262531
vt 0.117113 0.247679
vt 0.127624 0.238144
vt 0.131284 0.255367
vt 0.133026 0.252107
vt 0.158128 0.234858
vt 0.148702 0.243726
vt 0.155917 0.245161
vt 0.152380 0.244088
vt 0.130211 0.258905
vt 0.145024 0.244088
vt 0.141487 0.245161
vt 0.159176 0.246904
vt 0.169780 0.238144
vt 0.162033 0.249249
vt 0.180291 0.247679
vt 0.166120 0.255367
vt 0.164377 0.252107
vt 0.188633 0.262531
vt 0.167555 0.262584
vt 0.193988 0.281246
vt 0.166120 0.269800
vt 0.167192 0.258905
vt 0.195834 0.301991
vt 0.164377 0.273060
vt 0.195834 0.335558
vt 0.162033 0.275918
vt 0.193988 0.356303
vt 0.188633 0.375018
vt 0.159176 0.278263
vt 0.169780 0.399405
vt 0.158128 0.402691
vt 0.139275 0.402691
vt 0.148702 0.281441
vt 0.127624 0.399405
vt 0.145024 0.281079
vt 0.117113 0.389870
vt 0.141487 0.280006
vt 0.108771 0.375018
vt 0.103415 0.356303
vt 0.101570 0.335558
vt 0.101570 0.301991
vt 0.135371 0.275918
vt 0.103415 0.281246
vt 0.133026 0.273060
vt 0.131284 0.269800
vt 0.130211 0.266263
vt 0.138228 0.278263
vt 0.167192 0.266263
vt 0.488865 0.246802
vt 0.485606 0.245059
vt 0.487817 0.234756
vt 0.499469 0.238042
vt 0.491722 0.249147
vt 0.509980 0.247577
vt 0.495809 0.255265
vt 0.494067 0.252005
vt 0.518322 0.262429
vt 0.497244 0.262481
vt 0.523678 0.281144
vt 0.495809 0.269698
vt 0.496882 0.258802
vt 0.525523 0.301889
vt 0.494067 0.272958
vt 0.525523 0.335456
vt 0.491722 0.275816
vt 0.523678 0.356201
vt 0.518322 0.374915
vt 0.488865 0.278161
vt 0.499469 0.399303
vt 0.487817 0.402589
vt 0.468965 0.402589
vt 0.478391 0.281339
vt 0.457313 0.399303
vt 0.474713 0.280977
vt 0.446802 0.389767
vt 0.471176 0.279904
vt 0.438460 0.374915
vt 0.433104 0.356201
vt 0.431259 0.335456
vt 0.431259 0.301889
vt 0.465060 0.275816
vt 0.433104 0.281144
vt 0.462715 0.272958
vt 0.438460 0.262429
vt 0.460973 0.269698
vt 0.459538 0.262481
vt 0.459900 0.266160
vt 0.467917 0.278161
vt 0.496882 0.266160
vt 0.459900 0.258802
vt 0.446802 0.247577
vt 0.460973 0.255265
vt 0.468965 0.234756
vt 0.478391 0.243624
vt 0.467917 0.246802
vt 0.471176 0.245059
vt 0.482069 0.243986
vt 0.474713 0.243986
vt 0.782864 0.740287
vt 0.541786 0.231028
vt 0.094264 0.512004
vt 0.504080 0.167833
vt 0.024269 0.994178
vt 0.085526 0.610912
vt 0.067616 0.585345
vt 0.085526 0.570358
vt 0.991016 0.229292
vt 0.745158 0.813628
vt 0.782864 0.828993
vt 0.525523 0.749950
vt 0.525523 0.731808
vt 0.533310 0.719831
vt 0.545141 0.708811
vt 0.569737 0.703416
vt 0.587862 0.708606
vt 0.547236 0.784952
vt 0.565361 0.790141
vt 0.598221 0.714759
vt 0.605880 0.726202
vt 0.577467 0.790190
vt 0.590195 0.783916
vt 0.610088 0.741814
vt 0.610414 0.758921
vt 0.602301 0.771933
vt 0.621248 0.774742
vt 0.613136 0.761730
vt 0.613461 0.744623
vt 0.625328 0.717568
vt 0.635687 0.711415
vt 0.658189 0.792950
vt 0.653812 0.706225
vt 0.676313 0.787761
vt 0.665857 0.705964
vt 0.686611 0.781394
vt 0.678409 0.711620
vt 0.694093 0.769334
vt 0.690239 0.722640
vt 0.698026 0.752759
vt 0.698026 0.734617
vt 0.950479 0.297833
vt 0.968389 0.234756
vt 0.716367 0.403532
vt 0.723033 0.403532
vt 0.198540 0.967002
vt 0.521887 0.623677
vt 0.211843 0.967002
vt 0.521886 0.583756
vt 0.928529 0.801857
vt 0.521886 0.650289
vt 0.327568 0.967143
vt 0.210916 0.393069
vt 0.869181 0.377711
vt 0.870718 0.378738
vt 0.855357 0.386950
vt 0.872024 0.380045
vt 0.855717 0.388763
vt 0.873051 0.381581
vt 0.873758 0.383289
vt 0.856424 0.390471
vt 0.874119 0.385102
vt 0.858757 0.393315
vt 0.874119 0.386950
vt 0.860294 0.394342
vt 0.873758 0.388763
vt 0.873051 0.390471
vt 0.862001 0.395049
vt 0.872024 0.392008
vt 0.865662 0.395410
vt 0.870718 0.393315
vt 0.867474 0.395049
vt 0.869181 0.394342
vt 0.863814 0.395410
vt 0.857451 0.392008
vt 0.855357 0.385102
vt 0.855717 0.383289
vt 0.857451 0.380045
vt 0.863814 0.376643
vt 0.858757 0.378738
vt 0.862001 0.377003
vt 0.860294 0.377711
vt 0.843239 0.395049
vt 0.841532 0.394342
vt 0.839996 0.393315
vt 0.838689 0.392008
vt 0.836955 0.388763
vt 0.848712 0.395049
vt 0.836595 0.386950
vt 0.850419 0.394342
vt 0.836595 0.385102
vt 0.836955 0.383289
vt 0.851956 0.393315
vt 0.837662 0.381581
vt 0.854289 0.390471
vt 0.838689 0.380045
vt 0.854996 0.388763
vt 0.839996 0.378738
vt 0.841532 0.377711
vt 0.855357 0.386950
vt 0.843239 0.377003
vt 0.854996 0.383289
vt 0.845052 0.376643
vt 0.854289 0.381581
vt 0.846900 0.376643
vt 0.848712 0.377003
vt 0.853262 0.380045
vt 0.850419 0.377711
vt 0.851956 0.378738
vt 0.855357 0.385102
vt 0.853262 0.392008
vt 0.427820 0.866119
vt 0.429127 0.867426
vt 0.412819 0.876145
vt 0.430153 0.868963
vt 0.413527 0.877853
vt 0.430860 0.870671
vt 0.414553 0.879390
vt 0.431221 0.872484
vt 0.415860 0.880697
vt 0.431221 0.874332
vt 0.430860 0.876145
vt 0.417396 0.881723
vt 0.430153 0.877853
vt 0.419104 0.882431
vt 0.429127 0.879390
vt 0.420916 0.882791
vt 0.427820 0.880697
vt 0.422764 0.882791
vt 0.426283 0.881723
vt 0.424576 0.882431
vt 0.412459 0.874332
vt 0.412459 0.872484
vt 0.413527 0.868963
vt 0.414553 0.867426
vt 0.422764 0.864025
vt 0.415860 0.866119
vt 0.420916 0.864025
vt 0.417396 0.865093
vt 0.419104 0.864385
vt 0.304541 0.800064
vt 0.306353 0.800425
vt 0.310904 0.803466
vt 0.308060 0.801132
vt 0.309597 0.802159
vt 0.311930 0.805003
vt 0.312998 0.808523
vt 0.312998 0.810372
vt 0.299173 0.801132
vt 0.312637 0.812185
vt 0.296330 0.803466
vt 0.311930 0.813892
vt 0.295303 0.805003
vt 0.310904 0.815429
vt 0.294596 0.806711
vt 0.309597 0.816736
vt 0.294236 0.808523
vt 0.308060 0.817763
vt 0.306353 0.818470
vt 0.294236 0.810372
vt 0.304541 0.818831
vt 0.294596 0.812185
vt 0.302693 0.818831
vt 0.295303 0.813892
vt 0.300880 0.818470
vt 0.296330 0.815429
vt 0.299173 0.817763
vt 0.297637 0.816736
vt 0.297637 0.802159
vt 0.198540 0.967323
vt 0.552128 0.930324
vt 0.909485 0.898135
vt 0.101570 0.931752
s 1
usemtl 
f 1986/4282/498 1996/4283/499 2006/4284/499
f 1986/4285/500 2193/4286/500 2192/4287/500
f 2218/4288/500 2037/4289/500 2214/4290/500
f 2244/4291/501 2019/4292/501 2243/4293/501
f 2237/4294/501 2232/4295/501 2004/4296/501
f 2007/4297/502 2028/4298/503 2033/4299/503
f 1986/4282/498 1979/4300/504 1975/4301/498
f 1993/4302/504 1980/4303/505 1979/4300/504
f 1991/4304/505 1982/4305/506 1980/4306/505
f 1990/4307/506 1984/4308/507 1982/4305/506
f 1988/4309/507 1977/4310/508 1984/4308/507
f 1996/4283/499 2008/4311/509 2006/4284/499
f 2004/4312/509 2010/4313/510 2008/4311/509
f 2002/4314/510 2012/4315/511 2010/4316/510
f 1999/4317/511 2014/4318/512 2012/4315/511
f 1998/4319/512 2007/4297/502 2014/4318/512
f 1977/4310/508 2022/4320/513 2015/4321/513
f 2020/4322/514 2039/4323/515 2016/4324/515
f 2023/4325/514 2040/4326/515 2042/4327/514
f 2019/4328/516 2041/4329/514 2020/4330/514
f 2023/4331/514 2044/4332/516 2024/4333/516
f 2018/4334/517 2043/4335/516 2019/4328/516
f 2025/4336/517 2044/4332/516 2046/4337/517
f 2047/4338/518 2017/4339/519 2026/4340/519
f 2017/4339/519 2022/4320/513 2026/4340/519
f 2034/4341/520 2052/4342/521 2050/4343/520
f 2027/4344/520 2051/4345/521 2029/4346/521
f 2038/4347/521 2054/4348/522 2052/4342/521
f 2029/4346/521 2053/4349/522 2030/4350/522
f 2037/4351/522 2055/4352/523 2054/4353/522
f 2031/4354/523 2053/4355/522 2056/4356/523
f 2057/4357/524 2058/4358/524 2035/4359/525
f 2035/4359/525 2028/4298/503 2032/4360/525
f 2016/4324/515 2049/4361/520 2027/4344/520
f 2021/4362/515 2050/4343/520 2040/4326/515
f 1997/4363/526 1987/4364/527 2005/4365/526
f 2052/4366/501 2054/4367/501 2009/4368/501
f 2041/4369/500 2043/4370/500 1981/4371/500
f 1978/4372/528 1987/4364/527 1976/4373/527
f 1981/4374/529 1994/4375/528 1978/4372/528
f 1983/4376/530 1992/4377/529 1981/4378/529
f 1989/4379/530 2047/4380/531 2048/4381/531
f 2009/4382/532 1997/4363/526 2005/4365/526
f 2011/4383/533 2003/4384/532 2009/4382/532
f 2013/4385/534 2001/4386/533 2011/4387/533
f 2000/4388/534 2058/4389/535 2057/4390/535
f 2059/4391/536 2094/4392/537 2060/4393/537
f 2095/4394/537 2093/4395/536 2096/4396/537
f 2099/4397/538 2095/4394/537 2096/4396/537
f 2060/4393/537 2097/4398/538 2061/4399/538
f 2102/4400/539 2098/4401/538 2099/4397/538
f 2061/4399/538 2100/4402/539 2062/4403/539
f 2105/4404/540 2101/4405/539 2102/4400/539
f 2062/4403/539 2103/4406/540 2063/4407/540
f 2104/4408/540 2108/4409/541 2107/4410/541
f 2064/4411/541 2103/4412/540 2106/4413/541
f 2065/4414/542 2106/4413/541 2109/4415/542
f 2108/4409/541 2110/4416/542 2107/4410/541
f 2111/4417/542 2113/4418/543 2110/4416/542
f 2066/4419/543 2109/4415/542 2112/4420/543
f 2114/4421/543 2116/4422/544 2113/4418/543
f 2067/4423/544 2112/4420/543 2115/4424/544
f 2117/4425/544 2119/4426/545 2116/4422/544
f 2068/4427/545 2115/4424/544 2118/4428/545
f 2120/4429/545 2122/4430/546 2119/4426/545
f 2069/4431/546 2118/4428/545 2121/4432/546
f 2123/4433/546 2125/4434/547 2122/4430/546
f 2070/4435/547 2121/4432/546 2124/4436/547
f 2126/4437/547 2128/4438/548 2125/4434/547
f 2071/4439/548 2124/4436/547 2127/4440/548
f 2129/4441/548 2131/4442/549 2128/4443/548
f 2072/4444/549 2127/4445/548 2130/4446/549
f 2073/4447/550 2130/4446/549 2133/4448/550
f 2134/4449/550 2132/4450/549 2135/4451/550
f 2135/4451/550 2137/4452/551 2134/4449/550
f 2074/4453/551 2133/4448/550 2136/4454/551
f 2075/4455/552 2136/4454/551 2139/4456/552
f 2138/4457/551 2140/4458/552 2137/4452/551
f 2076/4459/553 2139/4456/552 2142/4460/553
f 2143/4461/553 2141/4462/552 2144/4463/553
f 2144/4463/553 2146/4464/554 2143/4461/553
f 2077/4465/554 2142/4460/553 2145/4466/554
f 2078/4467/555 2145/4466/554 2148/4468/555
f 2147/4469/554 2149/4470/555 2146/4464/554
f 2150/4471/555 2152/4472/556 2149/4470/555
f 2079/4473/556 2148/4468/555 2151/4474/556
f 2156/4475/557 2152/4476/556 2153/4477/556
f 2079/4478/556 2154/4479/557 2080/4480/557
f 2159/4481/558 2155/4482/557 2156/4475/557
f 2080/4480/557 2157/4483/558 2081/4484/558
f 2162/4485/559 2158/4486/558 2159/4481/558
f 2081/4484/558 2160/4487/559 2082/4488/559
f 2162/4485/559 2164/4489/560 2161/4490/559
f 2082/4488/559 2163/4491/560 2083/4492/560
f 2168/4493/561 2164/4489/560 2165/4494/560
f 2083/4492/560 2166/4495/561 2084/4496/561
f 2171/4497/562 2167/4498/561 2168/4493/561
f 2084/4496/561 2169/4499/562 2085/4500/562
f 2174/4501/563 2170/4502/562 2171/4497/562
f 2085/4500/562 2172/4503/563 2086/4504/563
f 2177/4505/564 2173/4506/563 2174/4501/563
f 2086/4504/563 2175/4507/564 2087/4440/564
f 2180/4508/565 2176/4509/564 2177/4510/564
f 2087/4511/564 2178/4512/565 2088/4513/565
f 2183/4514/566 2179/4515/565 2180/4508/565
f 2088/4513/565 2181/4516/566 2089/4517/566
f 2186/4518/567 2182/4519/566 2183/4514/566
f 2089/4517/566 2184/4520/567 2090/4521/567
f 2093/4395/536 2185/4522/567 2186/4518/567
f 2090/4521/567 2091/4523/536 2059/4391/536
f 2086/4524/500 2087/4525/500 2080/4526/500
f 2124/4527/501 2121/4528/501 2106/4529/501
f 2176/4530/500 2179/4531/500 2152/4532/500
f 2177/4533/501 2174/4534/501 2153/4535/501
f 2207/4536/553 2238/4537/552 2206/4538/552
f 2197/4539/554 2231/4540/553 2207/4536/553
f 2196/4541/555 2229/4542/554 2197/4539/554
f 2198/4543/556 2230/4544/555 2196/4541/555
f 2199/4545/557 2237/4546/556 2198/4547/556
f 2199/4545/557 2233/4548/558 2232/4549/557
f 2201/4550/558 2236/4551/559 2233/4548/558
f 2204/4552/559 2234/4553/560 2236/4551/559
f 2202/4554/560 2235/4555/561 2234/4553/560
f 2200/4556/562 2235/4555/561 2203/4557/561
f 2200/4556/562 2248/4558/563 2249/4559/562
f 2205/4560/563 2246/4561/564 2248/4558/563
f 2216/4562/564 2247/4563/565 2246/4564/564
f 2217/4565/565 2245/4566/566 2247/4563/565
f 2218/4567/566 2250/4568/567 2245/4566/566
f 2214/4569/567 2242/4570/536 2250/4568/567
f 2215/4571/536 2243/4572/537 2242/4570/536
f 2213/4573/537 2244/4574/538 2243/4572/537
f 2211/4575/538 2240/4576/539 2244/4574/538
f 2212/4577/539 2241/4578/540 2240/4576/539
f 2210/4579/540 2225/4580/541 2241/4581/540
f 2209/4582/542 2225/4580/541 2208/4583/541
f 2187/4584/543 2222/4585/542 2209/4582/542
f 2188/4586/544 2219/4587/543 2187/4584/543
f 2190/4588/545 2220/4589/544 2188/4586/544
f 2189/4590/546 2223/4591/545 2190/4588/545
f 2191/4592/547 2221/4593/546 2189/4590/546
f 2192/4594/548 2228/4595/547 2191/4592/547
f 2193/4596/549 2224/4597/548 2192/4598/548
f 2195/4599/550 2226/4600/549 2193/4596/549
f 2194/4601/551 2227/4602/550 2195/4599/550
f 2206/4538/552 2239/4603/551 2194/4601/551
f 1986/4282/498 1975/4301/498 1996/4283/499
f 2188/4604/500 1990/4605/500 1991/4606/500
f 1991/4606/500 1993/4607/500 2189/4608/500
f 1993/4607/500 1986/4285/500 2192/4287/500
f 2189/4608/500 1993/4607/500 2191/4609/500
f 1986/4285/500 2006/4610/500 2206/4611/500
f 2006/4610/500 2197/4612/500 2207/4613/500
f 2006/4610/500 2207/4613/500 2206/4611/500
f 2190/4614/500 2188/4604/500 1991/4606/500
f 2189/4608/500 2190/4614/500 1991/4606/500
f 1986/4285/500 2206/4611/500 2194/4615/500
f 2191/4609/500 1993/4607/500 2192/4287/500
f 1986/4285/500 2194/4615/500 2195/4616/500
f 1986/4285/500 2195/4616/500 2193/4286/500
f 2196/4617/500 2197/4612/500 2006/4610/500
f 2006/4610/500 2008/4618/500 2198/4619/500
f 2008/4618/500 2010/4620/500 2201/4621/500
f 2199/4622/500 2008/4618/500 2201/4621/500
f 2010/4620/500 2012/4623/500 2202/4624/500
f 2012/4623/500 2014/4625/500 2200/4626/500
f 2010/4620/500 2204/4627/500 2201/4621/500
f 2014/4625/500 2007/4628/500 2205/4629/500
f 2007/4628/500 2033/4630/500 2216/4631/500
f 2014/4625/500 2205/4629/500 2200/4626/500
f 2033/4630/500 2035/4632/500 2218/4288/500
f 2035/4632/500 2036/4633/500 2218/4288/500
f 2033/4630/500 2218/4288/500 2217/4634/500
f 2036/4633/500 2037/4289/500 2218/4288/500
f 2037/4289/500 2038/4635/500 2214/4290/500
f 2038/4635/500 2034/4636/500 2214/4290/500
f 2034/4636/500 2021/4637/500 2215/4638/500
f 2033/4630/500 2217/4634/500 2216/4631/500
f 2021/4637/500 2023/4639/500 2213/4640/500
f 2023/4639/500 2024/4641/500 2213/4640/500
f 2213/4640/500 2024/4641/500 2211/4642/500
f 2024/4641/500 2025/4643/500 2211/4642/500
f 2025/4643/500 2026/4644/500 2211/4642/500
f 2026/4644/500 2022/4645/500 2211/4642/500
f 2022/4645/500 1985/4646/500 2210/4647/500
f 1985/4646/500 1988/4648/500 2208/4649/500
f 1988/4648/500 1990/4605/500 2209/4650/500
f 1985/4646/500 2208/4649/500 2210/4647/500
f 1990/4605/500 2188/4604/500 2187/4651/500
f 1990/4605/500 2187/4651/500 2209/4650/500
f 2022/4645/500 2210/4647/500 2212/4652/500
f 2008/4618/500 2199/4622/500 2198/4619/500
f 2204/4627/500 2010/4620/500 2202/4624/500
f 2198/4619/500 2196/4617/500 2006/4610/500
f 2205/4629/500 2007/4628/500 2216/4631/500
f 2209/4650/500 2208/4649/500 1988/4648/500
f 2022/4645/500 2212/4652/500 2211/4642/500
f 2202/4624/500 2012/4623/500 2203/4653/500
f 2203/4653/500 2012/4623/500 2200/4626/500
f 2021/4637/500 2213/4640/500 2215/4638/500
f 2215/4638/500 2214/4290/500 2034/4636/500
f 2226/4654/501 2227/4655/501 1975/4656/501
f 1975/4656/501 1979/4657/501 2224/4658/501
f 1979/4657/501 1980/4659/501 2221/4660/501
f 2228/4661/501 1979/4657/501 2221/4660/501
f 1980/4659/501 1982/4662/501 2220/4663/501
f 1982/4662/501 1984/4664/501 2222/4665/501
f 1980/4659/501 2223/4666/501 2221/4660/501
f 1984/4664/501 1977/4667/501 2225/4668/501
f 1977/4667/501 2015/4669/501 2241/4670/501
f 1984/4664/501 2225/4668/501 2222/4665/501
f 2015/4669/501 2017/4671/501 2244/4291/501
f 2017/4671/501 2018/4672/501 2244/4291/501
f 2015/4669/501 2244/4291/501 2240/4673/501
f 2018/4672/501 2019/4292/501 2244/4291/501
f 2019/4292/501 2020/4674/501 2243/4293/501
f 2020/4674/501 2016/4675/501 2243/4293/501
f 2016/4675/501 2027/4676/501 2242/4677/501
f 2015/4669/501 2240/4673/501 2241/4670/501
f 2027/4676/501 2029/4678/501 2250/4679/501
f 2029/4678/501 2030/4680/501 2250/4679/501
f 2250/4679/501 2030/4680/501 2245/4681/501
f 2030/4680/501 2031/4682/501 2245/4681/501
f 2031/4682/501 2032/4683/501 2245/4681/501
f 2032/4683/501 2028/4684/501 2245/4681/501
f 2028/4684/501 1995/4685/501 2246/4686/501
f 1995/4685/501 1998/4687/501 2248/4688/501
f 1998/4687/501 1999/4689/501 2249/4690/501
f 1995/4685/501 2248/4688/501 2246/4686/501
f 1999/4689/501 2234/4691/501 2235/4692/501
f 1999/4689/501 2235/4692/501 2249/4690/501
f 2028/4684/501 2246/4686/501 2247/4693/501
f 1979/4657/501 2228/4661/501 2224/4658/501
f 2223/4666/501 1980/4659/501 2220/4663/501
f 2224/4658/501 2226/4654/501 1975/4656/501
f 2225/4668/501 1977/4667/501 2241/4670/501
f 2249/4690/501 2248/4688/501 1998/4687/501
f 2028/4684/501 2247/4693/501 2245/4681/501
f 2220/4663/501 1982/4662/501 2219/4694/501
f 2219/4694/501 1982/4662/501 2222/4665/501
f 2027/4676/501 2250/4679/501 2242/4677/501
f 2242/4677/501 2243/4293/501 2016/4675/501
f 2236/4695/501 2234/4691/501 2002/4696/501
f 2234/4691/501 1999/4689/501 2002/4696/501
f 2002/4696/501 2004/4296/501 2233/4697/501
f 2233/4697/501 2004/4296/501 2232/4295/501
f 2004/4296/501 1996/4698/501 2237/4294/501
f 1996/4698/501 1975/4656/501 2238/4699/501
f 2230/4700/501 1996/4698/501 2229/4701/501
f 1975/4656/501 2227/4655/501 2239/4702/501
f 1975/4656/501 2239/4702/501 2238/4699/501
f 1996/4698/501 2230/4700/501 2237/4294/501
f 2233/4697/501 2236/4695/501 2002/4696/501
f 2238/4699/501 2231/4703/501 1996/4698/501
f 2231/4703/501 2229/4701/501 1996/4698/501
f 2007/4297/502 1995/4704/502 2028/4298/503
f 1986/4282/498 1993/4302/504 1979/4300/504
f 1993/4302/504 1991/4705/505 1980/4303/505
f 1991/4304/505 1990/4307/506 1982/4305/506
f 1990/4307/506 1988/4309/507 1984/4308/507
f 1988/4309/507 1985/4706/508 1977/4310/508
f 1996/4283/499 2004/4312/509 2008/4311/509
f 2004/4312/509 2002/4707/510 2010/4313/510
f 2002/4314/510 1999/4317/511 2012/4315/511
f 1999/4317/511 1998/4319/512 2014/4318/512
f 1998/4319/512 1995/4704/502 2007/4297/502
f 1977/4310/508 1985/4706/508 2022/4320/513
f 2020/4322/514 2041/4708/514 2039/4323/515
f 2023/4325/514 2021/4362/515 2040/4326/515
f 2019/4328/516 2043/4335/516 2041/4329/514
f 2023/4331/514 2042/4709/514 2044/4332/516
f 2018/4334/517 2045/4710/517 2043/4335/516
f 2025/4336/517 2024/4333/516 2044/4332/516
f 2047/4338/518 2045/4710/517 2018/4334/517
f 2026/4340/519 2025/4336/517 2048/4711/518
f 2025/4336/517 2046/4337/517 2048/4711/518
f 2047/4338/518 2018/4334/517 2017/4339/519
f 2026/4340/519 2048/4711/518 2047/4338/518
f 2017/4339/519 2015/4321/513 2022/4320/513
f 2034/4341/520 2038/4347/521 2052/4342/521
f 2027/4344/520 2049/4361/520 2051/4345/521
f 2038/4347/521 2037/4712/522 2054/4348/522
f 2029/4346/521 2051/4345/521 2053/4349/522
f 2037/4351/522 2036/4713/523 2055/4352/523
f 2031/4354/523 2030/4714/522 2053/4355/522
f 2058/4358/524 2055/4352/523 2036/4713/523
f 2032/4360/525 2031/4354/523 2057/4357/524
f 2031/4354/523 2056/4356/523 2057/4357/524
f 2058/4358/524 2036/4713/523 2035/4359/525
f 2032/4360/525 2057/4357/524 2035/4359/525
f 2035/4359/525 2033/4299/503 2028/4298/503
f 2016/4324/515 2039/4323/515 2049/4361/520
f 2021/4362/515 2034/4341/520 2050/4343/520
f 1997/4363/526 1976/4373/527 1987/4364/527
f 2055/4715/501 2058/4716/501 2013/4717/501
f 2013/4717/501 2011/4718/501 2055/4715/501
f 2011/4718/501 2009/4368/501 2054/4367/501
f 2055/4715/501 2011/4718/501 2054/4367/501
f 2009/4368/501 2005/4719/501 2052/4366/501
f 2005/4719/501 1987/4720/501 2050/4721/501
f 2050/4721/501 1987/4720/501 2040/4722/501
f 1987/4720/501 1994/4723/501 2040/4722/501
f 1994/4723/501 1992/4724/501 2042/4725/501
f 2042/4725/501 1992/4724/501 2044/4726/501
f 1992/4724/501 1989/4727/501 2044/4726/501
f 1989/4727/501 2048/4728/501 2046/4729/501
f 2044/4726/501 1989/4727/501 2046/4729/501
f 2042/4725/501 2040/4722/501 1994/4723/501
f 2050/4721/501 2052/4366/501 2005/4719/501
f 2045/4730/500 2047/4731/500 1983/4732/500
f 1983/4732/500 1981/4371/500 2043/4370/500
f 1981/4371/500 1978/4733/500 2041/4369/500
f 1983/4732/500 2043/4370/500 2045/4730/500
f 1978/4733/500 1976/4734/500 2039/4735/500
f 1976/4734/500 1997/4736/500 2049/4737/500
f 1997/4736/500 2003/4738/500 2051/4739/500
f 2003/4738/500 2001/4740/500 2053/4741/500
f 2001/4740/500 2000/4742/500 2056/4743/500
f 2000/4742/500 2057/4744/500 2056/4743/500
f 2056/4743/500 2053/4741/500 2001/4740/500
f 2053/4741/500 2051/4739/500 2003/4738/500
f 2051/4739/500 2049/4737/500 1997/4736/500
f 2049/4737/500 2039/4735/500 1976/4734/500
f 2039/4735/500 2041/4369/500 1978/4733/500
f 1978/4372/528 1994/4375/528 1987/4364/527
f 1981/4374/529 1992/4745/529 1994/4375/528
f 1983/4376/530 1989/4379/530 1992/4377/529
f 1989/4379/530 1983/4376/530 2047/4380/531
f 2009/4382/532 2003/4384/532 1997/4363/526
f 2011/4383/533 2001/4746/533 2003/4384/532
f 2013/4385/534 2000/4388/534 2001/4386/533
f 2000/4388/534 2013/4385/534 2058/4389/535
f 2059/4391/536 2091/4523/536 2094/4392/537
f 2095/4394/537 2092/4747/536 2093/4395/536
f 2099/4397/538 2098/4401/538 2095/4394/537
f 2060/4393/537 2094/4392/537 2097/4398/538
f 2102/4400/539 2101/4405/539 2098/4401/538
f 2061/4399/538 2097/4398/538 2100/4402/539
f 2105/4404/540 2104/4748/540 2101/4405/539
f 2062/4403/539 2100/4402/539 2103/4406/540
f 2104/4408/540 2105/4749/540 2108/4409/541
f 2064/4411/541 2063/4750/540 2103/4412/540
f 2065/4414/542 2064/4411/541 2106/4413/541
f 2108/4409/541 2111/4417/542 2110/4416/542
f 2111/4417/542 2114/4421/543 2113/4418/543
f 2066/4419/543 2065/4414/542 2109/4415/542
f 2114/4421/543 2117/4425/544 2116/4422/544
f 2067/4423/544 2066/4419/543 2112/4420/543
f 2117/4425/544 2120/4429/545 2119/4426/545
f 2068/4427/545 2067/4423/544 2115/4424/544
f 2120/4429/545 2123/4433/546 2122/4430/546
f 2069/4431/546 2068/4427/545 2118/4428/545
f 2123/4433/546 2126/4437/547 2125/4434/547
f 2070/4435/547 2069/4431/546 2121/4432/546
f 2126/4437/547 2129/4751/548 2128/4438/548
f 2071/4439/548 2070/4435/547 2124/4436/547
f 2129/4441/548 2132/4450/549 2131/4442/549
f 2072/4444/549 2071/4752/548 2127/4445/548
f 2073/4447/550 2072/4444/549 2130/4446/549
f 2134/4449/550 2131/4442/549 2132/4450/549
f 2135/4451/550 2138/4457/551 2137/4452/551
f 2074/4453/551 2073/4447/550 2133/4448/550
f 2075/4455/552 2074/4453/551 2136/4454/551
f 2138/4457/551 2141/4462/552 2140/4458/552
f 2076/4459/553 2075/4455/552 2139/4456/552
f 2143/4461/553 2140/4458/552 2141/4462/552
f 2144/4463/553 2147/4469/554 2146/4464/554
f 2077/4465/554 2076/4459/553 2142/4460/553
f 2078/4467/555 2077/4465/554 2145/4466/554
f 2147/4469/554 2150/4471/555 2149/4470/555
f 2150/4471/555 2153/4753/556 2152/4472/556
f 2079/4473/556 2078/4467/555 2148/4468/555
f 2156/4475/557 2155/4482/557 2152/4476/556
f 2079/4478/556 2151/4754/556 2154/4479/557
f 2159/4481/558 2158/4486/558 2155/4482/557
f 2080/4480/557 2154/4479/557 2157/4483/558
f 2162/4485/559 2161/4490/559 2158/4486/558
f 2081/4484/558 2157/4483/558 2160/4487/559
f 2162/4485/559 2165/4494/560 2164/4489/560
f 2082/4488/559 2160/4487/559 2163/4491/560
f 2168/4493/561 2167/4498/561 2164/4489/560
f 2083/4492/560 2163/4491/560 2166/4495/561
f 2171/4497/562 2170/4502/562 2167/4498/561
f 2084/4496/561 2166/4495/561 2169/4499/562
f 2174/4501/563 2173/4506/563 2170/4502/562
f 2085/4500/562 2169/4499/562 2172/4503/563
f 2177/4505/564 2176/4755/564 2173/4506/563
f 2086/4504/563 2172/4503/563 2175/4507/564
f 2180/4508/565 2179/4515/565 2176/4509/564
f 2087/4511/564 2175/4756/564 2178/4512/565
f 2183/4514/566 2182/4519/566 2179/4515/565
f 2088/4513/565 2178/4512/565 2181/4516/566
f 2186/4518/567 2185/4522/567 2182/4519/566
f 2089/4517/566 2181/4516/566 2184/4520/567
f 2093/4395/536 2092/4747/536 2185/4522/567
f 2090/4521/567 2184/4520/567 2091/4523/536
f 2088/4757/500 2089/4758/500 2077/4759/500
f 2089/4758/500 2090/4760/500 2076/4761/500
f 2090/4760/500 2059/4762/500 2076/4761/500
f 2059/4762/500 2060/4763/500 2075/4764/500
f 2076/4761/500 2059/4762/500 2075/4764/500
f 2060/4763/500 2061/4765/500 2073/4766/500
f 2061/4765/500 2062/4767/500 2072/4768/500
f 2062/4767/500 2063/4769/500 2072/4768/500
f 2063/4769/500 2064/4770/500 2071/4771/500
f 2072/4768/500 2063/4769/500 2071/4771/500
f 2064/4770/500 2065/4772/500 2069/4773/500
f 2065/4772/500 2066/4774/500 2068/4775/500
f 2066/4774/500 2067/4776/500 2068/4775/500
f 2068/4775/500 2069/4773/500 2065/4772/500
f 2069/4773/500 2070/4777/500 2064/4770/500
f 2070/4777/500 2071/4771/500 2064/4770/500
f 2072/4768/500 2073/4766/500 2061/4765/500
f 2073/4766/500 2074/4778/500 2060/4763/500
f 2074/4778/500 2075/4764/500 2060/4763/500
f 2076/4761/500 2077/4759/500 2089/4758/500
f 2077/4759/500 2078/4779/500 2088/4757/500
f 2078/4779/500 2079/4780/500 2088/4757/500
f 2079/4780/500 2080/4526/500 2087/4525/500
f 2088/4757/500 2079/4780/500 2087/4525/500
f 2080/4526/500 2081/4781/500 2085/4782/500
f 2081/4781/500 2082/4783/500 2084/4784/500
f 2082/4783/500 2083/4785/500 2084/4784/500
f 2084/4784/500 2085/4782/500 2081/4781/500
f 2085/4782/500 2086/4524/500 2080/4526/500
f 2118/4786/501 2115/4787/501 2112/4788/501
f 2112/4788/501 2109/4789/501 2118/4786/501
f 2109/4789/501 2106/4529/501 2121/4528/501
f 2118/4786/501 2109/4789/501 2121/4528/501
f 2106/4529/501 2103/4790/501 2127/4791/501
f 2103/4790/501 2100/4792/501 2130/4793/501
f 2100/4792/501 2097/4794/501 2130/4793/501
f 2097/4794/501 2094/4795/501 2133/4796/501
f 2130/4793/501 2097/4794/501 2133/4796/501
f 2094/4795/501 2091/4797/501 2139/4798/501
f 2091/4797/501 2184/4799/501 2142/4800/501
f 2184/4799/501 2181/4801/501 2142/4800/501
f 2181/4801/501 2178/4802/501 2145/4803/501
f 2142/4800/501 2181/4801/501 2145/4803/501
f 2178/4802/501 2175/4804/501 2151/4805/501
f 2175/4804/501 2172/4806/501 2154/4807/501
f 2172/4806/501 2169/4808/501 2154/4807/501
f 2169/4808/501 2166/4809/501 2157/4810/501
f 2154/4807/501 2169/4808/501 2157/4810/501
f 2166/4809/501 2163/4811/501 2160/4812/501
f 2160/4812/501 2157/4810/501 2166/4809/501
f 2154/4807/501 2151/4805/501 2175/4804/501
f 2151/4805/501 2148/4813/501 2178/4802/501
f 2148/4813/501 2145/4803/501 2178/4802/501
f 2142/4800/501 2139/4798/501 2091/4797/501
f 2139/4798/501 2136/4814/501 2094/4795/501
f 2136/4814/501 2133/4796/501 2094/4795/501
f 2130/4793/501 2127/4791/501 2103/4790/501
f 2127/4791/501 2124/4527/501 2106/4529/501
f 2182/4815/500 2185/4816/500 2143/4817/500
f 2185/4816/500 2092/4818/500 2140/4819/500
f 2092/4818/500 2095/4820/500 2137/4821/500
f 2095/4820/500 2098/4822/500 2134/4823/500
f 2098/4822/500 2101/4824/500 2134/4823/500
f 2101/4824/500 2104/4825/500 2131/4826/500
f 2134/4823/500 2101/4824/500 2131/4826/500
f 2104/4825/500 2107/4827/500 2128/4828/500
f 2107/4827/500 2110/4829/500 2125/4830/500
f 2128/4828/500 2107/4827/500 2125/4830/500
f 2110/4829/500 2113/4831/500 2122/4832/500
f 2113/4831/500 2116/4833/500 2119/4834/500
f 2122/4832/500 2113/4831/500 2119/4834/500
f 2122/4832/500 2125/4830/500 2110/4829/500
f 2128/4828/500 2131/4826/500 2104/4825/500
f 2134/4823/500 2137/4821/500 2095/4820/500
f 2137/4821/500 2140/4819/500 2092/4818/500
f 2140/4819/500 2143/4817/500 2185/4816/500
f 2143/4817/500 2146/4835/500 2182/4815/500
f 2146/4835/500 2149/4836/500 2182/4815/500
f 2149/4836/500 2152/4532/500 2179/4531/500
f 2182/4815/500 2149/4836/500 2179/4531/500
f 2152/4532/500 2155/4837/500 2176/4530/500
f 2155/4837/500 2158/4838/500 2173/4839/500
f 2176/4530/500 2155/4837/500 2173/4839/500
f 2158/4838/500 2161/4840/500 2170/4841/500
f 2161/4840/500 2164/4842/500 2167/4843/500
f 2170/4841/500 2161/4840/500 2167/4843/500
f 2170/4841/500 2173/4839/500 2158/4838/500
f 2171/4844/501 2168/4845/501 2159/4846/501
f 2168/4845/501 2165/4847/501 2162/4848/568
f 2159/4846/501 2168/4845/501 2162/4848/568
f 2159/4846/501 2156/4849/501 2171/4844/501
f 2156/4849/501 2153/4535/501 2174/4534/501
f 2171/4844/501 2156/4849/501 2174/4534/501
f 2153/4535/501 2150/4850/501 2177/4533/501
f 2150/4850/501 2147/4851/501 2180/4852/501
f 2177/4533/501 2150/4850/501 2180/4852/501
f 2147/4851/501 2144/4853/501 2186/4854/501
f 2144/4853/501 2141/4855/501 2093/4856/501
f 2141/4855/501 2138/4857/501 2096/4858/501
f 2138/4857/501 2135/4859/501 2099/4860/501
f 2135/4859/501 2132/4861/501 2099/4860/501
f 2132/4861/501 2129/4862/501 2102/4863/501
f 2099/4860/501 2132/4861/501 2102/4863/501
f 2129/4862/501 2126/4864/501 2105/4865/501
f 2126/4864/501 2123/4866/501 2108/4867/501
f 2105/4865/501 2126/4864/501 2108/4867/501
f 2123/4866/501 2120/4868/501 2111/4869/501
f 2120/4868/501 2117/4870/501 2114/4871/569
f 2111/4869/501 2120/4868/501 2114/4871/569
f 2111/4869/501 2108/4867/501 2123/4866/501
f 2105/4865/501 2102/4863/501 2129/4862/501
f 2099/4860/501 2096/4858/501 2138/4857/501
f 2096/4858/501 2093/4856/501 2141/4855/501
f 2093/4856/501 2186/4854/501 2144/4853/501
f 2186/4854/501 2183/4872/501 2147/4851/501
f 2183/4872/501 2180/4852/501 2147/4851/501
f 2207/4536/553 2231/4540/553 2238/4537/552
f 2197/4539/554 2229/4542/554 2231/4540/553
f 2196/4541/555 2230/4544/555 2229/4542/554
f 2198/4543/556 2237/4873/556 2230/4544/555
f 2199/4545/557 2232/4549/557 2237/4546/556
f 2199/4545/557 2201/4550/558 2233/4548/558
f 2201/4550/558 2204/4552/559 2236/4551/559
f 2204/4552/559 2202/4554/560 2234/4553/560
f 2202/4554/560 2203/4557/561 2235/4555/561
f 2200/4556/562 2249/4559/562 2235/4555/561
f 2200/4556/562 2205/4560/563 2248/4558/563
f 2205/4560/563 2216/4874/564 2246/4561/564
f 2216/4562/564 2217/4565/565 2247/4563/565
f 2217/4565/565 2218/4567/566 2245/4566/566
f 2218/4567/566 2214/4569/567 2250/4568/567
f 2214/4569/567 2215/4571/536 2242/4570/536
f 2215/4571/536 2213/4573/537 2243/4572/537
f 2213/4573/537 2211/4575/538 2244/4574/538
f 2211/4575/538 2212/4577/539 2240/4576/539
f 2212/4577/539 2210/4875/540 2241/4578/540
f 2210/4579/540 2208/4583/541 2225/4580/541
f 2209/4582/542 2222/4585/542 2225/4580/541
f 2187/4584/543 2219/4587/543 2222/4585/542
f 2188/4586/544 2220/4589/544 2219/4587/543
f 2190/4588/545 2223/4591/545 2220/4589/544
f 2189/4590/546 2221/4593/546 2223/4591/545
f 2191/4592/547 2228/4595/547 2221/4593/546
f 2192/4594/548 2224/4876/548 2228/4595/547
f 2193/4596/549 2226/4600/549 2224/4597/548
f 2195/4599/550 2227/4602/550 2226/4600/549
f 2194/4601/551 2239/4603/551 2227/4602/550
f 2206/4538/552 2238/4537/552 2239/4603/551
o oberarm.r
v 2.495252 5.292544 -0.176596
v 2.729850 3.526637 -0.159620
v 2.495252 3.868544 -0.976597
v 2.729850 3.461641 -0.406834
v 2.495252 5.222849 -0.423809
v 2.495252 5.020585 -0.646824
v 2.729850 3.273011 -0.629849
v 2.495252 4.705551 -0.823810
v 2.729850 2.979216 -0.806834
v 2.495252 4.308585 -0.937442
v 3.295252 3.868544 -0.976597
v 3.295252 5.292544 -0.176596
v 3.109850 3.526637 -0.159621
v 3.295252 4.308585 -0.937442
v 3.109850 2.979216 -0.806834
v 3.295252 4.705551 -0.823810
v 3.295252 5.020585 -0.646824
v 3.109850 3.273011 -0.629849
v 3.295252 5.222849 -0.423810
v 3.109850 3.461641 -0.406834
v 2.495252 3.868543 1.023403
v 2.495252 5.292544 0.223404
v 2.729850 3.526637 0.240380
v 2.495252 4.308584 0.984249
v 2.495252 4.705550 0.870618
v 2.729850 2.979215 0.887593
v 2.729850 3.273011 0.710608
v 2.495252 5.020584 0.693632
v 2.729850 3.461640 0.487593
v 2.495252 5.222848 0.470618
v 3.109850 3.526637 0.240379
v 3.295252 5.292544 0.223404
v 3.295252 3.868543 1.023403
v 3.295252 5.222848 0.470618
v 3.109850 3.461640 0.487593
v 3.295252 5.020584 0.693632
v 3.109850 3.273011 0.710608
v 3.295252 4.705550 0.870618
v 3.109850 2.979215 0.887593
v 3.295252 4.308584 0.984249
v 2.495252 3.156544 -0.976597
v 2.495252 1.732543 -0.176598
v 2.495252 2.716504 -0.937442
v 2.495252 2.319538 -0.823811
v 2.495252 2.004503 -0.646826
v 2.495252 1.802239 -0.423811
v 3.295252 1.732543 -0.176598
v 3.295252 3.156544 -0.976597
v 3.295252 1.802239 -0.423811
v 3.295252 2.004503 -0.646826
v 3.295252 2.319538 -0.823811
v 3.295252 2.716504 -0.937442
v 2.495252 1.732543 0.223402
v 2.495252 3.156543 1.023403
v 2.495252 1.802238 0.470616
v 2.495252 2.004503 0.693631
v 2.495252 2.319537 0.870616
v 2.495252 2.716503 0.984248
v 3.295252 3.156543 1.023403
v 3.295252 1.732543 0.223402
v 3.295252 2.716503 0.984248
v 3.295252 2.319537 0.870616
v 3.295252 2.004503 0.693631
v 3.295252 1.802238 0.470616
v 2.729850 1.732543 -0.176598
v 3.109850 1.732543 -0.176598
v 2.729850 1.802239 -0.423811
v 3.109850 1.802239 -0.423811
v 2.729850 2.004503 -0.646826
v 3.109850 2.004503 -0.646826
v 2.729850 2.319538 -0.823811
v 3.109850 2.319538 -0.823811
v 2.729850 2.632265 -0.913329
v 3.109850 2.632265 -0.913329
v 2.729850 1.732543 0.223402
v 3.109850 1.732543 0.223402
v 2.729850 1.802238 0.470616
v 3.109850 1.802238 0.470616
v 2.729850 2.004503 0.693631
v 3.109850 2.004503 0.693631
v 3.109850 2.319537 0.870616
v 2.729850 2.319537 0.870616
v 2.729850 2.689500 0.976519
v 3.109850 2.689500 0.976519
v 3.355252 2.259882 0.023403
v 3.355252 2.256039 0.062421
v 3.355252 2.244658 0.099939
v 3.355252 2.226175 0.134517
v 3.355252 2.201303 0.164824
v 3.355252 2.170996 0.189696
v 3.355252 2.136418 0.208178
v 3.355252 2.098900 0.219559
v 3.355252 2.059881 0.223402
v 3.355252 2.020864 0.219559
v 3.355252 1.983345 0.208178
v 3.355252 1.948768 0.189696
v 3.355252 1.918461 0.164824
v 3.355252 1.893588 0.134516
v 3.355252 1.875106 0.099939
v 3.355252 1.863725 0.062420
v 3.355252 1.859881 0.023402
v 3.355252 1.863725 -0.015616
v 3.355252 1.875106 -0.053134
v 3.355252 1.893588 -0.087712
v 3.355252 1.918461 -0.118019
v 3.355252 1.948768 -0.142892
v 3.355252 1.983345 -0.161374
v 3.355252 2.020864 -0.172755
v 3.355252 2.059881 -0.176598
v 3.355252 2.098900 -0.172755
v 3.355252 2.136418 -0.161373
v 3.355252 2.170996 -0.142891
v 3.355252 2.201303 -0.118019
v 3.355252 2.226175 -0.087712
v 3.355252 2.244658 -0.053134
v 3.355252 2.256039 -0.015616
v 3.295253 2.259882 0.023403
v 3.109850 2.259882 0.023403
v 2.729850 2.259882 0.023403
v 3.295253 2.256039 0.062421
v 3.109850 2.256039 0.062421
v 2.729850 2.256039 0.062421
v 3.295253 2.244658 0.099939
v 3.109850 2.244658 0.099939
v 2.729850 2.244658 0.099939
v 3.295253 2.226175 0.134517
v 3.109850 2.226175 0.134517
v 2.729850 2.226175 0.134517
v 3.295253 2.201303 0.164824
v 3.109850 2.201303 0.164824
v 2.729850 2.201303 0.164824
v 3.295253 2.170996 0.189696
v 3.109850 2.170996 0.189696
v 2.729850 2.170996 0.189697
v 3.295253 2.136418 0.208178
v 3.109850 2.136418 0.208178
v 2.729850 2.136418 0.208178
v 3.295253 2.098900 0.219559
v 3.109850 2.098900 0.219560
v 2.729850 2.098900 0.219560
v 3.295253 2.059881 0.223402
v 3.109850 2.059881 0.223402
v 2.729850 2.059881 0.223403
v 3.295253 2.020864 0.219559
v 3.109850 2.020864 0.219559
v 2.729850 2.020864 0.219560
v 3.295253 1.983345 0.208178
v 3.109850 1.983345 0.208178
v 2.729850 1.983345 0.208178
v 3.295253 1.948768 0.189696
v 3.109850 1.948768 0.189696
v 2.729850 1.948768 0.189696
v 3.295253 1.918461 0.164824
v 3.109850 1.918461 0.164824
v 2.729850 1.918461 0.164824
v 3.295253 1.893588 0.134516
v 3.109850 1.893588 0.134516
v 2.729850 1.893588 0.134516
v 3.295253 1.875106 0.099939
v 3.109850 1.875106 0.099939
v 2.729850 1.875106 0.099939
v 3.295253 1.863725 0.062420
v 3.109850 1.863725 0.062420
v 2.729850 1.863725 0.062420
v 3.295253 1.859881 0.023402
v 3.109850 1.859881 0.023402
v 2.729850 1.859881 0.023402
v 3.295253 1.863725 -0.015616
v 3.109850 1.863725 -0.015616
v 2.729850 1.863725 -0.015616
v 3.295253 1.875106 -0.053134
v 3.109850 1.875106 -0.053134
v 2.729850 1.875106 -0.053134
v 3.295253 1.893588 -0.087712
v 3.109850 1.893588 -0.087712
v 2.729850 1.893588 -0.087712
v 3.295253 1.918461 -0.118019
v 3.109850 1.918461 -0.118019
v 2.729850 1.918461 -0.118019
v 3.295253 1.948768 -0.142892
v 3.109850 1.948768 -0.142892
v 2.729850 1.948768 -0.142891
v 3.295253 1.983345 -0.161374
v 3.109850 1.983345 -0.161373
v 2.729850 1.983345 -0.161373
v 3.295253 2.020864 -0.172755
v 3.109850 2.020864 -0.172755
v 2.729850 2.020864 -0.172755
v 3.295253 2.059881 -0.176598
v 3.109850 2.059881 -0.176598
v 2.729850 2.059881 -0.176597
v 3.295253 2.098900 -0.172755
v 3.109850 2.098900 -0.172755
v 2.729850 2.098900 -0.172754
v 3.295253 2.136418 -0.161373
v 3.109850 2.136418 -0.161373
v 2.729850 2.136418 -0.161373
v 3.295253 2.170996 -0.142891
v 3.109850 2.170996 -0.142891
v 2.729850 2.170996 -0.142891
v 3.295253 2.201303 -0.118019
v 3.109850 2.201303 -0.118019
v 2.729850 2.201303 -0.118019
v 3.295253 2.226175 -0.087712
v 3.109850 2.226175 -0.087711
v 2.729850 2.226175 -0.087711
v 3.295253 2.244658 -0.053134
v 3.109850 2.244658 -0.053134
v 2.729850 2.244658 -0.053134
v 3.295253 2.256039 -0.015616
v 3.109850 2.256039 -0.015615
v 2.729850 2.256039 -0.015615
v 3.295252 4.626405 -0.368910
v 3.295252 4.704441 -0.376596
v 3.295252 4.857514 -0.346148
v 3.295252 4.782477 -0.368910
v 3.295252 4.926669 -0.309184
v 3.295252 4.987284 -0.259439
v 3.295252 5.037029 -0.198824
v 3.295252 5.096755 -0.054632
v 3.295252 5.073993 -0.129669
v 3.295252 5.037029 0.245632
v 3.295252 5.073993 0.176477
v 3.295252 4.987284 0.306247
v 3.295252 4.926669 0.355992
v 3.295252 4.551368 0.392956
v 3.295252 4.857514 0.392956
v 3.295252 4.704441 0.423404
v 3.295252 4.626405 0.415718
v 3.295252 4.782477 0.415718
v 3.295252 4.482213 0.355992
v 3.295252 5.104442 0.023404
v 3.295252 5.096755 0.101440
v 3.295252 4.482213 -0.309184
v 3.295252 4.551368 -0.346148
v 3.295252 4.421598 -0.259439
v 3.295252 4.334889 -0.129670
v 3.295252 4.371853 -0.198824
v 3.295252 4.312127 -0.054633
v 3.295252 4.312127 0.101440
v 3.295252 4.304441 0.023404
v 3.295252 4.421598 0.306246
v 3.295252 4.371853 0.245632
v 3.295252 4.334889 0.176477
v 2.495252 4.626405 -0.368910
v 2.495252 4.704441 -0.376596
v 2.495252 4.857514 -0.346148
v 2.495252 4.551368 -0.346148
v 2.495252 4.782477 -0.368910
v 2.495252 4.987284 -0.259439
v 2.495252 4.482213 -0.309184
v 2.495252 5.037029 -0.198824
v 2.495252 5.073993 -0.129669
v 2.495252 4.926669 -0.309184
v 2.495252 5.073993 0.176478
v 2.495252 5.037029 0.245632
v 2.495252 5.096755 0.101440
v 2.495252 4.926669 0.355992
v 2.495252 4.857514 0.392956
v 2.495252 4.704441 0.423404
v 2.495252 4.626405 0.415718
v 2.495252 4.782477 0.415718
v 2.495252 4.987284 0.306247
v 2.495252 5.104442 0.023404
v 2.495252 5.096755 -0.054632
v 2.495252 4.371853 -0.198824
v 2.495252 4.421598 -0.259439
v 2.495252 4.304441 0.023404
v 2.495252 4.312127 -0.054632
v 2.495252 4.334889 -0.129670
v 2.495252 4.334889 0.176477
v 2.495252 4.421598 0.306247
v 2.495252 4.371853 0.245632
v 2.495252 4.482213 0.355992
v 2.495252 4.551368 0.392956
v 2.495252 4.312127 0.101440
vn -0.0000 0.9906 -0.1370
vn -0.0000 0.9906 0.1370
vn 1.0000 -0.0000 -0.0000
vn -1.0000 -0.0000 -0.0000
vn -0.0000 0.0444 0.9990
vn -0.0000 -0.0444 0.9990
vn -0.0000 0.8748 -0.4844
vn -0.0000 0.6233 -0.7820
vn -0.0000 0.3851 -0.9229
vn -0.0000 0.1827 -0.9832
vn -0.0000 0.0444 -0.9990
vn -0.0000 0.8748 0.4844
vn -0.0000 0.6233 0.7820
vn -0.0000 0.3851 0.9229
vn -0.0000 0.1827 0.9832
vn -0.0000 -0.0444 -0.9990
vn -0.0000 -0.8748 -0.4844
vn -0.0000 -0.9906 -0.1370
vn -0.0000 -0.6233 -0.7820
vn -0.0000 -0.3851 -0.9229
vn -0.0000 -0.2752 -0.9614
vn -0.0000 -0.1827 -0.9832
vn -0.0000 -0.9906 0.1370
vn -0.0000 -0.8748 0.4844
vn -0.0000 -0.6233 0.7820
vn -0.0000 -0.3851 0.9229
vn -0.0000 -0.2752 0.9614
vn -0.0000 -0.1827 0.9832
vn -0.0000 -0.9917 -0.1282
vn -0.0000 -0.9917 0.1282
vn -0.0000 -0.8872 0.4614
vn -0.0000 -0.6484 0.7613
vn -0.0000 -0.4078 0.9131
vn -0.0000 -0.2934 0.9560
vn -0.0000 -0.8872 -0.4614
vn -0.0000 -0.6484 -0.7613
vn -0.0000 -0.4078 -0.9131
vn -0.0000 -0.2934 -0.9560
vn -0.0000 1.0000 -0.0000
vn -0.0000 0.9808 0.1951
vn -0.0000 0.9239 0.3827
vn -0.0000 0.8315 0.5556
vn -0.0000 0.7071 0.7071
vn -0.0000 0.5556 0.8315
vn -0.0000 0.3827 0.9239
vn -0.0000 0.1951 0.9808
vn -0.0000 -0.0000 1.0000
vn -0.0000 -0.1951 0.9808
vn -0.0000 -0.3827 0.9239
vn -0.0000 -0.5556 0.8315
vn -0.0000 -0.7071 0.7071
vn -0.0000 -0.8315 0.5556
vn -0.0000 -0.9239 0.3827
vn -0.0000 -0.9808 0.1951
vn -0.0000 -1.0000 -0.0000
vn -0.0000 -0.9808 -0.1951
vn -0.0000 -0.9239 -0.3827
vn -0.0000 -0.8315 -0.5556
vn -0.0000 -0.7071 -0.7071
vn -0.0000 -0.5556 -0.8315
vn -0.0000 -0.3827 -0.9239
vn -0.0000 -0.1951 -0.9808
vn -0.0000 -0.0000 -1.0000
vn -0.0000 0.1951 -0.9808
vn -0.0000 0.3827 -0.9239
vn -0.0000 0.5556 -0.8315
vn -0.0000 0.7071 -0.7071
vn -0.0000 0.8315 -0.5556
vn -0.0000 0.9239 -0.3827
vn -0.0000 0.9808 -0.1951
vn 1.0000 -0.0000 0.0001
vn 1.0000 -0.0000 -0.0001
vn -1.0000 -0.0000 0.0001
vn -1.0000 -0.0000 -0.0001
vt 0.789463 0.368888
vt 0.751757 0.350093
vt 0.789463 0.350093
vt 0.485460 0.000000
vt 0.484413 0.012046
vt 0.481556 0.014391
vt 0.502101 0.045148
vt 0.526476 0.155012
vt 0.498565 0.046221
vt 0.485606 0.447737
vt 0.509980 0.557600
vt 0.482069 0.448810
vt 0.465060 0.416980
vt 0.462715 0.419838
vt 0.457313 0.405875
vt 0.836594 0.287937
vt 0.874300 0.321432
vt 0.836594 0.321432
vt 0.751757 0.380772
vt 0.751757 0.368888
vt 0.789463 0.380772
vt 0.751757 0.392028
vt 0.877128 0.404242
vt 0.839422 0.418517
vt 0.839422 0.404242
vt 0.877128 0.418517
vt 0.839422 0.436842
vt 0.877128 0.436842
vt 0.839422 0.457423
vt 0.789463 0.338745
vt 0.751757 0.338745
vt 0.789463 0.329044
vt 0.874300 0.234756
vt 0.836594 0.249031
vt 0.836595 0.234756
vt 0.874300 0.249031
vt 0.836594 0.267356
vt 0.874300 0.267356
vt 0.877128 0.490918
vt 0.839422 0.490918
vt 0.999557 0.695783
vt 0.988500 0.684128
vt 0.999557 0.684128
vt 0.213744 0.381827
vt 0.222483 0.370172
vt 0.222483 0.381827
vt 0.999557 0.706297
vt 0.988500 0.695783
vt 0.222483 0.392341
vt 0.213744 0.392341
vt 0.839422 0.530764
vt 0.850480 0.546129
vt 0.839422 0.546129
vt 0.877128 0.530764
vt 0.868390 0.546129
vt 0.868390 0.530764
vt 0.850480 0.515776
vt 0.839422 0.511739
vt 0.877128 0.511739
vt 0.213744 0.351315
vt 0.222483 0.339660
vt 0.222483 0.351315
vt 0.999557 0.665271
vt 0.988500 0.653616
vt 0.999557 0.653616
vt 0.213744 0.339660
vt 0.222483 0.329146
vt 0.988500 0.643102
vt 0.999557 0.643102
vt 0.836595 0.376643
vt 0.845333 0.361278
vt 0.845333 0.376643
vt 0.874300 0.361278
vt 0.863243 0.376643
vt 0.863243 0.361278
vt 0.863243 0.343547
vt 0.845333 0.343547
vt 0.836594 0.342253
vt 0.874300 0.342253
vt 0.988500 0.665271
vt 0.213744 0.370172
vt 0.055424 0.925648
vt 0.037514 0.944506
vt 0.037514 0.925648
vt 0.442674 0.796713
vt 0.435192 0.784652
vt 0.463428 0.721283
vt 0.360515 0.821087
vt 0.347786 0.814813
vt 0.332102 0.757100
vt 0.055424 0.956161
vt 0.055424 0.944506
vt 0.055424 0.966674
vt 0.037514 0.956161
vt 0.074469 0.625278
vt 0.056558 0.610912
vt 0.074469 0.610912
vt 0.056558 0.625278
vt 0.074469 0.641927
vt 0.056558 0.641927
vt 0.037514 0.913994
vt 0.037514 0.903480
vt 0.055424 0.913994
vt 0.941752 0.304501
vt 0.923842 0.290135
vt 0.941752 0.290135
vt 0.923842 0.304501
vt 0.941752 0.318403
vt 0.923842 0.318403
vt 0.524714 0.656709
vt 0.521886 0.654890
vt 0.524714 0.654890
vt 0.369692 0.967143
vt 0.371510 0.985058
vt 0.369692 0.985058
vt 0.367973 0.985058
vt 0.521886 0.653171
vt 0.524714 0.653171
vt 0.366420 0.985058
vt 0.367973 0.967143
vt 0.521886 0.651618
vt 0.524714 0.651618
vt 0.365092 0.985058
vt 0.366420 0.967143
vt 0.521886 0.650289
vt 0.524714 0.650289
vt 0.969364 0.802800
vt 0.970713 0.784885
vt 0.970713 0.802800
vt 0.521886 0.598415
vt 0.524714 0.597066
vt 0.524714 0.598415
vt 0.521886 0.599985
vt 0.524714 0.599985
vt 0.972283 0.802800
vt 0.972283 0.784885
vt 0.974012 0.802800
vt 0.521886 0.601715
vt 0.524714 0.601715
vt 0.974012 0.784885
vt 0.975835 0.802800
vt 0.521886 0.603538
vt 0.524714 0.603538
vt 0.975835 0.784885
vt 0.977682 0.802800
vt 0.521886 0.605386
vt 0.524714 0.605386
vt 0.977682 0.784885
vt 0.979482 0.802800
vt 0.521886 0.607186
vt 0.524714 0.607186
vt 0.979482 0.784885
vt 0.981165 0.802800
vt 0.521886 0.608869
vt 0.524714 0.608869
vt 0.981165 0.784885
vt 0.982667 0.802800
vt 0.521886 0.610372
vt 0.524714 0.610372
vt 0.723033 0.385617
vt 0.724461 0.403532
vt 0.723033 0.403532
vt 0.521887 0.571851
vt 0.524714 0.570422
vt 0.524714 0.571851
vt 0.521887 0.573481
vt 0.524714 0.573481
vt 0.726091 0.403532
vt 0.724461 0.385617
vt 0.726091 0.385617
vt 0.727859 0.403532
vt 0.521887 0.575249
vt 0.524714 0.575249
vt 0.521887 0.577089
vt 0.524714 0.577089
vt 0.727859 0.385617
vt 0.729698 0.403532
vt 0.521887 0.578928
vt 0.524714 0.578928
vt 0.731537 0.403532
vt 0.729698 0.385617
vt 0.731537 0.385617
vt 0.733305 0.403532
vt 0.521887 0.580697
vt 0.524714 0.580697
vt 0.521887 0.582327
vt 0.524714 0.582327
vt 0.733305 0.385617
vt 0.734935 0.403532
vt 0.734935 0.385617
vt 0.736364 0.403532
vt 0.521887 0.583756
vt 0.524714 0.583756
vt 0.982526 0.548140
vt 0.984028 0.530225
vt 0.984028 0.548140
vt 0.524714 0.623677
vt 0.521887 0.622175
vt 0.524714 0.622175
vt 0.980843 0.548140
vt 0.982526 0.530225
vt 0.521887 0.620492
vt 0.524714 0.620492
vt 0.979043 0.548140
vt 0.980843 0.530225
vt 0.521887 0.618692
vt 0.524714 0.618692
vt 0.977196 0.530225
vt 0.979043 0.530225
vt 0.521887 0.616844
vt 0.524714 0.616844
vt 0.975373 0.548140
vt 0.977196 0.548140
vt 0.521887 0.615021
vt 0.524714 0.615021
vt 0.973643 0.548140
vt 0.975373 0.530225
vt 0.521887 0.613291
vt 0.524714 0.613291
vt 0.972074 0.548140
vt 0.973643 0.530225
vt 0.521887 0.611721
vt 0.524714 0.611721
vt 0.970725 0.548140
vt 0.972074 0.530225
vt 0.521887 0.610372
vt 0.376859 0.985058
vt 0.378379 0.967143
vt 0.378379 0.985058
vt 0.524714 0.663579
vt 0.521886 0.662059
vt 0.524714 0.662059
vt 0.375164 0.985058
vt 0.376859 0.967143
vt 0.521886 0.660364
vt 0.524714 0.660364
vt 0.373358 0.985058
vt 0.375164 0.967143
vt 0.521886 0.658557
vt 0.524714 0.658557
vt 0.373358 0.967143
vt 0.521886 0.656709
vt 0.920072 0.783942
vt 0.921884 0.784303
vt 0.910835 0.788881
vt 0.939330 0.071682
vt 0.937482 0.071682
vt 0.930093 0.066743
vt 0.953869 0.299997
vt 0.955576 0.300705
vt 0.942112 0.306283
vt 0.297167 0.947618
vt 0.298979 0.947257
vt 0.308923 0.953904
vt 0.944973 0.713818
vt 0.948651 0.676103
vt 0.948651 0.713818
vt 0.941436 0.713818
vt 0.944973 0.676103
vt 0.938177 0.713818
vt 0.941436 0.676103
vt 0.935320 0.713818
vt 0.938177 0.676103
vt 0.945763 0.765084
vt 0.942759 0.802800
vt 0.942759 0.765084
vt 0.949129 0.802800
vt 0.945763 0.802800
vt 0.949129 0.765084
vt 0.952729 0.802800
vt 0.952729 0.765084
vt 0.956422 0.802800
vt 0.956422 0.765084
vt 0.960069 0.802800
vt 0.963528 0.765084
vt 0.960069 0.765084
vt 0.966667 0.802800
vt 0.963528 0.802800
vt 0.966667 0.765084
vt 0.969364 0.802800
vt 0.572655 0.936332
vt 0.575694 0.974047
vt 0.572655 0.974047
vt 0.575694 0.936332
vt 0.579084 0.974047
vt 0.579084 0.936332
vt 0.582697 0.974047
vt 0.582697 0.936332
vt 0.586392 0.974047
vt 0.586392 0.936332
vt 0.590028 0.974047
vt 0.590028 0.936332
vt 0.593466 0.974047
vt 0.593466 0.936332
vt 0.596572 0.974047
vt 0.596572 0.936332
vt 0.599228 0.974047
vt 0.639741 0.969949
vt 0.637043 0.932234
vt 0.639741 0.932234
vt 0.633904 0.969949
vt 0.637043 0.969949
vt 0.630445 0.969949
vt 0.633904 0.932234
vt 0.626799 0.969949
vt 0.630445 0.932234
vt 0.623105 0.969949
vt 0.626799 0.932234
vt 0.619506 0.969949
vt 0.623105 0.932234
vt 0.616140 0.969949
vt 0.619506 0.932234
vt 0.613136 0.969949
vt 0.616140 0.932234
vt 0.959125 0.713819
vt 0.961982 0.676103
vt 0.961982 0.713819
vt 0.955866 0.713819
vt 0.959125 0.676103
vt 0.952329 0.713818
vt 0.955866 0.676103
vt 0.952329 0.676103
vt 0.476034 0.027726
vt 0.454956 0.027673
vt 0.463297 0.012821
vt 0.473809 0.003286
vt 0.477469 0.020509
vt 0.479211 0.017249
vt 0.504313 0.000000
vt 0.494887 0.008868
vt 0.502101 0.010303
vt 0.498565 0.009230
vt 0.476396 0.024047
vt 0.491209 0.009230
vt 0.487672 0.010303
vt 0.505361 0.012046
vt 0.515965 0.003286
vt 0.508218 0.014391
vt 0.526476 0.012821
vt 0.512304 0.020509
vt 0.510562 0.017249
vt 0.534818 0.027673
vt 0.513740 0.027726
vt 0.540173 0.046388
vt 0.512304 0.034942
vt 0.513377 0.024047
vt 0.542019 0.067133
vt 0.510562 0.038202
vt 0.542019 0.100700
vt 0.508218 0.041060
vt 0.540173 0.121445
vt 0.534818 0.140160
vt 0.505361 0.043405
vt 0.515965 0.164547
vt 0.504313 0.167833
vt 0.485460 0.167833
vt 0.494887 0.046583
vt 0.473809 0.164547
vt 0.491209 0.046221
vt 0.463297 0.155012
vt 0.487672 0.045148
vt 0.454956 0.140160
vt 0.449600 0.121445
vt 0.447755 0.100700
vt 0.447755 0.067133
vt 0.481556 0.041060
vt 0.449600 0.046388
vt 0.479211 0.038202
vt 0.477469 0.034942
vt 0.476396 0.031405
vt 0.484413 0.043405
vt 0.513377 0.031405
vt 0.488865 0.414635
vt 0.485606 0.412892
vt 0.487817 0.402589
vt 0.499469 0.405875
vt 0.491722 0.416980
vt 0.509980 0.415410
vt 0.495809 0.423098
vt 0.494067 0.419838
vt 0.518322 0.430262
vt 0.497244 0.430314
vt 0.523678 0.448977
vt 0.495809 0.437531
vt 0.496882 0.426635
vt 0.525523 0.469722
vt 0.494067 0.440791
vt 0.525523 0.503289
vt 0.491722 0.443649
vt 0.523678 0.524034
vt 0.518322 0.542748
vt 0.488865 0.445994
vt 0.499469 0.567136
vt 0.487817 0.570422
vt 0.468965 0.570422
vt 0.478391 0.449172
vt 0.457313 0.567136
vt 0.474713 0.448810
vt 0.446802 0.557600
vt 0.471176 0.447737
vt 0.438460 0.542748
vt 0.433104 0.524034
vt 0.431259 0.503289
vt 0.431259 0.469722
vt 0.465060 0.443649
vt 0.433104 0.448977
vt 0.462715 0.440791
vt 0.438460 0.430262
vt 0.460973 0.437531
vt 0.459538 0.430314
vt 0.459900 0.433993
vt 0.467917 0.445994
vt 0.496882 0.433993
vt 0.459900 0.426635
vt 0.446802 0.415410
vt 0.460973 0.423098
vt 0.468965 0.402589
vt 0.478391 0.411457
vt 0.467917 0.414635
vt 0.471176 0.412892
vt 0.482069 0.411819
vt 0.474713 0.411819
vt 0.874300 0.287937
vt 0.789463 0.392028
vt 0.877128 0.457423
vt 0.751757 0.329044
vt 0.988500 0.706297
vt 0.850480 0.530764
vt 0.877128 0.546129
vt 0.868390 0.515776
vt 0.213744 0.329146
vt 0.836594 0.361278
vt 0.874300 0.376643
vt 0.431259 0.768078
vt 0.431259 0.749936
vt 0.439046 0.737958
vt 0.450876 0.726939
vt 0.475473 0.721544
vt 0.493598 0.726734
vt 0.452972 0.803079
vt 0.471097 0.808269
vt 0.503957 0.732887
vt 0.511615 0.744330
vt 0.483203 0.808317
vt 0.495931 0.802043
vt 0.515824 0.759942
vt 0.516150 0.777049
vt 0.508037 0.790061
vt 0.335681 0.802831
vt 0.327568 0.789818
vt 0.327893 0.772712
vt 0.339761 0.745657
vt 0.350120 0.739504
vt 0.372621 0.821039
vt 0.368245 0.734314
vt 0.390746 0.815849
vt 0.380289 0.734053
vt 0.401044 0.809483
vt 0.392841 0.739709
vt 0.408525 0.797422
vt 0.404672 0.750728
vt 0.412459 0.780848
vt 0.412459 0.762705
vt 0.037514 0.966674
vt 0.055424 0.903480
vt 0.371510 0.967143
vt 0.365092 0.967143
vt 0.969364 0.784885
vt 0.521886 0.597066
vt 0.982667 0.784885
vt 0.521887 0.570422
vt 0.736364 0.385617
vt 0.521887 0.623677
vt 0.970725 0.530225
vt 0.521886 0.663579
vt 0.923591 0.785010
vt 0.925128 0.786037
vt 0.909767 0.794249
vt 0.926435 0.787344
vt 0.910127 0.796062
vt 0.927461 0.788881
vt 0.928168 0.790588
vt 0.910835 0.797770
vt 0.928529 0.792401
vt 0.913168 0.800614
vt 0.928529 0.794249
vt 0.914704 0.801641
vt 0.928168 0.796062
vt 0.927461 0.797770
vt 0.916412 0.802348
vt 0.926435 0.799307
vt 0.920072 0.802709
vt 0.925128 0.800614
vt 0.921884 0.802348
vt 0.923591 0.801641
vt 0.918224 0.802709
vt 0.911861 0.799307
vt 0.909767 0.792401
vt 0.910127 0.790588
vt 0.911861 0.787344
vt 0.918224 0.783942
vt 0.913168 0.786037
vt 0.916412 0.784303
vt 0.914704 0.785010
vt 0.935670 0.071321
vt 0.933963 0.070614
vt 0.932426 0.069587
vt 0.931119 0.068280
vt 0.929386 0.065035
vt 0.941142 0.071321
vt 0.929025 0.063222
vt 0.942850 0.070614
vt 0.929025 0.061374
vt 0.929386 0.059561
vt 0.944386 0.069587
vt 0.930093 0.057853
vt 0.946720 0.066743
vt 0.931119 0.056317
vt 0.947427 0.065035
vt 0.932426 0.055010
vt 0.933963 0.053983
vt 0.947787 0.063222
vt 0.935670 0.053275
vt 0.947427 0.059561
vt 0.937482 0.052915
vt 0.946719 0.057853
vt 0.939330 0.052915
vt 0.941142 0.053275
vt 0.945693 0.056317
vt 0.942850 0.053983
vt 0.944386 0.055010
vt 0.947787 0.061374
vt 0.945693 0.068280
vt 0.957113 0.301732
vt 0.958419 0.303039
vt 0.942112 0.311757
vt 0.959446 0.304575
vt 0.942819 0.313465
vt 0.960153 0.306283
vt 0.943846 0.315002
vt 0.960514 0.308096
vt 0.945153 0.316309
vt 0.960514 0.309944
vt 0.960153 0.311757
vt 0.946689 0.317336
vt 0.959446 0.313465
vt 0.948396 0.318043
vt 0.958420 0.315002
vt 0.950209 0.318403
vt 0.957113 0.316309
vt 0.952057 0.318403
vt 0.955576 0.317336
vt 0.953869 0.318043
vt 0.941752 0.309944
vt 0.941752 0.308096
vt 0.942819 0.304575
vt 0.943846 0.303039
vt 0.952057 0.299637
vt 0.945153 0.301732
vt 0.950209 0.299637
vt 0.946689 0.300705
vt 0.948396 0.299997
vt 0.300827 0.947257
vt 0.302639 0.947618
vt 0.307190 0.950659
vt 0.304347 0.948325
vt 0.305883 0.949352
vt 0.308216 0.952196
vt 0.309284 0.955717
vt 0.309284 0.957565
vt 0.295459 0.948325
vt 0.308923 0.959378
vt 0.292616 0.950659
vt 0.308216 0.961085
vt 0.291590 0.952196
vt 0.307190 0.962622
vt 0.290882 0.953904
vt 0.305883 0.963929
vt 0.290522 0.955717
vt 0.304346 0.964956
vt 0.302639 0.965664
vt 0.290522 0.957565
vt 0.300827 0.966024
vt 0.290882 0.959378
vt 0.298979 0.966024
vt 0.291590 0.961085
vt 0.297167 0.965664
vt 0.292616 0.962622
vt 0.295459 0.964956
vt 0.293923 0.963929
vt 0.293923 0.949352
vt 0.935320 0.676103
vt 0.969364 0.765084
vt 0.599228 0.936332
vt 0.613136 0.932234
s 1
usemtl 
f 2262/4877/570 2272/4878/571 2282/4879/571
f 2262/4880/572 2469/4881/572 2468/4882/572
f 2494/4883/572 2313/4884/572 2490/4885/572
f 2520/4886/573 2295/4887/573 2519/4888/573
f 2513/4889/573 2508/4890/573 2280/4891/573
f 2283/4892/574 2304/4893/575 2309/4894/575
f 2262/4877/570 2255/4895/576 2251/4896/570
f 2269/4897/576 2256/4898/577 2255/4895/576
f 2267/4899/577 2258/4900/578 2256/4901/577
f 2266/4902/578 2260/4903/579 2258/4900/578
f 2264/4904/579 2253/4905/580 2260/4903/579
f 2272/4878/571 2284/4906/581 2282/4879/571
f 2280/4907/581 2286/4908/582 2284/4906/581
f 2278/4909/582 2288/4910/583 2286/4911/582
f 2275/4912/583 2290/4913/584 2288/4910/583
f 2274/4914/584 2283/4892/574 2290/4913/584
f 2253/4905/580 2298/4915/585 2291/4916/585
f 2296/4917/586 2315/4918/587 2292/4919/587
f 2299/4920/586 2316/4921/587 2318/4922/586
f 2295/4923/588 2317/4924/586 2296/4917/586
f 2299/4920/586 2320/4925/588 2300/4926/588
f 2294/4927/589 2319/4928/588 2295/4929/588
f 2301/4930/589 2320/4931/588 2322/4932/589
f 2323/4933/590 2293/4934/591 2302/4935/591
f 2293/4934/591 2298/4915/585 2302/4935/591
f 2310/4936/592 2328/4937/593 2326/4938/592
f 2303/4939/592 2327/4940/593 2305/4941/593
f 2314/4942/593 2330/4943/594 2328/4937/593
f 2305/4941/593 2329/4944/594 2306/4945/594
f 2313/4946/594 2331/4947/595 2330/4948/594
f 2307/4949/595 2329/4950/594 2332/4951/595
f 2333/4952/596 2334/4953/596 2311/4954/597
f 2311/4954/597 2304/4893/575 2308/4955/597
f 2292/4919/587 2325/4956/592 2303/4939/592
f 2297/4957/587 2326/4938/592 2316/4921/587
f 2273/4958/598 2263/4959/599 2281/4960/598
f 2328/4961/573 2330/4962/573 2285/4963/573
f 2317/4964/572 2319/4965/572 2257/4966/572
f 2254/4967/600 2263/4959/599 2252/4968/599
f 2257/4969/601 2270/4970/600 2254/4967/600
f 2259/4971/602 2268/4972/601 2257/4973/601
f 2265/4974/602 2323/4975/603 2324/4976/603
f 2285/4977/604 2273/4958/598 2281/4960/598
f 2287/4978/605 2279/4979/604 2285/4977/604
f 2289/4980/606 2277/4981/605 2287/4982/605
f 2276/4983/606 2334/4984/607 2333/4985/607
f 2335/4986/608 2370/4987/609 2336/4988/609
f 2371/4989/609 2369/4990/608 2372/4991/609
f 2375/4992/610 2371/4989/609 2372/4991/609
f 2336/4988/609 2373/4993/610 2337/4994/610
f 2378/4995/611 2374/4996/610 2375/4992/610
f 2337/4994/610 2376/4997/611 2338/4998/611
f 2381/4999/612 2377/5000/611 2378/4995/611
f 2338/4998/611 2379/5001/612 2339/5002/612
f 2380/5003/612 2384/5004/613 2383/5005/613
f 2340/5006/613 2379/5007/612 2382/5008/613
f 2341/5009/614 2382/5008/613 2385/5010/614
f 2384/5004/613 2386/5011/614 2383/5005/613
f 2387/5012/614 2389/5013/615 2386/5011/614
f 2342/5014/615 2385/5010/614 2388/5015/615
f 2390/5016/615 2392/5017/616 2389/5013/615
f 2343/5018/616 2388/5015/615 2391/5019/616
f 2393/5020/616 2395/5021/617 2392/5017/616
f 2344/5022/617 2391/5019/616 2394/5023/617
f 2396/5024/617 2398/5025/618 2395/5021/617
f 2345/5026/618 2394/5023/617 2397/5027/618
f 2399/5028/618 2401/5029/619 2398/5025/618
f 2346/5030/619 2397/5027/618 2400/5031/619
f 2402/5032/619 2404/5033/620 2401/5029/619
f 2347/5034/620 2400/5031/619 2403/5035/620
f 2405/5036/620 2407/5037/621 2404/5038/620
f 2348/5039/621 2403/5040/620 2406/5041/621
f 2349/5042/622 2406/5041/621 2409/5043/622
f 2410/5044/622 2408/5045/621 2411/5046/622
f 2411/5046/622 2413/5047/623 2410/5044/622
f 2350/5048/623 2409/5043/622 2412/5049/623
f 2351/5050/624 2412/5049/623 2415/5051/624
f 2414/5052/623 2416/5053/624 2413/5047/623
f 2352/5054/625 2415/5051/624 2418/5055/625
f 2419/5056/625 2417/5057/624 2420/5058/625
f 2420/5058/625 2422/5059/626 2419/5056/625
f 2353/5060/626 2418/5055/625 2421/5061/626
f 2354/5062/627 2421/5061/626 2424/5063/627
f 2423/5064/626 2425/5065/627 2422/5059/626
f 2426/5066/627 2428/5067/628 2425/5065/627
f 2355/5068/628 2424/5063/627 2427/5069/628
f 2432/5070/629 2428/5071/628 2429/5072/628
f 2355/5073/628 2430/5074/629 2356/5075/629
f 2435/5076/630 2431/5077/629 2432/5070/629
f 2356/5075/629 2433/5078/630 2357/5079/630
f 2438/5080/631 2434/5081/630 2435/5076/630
f 2357/5079/630 2436/5082/631 2358/5083/631
f 2438/5080/631 2440/5084/632 2437/5085/631
f 2358/5083/631 2439/5086/632 2359/5087/632
f 2444/5088/633 2440/5084/632 2441/5089/632
f 2359/5087/632 2442/5090/633 2360/5091/633
f 2447/5092/634 2443/5093/633 2444/5088/633
f 2360/5091/633 2445/5094/634 2361/5095/634
f 2450/5096/635 2446/5097/634 2447/5092/634
f 2361/5095/634 2448/5098/635 2362/5099/635
f 2453/5100/636 2449/5101/635 2450/5096/635
f 2362/5099/635 2451/5102/636 2363/5035/636
f 2456/5103/637 2452/5104/636 2453/5105/636
f 2363/5106/636 2454/5107/637 2364/5108/637
f 2459/5109/638 2455/5110/637 2456/5103/637
f 2364/5108/637 2457/5111/638 2365/5112/638
f 2462/5113/639 2458/5114/638 2459/5109/638
f 2365/5112/638 2460/5115/639 2366/5116/639
f 2369/4990/608 2461/5117/639 2462/5113/639
f 2366/5116/639 2367/5118/608 2335/4986/608
f 2362/5119/572 2363/5120/572 2356/5121/572
f 2400/5122/573 2397/5123/573 2382/5124/573
f 2452/5125/572 2455/5126/572 2428/5127/572
f 2453/5128/573 2450/5129/573 2429/5130/573
f 2483/5131/625 2514/5132/624 2482/5133/624
f 2473/5134/626 2507/5135/625 2483/5131/625
f 2472/5136/627 2505/5137/626 2473/5134/626
f 2474/5138/628 2506/5139/627 2472/5136/627
f 2475/5140/629 2513/5141/628 2474/5142/628
f 2475/5140/629 2509/5143/630 2508/5144/629
f 2477/5145/630 2512/5146/631 2509/5143/630
f 2480/5147/631 2510/5148/632 2512/5146/631
f 2478/5149/632 2511/5150/633 2510/5148/632
f 2476/5151/634 2511/5150/633 2479/5152/633
f 2476/5151/634 2524/5153/635 2525/5154/634
f 2481/5155/635 2522/5156/636 2524/5153/635
f 2492/5157/636 2523/5158/637 2522/5159/636
f 2493/5160/637 2521/5161/638 2523/5158/637
f 2494/5162/638 2526/5163/639 2521/5161/638
f 2490/5164/639 2518/5165/608 2526/5163/639
f 2491/5166/608 2519/5167/609 2518/5165/608
f 2489/5168/609 2520/5169/610 2519/5167/609
f 2487/5170/610 2516/5171/611 2520/5169/610
f 2488/5172/611 2517/5173/612 2516/5171/611
f 2486/5174/612 2501/5175/613 2517/5176/612
f 2485/5177/614 2501/5175/613 2484/5178/613
f 2463/5179/615 2498/5180/614 2485/5177/614
f 2464/5181/616 2495/5182/615 2463/5179/615
f 2466/5183/617 2496/5184/616 2464/5181/616
f 2465/5185/618 2499/5186/617 2466/5183/617
f 2467/5187/619 2497/5188/618 2465/5185/618
f 2468/5189/620 2504/5190/619 2467/5187/619
f 2469/5191/621 2500/5192/620 2468/5193/620
f 2471/5194/622 2502/5195/621 2469/5191/621
f 2470/5196/623 2503/5197/622 2471/5194/622
f 2482/5133/624 2515/5198/623 2470/5196/623
f 2262/4877/570 2251/4896/570 2272/4878/571
f 2464/5199/572 2266/5200/572 2267/5201/572
f 2267/5201/572 2269/5202/572 2465/5203/572
f 2269/5202/572 2262/4880/572 2468/4882/572
f 2465/5203/572 2269/5202/572 2467/5204/572
f 2262/4880/572 2282/5205/572 2482/5206/572
f 2282/5205/572 2473/5207/572 2483/5208/572
f 2282/5205/572 2483/5208/572 2482/5206/572
f 2466/5209/572 2464/5199/572 2267/5201/572
f 2465/5203/572 2466/5209/572 2267/5201/572
f 2262/4880/572 2482/5206/572 2470/5210/572
f 2467/5204/572 2269/5202/572 2468/4882/572
f 2262/4880/572 2470/5210/572 2471/5211/572
f 2262/4880/572 2471/5211/572 2469/4881/572
f 2472/5212/572 2473/5207/572 2282/5205/572
f 2282/5205/572 2284/5213/572 2474/5214/572
f 2284/5213/572 2286/5215/572 2477/5216/572
f 2475/5217/572 2284/5213/572 2477/5216/572
f 2286/5215/572 2288/5218/572 2478/5219/572
f 2288/5218/572 2290/5220/572 2476/5221/572
f 2286/5215/572 2480/5222/572 2477/5216/572
f 2290/5220/572 2283/5223/572 2481/5224/572
f 2283/5223/572 2309/5225/572 2492/5226/572
f 2290/5220/572 2481/5224/572 2476/5221/572
f 2309/5225/572 2311/5227/572 2494/4883/572
f 2311/5227/572 2312/5228/572 2494/4883/572
f 2309/5225/572 2494/4883/572 2493/5229/572
f 2312/5228/572 2313/4884/572 2494/4883/572
f 2313/4884/572 2314/5230/572 2490/4885/572
f 2314/5230/572 2310/5231/572 2490/4885/572
f 2310/5231/572 2297/5232/572 2491/5233/572
f 2309/5225/572 2493/5229/572 2492/5226/572
f 2297/5232/572 2299/5234/572 2489/5235/572
f 2299/5234/572 2300/5236/572 2489/5235/572
f 2489/5235/572 2300/5236/572 2487/5237/572
f 2300/5236/572 2301/5238/572 2487/5237/572
f 2301/5238/572 2302/5239/572 2487/5237/572
f 2302/5239/572 2298/5240/572 2487/5237/572
f 2298/5240/572 2261/5241/572 2486/5242/572
f 2261/5241/572 2264/5243/572 2484/5244/572
f 2264/5243/572 2266/5200/572 2485/5245/572
f 2261/5241/572 2484/5244/572 2486/5242/572
f 2266/5200/572 2464/5199/572 2463/5246/572
f 2266/5200/572 2463/5246/572 2485/5245/572
f 2298/5240/572 2486/5242/572 2488/5247/572
f 2284/5213/572 2475/5217/572 2474/5214/572
f 2480/5222/572 2286/5215/572 2478/5219/572
f 2474/5214/572 2472/5212/572 2282/5205/572
f 2481/5224/572 2283/5223/572 2492/5226/572
f 2485/5245/572 2484/5244/572 2264/5243/572
f 2298/5240/572 2488/5247/572 2487/5237/572
f 2478/5219/572 2288/5218/572 2479/5248/572
f 2479/5248/572 2288/5218/572 2476/5221/572
f 2297/5232/572 2489/5235/572 2491/5233/572
f 2491/5233/572 2490/4885/572 2310/5231/572
f 2502/5249/573 2503/5250/573 2251/5251/573
f 2251/5251/573 2255/5252/573 2500/5253/573
f 2255/5252/573 2256/5254/573 2497/5255/573
f 2504/5256/573 2255/5252/573 2497/5255/573
f 2256/5254/573 2258/5257/573 2496/5258/573
f 2258/5257/573 2260/5259/573 2498/5260/573
f 2256/5254/573 2499/5261/573 2497/5255/573
f 2260/5259/573 2253/5262/573 2501/5263/573
f 2253/5262/573 2291/5264/573 2517/5265/573
f 2260/5259/573 2501/5263/573 2498/5260/573
f 2291/5264/573 2293/5266/573 2520/4886/573
f 2293/5266/573 2294/5267/573 2520/4886/573
f 2291/5264/573 2520/4886/573 2516/5268/573
f 2294/5267/573 2295/4887/573 2520/4886/573
f 2295/4887/573 2296/5269/573 2519/4888/573
f 2296/5269/573 2292/5270/573 2519/4888/573
f 2292/5270/573 2303/5271/573 2518/5272/573
f 2291/5264/573 2516/5268/573 2517/5265/573
f 2303/5271/573 2305/5273/573 2526/5274/573
f 2305/5273/573 2306/5275/573 2526/5274/573
f 2526/5274/573 2306/5275/573 2521/5276/573
f 2306/5275/573 2307/5277/573 2521/5276/573
f 2307/5277/573 2308/5278/573 2521/5276/573
f 2308/5278/573 2304/5279/573 2521/5276/573
f 2304/5279/573 2271/5280/573 2522/5281/573
f 2271/5280/573 2274/5282/573 2524/5283/573
f 2274/5282/573 2275/5284/573 2525/5285/573
f 2271/5280/573 2524/5283/573 2522/5281/573
f 2275/5284/573 2510/5286/573 2511/5287/573
f 2275/5284/573 2511/5287/573 2525/5285/573
f 2304/5279/573 2522/5281/573 2523/5288/573
f 2255/5252/573 2504/5256/573 2500/5253/573
f 2499/5261/573 2256/5254/573 2496/5258/573
f 2500/5253/573 2502/5249/573 2251/5251/573
f 2501/5263/573 2253/5262/573 2517/5265/573
f 2525/5285/573 2524/5283/573 2274/5282/573
f 2304/5279/573 2523/5288/573 2521/5276/573
f 2496/5258/573 2258/5257/573 2495/5289/573
f 2495/5289/573 2258/5257/573 2498/5260/573
f 2303/5271/573 2526/5274/573 2518/5272/573
f 2518/5272/573 2519/4888/573 2292/5270/573
f 2512/5290/573 2510/5286/573 2278/5291/573
f 2510/5286/573 2275/5284/573 2278/5291/573
f 2278/5291/573 2280/4891/573 2509/5292/573
f 2509/5292/573 2280/4891/573 2508/4890/573
f 2280/4891/573 2272/5293/573 2513/4889/573
f 2272/5293/573 2251/5251/573 2514/5294/573
f 2506/5295/573 2272/5293/573 2505/5296/573
f 2251/5251/573 2503/5250/573 2515/5297/573
f 2251/5251/573 2515/5297/573 2514/5294/573
f 2272/5293/573 2506/5295/573 2513/4889/573
f 2509/5292/573 2512/5290/573 2278/5291/573
f 2514/5294/573 2507/5298/573 2272/5293/573
f 2507/5298/573 2505/5296/573 2272/5293/573
f 2283/4892/574 2271/5299/574 2304/4893/575
f 2262/4877/570 2269/4897/576 2255/4895/576
f 2269/4897/576 2267/5300/577 2256/4898/577
f 2267/4899/577 2266/4902/578 2258/4900/578
f 2266/4902/578 2264/4904/579 2260/4903/579
f 2264/4904/579 2261/5301/580 2253/4905/580
f 2272/4878/571 2280/4907/581 2284/4906/581
f 2280/4907/581 2278/5302/582 2286/4908/582
f 2278/4909/582 2275/4912/583 2288/4910/583
f 2275/4912/583 2274/4914/584 2290/4913/584
f 2274/4914/584 2271/5299/574 2283/4892/574
f 2253/4905/580 2261/5301/580 2298/4915/585
f 2296/4917/586 2317/4924/586 2315/4918/587
f 2299/4920/586 2297/4957/587 2316/4921/587
f 2295/4923/588 2319/5303/588 2317/4924/586
f 2299/4920/586 2318/4922/586 2320/4925/588
f 2294/4927/589 2321/5304/589 2319/4928/588
f 2301/4930/589 2300/5305/588 2320/4931/588
f 2323/4933/590 2321/5304/589 2294/4927/589
f 2302/4935/591 2301/4930/589 2324/5306/590
f 2301/4930/589 2322/4932/589 2324/5306/590
f 2323/4933/590 2294/4927/589 2293/4934/591
f 2302/4935/591 2324/5306/590 2323/4933/590
f 2293/4934/591 2291/4916/585 2298/4915/585
f 2310/4936/592 2314/4942/593 2328/4937/593
f 2303/4939/592 2325/4956/592 2327/4940/593
f 2314/4942/593 2313/5307/594 2330/4943/594
f 2305/4941/593 2327/4940/593 2329/4944/594
f 2313/4946/594 2312/5308/595 2331/4947/595
f 2307/4949/595 2306/5309/594 2329/4950/594
f 2334/4953/596 2331/4947/595 2312/5308/595
f 2308/4955/597 2307/4949/595 2333/4952/596
f 2307/4949/595 2332/4951/595 2333/4952/596
f 2334/4953/596 2312/5308/595 2311/4954/597
f 2308/4955/597 2333/4952/596 2311/4954/597
f 2311/4954/597 2309/4894/575 2304/4893/575
f 2292/4919/587 2315/4918/587 2325/4956/592
f 2297/4957/587 2310/4936/592 2326/4938/592
f 2273/4958/598 2252/4968/599 2263/4959/599
f 2331/5310/573 2334/5311/573 2289/5312/573
f 2289/5312/573 2287/5313/573 2331/5310/573
f 2287/5313/573 2285/4963/573 2330/4962/573
f 2331/5310/573 2287/5313/573 2330/4962/573
f 2285/4963/573 2281/5314/573 2328/4961/573
f 2281/5314/573 2263/5315/573 2326/5316/573
f 2326/5316/573 2263/5315/573 2316/5317/573
f 2263/5315/573 2270/5318/573 2316/5317/573
f 2270/5318/573 2268/5319/573 2318/5320/573
f 2318/5320/573 2268/5319/573 2320/5321/573
f 2268/5319/573 2265/5322/573 2320/5321/573
f 2265/5322/573 2324/5323/573 2322/5324/573
f 2320/5321/573 2265/5322/573 2322/5324/573
f 2318/5320/573 2316/5317/573 2270/5318/573
f 2326/5316/573 2328/4961/573 2281/5314/573
f 2321/5325/572 2323/5326/572 2259/5327/572
f 2259/5327/572 2257/4966/572 2319/4965/572
f 2257/4966/572 2254/5328/572 2317/4964/572
f 2259/5327/572 2319/4965/572 2321/5325/572
f 2254/5328/572 2252/5329/572 2315/5330/572
f 2252/5329/572 2273/5331/572 2325/5332/572
f 2273/5331/572 2279/5333/572 2327/5334/572
f 2279/5333/572 2277/5335/572 2329/5336/572
f 2277/5335/572 2276/5337/572 2332/5338/572
f 2276/5337/572 2333/5339/572 2332/5338/572
f 2332/5338/572 2329/5336/572 2277/5335/572
f 2329/5336/572 2327/5334/572 2279/5333/572
f 2327/5334/572 2325/5332/572 2273/5331/572
f 2325/5332/572 2315/5330/572 2252/5329/572
f 2315/5330/572 2317/4964/572 2254/5328/572
f 2254/4967/600 2270/4970/600 2263/4959/599
f 2257/4969/601 2268/5340/601 2270/4970/600
f 2259/4971/602 2265/4974/602 2268/4972/601
f 2265/4974/602 2259/4971/602 2323/4975/603
f 2285/4977/604 2279/4979/604 2273/4958/598
f 2287/4978/605 2277/5341/605 2279/4979/604
f 2289/4980/606 2276/4983/606 2277/4981/605
f 2276/4983/606 2289/4980/606 2334/4984/607
f 2335/4986/608 2367/5118/608 2370/4987/609
f 2371/4989/609 2368/5342/608 2369/4990/608
f 2375/4992/610 2374/4996/610 2371/4989/609
f 2336/4988/609 2370/4987/609 2373/4993/610
f 2378/4995/611 2377/5000/611 2374/4996/610
f 2337/4994/610 2373/4993/610 2376/4997/611
f 2381/4999/612 2380/5343/612 2377/5000/611
f 2338/4998/611 2376/4997/611 2379/5001/612
f 2380/5003/612 2381/5344/612 2384/5004/613
f 2340/5006/613 2339/5345/612 2379/5007/612
f 2341/5009/614 2340/5006/613 2382/5008/613
f 2384/5004/613 2387/5012/614 2386/5011/614
f 2387/5012/614 2390/5016/615 2389/5013/615
f 2342/5014/615 2341/5009/614 2385/5010/614
f 2390/5016/615 2393/5020/616 2392/5017/616
f 2343/5018/616 2342/5014/615 2388/5015/615
f 2393/5020/616 2396/5024/617 2395/5021/617
f 2344/5022/617 2343/5018/616 2391/5019/616
f 2396/5024/617 2399/5028/618 2398/5025/618
f 2345/5026/618 2344/5022/617 2394/5023/617
f 2399/5028/618 2402/5032/619 2401/5029/619
f 2346/5030/619 2345/5026/618 2397/5027/618
f 2402/5032/619 2405/5346/620 2404/5033/620
f 2347/5034/620 2346/5030/619 2400/5031/619
f 2405/5036/620 2408/5045/621 2407/5037/621
f 2348/5039/621 2347/5347/620 2403/5040/620
f 2349/5042/622 2348/5039/621 2406/5041/621
f 2410/5044/622 2407/5037/621 2408/5045/621
f 2411/5046/622 2414/5052/623 2413/5047/623
f 2350/5048/623 2349/5042/622 2409/5043/622
f 2351/5050/624 2350/5048/623 2412/5049/623
f 2414/5052/623 2417/5057/624 2416/5053/624
f 2352/5054/625 2351/5050/624 2415/5051/624
f 2419/5056/625 2416/5053/624 2417/5057/624
f 2420/5058/625 2423/5064/626 2422/5059/626
f 2353/5060/626 2352/5054/625 2418/5055/625
f 2354/5062/627 2353/5060/626 2421/5061/626
f 2423/5064/626 2426/5066/627 2425/5065/627
f 2426/5066/627 2429/5348/628 2428/5067/628
f 2355/5068/628 2354/5062/627 2424/5063/627
f 2432/5070/629 2431/5077/629 2428/5071/628
f 2355/5073/628 2427/5349/628 2430/5074/629
f 2435/5076/630 2434/5081/630 2431/5077/629
f 2356/5075/629 2430/5074/629 2433/5078/630
f 2438/5080/631 2437/5085/631 2434/5081/630
f 2357/5079/630 2433/5078/630 2436/5082/631
f 2438/5080/631 2441/5089/632 2440/5084/632
f 2358/5083/631 2436/5082/631 2439/5086/632
f 2444/5088/633 2443/5093/633 2440/5084/632
f 2359/5087/632 2439/5086/632 2442/5090/633
f 2447/5092/634 2446/5097/634 2443/5093/633
f 2360/5091/633 2442/5090/633 2445/5094/634
f 2450/5096/635 2449/5101/635 2446/5097/634
f 2361/5095/634 2445/5094/634 2448/5098/635
f 2453/5100/636 2452/5350/636 2449/5101/635
f 2362/5099/635 2448/5098/635 2451/5102/636
f 2456/5103/637 2455/5110/637 2452/5104/636
f 2363/5106/636 2451/5351/636 2454/5107/637
f 2459/5109/638 2458/5114/638 2455/5110/637
f 2364/5108/637 2454/5107/637 2457/5111/638
f 2462/5113/639 2461/5117/639 2458/5114/638
f 2365/5112/638 2457/5111/638 2460/5115/639
f 2369/4990/608 2368/5342/608 2461/5117/639
f 2366/5116/639 2460/5115/639 2367/5118/608
f 2364/5352/572 2365/5353/572 2353/5354/572
f 2365/5353/572 2366/5355/572 2352/5356/572
f 2366/5355/572 2335/5357/572 2352/5356/572
f 2335/5357/572 2336/5358/572 2351/5359/572
f 2352/5356/572 2335/5357/572 2351/5359/572
f 2336/5358/572 2337/5360/572 2349/5361/572
f 2337/5360/572 2338/5362/572 2348/5363/572
f 2338/5362/572 2339/5364/572 2348/5363/572
f 2339/5364/572 2340/5365/572 2347/5366/572
f 2348/5363/572 2339/5364/572 2347/5366/572
f 2340/5365/572 2341/5367/572 2345/5368/572
f 2341/5367/572 2342/5369/572 2344/5370/572
f 2342/5369/572 2343/5371/640 2344/5370/572
f 2344/5370/572 2345/5368/572 2341/5367/572
f 2345/5368/572 2346/5372/572 2340/5365/572
f 2346/5372/572 2347/5366/572 2340/5365/572
f 2348/5363/572 2349/5361/572 2337/5360/572
f 2349/5361/572 2350/5373/572 2336/5358/572
f 2350/5373/572 2351/5359/572 2336/5358/572
f 2352/5356/572 2353/5354/572 2365/5353/572
f 2353/5354/572 2354/5374/572 2364/5352/572
f 2354/5374/572 2355/5375/572 2364/5352/572
f 2355/5375/572 2356/5121/572 2363/5120/572
f 2364/5352/572 2355/5375/572 2363/5120/572
f 2356/5121/572 2357/5376/572 2361/5377/572
f 2357/5376/572 2358/5378/572 2360/5379/572
f 2358/5378/572 2359/5380/641 2360/5379/572
f 2360/5379/572 2361/5377/572 2357/5376/572
f 2361/5377/572 2362/5119/572 2356/5121/572
f 2394/5381/573 2391/5382/642 2388/5383/573
f 2388/5383/573 2385/5384/573 2394/5381/573
f 2385/5384/573 2382/5124/573 2397/5123/573
f 2394/5381/573 2385/5384/573 2397/5123/573
f 2382/5124/573 2379/5385/573 2403/5386/573
f 2379/5385/573 2376/5387/573 2406/5388/573
f 2376/5387/573 2373/5389/573 2406/5388/573
f 2373/5389/573 2370/5390/573 2409/5391/573
f 2406/5388/573 2373/5389/573 2409/5391/573
f 2370/5390/573 2367/5392/573 2415/5393/573
f 2367/5392/573 2460/5394/573 2418/5395/573
f 2460/5394/573 2457/5396/573 2418/5395/573
f 2457/5396/573 2454/5397/573 2421/5398/573
f 2418/5395/573 2457/5396/573 2421/5398/573
f 2454/5397/573 2451/5399/573 2427/5400/573
f 2451/5399/573 2448/5401/573 2430/5402/573
f 2448/5401/573 2445/5403/573 2430/5402/573
f 2445/5403/573 2442/5404/573 2433/5405/573
f 2430/5402/573 2445/5403/573 2433/5405/573
f 2442/5404/573 2439/5406/643 2436/5407/573
f 2436/5407/573 2433/5405/573 2442/5404/573
f 2430/5402/573 2427/5400/573 2451/5399/573
f 2427/5400/573 2424/5408/573 2454/5397/573
f 2424/5408/573 2421/5398/573 2454/5397/573
f 2418/5395/573 2415/5393/573 2367/5392/573
f 2415/5393/573 2412/5409/573 2370/5390/573
f 2412/5409/573 2409/5391/573 2370/5390/573
f 2406/5388/573 2403/5386/573 2379/5385/573
f 2403/5386/573 2400/5122/573 2382/5124/573
f 2458/5410/572 2461/5411/572 2419/5412/572
f 2461/5411/572 2368/5413/572 2416/5414/572
f 2368/5413/572 2371/5415/572 2413/5416/572
f 2371/5415/572 2374/5417/572 2410/5418/572
f 2374/5417/572 2377/5419/572 2410/5418/572
f 2377/5419/572 2380/5420/572 2407/5421/572
f 2410/5418/572 2377/5419/572 2407/5421/572
f 2380/5420/572 2383/5422/572 2404/5423/572
f 2383/5422/572 2386/5424/572 2401/5425/572
f 2404/5423/572 2383/5422/572 2401/5425/572
f 2386/5424/572 2389/5426/572 2398/5427/572
f 2389/5426/572 2392/5428/572 2395/5429/572
f 2398/5427/572 2389/5426/572 2395/5429/572
f 2398/5427/572 2401/5425/572 2386/5424/572
f 2404/5423/572 2407/5421/572 2380/5420/572
f 2410/5418/572 2413/5416/572 2371/5415/572
f 2413/5416/572 2416/5414/572 2368/5413/572
f 2416/5414/572 2419/5412/572 2461/5411/572
f 2419/5412/572 2422/5430/572 2458/5410/572
f 2422/5430/572 2425/5431/572 2458/5410/572
f 2425/5431/572 2428/5127/572 2455/5126/572
f 2458/5410/572 2425/5431/572 2455/5126/572
f 2428/5127/572 2431/5432/572 2452/5125/572
f 2431/5432/572 2434/5433/572 2449/5434/572
f 2452/5125/572 2431/5432/572 2449/5434/572
f 2434/5433/572 2437/5435/572 2446/5436/572
f 2437/5435/572 2440/5437/572 2443/5438/572
f 2446/5436/572 2437/5435/572 2443/5438/572
f 2446/5436/572 2449/5434/572 2434/5433/572
f 2447/5439/573 2444/5440/573 2435/5441/573
f 2444/5440/573 2441/5442/573 2438/5443/573
f 2435/5441/573 2444/5440/573 2438/5443/573
f 2435/5441/573 2432/5444/573 2447/5439/573
f 2432/5444/573 2429/5130/573 2450/5129/573
f 2447/5439/573 2432/5444/573 2450/5129/573
f 2429/5130/573 2426/5445/573 2453/5128/573
f 2426/5445/573 2423/5446/573 2456/5447/573
f 2453/5128/573 2426/5445/573 2456/5447/573
f 2423/5446/573 2420/5448/573 2462/5449/573
f 2420/5448/573 2417/5450/573 2369/5451/573
f 2417/5450/573 2414/5452/573 2372/5453/573
f 2414/5452/573 2411/5454/573 2375/5455/573
f 2411/5454/573 2408/5456/573 2375/5455/573
f 2408/5456/573 2405/5457/573 2378/5458/573
f 2375/5455/573 2408/5456/573 2378/5458/573
f 2405/5457/573 2402/5459/573 2381/5460/573
f 2402/5459/573 2399/5461/573 2384/5462/573
f 2381/5460/573 2402/5459/573 2384/5462/573
f 2399/5461/573 2396/5463/573 2387/5464/573
f 2396/5463/573 2393/5465/573 2390/5466/573
f 2387/5464/573 2396/5463/573 2390/5466/573
f 2387/5464/573 2384/5462/573 2399/5461/573
f 2381/5460/573 2378/5458/573 2405/5457/573
f 2375/5455/573 2372/5453/573 2414/5452/573
f 2372/5453/573 2369/5451/573 2417/5450/573
f 2369/5451/573 2462/5449/573 2420/5448/573
f 2462/5449/573 2459/5467/573 2423/5446/573
f 2459/5467/573 2456/5447/573 2423/5446/573
f 2483/5131/625 2507/5135/625 2514/5132/624
f 2473/5134/626 2505/5137/626 2507/5135/625
f 2472/5136/627 2506/5139/627 2505/5137/626
f 2474/5138/628 2513/5468/628 2506/5139/627
f 2475/5140/629 2508/5144/629 2513/5141/628
f 2475/5140/629 2477/5145/630 2509/5143/630
f 2477/5145/630 2480/5147/631 2512/5146/631
f 2480/5147/631 2478/5149/632 2510/5148/632
f 2478/5149/632 2479/5152/633 2511/5150/633
f 2476/5151/634 2525/5154/634 2511/5150/633
f 2476/5151/634 2481/5155/635 2524/5153/635
f 2481/5155/635 2492/5469/636 2522/5156/636
f 2492/5157/636 2493/5160/637 2523/5158/637
f 2493/5160/637 2494/5162/638 2521/5161/638
f 2494/5162/638 2490/5164/639 2526/5163/639
f 2490/5164/639 2491/5166/608 2518/5165/608
f 2491/5166/608 2489/5168/609 2519/5167/609
f 2489/5168/609 2487/5170/610 2520/5169/610
f 2487/5170/610 2488/5172/611 2516/5171/611
f 2488/5172/611 2486/5470/612 2517/5173/612
f 2486/5174/612 2484/5178/613 2501/5175/613
f 2485/5177/614 2498/5180/614 2501/5175/613
f 2463/5179/615 2495/5182/615 2498/5180/614
f 2464/5181/616 2496/5184/616 2495/5182/615
f 2466/5183/617 2499/5186/617 2496/5184/616
f 2465/5185/618 2497/5188/618 2499/5186/617
f 2467/5187/619 2504/5190/619 2497/5188/618
f 2468/5189/620 2500/5471/620 2504/5190/619
f 2469/5191/621 2502/5195/621 2500/5192/620
f 2471/5194/622 2503/5197/622 2502/5195/621
f 2470/5196/623 2515/5198/623 2503/5197/622
f 2482/5133/624 2514/5132/624 2515/5198/623
o oberkoerper
v 3.452911 5.104441 0.023404
v -3.447088 5.104440 0.023405
v 3.452911 5.096755 0.101440
v -3.447088 5.096755 0.101441
v 3.452911 5.073992 0.176477
v -3.447088 5.073992 0.176478
v 3.452911 5.037029 0.245632
v -3.447088 5.037028 0.245633
v 3.452911 4.987283 0.306246
v -3.447088 4.987283 0.306248
v 3.452911 4.926669 0.355991
v -3.447088 4.926669 0.355993
v 3.452911 4.857514 0.392955
v -3.447088 4.857514 0.392957
v 3.452911 4.782477 0.415718
v -3.447088 4.782477 0.415719
v 3.452911 4.704441 0.423404
v -3.447088 4.704441 0.423405
v 3.452911 4.626404 0.415718
v -3.447088 4.626404 0.415719
v 3.452911 4.551367 0.392955
v -3.447088 4.551367 0.392957
v 3.452911 4.482213 0.355991
v -3.447088 4.482213 0.355993
v 3.452911 4.421598 0.306246
v -3.447088 4.421598 0.306248
v 3.452911 4.371853 0.245632
v -3.447088 4.371852 0.245633
v 3.452911 4.334889 0.176477
v -3.447088 4.334889 0.176478
v 3.452911 4.312127 0.101440
v -3.447088 4.312127 0.101441
v 3.452911 4.304441 0.023404
v -3.447088 4.304440 0.023405
v 3.452911 4.312127 -0.054633
v -3.447088 4.312127 -0.054631
v 3.452911 4.334889 -0.129670
v -3.447088 4.334889 -0.129668
v 3.452911 4.371853 -0.198824
v -3.447088 4.371852 -0.198823
v 3.452911 4.421598 -0.259439
v -3.447088 4.421598 -0.259438
v 3.452911 4.482213 -0.309184
v -3.447088 4.482213 -0.309183
v 3.452911 4.551367 -0.346148
v -3.447088 4.551367 -0.346147
v 3.452911 4.626404 -0.368910
v -3.447088 4.626404 -0.368909
v 3.452911 4.704441 -0.376596
v -3.447088 4.704441 -0.376595
v 3.452911 4.782477 -0.368910
v -3.447088 4.782477 -0.368909
v 3.452911 4.857514 -0.346148
v -3.447088 4.857514 -0.346147
v 3.452911 4.926669 -0.309184
v -3.447088 4.926669 -0.309183
v 3.452911 4.987283 -0.259439
v -3.447088 4.987283 -0.259438
v 3.452911 5.037029 -0.198824
v -3.447088 5.037028 -0.198823
v 3.452911 5.073992 -0.129670
v -3.447088 5.073992 -0.129668
v 3.452911 5.096755 -0.054633
v -3.447088 5.096755 -0.054631
v 2.350462 5.104440 0.023404
v -2.354640 5.104440 0.023405
v 2.349600 5.096755 0.101440
v -2.353777 5.096755 0.101441
v 2.347045 5.073992 0.176477
v -2.351223 5.073992 0.176478
v 2.342896 5.037029 0.245632
v -2.347074 5.037029 0.245633
v 2.337313 4.987283 0.306247
v -2.341491 4.987283 0.306247
v 2.330510 4.926669 0.355992
v -2.334687 4.926669 0.355993
v 2.322748 4.857514 0.392956
v -2.326926 4.857514 0.392956
v 2.314326 4.782477 0.415718
v -2.318504 4.782477 0.415719
v 2.305568 4.704441 0.423404
v -2.309745 4.704441 0.423405
v 2.296809 4.626404 0.415718
v -2.300987 4.626404 0.415719
v 2.288387 4.551367 0.392956
v -2.292565 4.551367 0.392956
v 2.280625 4.482213 0.355992
v -2.284803 4.482213 0.355993
v 2.273822 4.421598 0.306247
v -2.278000 4.421598 0.306247
v 2.268239 4.371852 0.245632
v -2.272416 4.371852 0.245633
v 2.264090 4.334889 0.176477
v -2.268268 4.334889 0.176478
v 2.261535 4.312127 0.101440
v -2.265713 4.312127 0.101441
v 2.260673 4.304441 0.023404
v -2.264850 4.304441 0.023405
v 2.261535 4.312127 -0.054632
v -2.265713 4.312127 -0.054631
v 2.264090 4.334889 -0.129670
v -2.268268 4.334889 -0.129669
v 2.268239 4.371852 -0.198824
v -2.272416 4.371852 -0.198823
v 2.273822 4.421598 -0.259439
v -2.278000 4.421598 -0.259438
v 2.280625 4.482213 -0.309184
v -2.284803 4.482213 -0.309183
v 2.288387 4.551367 -0.346148
v -2.292565 4.551367 -0.346147
v 2.296809 4.626404 -0.368910
v -2.300987 4.626404 -0.368909
v 2.305568 4.704441 -0.376596
v -2.309745 4.704441 -0.376595
v 2.314326 4.782477 -0.368910
v -2.318504 4.782477 -0.368909
v 2.322748 4.857514 -0.346148
v -2.326926 4.857514 -0.346147
v 2.330510 4.926669 -0.309184
v -2.334687 4.926669 -0.309183
v 2.337313 4.987283 -0.259439
v -2.341491 4.987283 -0.259438
v 2.342896 5.037029 -0.198824
v -2.347074 5.037029 -0.198823
v 2.347045 5.073992 -0.129670
v -2.351223 5.073992 -0.129669
v 2.349600 5.096755 -0.054632
v -2.353777 5.096755 -0.054631
v 2.252912 -0.195553 0.023404
v -2.247090 -0.195553 0.023405
v 2.252912 -0.199395 0.062422
v -2.247090 -0.199395 0.062423
v 2.252912 -0.210777 0.099941
v -2.247090 -0.210777 0.099941
v 2.252912 -0.229258 0.134518
v -2.247090 -0.229258 0.134519
v 2.252912 -0.254131 0.164825
v -2.247090 -0.254131 0.164826
v 2.252912 -0.284438 0.189698
v -2.247090 -0.284438 0.189699
v 2.252912 -0.319016 0.208180
v -2.247090 -0.319016 0.208181
v 2.252912 -0.356534 0.219561
v -2.247090 -0.356534 0.219562
v 2.252912 -0.395552 0.223404
v -2.247090 -0.395552 0.223405
v 2.252912 -0.434571 0.219561
v -2.247090 -0.434571 0.219562
v 2.252912 -0.472089 0.208180
v -2.247090 -0.472089 0.208181
v 2.252912 -0.506666 0.189698
v -2.247090 -0.506666 0.189699
v 2.252912 -0.536974 0.164825
v -2.247090 -0.536974 0.164826
v 2.252912 -0.561846 0.134518
v -2.247090 -0.561846 0.134519
v 2.252912 -0.580328 0.099941
v -2.247090 -0.580328 0.099941
v 2.252912 -0.591709 0.062422
v -2.247090 -0.591709 0.062423
v 2.252912 -0.595552 0.023404
v -2.247090 -0.595552 0.023405
v 2.252912 -0.591709 -0.015614
v -2.247090 -0.591709 -0.015613
v 2.252912 -0.580328 -0.053133
v -2.247090 -0.580328 -0.053132
v 2.252912 -0.561846 -0.087710
v -2.247090 -0.561846 -0.087709
v 2.252912 -0.536974 -0.118018
v -2.247090 -0.536974 -0.118017
v 2.252912 -0.506666 -0.142890
v -2.247090 -0.506666 -0.142889
v 2.252912 -0.472089 -0.161372
v -2.247090 -0.472089 -0.161371
v 2.252912 -0.434571 -0.172753
v -2.247090 -0.434571 -0.172752
v 2.252912 -0.395552 -0.176596
v -2.247090 -0.395552 -0.176595
v 2.252912 -0.356534 -0.172753
v -2.247090 -0.356534 -0.172752
v 2.252912 -0.319016 -0.161372
v -2.247090 -0.319016 -0.161371
v 2.252912 -0.284438 -0.142890
v -2.247090 -0.284438 -0.142889
v 2.252912 -0.254131 -0.118018
v -2.247090 -0.254131 -0.118017
v 2.252912 -0.229258 -0.087710
v -2.247090 -0.229258 -0.087709
v 2.252912 -0.210777 -0.053133
v -2.247090 -0.210777 -0.053132
v 2.252912 -0.199395 -0.015614
v -2.247090 -0.199395 -0.015613
v 1.002911 -0.195553 0.023404
v -0.997089 -0.195553 0.023404
v 1.002911 -0.199395 0.062422
v -0.997089 -0.199395 0.062423
v 1.002911 -0.210777 0.099941
v -0.997089 -0.210777 0.099941
v 1.002911 -0.229258 0.134518
v -0.997089 -0.229258 0.134519
v 1.002911 -0.254131 0.164825
v -0.997089 -0.254131 0.164826
v 1.002911 -0.284438 0.189698
v -0.997089 -0.284438 0.189698
v 1.002911 -0.319016 0.208180
v -0.997089 -0.319016 0.208180
v 1.002911 -0.356534 0.219561
v -0.997089 -0.356534 0.219561
v 1.002911 -0.395552 0.223404
v -0.997089 -0.395552 0.223404
v 1.002911 -0.434571 0.219561
v -0.997089 -0.434571 0.219561
v 1.002911 -0.472089 0.208180
v -0.997089 -0.472089 0.208180
v 1.002911 -0.506666 0.189698
v -0.997089 -0.506666 0.189698
v 1.002911 -0.536974 0.164825
v -0.997089 -0.536974 0.164826
v 1.002911 -0.561846 0.134518
v -0.997089 -0.561846 0.134519
v 1.002911 -0.580328 0.099941
v -0.997089 -0.580328 0.099941
v 1.002911 -0.591709 0.062422
v -0.997089 -0.591709 0.062423
v 1.002911 -0.595552 0.023404
v -0.997089 -0.595552 0.023404
v 1.002911 -0.591709 -0.015614
v -0.997089 -0.591709 -0.015614
v 1.002911 -0.580328 -0.053133
v -0.997089 -0.580328 -0.053132
v 1.002911 -0.561846 -0.087710
v -0.997089 -0.561846 -0.087710
v 1.002911 -0.536974 -0.118017
v -0.997089 -0.536974 -0.118017
v 1.002911 -0.506666 -0.142890
v -0.997089 -0.506666 -0.142889
v 1.002911 -0.472089 -0.161372
v -0.997089 -0.472089 -0.161371
v 1.002911 -0.434571 -0.172753
v -0.997089 -0.434571 -0.172753
v 1.002911 -0.395552 -0.176596
v -0.997089 -0.395552 -0.176596
v 1.002911 -0.356534 -0.172753
v -0.997089 -0.356534 -0.172753
v 1.002911 -0.319016 -0.161372
v -0.997089 -0.319016 -0.161371
v 1.002911 -0.284438 -0.142890
v -0.997089 -0.284438 -0.142889
v 1.002911 -0.254131 -0.118017
v -0.997089 -0.254131 -0.118017
v 1.002911 -0.229258 -0.087710
v -0.997089 -0.229258 -0.087710
v 1.002911 -0.210777 -0.053133
v -0.997089 -0.210777 -0.053132
v 1.002911 -0.199395 -0.015614
v -0.997089 -0.199395 -0.015614
v -0.997089 -0.695547 -0.576595
v 1.002911 -0.695547 -0.576596
v -0.997089 -0.695547 0.623404
v 1.002911 -0.695547 0.623404
v -0.997089 0.304453 -0.826595
v 1.002911 0.304453 -0.826596
v 1.002911 0.304453 0.873404
v -0.997089 0.304453 0.873404
v -2.227089 0.304453 -0.826595
v -2.077089 1.304453 -1.076595
v -2.077089 1.304453 1.123405
v -2.227089 0.304453 0.873405
v 2.072911 1.304453 -1.076596
v 2.072912 1.304453 1.123404
v 2.222911 0.304453 -0.826596
v 2.222911 0.304453 0.873404
v -2.377089 5.304452 1.123405
v -2.377090 5.304452 -1.076595
v 2.372911 5.304452 1.123404
v 2.372911 5.304452 -1.076596
v 2.147911 3.299771 1.123404
v -2.152089 3.299771 1.123405
v -2.152090 3.299771 -1.076595
v 2.147911 3.299771 -1.076596
v 0.630325 6.860074 0.036553
v 0.618363 6.792299 0.153451
v 0.583804 6.727239 0.265836
v 0.527975 6.667394 0.369389
v 0.453022 6.615066 0.460130
v 0.361825 6.572263 0.534572
v 0.257890 6.540632 0.589854
v 0.145209 6.521388 0.623853
v 0.028114 6.515269 0.635260
v -0.088896 6.522512 0.623639
v -0.201325 6.542839 0.589435
v -0.304850 6.575467 0.533963
v -0.395495 6.619143 0.459354
v -0.469776 6.672189 0.368477
v -0.524838 6.732566 0.264823
v -0.558565 6.797954 0.152375
v -0.569660 6.865839 0.035455
v -0.557699 6.933615 -0.081443
v -0.523139 6.998675 -0.193828
v -0.467311 7.058520 -0.297381
v -0.392358 7.110848 -0.388122
v -0.301161 7.153651 -0.462564
v -0.197225 7.185282 -0.517847
v -0.084544 7.204525 -0.551845
v 0.032551 7.210644 -0.563253
v 0.149561 7.203402 -0.551631
v 0.261989 7.183075 -0.517427
v 0.365515 7.150446 -0.461955
v 0.456160 7.106770 -0.387347
v 0.530440 7.053725 -0.296469
v 0.585502 6.993348 -0.192815
v 0.619229 6.927960 -0.080367
v 0.622853 5.304452 0.033222
v 0.611217 5.304452 0.150265
v 0.576970 5.304452 0.262790
v 0.521429 5.304452 0.366471
v 0.446727 5.304452 0.457324
v 0.355736 5.304452 0.531857
v 0.251952 5.304452 0.587208
v 0.139364 5.304452 0.621247
v 0.022298 5.304452 0.632668
v -0.094747 5.304452 0.621031
v -0.207273 5.304452 0.586783
v -0.310955 5.304452 0.531241
v -0.401810 5.304452 0.456539
v -0.476345 5.304452 0.365548
v -0.531697 5.304452 0.261765
v -0.565738 5.304452 0.149177
v -0.577160 5.304452 0.032112
v -0.565524 5.304452 -0.084932
v -0.531277 5.304452 -0.197456
v -0.475736 5.304452 -0.301137
v -0.401034 5.304452 -0.391990
v -0.310043 5.304452 -0.466524
v -0.206259 5.304452 -0.521874
v -0.093671 5.304452 -0.555913
v 0.023395 5.304452 -0.567334
v 0.140440 5.304452 -0.555697
v 0.252966 5.304452 -0.521449
v 0.356648 5.304452 -0.465907
v 0.447503 5.304452 -0.391206
v 0.522038 5.304452 -0.300214
v 0.577390 5.304452 -0.196431
v 0.611431 5.304452 -0.083843
vn -0.0000 1.0000 -0.0000
vn -0.0000 0.9808 0.1951
vn -0.0000 0.9805 0.1964
vn -0.0000 0.9239 0.3827
vn -0.0000 0.9229 0.3851
vn -0.0000 0.8315 0.5556
vn -0.0000 0.8293 0.5588
vn -0.0000 0.7071 0.7071
vn -0.0000 0.7036 0.7106
vn -0.0000 0.5556 0.8315
vn -0.0000 0.5508 0.8347
vn -0.0000 0.3827 0.9239
vn -0.0000 0.3767 0.9263
vn -0.0000 0.1951 0.9808
vn -0.0000 0.1884 0.9821
vn -0.0000 -0.0000 1.0000
vn -0.0000 -0.0070 1.0000
vn -0.0000 -0.1951 0.9808
vn -0.0000 -0.2018 0.9794
vn -0.0000 -0.3827 0.9239
vn -0.0000 -0.3886 0.9214
vn -0.0000 -0.5556 0.8315
vn -0.0000 -0.5604 0.8282
vn -0.0000 -0.7071 0.7071
vn -0.0000 -0.7106 0.7036
vn -0.0000 -0.8315 0.5556
vn -0.0000 -0.8336 0.5523
vn -0.0000 -0.9239 0.3827
vn -0.0000 -0.9249 0.3802
vn -0.0000 -0.9808 0.1951
vn -0.0000 -0.9811 0.1937
vn -0.0000 -1.0000 -0.0000
vn -0.0000 -0.9811 -0.1937
vn -0.0000 -0.9808 -0.1951
vn -0.0000 -0.9249 -0.3802
vn -0.0000 -0.9239 -0.3827
vn -0.0000 -0.8336 -0.5523
vn -0.0000 -0.8315 -0.5556
vn -0.0000 -0.7106 -0.7036
vn -0.0000 -0.7071 -0.7071
vn -0.0000 -0.5604 -0.8282
vn -0.0000 -0.5556 -0.8315
vn -0.0000 -0.3886 -0.9214
vn -0.0000 -0.3827 -0.9239
vn -0.0000 -0.2018 -0.9794
vn -0.0000 -0.1951 -0.9808
vn -0.0000 -0.0070 -1.0000
vn -0.0000 -0.0000 -1.0000
vn -0.0000 0.1884 -0.9821
vn -0.0000 0.1951 -0.9808
vn -0.0000 0.3767 -0.9263
vn -0.0000 0.3827 -0.9239
vn -0.0000 0.5508 -0.8347
vn -0.0000 0.5556 -0.8315
vn -0.0000 0.7036 -0.7106
vn -0.0000 0.7071 -0.7071
vn -0.0000 0.8293 -0.5588
vn -0.0000 0.8315 -0.5556
vn -0.0000 0.9229 -0.3851
vn -0.0000 0.9239 -0.3827
vn -1.0000 -0.0000 -0.0000
vn -0.0000 0.9805 -0.1964
vn -0.0000 0.9808 -0.1951
vn 1.0000 -0.0000 -0.0000
vn 0.9938 0.1115 -0.0000
vn -0.9938 0.1115 -0.0000
vn -0.0000 -0.2425 0.9701
vn -0.0000 -0.2425 -0.9701
vn -0.9989 0.0478 -0.0000
vn -0.9889 0.1483 -0.0000
vn 0.9989 0.0478 -0.0000
vn 0.9889 0.1483 -0.0000
vn -0.0000 -0.1261 0.9920
vn -0.0000 -0.1261 -0.9920
vn -0.9972 -0.0746 -0.0000
vn -0.9938 -0.1115 -0.0000
vn 0.9972 -0.0746 -0.0000
vn 0.9938 -0.1115 -0.0000
vn 1.0000 -0.0048 0.0008
vn 0.9864 -0.0051 0.1645
vn 0.9806 -0.0051 0.1959
vn 0.9347 -0.0053 0.3554
vn 0.9235 -0.0053 0.3835
vn 0.8459 -0.0052 0.5333
vn 0.8309 -0.0052 0.5564
vn 0.7230 -0.0050 0.6908
vn 0.7064 -0.0049 0.7078
vn 0.5704 -0.0045 0.8214
vn 0.5546 -0.0044 0.8321
vn 0.3939 -0.0039 0.9191
vn 0.3816 -0.0038 0.9243
vn 0.2008 -0.0031 0.9796
vn 0.1939 -0.0030 0.9810
vn -0.0009 -0.0021 1.0000
vn -0.0012 -0.0021 1.0000
vn -0.1963 -0.0012 0.9805
vn -0.2026 -0.0011 0.9793
vn -0.3838 -0.0001 0.9234
vn -0.3956 -0.0001 0.9184
vn -0.5566 0.0009 0.8308
vn -0.5719 0.0010 0.8203
vn -0.7080 0.0019 0.7062
vn -0.7243 0.0020 0.6895
vn -0.8321 0.0028 0.5546
vn -0.8469 0.0029 0.5317
vn -0.9243 0.0036 0.3816
vn -0.9354 0.0037 0.3537
vn -0.9810 0.0043 0.1940
vn -0.9867 0.0044 0.1627
vn -1.0000 0.0048 -0.0010
vn -0.9994 0.0049 -0.0336
vn -0.9806 0.0051 -0.1961
vn -0.9737 0.0052 -0.2276
vn -0.9235 0.0053 -0.3835
vn -0.9112 0.0053 -0.4119
vn -0.8310 0.0052 -0.5563
vn -0.8148 0.0052 -0.5797
vn -0.7065 0.0049 -0.7077
vn -0.6887 0.0049 -0.7250
vn -0.5549 0.0044 -0.8319
vn -0.5381 0.0044 -0.8428
vn -0.3820 0.0038 -0.9241
vn -0.3689 0.0038 -0.9295
vn -0.1944 0.0030 -0.9809
vn -0.1871 0.0030 -0.9823
vn 0.0006 0.0021 -1.0000
vn 0.1889 0.0012 -0.9820
vn 0.1957 0.0012 -0.9807
vn 0.3706 0.0002 -0.9288
vn 0.3832 0.0001 -0.9237
vn 0.5397 -0.0008 -0.8419
vn 0.5561 -0.0009 -0.8311
vn 0.6901 -0.0018 -0.7237
vn 0.7075 -0.0019 -0.7067
vn 0.8159 -0.0027 -0.5782
vn 0.8318 -0.0028 -0.5550
vn 0.9120 -0.0035 -0.4102
vn 0.9241 -0.0036 -0.3821
vn 0.9742 -0.0042 -0.2258
vn 0.9809 -0.0043 -0.1944
vn 0.9995 -0.0047 -0.0318
vn 0.0037 0.8649 0.5018
vn 0.0037 0.8649 0.5019
vn -1.0000 -0.0000 0.0001
vn -1.0000 -0.0000 -0.0001
vn 0.0009 0.0021 -1.0000
vn 0.0037 0.8650 0.5018
vt 0.944941 0.675155
vt 0.948616 0.623652
vt 0.948616 0.675195
vt 0.942321 0.052906
vt 0.938646 0.000933
vt 0.942321 0.000892
vt 0.952296 0.623653
vt 0.952296 0.675316
vt 0.946001 0.052907
vt 0.946001 0.000772
vt 0.955840 0.623654
vt 0.955840 0.675513
vt 0.949545 0.052909
vt 0.949545 0.000578
vt 0.959110 0.623657
vt 0.959110 0.675779
vt 0.952815 0.052911
vt 0.952815 0.000317
vt 0.961981 0.623660
vt 0.961981 0.676103
vt 0.955686 0.052915
vt 0.955686 0.000000
vt 0.923842 0.287199
vt 0.926797 0.234756
vt 0.926797 0.287565
vt 0.073314 0.794206
vt 0.070358 0.741291
vt 0.073314 0.740925
vt 0.930128 0.234757
vt 0.930128 0.287963
vt 0.076645 0.794206
vt 0.076645 0.740529
vt 0.933708 0.234757
vt 0.933708 0.288376
vt 0.080225 0.794206
vt 0.080224 0.740116
vt 0.937398 0.234757
vt 0.937398 0.288789
vt 0.083915 0.794206
vt 0.083915 0.739703
vt 0.941057 0.234757
vt 0.941057 0.289186
vt 0.087574 0.794206
vt 0.087574 0.739306
vt 0.944544 0.234757
vt 0.944544 0.289551
vt 0.091061 0.794206
vt 0.091061 0.738940
vt 0.947725 0.234756
vt 0.947725 0.289872
vt 0.094242 0.794206
vt 0.094242 0.738619
vt 0.950479 0.234756
vt 0.950479 0.290135
vt 0.096996 0.794205
vt 0.096996 0.738355
vt 0.170625 0.866107
vt 0.167667 0.921485
vt 0.167667 0.865911
vt 0.219512 0.721239
vt 0.222470 0.777090
vt 0.219512 0.777285
vt 0.164334 0.921485
vt 0.164334 0.865791
vt 0.216179 0.721239
vt 0.216179 0.777406
vt 0.160753 0.921485
vt 0.160753 0.865750
vt 0.212599 0.721239
vt 0.212599 0.777446
vt 0.157063 0.865791
vt 0.208908 0.777406
vt 0.157063 0.921485
vt 0.153404 0.865911
vt 0.205250 0.777285
vt 0.208908 0.721239
vt 0.153404 0.921485
vt 0.149919 0.866107
vt 0.201764 0.777090
vt 0.205250 0.721239
vt 0.149919 0.921485
vt 0.146739 0.866370
vt 0.198585 0.776826
vt 0.201764 0.721239
vt 0.146739 0.921485
vt 0.143989 0.866691
vt 0.198585 0.721239
vt 0.195834 0.776506
vt 0.195834 0.721239
vt 0.910121 0.898138
vt 0.913291 0.952567
vt 0.910121 0.952933
vt 0.926669 0.459508
vt 0.929839 0.404607
vt 0.929839 0.459508
vt 0.913291 0.898138
vt 0.916771 0.952169
vt 0.933319 0.405004
vt 0.933319 0.459507
vt 0.916771 0.898137
vt 0.920427 0.951756
vt 0.936975 0.405417
vt 0.936975 0.459507
vt 0.920427 0.898137
vt 0.924118 0.951343
vt 0.940666 0.405830
vt 0.940666 0.459507
vt 0.924118 0.898137
vt 0.927703 0.950947
vt 0.944251 0.406227
vt 0.944251 0.459508
vt 0.927703 0.898137
vt 0.931044 0.950581
vt 0.947592 0.406593
vt 0.947592 0.459508
vt 0.931044 0.898138
vt 0.934013 0.950261
vt 0.950561 0.406914
vt 0.950561 0.459508
vt 0.934013 0.898138
vt 0.936495 0.949998
vt 0.953043 0.407178
vt 0.953043 0.459509
vt 0.935320 0.623660
vt 0.938162 0.675320
vt 0.935320 0.675519
vt 0.929025 0.052915
vt 0.931867 0.000776
vt 0.931867 0.052911
vt 0.778483 0.939868
vt 0.751957 0.942482
vt 0.749347 0.915942
vt 0.938162 0.623657
vt 0.941411 0.675197
vt 0.935116 0.000894
vt 0.935116 0.052909
vt 0.941411 0.623654
vt 0.938646 0.052907
vt 0.002135 0.931136
vt 0.009871 0.905616
vt 0.035379 0.913357
vt 0.905751 0.616838
vt 0.893025 0.623652
vt 0.879217 0.619446
vt 0.569436 0.195547
vt 0.575122 0.200229
vt 0.543921 0.203296
vt 0.731110 0.919718
vt 0.732948 0.978648
vt 0.731110 0.978648
vt 0.091085 0.972960
vt 0.092923 0.914029
vt 0.092923 0.972959
vt 0.732948 0.919718
vt 0.734788 0.978648
vt 0.094763 0.914029
vt 0.094763 0.972960
vt 0.734788 0.919718
vt 0.736560 0.978649
vt 0.096535 0.914030
vt 0.096535 0.972960
vt 0.736560 0.919719
vt 0.738195 0.978651
vt 0.098170 0.914032
vt 0.098170 0.972962
vt 0.738195 0.919720
vt 0.739631 0.978652
vt 0.099606 0.972963
vt 0.099606 0.914033
vt 0.969018 0.000000
vt 0.970495 0.058930
vt 0.969018 0.058930
vt 0.970273 0.608013
vt 0.968796 0.549083
vt 0.970273 0.549083
vt 0.970495 0.000000
vt 0.972161 0.058931
vt 0.971939 0.608013
vt 0.971939 0.549083
vt 0.972161 0.000000
vt 0.973951 0.058931
vt 0.973729 0.608013
vt 0.973729 0.549083
vt 0.973951 0.000000
vt 0.975796 0.058931
vt 0.975574 0.608013
vt 0.975574 0.549083
vt 0.975796 0.000000
vt 0.977625 0.058931
vt 0.977403 0.608013
vt 0.977403 0.549083
vt 0.977625 0.000000
vt 0.979369 0.058930
vt 0.979147 0.608013
vt 0.979147 0.549083
vt 0.979369 0.000000
vt 0.980959 0.058930
vt 0.980738 0.608013
vt 0.980738 0.549083
vt 0.980959 0.000000
vt 0.982336 0.058930
vt 0.982114 0.608013
vt 0.982114 0.549082
vt 0.986706 0.862777
vt 0.985227 0.803846
vt 0.986706 0.803846
vt 0.981684 0.717940
vt 0.983163 0.776871
vt 0.981684 0.776871
vt 0.985227 0.862777
vt 0.983560 0.803846
vt 0.980017 0.717940
vt 0.980017 0.776871
vt 0.983560 0.862777
vt 0.981770 0.803846
vt 0.978227 0.717940
vt 0.978227 0.776871
vt 0.981770 0.862777
vt 0.979925 0.803846
vt 0.976382 0.717940
vt 0.976382 0.776871
vt 0.979925 0.862777
vt 0.978095 0.803846
vt 0.974553 0.717940
vt 0.974553 0.776871
vt 0.978095 0.862777
vt 0.976353 0.803846
vt 0.972810 0.717940
vt 0.972810 0.776871
vt 0.976353 0.862777
vt 0.974763 0.803846
vt 0.971220 0.717940
vt 0.971220 0.776871
vt 0.974763 0.862777
vt 0.973388 0.803846
vt 0.969845 0.776871
vt 0.969845 0.717940
vt 0.552128 0.930324
vt 0.553713 0.989254
vt 0.552128 0.989255
vt 0.975313 0.702033
vt 0.976898 0.643102
vt 0.976898 0.702033
vt 0.553713 0.930324
vt 0.555453 0.989254
vt 0.978638 0.643102
vt 0.978638 0.702033
vt 0.555453 0.930324
vt 0.557281 0.989254
vt 0.980466 0.643102
vt 0.980466 0.702033
vt 0.557281 0.930324
vt 0.559126 0.989254
vt 0.982311 0.643102
vt 0.982311 0.702033
vt 0.559126 0.930324
vt 0.560919 0.989254
vt 0.984104 0.643102
vt 0.984104 0.702033
vt 0.560919 0.930324
vt 0.562590 0.989255
vt 0.985774 0.643103
vt 0.985774 0.702033
vt 0.562590 0.930324
vt 0.564074 0.989255
vt 0.987259 0.643103
vt 0.987259 0.702033
vt 0.564074 0.930325
vt 0.565315 0.989255
vt 0.988500 0.643103
vt 0.988500 0.702033
vt 0.726300 0.919722
vt 0.727721 0.978651
vt 0.726300 0.978652
vt 0.086275 0.972963
vt 0.087696 0.914032
vt 0.087696 0.972962
vt 0.038581 0.971613
vt 0.044157 0.967035
vt 0.051334 0.967743
vt 0.727721 0.919721
vt 0.729345 0.978649
vt 0.089321 0.914030
vt 0.089320 0.972960
vt 0.729345 0.919719
vt 0.091085 0.914029
vt 0.304343 0.983723
vt 0.291589 0.979852
vt 0.295458 0.967092
vt 0.715716 0.980691
vt 0.710140 0.985269
vt 0.702962 0.984562
vt 0.976676 0.459509
vt 0.966374 0.451049
vt 0.974829 0.440742
vt 0.713108 0.230080
vt 0.655136 0.150861
vt 0.713108 0.150861
vt 0.895327 0.623652
vt 0.839423 0.717940
vt 0.839423 0.623652
vt 0.909767 0.717940
vt 0.862649 0.786299
vt 0.862649 0.729726
vt 0.171928 0.874133
vt 0.220307 0.779844
vt 0.220307 0.874132
vt 0.792277 0.828993
vt 0.745158 0.897352
vt 0.745158 0.840779
vt 0.909485 0.803846
vt 0.862988 0.898137
vt 0.862988 0.803849
vt 0.327568 0.422930
vt 0.419475 0.470234
vt 0.339350 0.470233
vt 0.234480 0.093401
vt 0.447755 0.000000
vt 0.437148 0.093401
vt 0.223877 0.422945
vt 0.315784 0.470244
vt 0.235660 0.470243
vt 0.230943 0.234756
vt 0.433610 0.186365
vt 0.440681 0.234756
vt 0.007074 0.234858
vt 0.209739 0.188349
vt 0.216812 0.234858
vt 0.000000 0.824261
vt 0.057501 0.903480
vt 0.000000 0.903480
vt 0.101570 0.458792
vt 0.000000 0.234889
vt 0.101570 0.234858
vt 0.327568 0.328977
vt 0.431259 0.234757
vt 0.431259 0.328978
vt 0.010606 0.094395
vt 0.223877 0.000000
vt 0.213273 0.094395
vt 0.223878 0.328988
vt 0.327568 0.234757
vt 0.327568 0.328988
vt 0.327568 0.422946
vt 0.014141 0.188349
vt 0.431259 0.422931
vt 0.238012 0.186365
vt 0.915331 0.708740
vt 0.920848 0.638600
vt 0.920848 0.708715
vt 0.926151 0.641616
vt 0.926151 0.708666
vt 0.931038 0.644364
vt 0.931038 0.708593
vt 0.935320 0.646738
vt 0.935320 0.708501
vt 0.572655 0.936133
vt 0.576946 0.876528
vt 0.576946 0.935617
vt 0.581839 0.877627
vt 0.581839 0.935242
vt 0.587146 0.878305
vt 0.587146 0.935023
vt 0.592664 0.878535
vt 0.592664 0.934967
vt 0.598180 0.935078
vt 0.598180 0.878307
vt 0.603483 0.935350
vt 0.603483 0.877632
vt 0.608368 0.935773
vt 0.608368 0.876535
vt 0.612648 0.936332
vt 0.879484 0.109759
vt 0.883772 0.171822
vt 0.879484 0.171727
vt 0.883772 0.107353
vt 0.888663 0.171897
vt 0.888663 0.104582
vt 0.893969 0.171947
vt 0.893969 0.101550
vt 0.899487 0.171972
vt 0.899487 0.098375
vt 0.905003 0.171971
vt 0.905003 0.095179
vt 0.910307 0.171943
vt 0.910307 0.092084
vt 0.915194 0.171889
vt 0.915194 0.089210
vt 0.919477 0.171812
vt 0.057501 0.828651
vt 0.061790 0.913871
vt 0.057501 0.913720
vt 0.061790 0.826787
vt 0.066682 0.913976
vt 0.066682 0.825402
vt 0.071988 0.914029
vt 0.071988 0.824549
vt 0.077506 0.914029
vt 0.083022 0.824549
vt 0.083022 0.913976
vt 0.088325 0.825401
vt 0.088325 0.913871
vt 0.093212 0.826786
vt 0.093212 0.913719
vt 0.097494 0.828650
vt 0.097494 0.913526
vt 0.895327 0.708588
vt 0.899616 0.626226
vt 0.899616 0.708661
vt 0.904507 0.629122
vt 0.904507 0.708713
vt 0.909814 0.632230
vt 0.909814 0.708739
vt 0.915331 0.635431
vt 0.457965 0.175056
vt 0.462577 0.171608
vt 0.497793 0.178680
vt 0.786735 0.176528
vt 0.792215 0.176516
vt 0.786735 0.232823
vt 0.944941 0.623653
vt 0.923842 0.234756
vt 0.070358 0.794205
vt 0.170625 0.921485
vt 0.222470 0.721239
vt 0.143989 0.921485
vt 0.926669 0.404242
vt 0.936495 0.898139
vt 0.929025 0.000584
vt 0.751959 0.913328
vt 0.755031 0.911274
vt 0.758445 0.909859
vt 0.762069 0.909138
vt 0.765763 0.909138
vt 0.769387 0.909859
vt 0.772800 0.911274
vt 0.775872 0.913328
vt 0.778485 0.915942
vt 0.780537 0.919015
vt 0.781951 0.922431
vt 0.782672 0.926057
vt 0.782671 0.929753
vt 0.781950 0.933379
vt 0.780536 0.936794
vt 0.775871 0.942482
vt 0.772798 0.944536
vt 0.769385 0.945950
vt 0.765761 0.946672
vt 0.762066 0.946672
vt 0.758443 0.945950
vt 0.755029 0.944536
vt 0.749345 0.939868
vt 0.747293 0.936794
vt 0.745879 0.933379
vt 0.745158 0.929753
vt 0.745159 0.926057
vt 0.745880 0.922431
vt 0.747294 0.919015
vt 0.036793 0.916772
vt 0.036793 0.927721
vt 0.037514 0.920398
vt 0.037514 0.924095
vt 0.035380 0.931136
vt 0.033327 0.934210
vt 0.030714 0.936824
vt 0.027642 0.938877
vt 0.024229 0.940292
vt 0.013287 0.940292
vt 0.020605 0.941013
vt 0.016911 0.941013
vt 0.009873 0.938877
vt 0.006801 0.936824
vt 0.004188 0.934210
vt 0.000721 0.927721
vt 0.000721 0.916772
vt 0.000000 0.924095
vt 0.000000 0.920398
vt 0.002134 0.913357
vt 0.004187 0.910283
vt 0.006799 0.907669
vt 0.013285 0.904201
vt 0.024227 0.904201
vt 0.016909 0.903480
vt 0.020603 0.903480
vt 0.027641 0.905616
vt 0.030713 0.907669
vt 0.033326 0.910283
vt 0.889330 0.586029
vt 0.893025 0.586030
vt 0.896650 0.586755
vt 0.900065 0.588174
vt 0.903138 0.590234
vt 0.905751 0.592856
vt 0.907805 0.595938
vt 0.909219 0.599362
vt 0.872415 0.606684
vt 0.909940 0.602996
vt 0.909940 0.606702
vt 0.909219 0.610335
vt 0.907805 0.613758
vt 0.903138 0.619457
vt 0.900065 0.621514
vt 0.896650 0.622931
vt 0.889330 0.623650
vt 0.885705 0.622926
vt 0.882290 0.621506
vt 0.876604 0.616825
vt 0.874550 0.613743
vt 0.873136 0.610319
vt 0.872415 0.602979
vt 0.873136 0.599345
vt 0.874550 0.595922
vt 0.876604 0.592842
vt 0.879217 0.590223
vt 0.882290 0.588166
vt 0.885705 0.586750
vt 0.578590 0.206736
vt 0.579311 0.210370
vt 0.542507 0.217693
vt 0.579311 0.214076
vt 0.578590 0.217710
vt 0.577175 0.221133
vt 0.575122 0.224213
vt 0.572509 0.226833
vt 0.569436 0.228890
vt 0.566021 0.230306
vt 0.562396 0.231028
vt 0.558700 0.231026
vt 0.555076 0.230301
vt 0.551661 0.228882
vt 0.548588 0.226821
vt 0.545975 0.224200
vt 0.543921 0.221118
vt 0.541786 0.214058
vt 0.541786 0.210353
vt 0.542507 0.206719
vt 0.545975 0.200216
vt 0.548588 0.197596
vt 0.551661 0.195539
vt 0.555076 0.194123
vt 0.558700 0.193401
vt 0.562396 0.193403
vt 0.566021 0.194128
vt 0.572509 0.197608
vt 0.577175 0.203311
vt 0.739631 0.919722
vt 0.968796 0.608013
vt 0.982336 0.000000
vt 0.983163 0.717940
vt 0.973388 0.862777
vt 0.975313 0.643103
vt 0.565315 0.930325
vt 0.086275 0.914033
vt 0.052870 0.968770
vt 0.054177 0.970077
vt 0.055203 0.971614
vt 0.055910 0.973321
vt 0.056270 0.975134
vt 0.056270 0.976983
vt 0.055910 0.978795
vt 0.055203 0.980503
vt 0.054177 0.982040
vt 0.052870 0.983347
vt 0.051334 0.984373
vt 0.049628 0.985081
vt 0.047816 0.985441
vt 0.045968 0.985441
vt 0.044157 0.985080
vt 0.042450 0.984373
vt 0.040914 0.983346
vt 0.039608 0.982039
vt 0.038581 0.980502
vt 0.037874 0.978794
vt 0.037514 0.976981
vt 0.037514 0.975133
vt 0.037874 0.973320
vt 0.039608 0.970076
vt 0.040914 0.968769
vt 0.042450 0.967742
vt 0.045968 0.966674
vt 0.047816 0.966674
vt 0.049628 0.967035
vt 0.308211 0.970963
vt 0.308918 0.972671
vt 0.309279 0.974484
vt 0.309279 0.976332
vt 0.308918 0.978145
vt 0.308211 0.979853
vt 0.307185 0.981390
vt 0.305879 0.982697
vt 0.302636 0.984431
vt 0.300824 0.984791
vt 0.298977 0.984791
vt 0.297165 0.984430
vt 0.295458 0.983723
vt 0.293922 0.982696
vt 0.292616 0.981389
vt 0.290882 0.978144
vt 0.290522 0.976331
vt 0.290522 0.974483
vt 0.290882 0.972670
vt 0.291589 0.970962
vt 0.292616 0.969426
vt 0.293922 0.968119
vt 0.297165 0.966385
vt 0.298977 0.966024
vt 0.300824 0.966024
vt 0.302636 0.966385
vt 0.304343 0.967092
vt 0.305879 0.968119
vt 0.307185 0.969426
vt 0.701426 0.983535
vt 0.700120 0.982227
vt 0.699094 0.980690
vt 0.698387 0.978983
vt 0.698026 0.977170
vt 0.698026 0.975322
vt 0.698387 0.973509
vt 0.699094 0.971801
vt 0.700120 0.970264
vt 0.701426 0.968957
vt 0.702962 0.967931
vt 0.704669 0.967223
vt 0.706481 0.966863
vt 0.708328 0.966863
vt 0.710140 0.967224
vt 0.711847 0.967931
vt 0.713383 0.968958
vt 0.714689 0.970265
vt 0.715716 0.971802
vt 0.716422 0.973510
vt 0.716783 0.975323
vt 0.716783 0.977171
vt 0.716422 0.978984
vt 0.714689 0.982228
vt 0.713383 0.983535
vt 0.711847 0.984562
vt 0.708328 0.985630
vt 0.706481 0.985630
vt 0.704669 0.985269
vt 0.985131 0.449202
vt 0.985131 0.451050
vt 0.984770 0.452863
vt 0.984063 0.454570
vt 0.983037 0.456107
vt 0.981731 0.457414
vt 0.980195 0.458441
vt 0.978488 0.459148
vt 0.974829 0.459509
vt 0.973017 0.459148
vt 0.971310 0.458441
vt 0.969774 0.457414
vt 0.968468 0.456106
vt 0.967441 0.454570
vt 0.966734 0.452862
vt 0.966374 0.449201
vt 0.966734 0.447388
vt 0.967441 0.445680
vt 0.968468 0.444143
vt 0.969774 0.442836
vt 0.971310 0.441810
vt 0.973017 0.441102
vt 0.976676 0.440742
vt 0.978488 0.441103
vt 0.980195 0.441810
vt 0.981731 0.442837
vt 0.983037 0.444144
vt 0.984063 0.445681
vt 0.984770 0.447389
vt 0.655136 0.230080
vt 0.895327 0.717940
vt 0.909767 0.798085
vt 0.171928 0.779844
vt 0.792277 0.909138
vt 0.909485 0.898135
vt 0.223877 0.000000
vt 0.057501 0.824261
vt 0.000000 0.458823
vt 0.327568 0.234756
vt 0.000000 0.000000
vt 0.223877 0.234756
vt 0.572655 0.875049
vt 0.612648 0.875058
vt 0.919477 0.086667
vt 0.077506 0.824261
vt 0.895327 0.623652
vt 0.467703 0.169200
vt 0.473144 0.167926
vt 0.489257 0.171162
vt 0.478691 0.167833
vt 0.484132 0.168926
vt 0.493870 0.174455
vt 0.500875 0.183673
vt 0.502998 0.189243
vt 0.454042 0.179412
vt 0.504080 0.195176
vt 0.450960 0.184508
vt 0.504080 0.201243
vt 0.448837 0.190149
vt 0.502998 0.207212
vt 0.447755 0.196118
vt 0.500875 0.212853
vt 0.447755 0.202185
vt 0.448837 0.208118
vt 0.497793 0.217949
vt 0.493870 0.222305
vt 0.450960 0.213688
vt 0.489258 0.225753
vt 0.454042 0.218681
vt 0.484132 0.228160
vt 0.457965 0.222905
vt 0.478691 0.229435
vt 0.462577 0.226199
vt 0.473144 0.229528
vt 0.467703 0.228435
vt 0.797590 0.177585
vt 0.792215 0.232811
vt 0.802653 0.179696
vt 0.797590 0.231717
vt 0.807210 0.182766
vt 0.802653 0.229584
vt 0.811085 0.186678
vt 0.807210 0.226493
vt 0.814130 0.191281
vt 0.811085 0.222563
vt 0.816227 0.196399
vt 0.814130 0.217946
vt 0.817296 0.201834
vt 0.816227 0.212819
vt 0.817296 0.207379
vt 0.781360 0.231753
vt 0.776297 0.229643
vt 0.781360 0.177622
vt 0.771740 0.226573
vt 0.776297 0.179755
vt 0.767865 0.222661
vt 0.771740 0.182846
vt 0.764821 0.218058
vt 0.767865 0.186775
vt 0.762723 0.212940
vt 0.764821 0.191392
vt 0.761654 0.207504
vt 0.762723 0.196519
vt 0.761654 0.201960
s 1
usemtl 
f 2592/5472/644 2530/5473/645 2594/5474/646
f 2529/5475/645 2591/5476/644 2593/5477/646
f 2594/5474/646 2532/5478/647 2596/5479/648
f 2531/5480/647 2593/5477/646 2595/5481/648
f 2596/5479/648 2534/5482/649 2598/5483/650
f 2533/5484/649 2595/5481/648 2597/5485/650
f 2598/5483/650 2536/5486/651 2600/5487/652
f 2535/5488/651 2597/5485/650 2599/5489/652
f 2600/5487/652 2538/5490/653 2602/5491/654
f 2537/5492/653 2599/5489/652 2601/5493/654
f 2602/5494/654 2540/5495/655 2604/5496/656
f 2539/5497/655 2601/5498/654 2603/5499/656
f 2604/5496/656 2542/5500/657 2606/5501/658
f 2541/5502/657 2603/5499/656 2605/5503/658
f 2606/5501/658 2544/5504/659 2608/5505/660
f 2543/5506/659 2605/5503/658 2607/5507/660
f 2608/5505/660 2546/5508/661 2610/5509/662
f 2545/5510/661 2607/5507/660 2609/5511/662
f 2610/5509/662 2548/5512/663 2612/5513/664
f 2547/5514/663 2609/5511/662 2611/5515/664
f 2612/5513/664 2550/5516/665 2614/5517/666
f 2549/5518/665 2611/5515/664 2613/5519/666
f 2614/5517/666 2552/5520/667 2616/5521/668
f 2551/5522/667 2613/5519/666 2615/5523/668
f 2616/5521/668 2554/5524/669 2618/5525/670
f 2553/5526/669 2615/5523/668 2617/5527/670
f 2618/5528/670 2556/5529/671 2620/5530/672
f 2555/5531/671 2617/5532/670 2619/5533/672
f 2620/5530/672 2558/5534/673 2622/5535/674
f 2557/5536/673 2619/5533/672 2621/5537/674
f 2622/5535/674 2560/5538/675 2624/5539/675
f 2559/5540/675 2621/5537/674 2623/5541/675
f 2560/5538/675 2626/5542/676 2624/5539/675
f 2625/5543/676 2559/5540/675 2623/5541/675
f 2562/5544/677 2628/5545/678 2626/5542/676
f 2627/5546/678 2561/5547/677 2625/5543/676
f 2564/5548/679 2630/5549/680 2628/5545/678
f 2629/5550/680 2563/5551/679 2627/5546/678
f 2566/5552/681 2632/5553/682 2630/5549/680
f 2631/5554/682 2565/5555/681 2629/5550/680
f 2568/5556/683 2634/5557/684 2632/5553/682
f 2567/5558/683 2633/5559/684 2569/5560/685
f 2570/5561/685 2636/5562/686 2634/5563/684
f 2569/5564/685 2635/5565/686 2571/5566/687
f 2572/5567/687 2638/5568/688 2636/5562/686
f 2571/5566/687 2637/5569/688 2573/5570/689
f 2574/5571/689 2640/5572/690 2638/5568/688
f 2573/5570/689 2639/5573/690 2575/5574/691
f 2576/5575/691 2642/5576/692 2640/5572/690
f 2575/5574/691 2641/5577/692 2577/5578/693
f 2578/5579/693 2644/5580/694 2642/5576/692
f 2577/5578/693 2643/5581/694 2579/5582/695
f 2580/5583/695 2646/5584/696 2644/5580/694
f 2579/5582/695 2645/5585/696 2581/5586/697
f 2582/5587/697 2648/5588/698 2646/5584/696
f 2581/5586/697 2647/5589/698 2583/5590/699
f 2584/5591/699 2650/5592/700 2648/5588/698
f 2583/5590/699 2649/5593/700 2585/5594/701
f 2586/5595/701 2652/5596/702 2650/5597/700
f 2585/5598/701 2651/5599/702 2587/5600/703
f 2554/5601/704 2538/5602/704 2586/5603/704
f 2588/5604/703 2654/5605/705 2652/5596/702
f 2587/5600/703 2653/5606/705 2589/5607/706
f 2590/5608/706 2592/5472/644 2654/5605/705
f 2589/5607/706 2591/5476/644 2527/5609/644
f 2555/5610/707 2571/5611/707 2587/5612/707
f 2616/5613/708 2624/5614/708 2632/5615/708
f 2649/5616/709 2645/5617/709 2601/5618/709
f 2656/5619/644 2722/5620/645 2720/5621/644
f 2655/5622/644 2721/5623/645 2657/5624/645
f 2658/5625/645 2724/5626/647 2722/5620/645
f 2657/5624/645 2723/5627/647 2659/5628/647
f 2660/5629/647 2726/5630/649 2724/5626/647
f 2659/5628/647 2725/5631/649 2661/5632/649
f 2662/5633/649 2728/5634/651 2726/5630/649
f 2661/5632/649 2727/5635/651 2663/5636/651
f 2664/5637/651 2730/5638/653 2728/5634/651
f 2665/5639/653 2727/5635/651 2729/5640/653
f 2666/5641/653 2732/5642/655 2730/5643/653
f 2667/5644/655 2729/5645/653 2731/5646/655
f 2668/5647/655 2734/5648/657 2732/5642/655
f 2669/5649/657 2731/5646/655 2733/5650/657
f 2670/5651/657 2736/5652/659 2734/5648/657
f 2671/5653/659 2733/5650/657 2735/5654/659
f 2672/5655/659 2738/5656/661 2736/5652/659
f 2673/5657/661 2735/5654/659 2737/5658/661
f 2674/5659/661 2740/5660/663 2738/5656/661
f 2675/5661/663 2737/5658/661 2739/5662/663
f 2676/5663/663 2742/5664/665 2740/5660/663
f 2677/5665/665 2739/5662/663 2741/5666/665
f 2678/5667/665 2744/5668/667 2742/5664/665
f 2679/5669/667 2741/5666/665 2743/5670/667
f 2680/5671/667 2746/5672/669 2744/5668/667
f 2681/5673/669 2743/5670/667 2745/5674/669
f 2682/5675/669 2748/5676/671 2746/5677/669
f 2683/5678/671 2745/5679/669 2747/5680/671
f 2684/5681/671 2750/5682/673 2748/5676/671
f 2685/5683/673 2747/5680/671 2749/5684/673
f 2686/5685/673 2752/5686/675 2750/5682/673
f 2687/5687/675 2749/5684/673 2751/5688/675
f 2688/5689/675 2754/5690/677 2752/5686/675
f 2689/5691/677 2751/5688/675 2753/5692/677
f 2690/5693/677 2756/5694/679 2754/5690/677
f 2691/5695/679 2753/5692/677 2755/5696/679
f 2692/5697/679 2758/5698/681 2756/5694/679
f 2693/5699/681 2755/5696/679 2757/5700/681
f 2694/5701/681 2760/5702/683 2758/5698/681
f 2695/5703/683 2757/5700/681 2759/5704/683
f 2696/5705/683 2762/5706/685 2760/5702/683
f 2695/5703/683 2761/5707/685 2697/5708/685
f 2698/5709/685 2764/5710/687 2762/5711/685
f 2697/5712/685 2763/5713/687 2699/5714/687
f 2700/5715/687 2766/5716/689 2764/5710/687
f 2699/5714/687 2765/5717/689 2701/5718/689
f 2702/5719/689 2768/5720/691 2766/5716/689
f 2701/5718/689 2767/5721/691 2703/5722/691
f 2704/5723/691 2770/5724/693 2768/5720/691
f 2703/5722/691 2769/5725/693 2705/5726/693
f 2706/5727/693 2772/5728/695 2770/5724/693
f 2705/5726/693 2771/5729/695 2707/5730/695
f 2708/5731/695 2774/5732/697 2772/5728/695
f 2707/5730/695 2773/5733/697 2709/5734/697
f 2710/5735/697 2776/5736/699 2774/5732/697
f 2709/5734/697 2775/5737/699 2711/5738/699
f 2712/5739/699 2778/5740/701 2776/5736/699
f 2711/5738/699 2777/5741/701 2713/5742/701
f 2714/5743/701 2780/5744/703 2778/5745/701
f 2713/5746/701 2779/5747/703 2715/5748/703
f 2682/5749/704 2674/5750/704 2666/5751/704
f 2716/5752/703 2782/5753/706 2780/5744/703
f 2715/5748/703 2781/5754/706 2717/5755/706
f 2718/5756/706 2720/5621/644 2782/5753/706
f 2717/5755/706 2719/5757/644 2655/5622/644
f 2667/5758/707 2683/5759/707 2699/5760/707
f 2777/5761/704 2769/5762/704 2761/5763/704
f 2736/5764/707 2752/5765/707 2768/5766/707
f 2790/5767/675 2791/5768/675 2787/5769/675
f 2786/5770/675 2783/5771/675 2784/5772/675
f 2790/5773/704 2783/5774/704 2785/5775/704
f 2789/5776/710 2785/5777/710 2786/5778/710
f 2788/5779/707 2786/5780/707 2784/5781/707
f 2787/5782/711 2784/5783/711 2783/5784/711
f 2793/5785/712 2791/5786/713 2794/5787/713
f 2803/5788/659 2799/5789/659 2804/5790/659
f 2795/5791/714 2798/5792/715 2797/5793/715
f 2798/5794/710 2793/5795/716 2794/5796/710
f 2791/5797/711 2795/5798/717 2797/5799/711
f 2788/5800/675 2798/5801/675 2789/5802/675
f 2801/5803/644 2800/5804/644 2799/5805/644
f 2804/5806/718 2800/5807/719 2805/5808/718
f 2805/5809/691 2802/5810/691 2806/5811/691
f 2806/5812/720 2801/5813/721 2803/5814/720
f 2795/5791/714 2803/5814/720 2796/5815/714
f 2792/5816/717 2806/5811/691 2795/5798/717
f 2793/5785/712 2805/5808/718 2792/5817/712
f 2796/5818/716 2804/5790/659 2793/5795/716
f 2839/5819/722 2808/5820/723 2840/5821/724
f 2840/5821/724 2809/5822/725 2841/5823/726
f 2841/5823/726 2810/5824/727 2842/5825/728
f 2842/5825/728 2811/5826/729 2843/5827/730
f 2843/5828/730 2812/5829/731 2844/5830/732
f 2844/5830/732 2813/5831/733 2845/5832/734
f 2845/5832/734 2814/5833/735 2846/5834/736
f 2846/5834/736 2815/5835/737 2847/5836/738
f 2815/5835/737 2848/5837/739 2847/5836/738
f 2816/5838/740 2849/5839/741 2848/5837/739
f 2817/5840/742 2850/5841/743 2849/5839/741
f 2818/5842/744 2851/5843/745 2850/5841/743
f 2819/5844/746 2852/5845/747 2851/5846/745
f 2820/5847/748 2853/5848/749 2852/5845/747
f 2821/5849/750 2854/5850/751 2853/5848/749
f 2822/5851/752 2855/5852/753 2854/5850/751
f 2823/5853/754 2856/5854/755 2855/5852/753
f 2824/5855/756 2857/5856/757 2856/5854/755
f 2825/5857/758 2858/5858/759 2857/5856/757
f 2826/5859/760 2859/5860/761 2858/5858/759
f 2827/5861/762 2860/5862/763 2859/5863/761
f 2828/5864/764 2861/5865/765 2860/5862/763
f 2829/5866/766 2862/5867/767 2861/5865/765
f 2830/5868/768 2863/5869/769 2862/5867/767
f 2863/5869/769 2832/5870/770 2864/5871/771
f 2864/5871/771 2833/5872/772 2865/5873/773
f 2865/5873/773 2834/5874/774 2866/5875/775
f 2866/5875/775 2835/5876/776 2867/5877/777
f 2867/5878/777 2836/5879/778 2868/5880/779
f 2868/5880/779 2837/5881/780 2869/5882/781
f 2869/5882/781 2838/5883/782 2870/5884/783
f 2870/5884/783 2807/5885/784 2839/5819/722
f 2835/5886/785 2834/5887/786 2827/5888/786
f 2870/5889/675 2839/5890/675 2855/5891/675
f 2592/5472/644 2528/5892/644 2530/5473/645
f 2529/5475/645 2527/5609/644 2591/5476/644
f 2594/5474/646 2530/5473/645 2532/5478/647
f 2531/5480/647 2529/5475/645 2593/5477/646
f 2596/5479/648 2532/5478/647 2534/5482/649
f 2533/5484/649 2531/5480/647 2595/5481/648
f 2598/5483/650 2534/5482/649 2536/5486/651
f 2535/5488/651 2533/5484/649 2597/5485/650
f 2600/5487/652 2536/5486/651 2538/5490/653
f 2537/5492/653 2535/5488/651 2599/5489/652
f 2602/5494/654 2538/5893/653 2540/5495/655
f 2539/5497/655 2537/5894/653 2601/5498/654
f 2604/5496/656 2540/5495/655 2542/5500/657
f 2541/5502/657 2539/5497/655 2603/5499/656
f 2606/5501/658 2542/5500/657 2544/5504/659
f 2543/5506/659 2541/5502/657 2605/5503/658
f 2608/5505/660 2544/5504/659 2546/5508/661
f 2545/5510/661 2543/5506/659 2607/5507/660
f 2610/5509/662 2546/5508/661 2548/5512/663
f 2547/5514/663 2545/5510/661 2609/5511/662
f 2612/5513/664 2548/5512/663 2550/5516/665
f 2549/5518/665 2547/5514/663 2611/5515/664
f 2614/5517/666 2550/5516/665 2552/5520/667
f 2551/5522/667 2549/5518/665 2613/5519/666
f 2616/5521/668 2552/5520/667 2554/5524/669
f 2553/5526/669 2551/5522/667 2615/5523/668
f 2618/5528/670 2554/5895/669 2556/5529/671
f 2555/5531/671 2553/5896/669 2617/5532/670
f 2620/5530/672 2556/5529/671 2558/5534/673
f 2557/5536/673 2555/5531/671 2619/5533/672
f 2622/5535/674 2558/5534/673 2560/5538/675
f 2559/5540/675 2557/5536/673 2621/5537/674
f 2560/5538/675 2562/5544/677 2626/5542/676
f 2625/5543/676 2561/5547/677 2559/5540/675
f 2562/5544/677 2564/5548/679 2628/5545/678
f 2627/5546/678 2563/5551/679 2561/5547/677
f 2564/5548/679 2566/5552/681 2630/5549/680
f 2629/5550/680 2565/5555/681 2563/5551/679
f 2566/5552/681 2568/5556/683 2632/5553/682
f 2631/5554/682 2567/5558/683 2565/5555/681
f 2568/5556/683 2570/5897/685 2634/5557/684
f 2567/5558/683 2631/5554/682 2633/5559/684
f 2570/5561/685 2572/5567/687 2636/5562/686
f 2569/5564/685 2633/5898/684 2635/5565/686
f 2572/5567/687 2574/5571/689 2638/5568/688
f 2571/5566/687 2635/5565/686 2637/5569/688
f 2574/5571/689 2576/5575/691 2640/5572/690
f 2573/5570/689 2637/5569/688 2639/5573/690
f 2576/5575/691 2578/5579/693 2642/5576/692
f 2575/5574/691 2639/5573/690 2641/5577/692
f 2578/5579/693 2580/5583/695 2644/5580/694
f 2577/5578/693 2641/5577/692 2643/5581/694
f 2580/5583/695 2582/5587/697 2646/5584/696
f 2579/5582/695 2643/5581/694 2645/5585/696
f 2582/5587/697 2584/5591/699 2648/5588/698
f 2581/5586/697 2645/5585/696 2647/5589/698
f 2584/5591/699 2586/5899/701 2650/5592/700
f 2583/5590/699 2647/5589/698 2649/5593/700
f 2586/5595/701 2588/5604/703 2652/5596/702
f 2585/5598/701 2649/5900/700 2651/5599/702
f 2586/5603/704 2584/5901/704 2582/5902/704
f 2582/5902/704 2580/5903/704 2578/5904/704
f 2578/5904/704 2576/5905/704 2574/5906/704
f 2574/5906/704 2572/5907/704 2570/5908/704
f 2570/5908/704 2568/5909/704 2566/5910/704
f 2566/5910/704 2564/5911/704 2562/5912/704
f 2562/5912/704 2560/5913/704 2558/5914/704
f 2558/5914/704 2556/5915/704 2554/5601/704
f 2554/5601/704 2552/5916/704 2550/5917/704
f 2550/5917/704 2548/5918/704 2546/5919/704
f 2546/5919/704 2544/5920/704 2542/5921/704
f 2542/5921/704 2540/5922/704 2538/5602/704
f 2538/5602/704 2536/5923/704 2534/5924/704
f 2534/5924/704 2532/5925/704 2530/5926/704
f 2530/5926/704 2528/5927/704 2590/5928/704
f 2590/5928/704 2588/5929/704 2586/5603/704
f 2586/5603/704 2582/5902/704 2578/5904/704
f 2578/5904/704 2574/5906/704 2570/5908/704
f 2570/5908/704 2566/5910/704 2562/5912/704
f 2562/5912/704 2558/5914/704 2554/5601/704
f 2554/5601/704 2550/5917/704 2546/5919/704
f 2546/5919/704 2542/5921/704 2538/5602/704
f 2538/5602/704 2534/5924/704 2530/5926/704
f 2530/5926/704 2590/5928/704 2586/5603/704
f 2586/5603/704 2578/5904/704 2570/5908/704
f 2570/5908/704 2562/5912/704 2554/5601/704
f 2554/5601/704 2546/5919/704 2538/5602/704
f 2538/5602/704 2530/5926/704 2586/5603/704
f 2586/5603/704 2570/5908/704 2554/5601/704
f 2588/5604/703 2590/5608/706 2654/5605/705
f 2587/5600/703 2651/5599/702 2653/5606/705
f 2590/5608/706 2528/5892/644 2592/5472/644
f 2589/5607/706 2653/5606/705 2591/5476/644
f 2587/5612/707 2589/5930/707 2531/5931/707
f 2589/5930/707 2527/5932/707 2531/5931/707
f 2527/5932/707 2529/5933/707 2531/5931/707
f 2531/5931/707 2533/5934/707 2535/5935/707
f 2535/5935/707 2537/5936/707 2531/5931/707
f 2537/5936/707 2539/5937/707 2531/5931/707
f 2539/5937/707 2541/5938/707 2547/5939/707
f 2541/5938/707 2543/5940/707 2547/5939/707
f 2543/5940/707 2545/5941/707 2547/5939/707
f 2547/5939/707 2549/5942/707 2551/5943/707
f 2551/5943/707 2553/5944/707 2547/5939/707
f 2553/5944/707 2555/5610/707 2547/5939/707
f 2555/5610/707 2557/5945/707 2563/5946/707
f 2557/5945/707 2559/5947/707 2563/5946/707
f 2559/5947/707 2561/5948/707 2563/5946/707
f 2563/5946/707 2565/5949/707 2567/5950/707
f 2567/5950/707 2569/5951/707 2563/5946/707
f 2569/5951/707 2571/5611/707 2563/5946/707
f 2571/5611/707 2573/5952/707 2579/5953/707
f 2573/5952/707 2575/5954/707 2579/5953/707
f 2575/5954/707 2577/5955/707 2579/5953/707
f 2579/5953/707 2581/5956/707 2583/5957/707
f 2583/5957/707 2585/5958/707 2579/5953/707
f 2585/5958/707 2587/5612/707 2579/5953/707
f 2587/5612/707 2531/5931/707 2539/5937/707
f 2539/5937/707 2547/5939/707 2555/5610/707
f 2555/5610/707 2563/5946/707 2571/5611/707
f 2571/5611/707 2579/5953/707 2587/5612/707
f 2587/5612/707 2539/5937/707 2555/5610/707
f 2592/5959/708 2594/5960/708 2596/5961/708
f 2596/5961/708 2598/5962/708 2592/5959/708
f 2598/5962/708 2600/5963/708 2592/5959/708
f 2600/5963/708 2602/5964/708 2604/5965/708
f 2604/5965/708 2606/5966/708 2640/5967/708
f 2606/5966/708 2608/5968/708 2640/5967/708
f 2608/5968/708 2610/5969/708 2632/5615/708
f 2610/5969/708 2612/5970/708 2632/5615/708
f 2612/5970/708 2614/5971/708 2616/5613/708
f 2616/5613/708 2618/5972/708 2624/5614/708
f 2618/5972/708 2620/5973/708 2624/5614/708
f 2620/5973/708 2622/5974/708 2624/5614/708
f 2624/5614/708 2626/5975/708 2628/5976/708
f 2628/5976/708 2630/5977/708 2624/5614/708
f 2630/5977/708 2632/5615/708 2624/5614/708
f 2632/5615/708 2634/5978/708 2636/5979/708
f 2636/5979/708 2638/5980/708 2608/5968/708
f 2638/5980/708 2640/5967/708 2608/5968/708
f 2640/5967/708 2642/5981/708 2600/5963/708
f 2642/5981/708 2644/5982/708 2600/5963/708
f 2644/5982/708 2646/5983/708 2648/5984/708
f 2648/5984/708 2650/5985/708 2592/5959/708
f 2650/5985/708 2652/5986/708 2592/5959/708
f 2652/5986/708 2654/5987/708 2592/5959/708
f 2600/5963/708 2604/5965/708 2640/5967/708
f 2612/5970/708 2616/5613/708 2632/5615/708
f 2632/5615/708 2636/5979/708 2608/5968/708
f 2644/5982/708 2648/5984/708 2600/5963/708
f 2592/5959/708 2600/5963/708 2648/5984/708
f 2641/5988/709 2639/5989/709 2609/5990/709
f 2639/5989/709 2637/5991/709 2609/5990/709
f 2637/5991/709 2635/5992/709 2609/5990/709
f 2635/5992/709 2633/5993/709 2609/5990/709
f 2633/5993/709 2631/5994/709 2629/5995/709
f 2629/5995/709 2627/5996/709 2625/5997/709
f 2625/5997/709 2623/5998/709 2621/5999/709
f 2621/5999/709 2619/6000/709 2625/5997/709
f 2619/6000/709 2617/6001/709 2625/5997/709
f 2617/6001/709 2615/6002/709 2613/6003/709
f 2613/6003/709 2611/6004/709 2633/5993/709
f 2611/6004/709 2609/5990/709 2633/5993/709
f 2609/5990/709 2607/6005/709 2641/5988/709
f 2607/6005/709 2605/6006/709 2641/5988/709
f 2605/6006/709 2603/6007/709 2641/5988/709
f 2603/6007/709 2601/5618/709 2641/5988/709
f 2601/5618/709 2599/6008/709 2597/6009/709
f 2597/6009/709 2595/6010/709 2593/6011/709
f 2593/6011/709 2591/6012/709 2653/6013/709
f 2653/6013/709 2651/6014/709 2593/6011/709
f 2651/6014/709 2649/5616/709 2593/6011/709
f 2649/5616/709 2647/6015/709 2645/5617/709
f 2645/5617/709 2643/6016/709 2601/5618/709
f 2643/6016/709 2641/5988/709 2601/5618/709
f 2633/5993/709 2629/5995/709 2617/6001/709
f 2629/5995/709 2625/5997/709 2617/6001/709
f 2617/6001/709 2613/6003/709 2633/5993/709
f 2601/5618/709 2597/6009/709 2649/5616/709
f 2597/6009/709 2593/6011/709 2649/5616/709
f 2656/5619/644 2658/5625/645 2722/5620/645
f 2655/5622/644 2719/5757/644 2721/5623/645
f 2658/5625/645 2660/5629/647 2724/5626/647
f 2657/5624/645 2721/5623/645 2723/5627/647
f 2660/5629/647 2662/5633/649 2726/5630/649
f 2659/5628/647 2723/5627/647 2725/5631/649
f 2662/5633/649 2664/5637/651 2728/5634/651
f 2661/5632/649 2725/5631/649 2727/5635/651
f 2664/5637/651 2666/6017/653 2730/5638/653
f 2665/5639/653 2663/5636/651 2727/5635/651
f 2666/5641/653 2668/5647/655 2732/5642/655
f 2667/5644/655 2665/6018/653 2729/5645/653
f 2668/5647/655 2670/5651/657 2734/5648/657
f 2669/5649/657 2667/5644/655 2731/5646/655
f 2670/5651/657 2672/5655/659 2736/5652/659
f 2671/5653/659 2669/5649/657 2733/5650/657
f 2672/5655/659 2674/5659/661 2738/5656/661
f 2673/5657/661 2671/5653/659 2735/5654/659
f 2674/5659/661 2676/5663/663 2740/5660/663
f 2675/5661/663 2673/5657/661 2737/5658/661
f 2676/5663/663 2678/5667/665 2742/5664/665
f 2677/5665/665 2675/5661/663 2739/5662/663
f 2678/5667/665 2680/5671/667 2744/5668/667
f 2679/5669/667 2677/5665/665 2741/5666/665
f 2680/5671/667 2682/6019/669 2746/5672/669
f 2681/5673/669 2679/5669/667 2743/5670/667
f 2682/5675/669 2684/5681/671 2748/5676/671
f 2683/5678/671 2681/6020/669 2745/5679/669
f 2684/5681/671 2686/5685/673 2750/5682/673
f 2685/5683/673 2683/5678/671 2747/5680/671
f 2686/5685/673 2688/5689/675 2752/5686/675
f 2687/5687/675 2685/5683/673 2749/5684/673
f 2688/5689/675 2690/5693/677 2754/5690/677
f 2689/5691/677 2687/5687/675 2751/5688/675
f 2690/5693/677 2692/5697/679 2756/5694/679
f 2691/5695/679 2689/5691/677 2753/5692/677
f 2692/5697/679 2694/5701/681 2758/5698/681
f 2693/5699/681 2691/5695/679 2755/5696/679
f 2694/5701/681 2696/5705/683 2760/5702/683
f 2695/5703/683 2693/5699/681 2757/5700/681
f 2696/5705/683 2698/6021/685 2762/5706/685
f 2695/5703/683 2759/5704/683 2761/5707/685
f 2698/5709/685 2700/5715/687 2764/5710/687
f 2697/5712/685 2761/6022/685 2763/5713/687
f 2700/5715/687 2702/5719/689 2766/5716/689
f 2699/5714/687 2763/5713/687 2765/5717/689
f 2702/5719/689 2704/5723/691 2768/5720/691
f 2701/5718/689 2765/5717/689 2767/5721/691
f 2704/5723/691 2706/5727/693 2770/5724/693
f 2703/5722/691 2767/5721/691 2769/5725/693
f 2706/5727/693 2708/5731/695 2772/5728/695
f 2705/5726/693 2769/5725/693 2771/5729/695
f 2708/5731/695 2710/5735/697 2774/5732/697
f 2707/5730/695 2771/5729/695 2773/5733/697
f 2710/5735/697 2712/5739/699 2776/5736/699
f 2709/5734/697 2773/5733/697 2775/5737/699
f 2712/5739/699 2714/6023/701 2778/5740/701
f 2711/5738/699 2775/5737/699 2777/5741/701
f 2714/5743/701 2716/5752/703 2780/5744/703
f 2713/5746/701 2777/6024/701 2779/5747/703
f 2666/5751/704 2664/6025/704 2662/6026/704
f 2662/6026/704 2660/6027/704 2666/5751/704
f 2660/6027/704 2658/6028/704 2666/5751/704
f 2658/6028/704 2656/6029/704 2718/6030/704
f 2718/6030/704 2716/6031/704 2658/6028/704
f 2716/6031/704 2714/6032/704 2658/6028/704
f 2714/6032/704 2712/6033/704 2710/6034/704
f 2710/6034/704 2708/6035/704 2714/6032/704
f 2708/6035/704 2706/6036/704 2714/6032/704
f 2706/6036/704 2704/6037/704 2702/6038/787
f 2702/6038/787 2700/6039/704 2706/6036/704
f 2700/6039/704 2698/6040/704 2706/6036/704
f 2698/6040/704 2696/6041/704 2694/6042/704
f 2694/6042/704 2692/6043/704 2698/6040/704
f 2692/6043/704 2690/6044/704 2698/6040/704
f 2690/6044/704 2688/6045/704 2686/6046/704
f 2686/6046/704 2684/6047/704 2690/6044/704
f 2684/6047/704 2682/5749/704 2690/6044/704
f 2682/5749/704 2680/6048/704 2678/6049/704
f 2678/6049/704 2676/6050/704 2682/5749/704
f 2676/6050/704 2674/5750/704 2682/5749/704
f 2674/5750/704 2672/6051/704 2670/6052/788
f 2670/6052/788 2668/6053/704 2674/5750/704
f 2668/6053/704 2666/5751/704 2674/5750/704
f 2666/5751/704 2658/6028/704 2714/6032/704
f 2714/6032/704 2706/6036/704 2666/5751/704
f 2706/6036/704 2698/6040/704 2666/5751/704
f 2698/6040/704 2690/6044/704 2666/5751/704
f 2690/6044/704 2682/5749/704 2666/5751/704
f 2716/5752/703 2718/5756/706 2782/5753/706
f 2715/5748/703 2779/5747/703 2781/5754/706
f 2718/5756/706 2656/5619/644 2720/5621/644
f 2717/5755/706 2781/5754/706 2719/5757/644
f 2715/6054/707 2717/6055/707 2655/6056/707
f 2655/6056/707 2657/6057/707 2659/6058/707
f 2659/6058/707 2661/6059/707 2663/6060/707
f 2663/6060/707 2665/6061/707 2659/6058/707
f 2665/6061/707 2667/5758/707 2659/6058/707
f 2667/5758/707 2669/6062/707 2671/6063/707
f 2671/6063/707 2673/6064/707 2675/6065/707
f 2675/6065/707 2677/6066/707 2683/5759/707
f 2677/6066/707 2679/6067/707 2683/5759/707
f 2679/6067/707 2681/6068/707 2683/5759/707
f 2683/5759/707 2685/6069/707 2687/6070/707
f 2687/6070/707 2689/6071/707 2691/6072/707
f 2691/6072/707 2693/6073/707 2695/6074/707
f 2695/6074/707 2697/6075/707 2691/6072/707
f 2697/6075/707 2699/5760/707 2691/6072/707
f 2699/5760/707 2701/6076/707 2703/6077/707
f 2703/6077/707 2705/6078/707 2707/6079/707
f 2707/6079/707 2709/6080/707 2715/6054/707
f 2709/6080/707 2711/6081/707 2715/6054/707
f 2711/6081/707 2713/6082/707 2715/6054/707
f 2715/6054/707 2655/6056/707 2667/5758/707
f 2655/6056/707 2659/6058/707 2667/5758/707
f 2667/5758/707 2671/6063/707 2675/6065/707
f 2683/5759/707 2687/6070/707 2699/5760/707
f 2687/6070/707 2691/6072/707 2699/5760/707
f 2699/5760/707 2703/6077/707 2707/6079/707
f 2667/5758/707 2675/6065/707 2683/5759/707
f 2699/5760/707 2707/6079/707 2715/6054/707
f 2715/6054/707 2667/5758/707 2699/5760/707
f 2761/5763/704 2759/6083/704 2757/6084/704
f 2757/6084/704 2755/6085/704 2761/5763/704
f 2755/6085/704 2753/6086/704 2761/5763/704
f 2753/6086/704 2751/6087/704 2749/6088/704
f 2749/6088/704 2747/6089/704 2753/6086/704
f 2747/6089/704 2745/6090/704 2753/6086/704
f 2745/6090/704 2743/6091/704 2741/6092/704
f 2741/6092/704 2739/6093/704 2745/6090/704
f 2739/6093/704 2737/6094/704 2745/6090/704
f 2737/6094/704 2735/6095/704 2733/6096/704
f 2733/6096/704 2731/6097/704 2737/6094/704
f 2731/6097/704 2729/6098/704 2737/6094/704
f 2729/6098/704 2727/6099/704 2725/6100/704
f 2725/6100/704 2723/6101/704 2729/6098/704
f 2723/6101/704 2721/6102/704 2729/6098/704
f 2721/6102/704 2719/6103/704 2781/6104/704
f 2781/6104/704 2779/6105/704 2721/6102/704
f 2779/6105/704 2777/5761/704 2721/6102/704
f 2777/5761/704 2775/6106/704 2773/6107/704
f 2773/6107/704 2771/6108/704 2777/5761/704
f 2771/6108/704 2769/5762/704 2777/5761/704
f 2769/5762/704 2767/6109/704 2765/6110/704
f 2765/6110/704 2763/6111/704 2769/5762/704
f 2763/6111/704 2761/5763/704 2769/5762/704
f 2761/5763/704 2753/6086/704 2745/6090/704
f 2745/6090/704 2737/6094/704 2761/5763/704
f 2737/6094/704 2729/6098/704 2761/5763/704
f 2729/6098/704 2721/6102/704 2761/5763/704
f 2721/6102/704 2777/5761/704 2761/5763/704
f 2720/6112/707 2722/6113/707 2724/6114/707
f 2724/6114/707 2726/6115/707 2728/6116/707
f 2728/6116/707 2730/6117/707 2732/6118/707
f 2732/6118/707 2734/6119/707 2736/5764/707
f 2736/5764/707 2738/6120/707 2740/6121/707
f 2740/6121/707 2742/6122/707 2744/6123/707
f 2744/6123/707 2746/6124/707 2748/6125/707
f 2748/6125/707 2750/6126/707 2752/5765/707
f 2752/5765/707 2754/6127/707 2756/6128/707
f 2756/6128/707 2758/6129/707 2760/6130/707
f 2760/6130/707 2762/6131/707 2764/6132/707
f 2764/6132/707 2766/6133/707 2768/5766/707
f 2768/5766/707 2770/6134/707 2772/6135/707
f 2772/6135/707 2774/6136/707 2776/6137/707
f 2776/6137/707 2778/6138/707 2780/6139/707
f 2780/6139/707 2782/6140/707 2720/6112/707
f 2720/6112/707 2724/6114/707 2728/6116/707
f 2728/6116/707 2732/6118/707 2720/6112/707
f 2732/6118/707 2736/5764/707 2720/6112/707
f 2736/5764/707 2740/6121/707 2752/5765/707
f 2740/6121/707 2744/6123/707 2752/5765/707
f 2744/6123/707 2748/6125/707 2752/5765/707
f 2752/5765/707 2756/6128/707 2760/6130/707
f 2760/6130/707 2764/6132/707 2752/5765/707
f 2764/6132/707 2768/5766/707 2752/5765/707
f 2768/5766/707 2772/6135/707 2720/6112/707
f 2772/6135/707 2776/6137/707 2720/6112/707
f 2776/6137/707 2780/6139/707 2720/6112/707
f 2720/6112/707 2736/5764/707 2768/5766/707
f 2790/5767/675 2794/6141/675 2791/5768/675
f 2786/5770/675 2785/6142/675 2783/5771/675
f 2790/5773/704 2787/6143/704 2783/5774/704
f 2789/5776/710 2790/6144/710 2785/5777/710
f 2788/5779/707 2789/6145/707 2786/5780/707
f 2787/5782/711 2788/6146/711 2784/5783/711
f 2793/5785/712 2792/5817/712 2791/5786/713
f 2803/5788/659 2801/6147/659 2799/5789/659
f 2795/5791/714 2796/5815/714 2798/5792/715
f 2798/5794/710 2796/5818/716 2793/5795/716
f 2791/5797/711 2792/5816/717 2795/5798/717
f 2788/5800/675 2797/6148/675 2798/5801/675
f 2801/5803/644 2802/6149/644 2800/5804/644
f 2804/5806/718 2799/6150/719 2800/5807/719
f 2805/5809/691 2800/6151/691 2802/5810/691
f 2806/5812/720 2802/6152/721 2801/5813/721
f 2795/5791/714 2806/5812/720 2803/5814/720
f 2792/5816/717 2805/5809/691 2806/5811/691
f 2793/5785/712 2804/5806/718 2805/5808/718
f 2796/5818/716 2803/5788/659 2804/5790/659
f 2839/5819/722 2807/5885/784 2808/5820/723
f 2840/5821/724 2808/5820/723 2809/5822/725
f 2841/5823/726 2809/5822/725 2810/5824/727
f 2842/5825/728 2810/5824/727 2811/5826/729
f 2843/5828/730 2811/6153/729 2812/5829/731
f 2844/5830/732 2812/5829/731 2813/5831/733
f 2845/5832/734 2813/5831/733 2814/5833/735
f 2846/5834/736 2814/5833/735 2815/5835/737
f 2815/5835/737 2816/5838/740 2848/5837/739
f 2816/5838/740 2817/5840/742 2849/5839/741
f 2817/5840/742 2818/5842/744 2850/5841/743
f 2818/5842/744 2819/6154/746 2851/5843/745
f 2819/5844/746 2820/5847/748 2852/5845/747
f 2820/5847/748 2821/5849/750 2853/5848/749
f 2821/5849/750 2822/5851/752 2854/5850/751
f 2822/5851/752 2823/5853/754 2855/5852/753
f 2823/5853/754 2824/5855/756 2856/5854/755
f 2824/5855/756 2825/5857/758 2857/5856/757
f 2825/5857/758 2826/5859/760 2858/5858/759
f 2826/5859/760 2827/6155/762 2859/5860/761
f 2827/5861/762 2828/5864/764 2860/5862/763
f 2828/5864/764 2829/5866/766 2861/5865/765
f 2829/5866/766 2830/5868/768 2862/5867/767
f 2830/5868/768 2831/6156/789 2863/5869/769
f 2863/5869/769 2831/6156/789 2832/5870/770
f 2864/5871/771 2832/5870/770 2833/5872/772
f 2865/5873/773 2833/5872/772 2834/5874/774
f 2866/5875/775 2834/5874/774 2835/5876/776
f 2867/5878/777 2835/6157/776 2836/5879/778
f 2868/5880/779 2836/5879/778 2837/5881/780
f 2869/5882/781 2837/5881/780 2838/5883/782
f 2870/5884/783 2838/5883/782 2807/5885/784
f 2833/6158/786 2832/6159/786 2829/6160/786
f 2832/6159/786 2831/6161/790 2830/6162/790
f 2829/6160/786 2832/6159/786 2830/6162/790
f 2829/6160/786 2828/6163/786 2833/6158/786
f 2828/6163/786 2827/5888/786 2834/5887/786
f 2833/6158/786 2828/6163/786 2834/5887/786
f 2827/5888/786 2826/6164/786 2835/5886/785
f 2826/6164/786 2825/6165/786 2836/6166/786
f 2835/5886/785 2826/6164/786 2836/6166/786
f 2825/6165/786 2824/6167/786 2837/6168/786
f 2824/6167/786 2823/6169/786 2838/6170/786
f 2837/6168/786 2824/6167/786 2838/6170/786
f 2823/6169/786 2822/6171/786 2807/6172/786
f 2822/6171/786 2821/6173/786 2808/6174/786
f 2808/6174/786 2821/6173/786 2809/6175/786
f 2821/6173/786 2820/6176/786 2809/6175/786
f 2820/6176/786 2819/6177/786 2810/6178/786
f 2809/6175/786 2820/6176/786 2810/6178/786
f 2819/6177/786 2818/6179/786 2811/6180/786
f 2818/6179/786 2817/6181/786 2812/6182/786
f 2811/6180/786 2818/6179/786 2812/6182/786
f 2817/6181/786 2816/6183/786 2813/6184/786
f 2816/6183/786 2815/6185/786 2814/6186/790
f 2813/6184/786 2816/6183/786 2814/6186/790
f 2813/6184/786 2812/6182/786 2817/6181/786
f 2811/6180/786 2810/6178/786 2819/6177/786
f 2808/6174/786 2807/6172/786 2822/6171/786
f 2807/6172/786 2838/6170/786 2823/6169/786
f 2837/6168/786 2836/6166/786 2825/6165/786
f 2839/5890/675 2840/6187/675 2854/6188/675
f 2840/6187/675 2841/6189/675 2853/6190/675
f 2841/6189/675 2842/6191/675 2852/6192/675
f 2842/6191/675 2843/6193/675 2851/6194/675
f 2843/6193/675 2844/6195/675 2850/6196/675
f 2844/6195/675 2845/6197/675 2849/6198/675
f 2845/6197/675 2846/6199/675 2848/6200/675
f 2846/6199/675 2847/6201/675 2848/6200/675
f 2848/6200/675 2849/6198/675 2845/6197/675
f 2849/6198/675 2850/6196/675 2844/6195/675
f 2850/6196/675 2851/6194/675 2843/6193/675
f 2851/6194/675 2852/6192/675 2842/6191/675
f 2852/6192/675 2853/6190/675 2841/6189/675
f 2853/6190/675 2854/6188/675 2840/6187/675
f 2854/6188/675 2855/5891/675 2839/5890/675
f 2855/5891/675 2856/6202/675 2870/5889/675
f 2856/6202/675 2857/6203/675 2869/6204/675
f 2857/6203/675 2858/6205/675 2868/6206/675
f 2858/6205/675 2859/6207/675 2867/6208/675
f 2859/6207/675 2860/6209/675 2866/6210/675
f 2860/6209/675 2861/6211/675 2865/6212/675
f 2861/6211/675 2862/6213/675 2864/6214/675
f 2862/6213/675 2863/6215/675 2864/6214/675
f 2864/6214/675 2865/6212/675 2861/6211/675
f 2865/6212/675 2866/6210/675 2860/6209/675
f 2866/6210/675 2867/6208/675 2859/6207/675
f 2867/6208/675 2868/6206/675 2858/6205/675
f 2868/6206/675 2869/6204/675 2857/6203/675
f 2869/6204/675 2870/5889/675 2856/6202/675
o schienbein.l
v -2.175219 -7.495559 -0.476596
v -2.175219 -4.167896 -0.476596
v -1.175219 -7.495559 -0.476596
v -1.175219 -4.167896 -0.476596
v -2.175219 -7.495559 0.523404
v -2.175219 -4.167896 0.523404
v -1.175219 -7.495559 0.523404
v -1.175219 -4.167896 0.523404
v -0.975218 -6.995559 0.023404
v -2.375219 -6.995559 0.023404
v -0.975218 -6.999402 0.062422
v -2.375219 -6.999402 0.062422
v -0.975218 -7.010783 0.099941
v -2.375219 -7.010783 0.099941
v -0.975218 -7.029265 0.134518
v -2.375219 -7.029265 0.134518
v -0.975218 -7.054138 0.164825
v -2.375219 -7.054138 0.164825
v -0.975218 -7.084445 0.189698
v -2.375219 -7.084445 0.189698
v -0.975218 -7.119022 0.208180
v -2.375219 -7.119023 0.208180
v -0.975218 -7.156541 0.219561
v -2.375219 -7.156541 0.219561
v -0.975218 -7.195559 0.223404
v -2.375219 -7.195559 0.223404
v -0.975218 -7.234577 0.219561
v -2.375219 -7.234577 0.219561
v -0.975218 -7.272096 0.208180
v -2.375219 -7.272096 0.208180
v -0.975218 -7.306674 0.189698
v -2.375219 -7.306674 0.189698
v -0.975218 -7.336980 0.164825
v -2.375219 -7.336980 0.164825
v -0.975218 -7.361853 0.134518
v -2.375219 -7.361853 0.134518
v -0.975218 -7.380335 0.099941
v -2.375219 -7.380335 0.099941
v -0.975218 -7.391716 0.062422
v -2.375219 -7.391716 0.062422
v -0.975218 -7.395559 0.023404
v -2.375219 -7.395559 0.023404
v -0.975218 -7.391716 -0.015614
v -2.375219 -7.391716 -0.015614
v -0.975218 -7.380335 -0.053133
v -2.375219 -7.380335 -0.053133
v -0.975218 -7.361853 -0.087710
v -2.375219 -7.361853 -0.087710
v -0.975218 -7.336980 -0.118018
v -2.375219 -7.336980 -0.118017
v -0.975218 -7.306674 -0.142890
v -2.375219 -7.306674 -0.142890
v -0.975218 -7.272096 -0.161372
v -2.375219 -7.272096 -0.161372
v -0.975218 -7.234577 -0.172753
v -2.375219 -7.234577 -0.172753
v -0.975218 -7.195559 -0.176596
v -2.375219 -7.195559 -0.176596
v -0.975218 -7.156541 -0.172753
v -2.375219 -7.156541 -0.172753
v -0.975218 -7.119022 -0.161372
v -2.375219 -7.119023 -0.161372
v -0.975218 -7.084445 -0.142890
v -2.375219 -7.084445 -0.142890
v -0.975218 -7.054138 -0.118018
v -2.375219 -7.054138 -0.118017
v -0.975218 -7.029265 -0.087710
v -2.375219 -7.029265 -0.087710
v -0.975218 -7.010783 -0.053133
v -2.375219 -7.010783 -0.053133
v -0.975218 -6.999402 -0.015614
v -2.375219 -6.999402 -0.015614
v -1.175219 -6.995559 0.023404
v -2.175219 -6.995559 0.023404
v -1.175219 -6.999402 0.062422
v -2.175219 -6.999402 0.062422
v -1.175219 -7.010783 0.099941
v -2.175219 -7.010783 0.099941
v -1.175219 -7.029265 0.134518
v -2.175219 -7.029265 0.134518
v -1.175219 -7.054138 0.164825
v -2.175219 -7.054138 0.164825
v -1.175219 -7.084445 0.189698
v -2.175219 -7.084445 0.189698
v -1.175219 -7.119022 0.208180
v -2.175219 -7.119023 0.208180
v -1.175219 -7.156541 0.219561
v -2.175219 -7.156541 0.219561
v -1.175219 -7.195559 0.223404
v -2.175219 -7.195559 0.223404
v -1.175219 -7.234577 0.219561
v -2.175219 -7.234577 0.219561
v -1.175219 -7.272096 0.208180
v -2.175219 -7.272096 0.208180
v -1.175219 -7.306674 0.189698
v -2.175219 -7.306674 0.189698
v -1.175219 -7.336980 0.164825
v -2.175219 -7.336980 0.164825
v -1.175219 -7.361853 0.134518
v -2.175219 -7.361853 0.134518
v -1.175219 -7.380335 0.099941
v -2.175219 -7.380335 0.099941
v -1.175219 -7.391716 0.062422
v -2.175219 -7.391716 0.062422
v -1.175219 -7.395559 0.023404
v -2.175219 -7.395559 0.023404
v -1.175219 -7.391716 -0.015614
v -2.175219 -7.391716 -0.015614
v -1.175219 -7.380335 -0.053133
v -2.175219 -7.380335 -0.053133
v -1.175219 -7.361853 -0.087710
v -2.175219 -7.361853 -0.087710
v -1.175219 -7.336980 -0.118017
v -2.175219 -7.336980 -0.118017
v -1.175219 -7.306674 -0.142890
v -2.175219 -7.306674 -0.142890
v -1.175219 -7.272096 -0.161372
v -2.175219 -7.272096 -0.161372
v -1.175219 -7.234577 -0.172753
v -2.175219 -7.234577 -0.172753
v -1.175219 -7.195559 -0.176596
v -2.175219 -7.195559 -0.176596
v -1.175219 -7.156541 -0.172753
v -2.175219 -7.156541 -0.172753
v -1.175219 -7.119022 -0.161372
v -2.175219 -7.119023 -0.161372
v -1.175219 -7.084445 -0.142890
v -2.175219 -7.084445 -0.142890
v -1.175219 -7.054138 -0.118017
v -2.175219 -7.054138 -0.118017
v -1.175219 -7.029265 -0.087710
v -2.175219 -7.029265 -0.087710
v -1.175219 -7.010783 -0.053133
v -2.175219 -7.010783 -0.053133
v -1.175219 -6.999402 -0.015614
v -2.175219 -6.999402 -0.015614
v -1.175219 -4.445560 -0.176596
v -1.175219 -4.484579 -0.172753
v -1.175219 -4.406542 -0.172753
v -1.175219 -4.556675 -0.142890
v -1.175219 -4.334446 -0.142890
v -1.175219 -4.522097 -0.161372
v -1.175219 -4.369024 -0.161372
v -1.175219 -4.304139 -0.118017
v -1.175219 -4.586982 -0.118017
v -1.175219 -4.279267 -0.087710
v -1.175219 -4.611855 -0.087710
v -1.175219 -4.260785 -0.053133
v -1.175219 -4.630336 -0.053133
v -1.175219 -4.641718 -0.015614
v -1.175219 -4.249403 -0.015614
v -1.175219 -4.645561 0.023404
v -1.175219 -4.245560 0.023404
v -1.175219 -4.641718 0.062422
v -1.175219 -4.249403 0.062422
v -1.175219 -4.630336 0.099941
v -1.175219 -4.260785 0.099941
v -1.175219 -4.611855 0.134518
v -1.175219 -4.279267 0.134518
v -1.175219 -4.556675 0.189698
v -1.175219 -4.334446 0.189698
v -1.175219 -4.445560 0.223404
v -1.175219 -4.406542 0.219561
v -1.175219 -4.484579 0.219561
v -1.175219 -4.369024 0.208180
v -1.175219 -4.522097 0.208180
v -1.175219 -4.304139 0.164825
v -1.175219 -4.586982 0.164825
v -2.175219 -4.445560 -0.176596
v -2.175219 -4.484579 -0.172753
v -2.175219 -4.406542 -0.172753
v -2.175219 -4.334446 -0.142890
v -2.175219 -4.556675 -0.142890
v -2.175219 -4.522097 -0.161372
v -2.175219 -4.369024 -0.161372
v -2.175219 -4.304139 -0.118017
v -2.175219 -4.586982 -0.118017
v -2.175219 -4.279267 -0.087710
v -2.175219 -4.611855 -0.087710
v -2.175219 -4.260785 -0.053133
v -2.175219 -4.630336 -0.053133
v -2.175219 -4.645561 0.023404
v -2.175219 -4.249403 -0.015614
v -2.175219 -4.641718 -0.015614
v -2.175219 -4.641718 0.062422
v -2.175219 -4.245560 0.023404
v -2.175219 -4.630336 0.099941
v -2.175219 -4.249403 0.062422
v -2.175219 -4.611855 0.134518
v -2.175219 -4.260785 0.099941
v -2.175219 -4.586982 0.164825
v -2.175219 -4.304139 0.164825
v -2.175219 -4.279267 0.134518
v -2.175219 -4.556675 0.189698
v -2.175219 -4.334446 0.189698
v -2.175219 -4.445560 0.223404
v -2.175219 -4.484579 0.219561
v -2.175219 -4.406542 0.219561
v -2.175219 -4.522097 0.208180
v -2.175219 -4.369024 0.208180
v -0.925219 -4.245560 0.023404
v -2.425219 -4.245560 0.023404
v -0.925219 -4.249403 0.062422
v -2.425219 -4.249403 0.062422
v -0.925219 -4.260785 0.099941
v -2.425219 -4.260785 0.099941
v -0.925219 -4.279266 0.134518
v -2.425219 -4.279266 0.134518
v -0.925219 -4.304139 0.164825
v -2.425219 -4.304139 0.164825
v -0.925219 -4.334446 0.189698
v -2.425219 -4.334446 0.189698
v -0.925219 -4.369024 0.208180
v -2.425219 -4.369024 0.208180
v -0.925219 -4.406542 0.219561
v -2.425219 -4.406542 0.219561
v -0.925219 -4.445560 0.223404
v -2.425219 -4.445560 0.223404
v -0.925219 -4.484579 0.219561
v -2.425219 -4.484579 0.219561
v -0.925219 -4.522097 0.208180
v -2.425219 -4.522097 0.208180
v -0.925219 -4.556674 0.189698
v -2.425219 -4.556674 0.189698
v -0.925219 -4.586982 0.164825
v -2.425219 -4.586982 0.164825
v -0.925219 -4.611854 0.134518
v -2.425219 -4.611854 0.134518
v -0.925219 -4.630336 0.099941
v -2.425219 -4.630336 0.099941
v -0.925219 -4.641717 0.062422
v -2.425219 -4.641717 0.062422
v -0.925219 -4.645561 0.023404
v -2.425219 -4.645561 0.023404
v -0.925219 -4.641717 -0.015614
v -2.425219 -4.641717 -0.015614
v -0.925219 -4.630336 -0.053133
v -2.425219 -4.630336 -0.053133
v -0.925219 -4.611854 -0.087710
v -2.425219 -4.611854 -0.087710
v -0.925219 -4.586982 -0.118018
v -2.425219 -4.586982 -0.118017
v -0.925219 -4.556674 -0.142890
v -2.425219 -4.556674 -0.142890
v -0.925219 -4.522097 -0.161372
v -2.425219 -4.522097 -0.161372
v -0.925219 -4.484579 -0.172753
v -2.425219 -4.484579 -0.172753
v -0.925219 -4.445560 -0.176596
v -2.425219 -4.445560 -0.176596
v -0.925219 -4.406542 -0.172753
v -2.425219 -4.406542 -0.172753
v -0.925219 -4.369024 -0.161372
v -2.425219 -4.369024 -0.161372
v -0.925219 -4.334446 -0.142890
v -2.425219 -4.334446 -0.142890
v -0.925219 -4.304139 -0.118018
v -2.425219 -4.304139 -0.118017
v -0.925219 -4.279266 -0.087710
v -2.425219 -4.279266 -0.087710
v -0.925219 -4.260785 -0.053133
v -2.425219 -4.260785 -0.053133
v -0.925219 -4.249403 -0.015614
v -2.425219 -4.249403 -0.015614
v -1.075219 -4.445558 -0.476596
v -1.075219 -4.745558 -0.276596
v -1.075219 -4.560363 -0.461372
v -1.075219 -4.657691 -0.418017
v -1.075219 -4.722722 -0.353133
v -1.075219 -3.245558 -0.276596
v -1.075219 -3.545558 -0.476596
v -1.075219 -3.268394 -0.353133
v -1.075219 -3.333426 -0.418017
v -1.075219 -3.430753 -0.461372
v -0.975219 -4.745558 -0.276596
v -0.975219 -4.445558 -0.476596
v -0.975219 -4.722722 -0.353133
v -0.975219 -4.657691 -0.418017
v -0.975219 -4.560363 -0.461372
v -0.975219 -3.545558 -0.476596
v -0.975219 -3.245558 -0.276596
v -0.975219 -3.430753 -0.461372
v -0.975219 -3.333426 -0.418017
v -0.975219 -3.268394 -0.353133
v -1.075219 -4.745558 0.323404
v -1.075219 -3.998917 0.613558
v -1.075219 -4.722722 0.399941
v -1.075219 -4.657691 0.464825
v -1.075219 -4.560363 0.508180
v -1.075219 -3.680790 0.613558
v -1.075219 -3.245558 0.323404
v -1.075219 -3.430753 0.508180
v -1.075219 -3.333426 0.464825
v -1.075219 -3.268394 0.399941
v -0.975219 -4.445558 0.523404
v -0.975219 -4.745558 0.323404
v -0.975219 -4.560363 0.508180
v -0.975219 -4.657691 0.464825
v -0.975219 -4.722722 0.399941
v -0.975219 -3.245558 0.323404
v -0.975219 -3.545558 0.523404
v -0.975219 -3.268394 0.399941
v -0.975219 -3.333426 0.464825
v -0.975219 -3.430753 0.508180
v -1.075219 -3.680790 0.754948
v -0.975219 -3.545558 0.923404
v -1.075219 -4.445558 0.523404
v -1.075219 -3.545558 0.523404
v -1.075218 -3.545558 0.923404
v -2.375219 -4.445558 -0.476596
v -2.375219 -4.745558 -0.276596
v -2.375219 -4.560363 -0.461372
v -2.375219 -4.657690 -0.418017
v -2.375219 -4.722722 -0.353133
v -2.375219 -3.245558 -0.276596
v -2.375219 -3.545558 -0.476596
v -2.375219 -3.268394 -0.353133
v -2.375219 -3.333426 -0.418017
v -2.375219 -3.430753 -0.461372
v -2.275219 -4.745558 -0.276596
v -2.275219 -4.445558 -0.476596
v -2.275219 -4.722722 -0.353133
v -2.275219 -4.657690 -0.418017
v -2.275219 -4.560363 -0.461372
v -2.275219 -3.545558 -0.476596
v -2.275219 -3.245558 -0.276596
v -2.275219 -3.430753 -0.461372
v -2.275219 -3.333426 -0.418017
v -2.275219 -3.268394 -0.353133
v -2.375219 -4.745558 0.323404
v -2.375219 -4.445558 0.523404
v -2.375219 -4.722722 0.399941
v -2.375219 -4.657690 0.464825
v -2.375219 -4.560363 0.508180
v -2.375219 -3.545558 0.523404
v -2.375219 -3.245558 0.323404
v -2.375219 -3.430753 0.508180
v -2.375219 -3.333426 0.464825
v -2.375219 -3.268394 0.399941
v -2.275218 -3.998917 0.613559
v -2.275219 -4.745558 0.323404
v -2.275218 -4.560363 0.508180
v -2.275218 -4.657690 0.464825
v -2.275219 -4.722722 0.399941
v -2.275219 -3.245558 0.323404
v -2.275219 -3.680790 0.613559
v -2.275219 -3.268394 0.399941
v -2.275219 -3.333426 0.464825
v -2.275219 -3.430753 0.508180
v -2.375219 -3.545558 0.923404
v -2.275219 -3.680790 0.754948
v -2.275219 -3.545558 0.523404
v -2.275218 -4.445558 0.523404
v -2.275219 -3.545558 0.923404
v -1.545218 -2.180790 0.863558
v -1.365357 -2.294971 0.844528
v -1.212878 -2.620130 0.790335
v -1.110995 -3.106765 0.709229
v -1.545218 -2.180790 1.004948
v -1.110995 -3.106765 0.850619
v -1.212878 -2.620130 0.931725
v -1.365357 -2.294971 0.985918
v -1.805218 -2.180790 0.863558
v -2.239442 -3.106765 0.709229
v -2.137558 -2.620129 0.790335
v -1.985079 -2.294971 0.844528
v -1.805218 -2.180790 1.004948
v -1.985080 -2.294971 0.985918
v -2.137559 -2.620129 0.931725
v -2.239442 -3.106765 0.850619
v -1.575219 -5.775774 0.918164
v -1.113279 -4.678891 0.730126
v -1.221665 -5.255344 0.828947
v -1.383877 -5.640518 0.894977
v -1.575219 -5.457647 1.059553
v -1.383877 -5.322392 1.036367
v -1.221665 -4.937218 0.970337
v -1.113279 -4.360764 0.871515
v -1.775218 -5.775774 0.918164
v -1.966560 -5.640518 0.894977
v -2.128772 -5.255344 0.828947
v -2.237158 -4.678890 0.730126
v -1.775218 -5.457647 1.059553
v -2.237158 -4.360763 0.871516
v -2.128772 -4.937217 0.970337
v -1.966560 -5.322392 1.036367
v -1.075219 -4.445558 -0.776596
v -0.975219 -4.445558 -0.776596
v -0.975219 -3.545558 -0.776596
v -1.075219 -3.545558 -0.776596
v -2.375219 -4.445558 -0.776596
v -2.275219 -4.445558 -0.776596
v -2.275219 -3.545558 -0.776596
v -2.375219 -3.545558 -0.776596
v -1.075219 -4.445558 -0.876596
v -0.975219 -4.445558 -0.876596
v -0.975219 -3.545558 -0.876596
v -1.075219 -3.545558 -0.876596
v -2.375219 -4.445558 -0.876596
v -2.275219 -4.445558 -0.876596
v -2.275219 -3.545558 -0.876596
v -2.375219 -3.545558 -0.876596
v -1.075219 -3.634578 -0.172753
v -1.075219 -3.595560 -0.176596
v -1.075219 -3.556541 -0.172753
v -1.075219 -3.672096 -0.161372
v -1.075219 -3.515565 -0.159524
v -1.075219 -3.519023 -0.161372
v -1.075219 -3.706674 -0.142890
v -1.075219 -3.736981 -0.118018
v -1.075219 -3.454138 -0.118018
v -1.075219 -3.780336 -0.053133
v -1.075219 -3.410784 -0.053133
v -1.075219 -3.761854 -0.087710
v -1.075219 -3.429265 -0.087710
v -1.075219 -3.484446 -0.142890
v -1.075219 -3.395560 0.023404
v -1.075219 -3.791717 -0.015614
v -1.075219 -3.399403 -0.015614
v -1.075219 -3.410784 0.099941
v -1.075219 -3.791717 0.062422
v -1.075219 -3.399403 0.062422
v -1.075219 -3.795560 0.023404
v -1.075219 -3.429265 0.134518
v -1.075219 -3.484446 0.189698
v -1.075219 -3.454138 0.164825
v -1.075219 -3.556541 0.219561
v -1.075219 -3.595560 0.223404
v -1.075219 -3.519023 0.208180
v -1.075219 -3.761854 0.134518
v -1.075219 -3.780336 0.099941
v -1.075219 -3.706674 0.189698
v -1.075219 -3.634578 0.219561
v -1.075219 -3.672096 0.208180
v -1.075219 -3.736981 0.164825
v -0.975219 -3.595560 -0.176596
v -0.975219 -3.556541 -0.172753
v -0.975219 -3.519023 -0.161372
v -0.975219 -3.484446 -0.142890
v -0.975219 -3.429265 -0.087710
v -0.975219 -3.454138 -0.118018
v -0.975219 -3.410784 -0.053133
v -0.975219 -3.791717 -0.015614
v -0.975219 -3.399403 -0.015614
v -0.975219 -3.399403 0.062422
v -0.975219 -3.795560 0.023404
v -0.975219 -3.395560 0.023404
v -0.975219 -3.780335 0.099941
v -0.975219 -3.410784 0.099941
v -0.975219 -3.736981 0.164825
v -0.975219 -3.454138 0.164825
v -0.975219 -3.761854 0.134518
v -0.975219 -3.429265 0.134518
v -0.975219 -3.519023 0.208180
v -0.975219 -3.595560 0.223404
v -0.975219 -3.634578 0.219561
v -0.975219 -3.556541 0.219561
v -0.975219 -3.706674 0.189698
v -0.975219 -3.672096 0.208180
v -0.975219 -3.484446 0.189698
v -0.975219 -3.791717 0.062422
v -0.975219 -3.634578 -0.172753
v -0.975219 -3.672096 -0.161372
v -0.975219 -3.706674 -0.142890
v -0.975219 -3.736981 -0.118018
v -0.975219 -3.780335 -0.053133
v -0.975219 -3.761854 -0.087710
v -2.375219 -3.634578 -0.172753
v -2.375219 -3.595560 -0.176596
v -2.375219 -3.556542 -0.172753
v -2.375219 -3.672096 -0.161372
v -2.375219 -3.519023 -0.161372
v -2.375219 -3.706674 -0.142890
v -2.375219 -3.736981 -0.118017
v -2.375219 -3.454138 -0.118017
v -2.375219 -3.780336 -0.053133
v -2.375219 -3.410784 -0.053133
v -2.375219 -3.761854 -0.087710
v -2.375219 -3.429265 -0.087710
v -2.375219 -3.484446 -0.142890
v -2.375219 -3.795560 0.023404
v -2.375219 -3.791717 -0.015614
v -2.375219 -3.399403 -0.015614
v -2.375219 -3.791717 0.062422
v -2.375219 -3.399403 0.062422
v -2.375219 -3.395560 0.023404
v -2.375219 -3.454138 0.164825
v -2.375219 -3.429265 0.134518
v -2.375219 -3.519023 0.208180
v -2.375219 -3.595560 0.223404
v -2.375219 -3.556542 0.219561
v -2.375219 -3.484446 0.189698
v -2.375219 -3.410784 0.099941
v -2.375219 -3.780336 0.099941
v -2.375219 -3.761854 0.134518
v -2.375219 -3.736981 0.164825
v -2.375219 -3.706674 0.189698
v -2.375219 -3.634578 0.219561
v -2.375219 -3.672096 0.208180
v -2.275219 -3.595560 -0.176596
v -2.275219 -3.556541 -0.172753
v -2.275219 -3.454138 -0.118017
v -2.275219 -3.484446 -0.142890
v -2.275219 -3.519023 -0.161372
v -2.275219 -3.429265 -0.087710
v -2.275219 -3.410784 -0.053133
v -2.275219 -3.399403 -0.015614
v -2.275219 -3.791717 -0.015614
v -2.275219 -3.791717 0.062422
v -2.275219 -3.795560 0.023404
v -2.275219 -3.395560 0.023404
v -2.275219 -3.780335 0.099941
v -2.275219 -3.410784 0.099941
v -2.275219 -3.736981 0.164825
v -2.275219 -3.454138 0.164825
v -2.275219 -3.761854 0.134518
v -2.275219 -3.429265 0.134518
v -2.275219 -3.672096 0.208180
v -2.275219 -3.515565 0.206332
v -2.275219 -3.595560 0.223404
v -2.275219 -3.634578 0.219561
v -2.275219 -3.556541 0.219561
v -2.275219 -3.706674 0.189698
v -2.275219 -3.519023 0.208180
v -2.275219 -3.484446 0.189698
v -2.275219 -3.399403 0.062422
v -2.275219 -3.634578 -0.172753
v -2.275219 -3.706674 -0.142890
v -2.275219 -3.672096 -0.161372
v -2.275219 -3.761854 -0.087710
v -2.275219 -3.780335 -0.053133
v -2.275219 -3.736981 -0.118017
v -1.075219 -4.522097 -0.161372
v -1.075219 -4.611854 -0.087710
v -1.075219 -4.586981 -0.118018
v -1.075219 -4.630336 -0.053133
v -1.075219 -4.556674 -0.142890
v -1.075219 -4.641717 -0.015614
v -1.075219 -4.645560 0.023404
v -1.075219 -4.630336 0.099941
v -1.075219 -4.611854 0.134518
v -1.075219 -4.641717 0.062422
v -1.075219 -4.445560 -0.176596
v -1.075219 -4.484578 -0.172753
v -1.075219 -4.406541 -0.172753
v -1.075219 -4.334445 -0.142890
v -1.075219 -4.369023 -0.161372
v -1.075219 -4.260784 -0.053133
v -1.075219 -4.279266 -0.087710
v -1.075219 -4.249403 0.062422
v -1.075219 -4.245560 0.023404
v -1.075219 -4.249403 -0.015614
v -1.075219 -4.304139 -0.118018
v -1.075219 -4.279266 0.134518
v -1.075219 -4.304139 0.164825
v -1.075219 -4.334445 0.189698
v -1.075219 -4.586981 0.164825
v -1.075219 -4.260784 0.099941
v -1.075219 -4.522097 0.208180
v -1.075219 -4.488330 0.218423
v -1.075219 -4.369023 0.208180
v -1.075219 -4.445560 0.223404
v -1.075219 -4.484578 0.219561
v -1.075219 -4.406541 0.219561
v -1.075219 -4.556674 0.189698
v -0.975219 -4.630336 -0.053133
v -0.975219 -4.611854 -0.087710
v -0.975219 -4.641717 -0.015614
v -0.975219 -4.645560 0.023404
v -0.975219 -4.630336 0.099941
v -0.975219 -4.611854 0.134518
v -0.975219 -4.556674 0.189698
v -0.975219 -4.522097 0.208180
v -0.975219 -4.586981 0.164825
v -0.975219 -4.641717 0.062422
v -0.975219 -4.445560 -0.176596
v -0.975219 -4.484578 -0.172753
v -0.975219 -4.406541 -0.172753
v -0.975219 -4.522097 -0.161372
v -0.975219 -4.369023 -0.161372
v -0.975219 -4.260784 -0.053133
v -0.975219 -4.279266 -0.087710
v -0.975219 -4.586981 -0.118018
v -0.975219 -4.304139 -0.118018
v -0.975219 -4.556674 -0.142890
v -0.975219 -4.334445 -0.142890
v -0.975219 -4.249403 0.062422
v -0.975219 -4.245560 0.023404
v -0.975219 -4.304139 0.164825
v -0.975219 -4.279266 0.134518
v -0.975219 -4.260784 0.099941
v -0.975219 -4.369023 0.208180
v -0.975219 -4.445560 0.223404
v -0.975219 -4.484578 0.219561
v -0.975219 -4.406541 0.219561
v -0.975219 -4.334445 0.189698
v -0.975219 -4.249403 -0.015614
v -2.375219 -4.556674 -0.142890
v -2.375219 -4.522097 -0.161372
v -2.375219 -4.586981 -0.118017
v -2.375219 -4.611854 -0.087710
v -2.375219 -4.630336 -0.053133
v -2.375219 -4.641717 -0.015614
v -2.375219 -4.645560 0.023404
v -2.375219 -4.630336 0.099941
v -2.375219 -4.611854 0.134518
v -2.375219 -4.641717 0.062422
v -2.375219 -4.445560 -0.176596
v -2.375219 -4.484578 -0.172753
v -2.375219 -4.406541 -0.172753
v -2.375219 -4.369023 -0.161372
v -2.375219 -4.334445 -0.142890
v -2.375219 -4.304139 -0.118017
v -2.375219 -4.279266 -0.087710
v -2.375219 -4.245560 0.023404
v -2.375219 -4.249403 -0.015614
v -2.375219 -4.260784 -0.053133
v -2.375219 -4.249403 0.062422
v -2.375219 -4.260784 0.099941
v -2.375219 -4.304139 0.164825
v -2.375219 -4.586981 0.164825
v -2.375219 -4.279266 0.134518
v -2.375219 -4.522097 0.208180
v -2.375219 -4.445560 0.223404
v -2.375219 -4.484578 0.219561
v -2.375219 -4.406541 0.219561
v -2.375219 -4.369023 0.208180
v -2.375219 -4.334445 0.189698
v -2.375219 -4.556674 0.189698
v -2.275219 -4.484578 -0.172753
v -2.275219 -4.445560 -0.176596
v -2.275219 -4.522097 -0.161372
v -2.275219 -4.488330 -0.171615
v -2.275219 -4.369023 -0.161372
v -2.275219 -4.406541 -0.172753
v -2.275219 -4.586981 -0.118017
v -2.275219 -4.630336 -0.053133
v -2.275219 -4.279266 -0.087710
v -2.275219 -4.611854 -0.087710
v -2.275219 -4.304139 -0.118017
v -2.275219 -4.556674 -0.142890
v -2.275219 -4.334445 -0.142890
v -2.275219 -4.260784 -0.053133
v -2.275219 -4.641717 -0.015614
v -2.275219 -4.645560 0.023404
v -2.275219 -4.249403 -0.015614
v -2.275219 -4.245560 0.023404
v -2.275219 -4.641717 0.062422
v -2.275219 -4.249403 0.062422
v -2.275219 -4.586981 0.164825
v -2.275219 -4.611854 0.134518
v -2.275219 -4.522097 0.208180
v -2.275219 -4.484578 0.219561
v -2.275219 -4.630336 0.099941
v -2.275219 -4.556674 0.189698
v -2.275219 -4.279266 0.134518
v -2.275219 -4.260784 0.099941
v -2.275219 -4.304139 0.164825
v -2.275219 -4.369023 0.208180
v -2.275219 -4.334445 0.189698
v -2.275219 -4.445560 0.223404
v -2.275219 -4.406541 0.219561
v -0.925219 -3.395560 0.023404
v -2.425219 -3.395560 0.023404
v -0.925219 -3.399403 0.062422
v -2.425219 -3.399403 0.062422
v -0.925219 -3.410784 0.099941
v -2.425219 -3.410784 0.099941
v -0.925219 -3.429266 0.134518
v -2.425219 -3.429266 0.134518
v -0.925219 -3.454139 0.164825
v -2.425219 -3.454139 0.164825
v -0.925219 -3.484447 0.189698
v -2.425219 -3.484447 0.189698
v -0.925219 -3.519024 0.208180
v -2.425219 -3.519024 0.208180
v -0.925219 -3.556542 0.219561
v -2.425219 -3.556542 0.219561
v -0.925219 -3.595561 0.223404
v -2.425219 -3.595561 0.223404
v -0.925219 -3.634578 0.219561
v -2.425219 -3.634579 0.219561
v -0.925219 -3.672097 0.208180
v -2.425219 -3.672097 0.208180
v -0.925219 -3.706674 0.189698
v -2.425219 -3.706675 0.189698
v -0.925219 -3.736982 0.164825
v -2.425219 -3.736982 0.164825
v -0.925219 -3.761854 0.134518
v -2.425219 -3.761854 0.134518
v -0.925219 -3.780336 0.099941
v -2.425219 -3.780336 0.099941
v -0.925219 -3.791718 0.062422
v -2.425219 -3.791718 0.062422
v -0.925219 -3.795560 0.023404
v -2.425219 -3.795560 0.023404
v -0.925219 -3.791718 -0.015614
v -2.425219 -3.791718 -0.015614
v -0.925219 -3.780336 -0.053133
v -2.425219 -3.780336 -0.053133
v -0.925219 -3.761854 -0.087710
v -2.425219 -3.761854 -0.087710
v -0.925219 -3.736982 -0.118018
v -2.425219 -3.736982 -0.118017
v -0.925219 -3.706674 -0.142890
v -2.425219 -3.706675 -0.142890
v -0.925219 -3.672097 -0.161372
v -2.425219 -3.672097 -0.161372
v -0.925219 -3.634578 -0.172753
v -2.425219 -3.634579 -0.172753
v -0.925219 -3.595561 -0.176596
v -2.425219 -3.595561 -0.176596
v -0.925219 -3.556542 -0.172753
v -2.425219 -3.556542 -0.172753
v -0.925219 -3.519024 -0.161372
v -2.425219 -3.519024 -0.161372
v -0.925219 -3.484447 -0.142890
v -2.425219 -3.484447 -0.142890
v -0.925219 -3.454139 -0.118018
v -2.425219 -3.454139 -0.118017
v -0.925219 -3.429266 -0.087710
v -2.425219 -3.429266 -0.087710
v -0.925219 -3.410784 -0.053133
v -2.425219 -3.410784 -0.053133
v -0.925219 -3.399403 -0.015614
v -2.425219 -3.399403 -0.015614
vn -0.0000 -0.0000 -1.0000
vn 1.0000 -0.0000 -0.0000
vn -0.0000 -0.0000 1.0000
vn -1.0000 -0.0000 -0.0000
vn -0.0000 -1.0000 -0.0000
vn -0.0000 1.0000 -0.0000
vn -0.0000 0.9808 0.1951
vn -0.0000 0.9239 0.3827
vn -0.0000 0.8315 0.5556
vn -0.0000 0.7071 0.7071
vn -0.0000 0.5556 0.8315
vn -0.0000 0.3827 0.9239
vn -0.0000 0.1951 0.9808
vn -0.0000 -0.1951 0.9808
vn -0.0000 -0.3827 0.9239
vn -0.0000 -0.5556 0.8315
vn -0.0000 -0.7071 0.7071
vn -0.0000 -0.8315 0.5556
vn -0.0000 -0.9239 0.3827
vn -0.0000 -0.9808 0.1951
vn -0.0000 -0.9808 -0.1951
vn -0.0000 -0.9239 -0.3827
vn -0.0000 -0.8315 -0.5556
vn -0.0000 -0.7071 -0.7071
vn -0.0000 -0.5556 -0.8315
vn -0.0000 -0.3827 -0.9239
vn -0.0000 -0.1951 -0.9808
vn -0.0000 0.1951 -0.9808
vn -0.0000 0.3827 -0.9239
vn -0.0000 0.5556 -0.8315
vn -0.0000 0.7071 -0.7071
vn -0.0000 0.8315 -0.5556
vn -0.0000 0.9239 -0.3827
vn -0.0000 0.9808 -0.1951
vn -0.0000 -0.4061 0.9138
vn -0.0000 -0.2716 0.9624
vn -0.0000 0.9895 -0.1445
vn -0.0000 0.9895 0.1445
vn -0.0000 -0.9895 -0.1445
vn -0.0000 -0.8586 -0.5126
vn -0.0000 -0.5660 -0.8244
vn -0.0000 -0.2720 -0.9623
vn -0.0000 -0.1315 -0.9913
vn -0.0000 0.8586 -0.5126
vn -0.0000 0.5660 -0.8244
vn -0.0000 0.2720 -0.9623
vn -0.0000 0.1315 -0.9913
vn -0.0000 -0.9895 0.1445
vn -0.0000 -0.8586 0.5126
vn -0.0000 -0.5660 0.8244
vn -0.0000 -0.2720 0.9623
vn -0.0000 0.8586 0.5126
vn -0.0000 0.5660 0.8244
vn -0.0000 0.2720 0.9623
vn -0.0000 0.1315 0.9913
vn -0.0000 -0.1644 0.9864
vn -0.0000 -0.0833 -0.9965
vn -0.0000 0.0808 -0.9967
vn -0.0000 0.1644 -0.9864
vn 0.9981 0.0622 -0.0000
vn 0.9920 0.1265 -0.0000
vn 0.9900 0.1413 -0.0000
vn 0.9521 0.3059 -0.0000
vn 0.9447 0.3279 -0.0000
vn 0.9054 0.4246 -0.0000
vn 0.5360 0.8442 -0.0000
vn -0.9981 0.0622 -0.0000
vn -0.9920 0.1265 -0.0000
vn -0.9900 0.1413 -0.0000
vn -0.9521 0.3059 -0.0000
vn -0.9447 0.3279 -0.0000
vn -0.9054 0.4246 -0.0000
vn -0.5360 0.8442 -0.0000
vn -0.0000 -0.1690 -0.9856
vn 0.1519 -0.4014 0.9032
vn -0.2142 -0.3967 0.8926
vn -0.1519 -0.4014 0.9032
vn -0.0000 0.0027 1.0000
vn -0.0000 0.1690 0.9856
vn 0.9951 -0.0402 0.0904
vn 0.9899 -0.0576 0.1295
vn 0.9610 -0.1124 0.2528
vn 0.9246 -0.1547 0.3481
vn 0.8371 -0.2222 0.4999
vn 0.8007 -0.2433 0.5475
vn 0.3696 -0.3774 0.8491
vn 0.2142 -0.3967 0.8926
vn -0.3696 -0.3774 0.8491
vn -0.8007 -0.2433 0.5475
vn -0.8371 -0.2222 0.4999
vn -0.9246 -0.1547 0.3481
vn -0.9610 -0.1124 0.2528
vn -0.9899 -0.0576 0.1295
vn -0.9951 -0.0402 0.0904
vn -0.0000 -0.4714 -0.8819
vn -0.0000 -0.4714 0.8819
vn -0.0000 0.2903 -0.9569
vn -0.0000 0.2903 0.9569
vn -1.0000 -0.0000 -0.0001
vn -0.5359 0.8443 -0.0000
vt 0.384127 0.470234
vt 0.431259 0.627113
vt 0.384127 0.627113
vt 0.761654 0.156879
vt 0.783381 0.022338
vt 0.785220 0.022519
vt 0.761654 0.000000
vt 0.808786 0.000000
vt 0.785220 0.003662
vt 0.792291 0.561121
vt 0.839423 0.717940
vt 0.792291 0.717940
vt 0.714522 0.000000
vt 0.761654 0.000000
vt 0.738088 0.003662
vt 0.714522 0.156879
vt 0.736249 0.022338
vt 0.738088 0.022519
vt 0.223877 0.947257
vt 0.271009 0.900113
vt 0.271009 0.947257
vt 0.271009 0.947257
vt 0.318141 0.900113
vt 0.318141 0.947257
vt 0.693260 0.870382
vt 0.683833 0.868542
vt 0.693260 0.868542
vt 0.883727 0.394091
vt 0.874300 0.392252
vt 0.883727 0.392252
vt 0.693260 0.866774
vt 0.874300 0.390483
vt 0.883727 0.390483
vt 0.683833 0.866774
vt 0.693260 0.865144
vt 0.874300 0.388853
vt 0.883727 0.388853
vt 0.683833 0.863715
vt 0.693260 0.863715
vt 0.874300 0.387424
vt 0.883727 0.387424
vt 0.978222 0.608013
vt 0.968796 0.609409
vt 0.968796 0.608013
vt 0.342513 0.968539
vt 0.351939 0.967143
vt 0.351939 0.968539
vt 0.978222 0.609409
vt 0.968796 0.611014
vt 0.342513 0.970144
vt 0.351939 0.970144
vt 0.978222 0.611014
vt 0.968796 0.612768
vt 0.342513 0.971897
vt 0.351939 0.971897
vt 0.978222 0.612768
vt 0.968796 0.614601
vt 0.342513 0.973731
vt 0.351939 0.973731
vt 0.978222 0.614601
vt 0.968796 0.616445
vt 0.342513 0.975575
vt 0.351939 0.975575
vt 0.978222 0.616445
vt 0.968796 0.618228
vt 0.342513 0.977358
vt 0.351939 0.977358
vt 0.978222 0.618228
vt 0.968796 0.619882
vt 0.342513 0.979011
vt 0.351939 0.979011
vt 0.978222 0.619882
vt 0.968796 0.621342
vt 0.342513 0.980472
vt 0.351939 0.980472
vt 0.511383 0.874319
vt 0.501957 0.875748
vt 0.501957 0.874319
vt 0.893153 0.388853
vt 0.883727 0.387424
vt 0.893153 0.387424
vt 0.511383 0.875748
vt 0.501957 0.877378
vt 0.893153 0.390483
vt 0.883727 0.388853
vt 0.511383 0.877378
vt 0.501957 0.879147
vt 0.883727 0.392252
vt 0.893153 0.392252
vt 0.511383 0.879147
vt 0.501957 0.880986
vt 0.883727 0.394091
vt 0.893153 0.394091
vt 0.511383 0.880986
vt 0.501957 0.882826
vt 0.883727 0.395931
vt 0.893153 0.395931
vt 0.511383 0.882826
vt 0.501957 0.884595
vt 0.883727 0.397700
vt 0.893153 0.397700
vt 0.511383 0.884595
vt 0.501957 0.886225
vt 0.883727 0.399330
vt 0.893153 0.399330
vt 0.511383 0.886225
vt 0.501957 0.887654
vt 0.883727 0.400759
vt 0.893153 0.400759
vt 0.925702 0.232674
vt 0.935129 0.231243
vt 0.935129 0.232674
vt 0.930859 0.400759
vt 0.921432 0.399328
vt 0.930859 0.399328
vt 0.925702 0.231243
vt 0.935129 0.229612
vt 0.921432 0.397697
vt 0.930859 0.397697
vt 0.925702 0.229612
vt 0.935129 0.227842
vt 0.921432 0.395927
vt 0.930859 0.395927
vt 0.925702 0.227842
vt 0.935129 0.226002
vt 0.921432 0.394087
vt 0.930859 0.394087
vt 0.925702 0.226002
vt 0.935129 0.224163
vt 0.921432 0.392248
vt 0.930859 0.392248
vt 0.925702 0.224163
vt 0.935129 0.222395
vt 0.921432 0.390480
vt 0.930859 0.390480
vt 0.925702 0.222395
vt 0.935129 0.220766
vt 0.921432 0.388851
vt 0.930859 0.388851
vt 0.925702 0.220766
vt 0.935129 0.219339
vt 0.921432 0.387424
vt 0.930859 0.387424
vt 0.683833 0.877049
vt 0.693260 0.875620
vt 0.693260 0.877049
vt 0.883727 0.400759
vt 0.874300 0.399330
vt 0.883727 0.399330
vt 0.683833 0.875620
vt 0.693260 0.873990
vt 0.874300 0.397700
vt 0.883727 0.397700
vt 0.373549 0.948376
vt 0.375397 0.948376
vt 0.383854 0.956835
vt 0.683833 0.873990
vt 0.693260 0.872221
vt 0.874300 0.395931
vt 0.883727 0.395931
vt 0.683833 0.872221
vt 0.874300 0.394091
vt 0.332505 0.949444
vt 0.334213 0.948737
vt 0.327568 0.958684
vt 0.507488 0.992179
vt 0.509327 0.945035
vt 0.509327 0.992179
vt 0.505720 0.992179
vt 0.507488 0.945035
vt 0.504090 0.992179
vt 0.505720 0.945035
vt 0.502661 0.992179
vt 0.504090 0.945035
vt 0.685969 0.943859
vt 0.684538 0.991004
vt 0.684538 0.943859
vt 0.687600 0.943859
vt 0.685969 0.991004
vt 0.689369 0.991004
vt 0.687600 0.991004
vt 0.689369 0.943859
vt 0.691208 0.991004
vt 0.691208 0.943859
vt 0.693047 0.991004
vt 0.693047 0.943859
vt 0.694814 0.991004
vt 0.694814 0.943859
vt 0.696443 0.991004
vt 0.696443 0.943859
vt 0.697869 0.991004
vt 0.782759 0.993816
vt 0.781330 0.946672
vt 0.782759 0.946672
vt 0.781330 0.993816
vt 0.779701 0.946672
vt 0.779701 0.993816
vt 0.777932 0.946672
vt 0.777932 0.993816
vt 0.776093 0.946672
vt 0.776093 0.993816
vt 0.774254 0.946672
vt 0.774254 0.993816
vt 0.772486 0.946672
vt 0.772486 0.993816
vt 0.770856 0.946672
vt 0.770856 0.993816
vt 0.769428 0.946672
vt 0.277196 0.994402
vt 0.275801 0.947257
vt 0.277196 0.947257
vt 0.275801 0.994402
vt 0.274196 0.947257
vt 0.272443 0.994402
vt 0.274196 0.994402
vt 0.270610 0.994402
vt 0.272443 0.947257
vt 0.268766 0.994402
vt 0.270610 0.947257
vt 0.266984 0.994402
vt 0.268766 0.947257
vt 0.265331 0.994402
vt 0.266984 0.947257
vt 0.263870 0.994402
vt 0.265331 0.947257
vt 0.514564 0.992179
vt 0.515992 0.945035
vt 0.515992 0.992179
vt 0.512934 0.992179
vt 0.514564 0.945035
vt 0.511166 0.992179
vt 0.512934 0.945035
vt 0.511166 0.945035
vt 0.431259 0.470234
vt 0.794646 0.013090
vt 0.794465 0.011251
vt 0.808786 0.156879
vt 0.793929 0.016699
vt 0.793058 0.018329
vt 0.775975 0.011251
vt 0.775794 0.013090
vt 0.775975 0.014930
vt 0.794465 0.014930
vt 0.776511 0.016699
vt 0.791885 0.019758
vt 0.790457 0.020930
vt 0.777382 0.018329
vt 0.778555 0.019757
vt 0.788827 0.021801
vt 0.787059 0.022338
vt 0.779983 0.020930
vt 0.781613 0.021801
vt 0.776511 0.009482
vt 0.793929 0.009482
vt 0.793058 0.007852
vt 0.777382 0.007852
vt 0.778555 0.006423
vt 0.791885 0.006423
vt 0.790457 0.005251
vt 0.779983 0.005251
vt 0.781613 0.004379
vt 0.788827 0.004379
vt 0.787059 0.003843
vt 0.783381 0.003843
vt 0.839423 0.561121
vt 0.729379 0.009482
vt 0.728843 0.011251
vt 0.747333 0.011251
vt 0.746797 0.009482
vt 0.745926 0.007852
vt 0.730250 0.007852
vt 0.731423 0.006423
vt 0.744754 0.006423
vt 0.743325 0.005251
vt 0.732851 0.005251
vt 0.734481 0.004379
vt 0.741695 0.004379
vt 0.739927 0.003843
vt 0.736249 0.003843
vt 0.746797 0.016699
vt 0.747333 0.014930
vt 0.728662 0.013090
vt 0.728843 0.014930
vt 0.747514 0.013090
vt 0.729379 0.016699
vt 0.745926 0.018329
vt 0.744754 0.019757
vt 0.730250 0.018329
vt 0.731423 0.019758
vt 0.743325 0.020930
vt 0.741695 0.021801
vt 0.732851 0.020930
vt 0.734481 0.021801
vt 0.739927 0.022338
vt 0.223877 0.900113
vt 0.271009 0.900113
vt 0.683833 0.870382
vt 0.683833 0.865144
vt 0.342513 0.967143
vt 0.978222 0.621342
vt 0.883727 0.390483
vt 0.511383 0.887654
vt 0.921432 0.400759
vt 0.925702 0.219339
vt 0.874300 0.400759
vt 0.377209 0.948737
vt 0.378916 0.949444
vt 0.382786 0.953315
vt 0.380453 0.950471
vt 0.381760 0.951778
vt 0.383493 0.955022
vt 0.383854 0.958684
vt 0.383493 0.960497
vt 0.371737 0.948737
vt 0.382786 0.962204
vt 0.368493 0.950471
vt 0.381760 0.963741
vt 0.367186 0.951778
vt 0.380453 0.965048
vt 0.366160 0.953315
vt 0.378916 0.966075
vt 0.365452 0.955022
vt 0.377209 0.966782
vt 0.375397 0.967143
vt 0.365092 0.956835
vt 0.373549 0.967143
vt 0.365092 0.958684
vt 0.371737 0.966782
vt 0.365452 0.960496
vt 0.370029 0.966075
vt 0.367186 0.963741
vt 0.368493 0.965048
vt 0.366160 0.962204
vt 0.370029 0.949444
vt 0.336025 0.948376
vt 0.337873 0.948376
vt 0.329662 0.963741
vt 0.339685 0.948737
vt 0.330969 0.965048
vt 0.341393 0.949444
vt 0.342929 0.950471
vt 0.332506 0.966075
vt 0.344236 0.951778
vt 0.336025 0.967143
vt 0.345262 0.953315
vt 0.337873 0.967143
vt 0.345970 0.955022
vt 0.346330 0.956835
vt 0.339685 0.966782
vt 0.346330 0.958684
vt 0.342929 0.965048
vt 0.345970 0.960496
vt 0.344236 0.963741
vt 0.345262 0.962204
vt 0.341393 0.966075
vt 0.334213 0.966782
vt 0.328636 0.962204
vt 0.327929 0.960496
vt 0.327568 0.956835
vt 0.330969 0.950471
vt 0.327929 0.955022
vt 0.329662 0.951778
vt 0.328636 0.953315
vt 0.502661 0.945035
vt 0.697869 0.943859
vt 0.769428 0.993816
vt 0.263870 0.947257
vt 0.959135 0.086667
vt 0.960974 0.157383
vt 0.959135 0.157383
vt 0.960974 0.086667
vt 0.962742 0.157383
vt 0.962742 0.086667
vt 0.964372 0.157383
vt 0.964372 0.086667
vt 0.965800 0.157383
vt 0.964778 0.898137
vt 0.966173 0.968853
vt 0.964778 0.968853
vt 0.966173 0.898137
vt 0.967778 0.968853
vt 0.967778 0.898137
vt 0.969531 0.968853
vt 0.969531 0.898137
vt 0.971364 0.968853
vt 0.971364 0.898137
vt 0.973207 0.968853
vt 0.973207 0.898137
vt 0.974990 0.968853
vt 0.974990 0.898137
vt 0.976643 0.968853
vt 0.976643 0.898137
vt 0.978104 0.968853
vt 0.952469 0.157383
vt 0.953898 0.228099
vt 0.952469 0.228099
vt 0.953898 0.157383
vt 0.955527 0.228099
vt 0.955527 0.157383
vt 0.957296 0.228099
vt 0.957296 0.157383
vt 0.959135 0.228099
vt 0.959135 0.157383
vt 0.960974 0.228099
vt 0.960974 0.157383
vt 0.962742 0.228099
vt 0.962742 0.157383
vt 0.964372 0.228099
vt 0.964372 0.157383
vt 0.965800 0.228099
vt 0.521886 0.641138
vt 0.520456 0.570422
vt 0.521886 0.570422
vt 0.520456 0.641138
vt 0.518825 0.570422
vt 0.518825 0.641138
vt 0.517056 0.570422
vt 0.517056 0.641138
vt 0.515217 0.570422
vt 0.515217 0.641138
vt 0.513378 0.570422
vt 0.513378 0.641138
vt 0.511611 0.570422
vt 0.511611 0.641138
vt 0.509982 0.570422
vt 0.509982 0.641138
vt 0.508556 0.570422
vt 0.952469 0.086667
vt 0.953898 0.157383
vt 0.952469 0.157383
vt 0.953898 0.086667
vt 0.955527 0.157383
vt 0.881750 0.960862
vt 0.873293 0.971169
vt 0.862988 0.962710
vt 0.955527 0.086667
vt 0.957296 0.157383
vt 0.957296 0.086667
vt 0.882818 0.966231
vt 0.886688 0.953471
vt 0.899444 0.957341
vt 0.438329 0.846033
vt 0.438510 0.847872
vt 0.431259 0.860176
vt 0.439988 0.868887
vt 0.444148 0.854744
vt 0.445916 0.855280
vt 0.496526 0.849641
vt 0.497062 0.847873
vt 0.501957 0.860176
vt 0.693261 0.877858
vt 0.697975 0.920793
vt 0.693261 0.920793
vt 0.926669 0.612529
vt 0.921956 0.584242
vt 0.926669 0.584242
vt 0.539663 0.809047
vt 0.582081 0.794905
vt 0.582081 0.809048
vt 0.676764 0.835428
vt 0.676583 0.833589
vt 0.683833 0.821285
vt 0.623668 0.844140
vt 0.625436 0.844676
vt 0.621864 0.858283
vt 0.618030 0.833589
vt 0.617849 0.835429
vt 0.613136 0.821285
vt 0.986828 0.637550
vt 0.982114 0.641158
vt 0.982114 0.637550
vt 0.435972 0.993213
vt 0.440685 0.990142
vt 0.440685 0.993213
vt 0.435972 0.990142
vt 0.440685 0.985551
vt 0.435972 0.985551
vt 0.440685 0.980138
vt 0.921956 0.616137
vt 0.921956 0.612529
vt 0.454825 0.980138
vt 0.450112 0.983199
vt 0.450112 0.980138
vt 0.454825 0.983199
vt 0.450112 0.987784
vt 0.454825 0.987784
vt 0.450112 0.993196
vt 0.982114 0.609264
vt 0.986828 0.605655
vt 0.986828 0.609264
vt 0.693261 0.934016
vt 0.697975 0.930866
vt 0.697975 0.934016
vt 0.693261 0.930866
vt 0.697975 0.926223
vt 0.693261 0.926223
vt 0.926669 0.580634
vt 0.921956 0.580634
vt 0.926669 0.577575
vt 0.098977 0.728347
vt 0.094264 0.732877
vt 0.094264 0.728347
vt 0.098977 0.732877
vt 0.094264 0.738268
vt 0.451772 0.873855
vt 0.466766 0.873855
vt 0.451772 0.880521
vt 0.627275 0.859001
vt 0.669694 0.859000
vt 0.669694 0.877858
vt 0.520809 0.939491
vt 0.525523 0.920634
vt 0.525523 0.939491
vt 0.445398 0.869605
vt 0.487817 0.869605
vt 0.445398 0.888462
vt 0.590790 0.836228
vt 0.591327 0.834459
vt 0.596221 0.846763
vt 0.585689 0.823909
vt 0.583920 0.823372
vt 0.587492 0.809766
vt 0.532593 0.832619
vt 0.532774 0.834459
vt 0.525523 0.846762
vt 0.539663 0.856191
vt 0.582081 0.856192
vt 0.539663 0.875049
vt 0.744344 0.954672
vt 0.739631 0.926385
vt 0.744344 0.926385
vt 0.949712 0.321422
vt 0.963851 0.326137
vt 0.949712 0.326137
vt 0.797721 0.837954
vt 0.797185 0.839723
vt 0.792291 0.827419
vt 0.848331 0.850809
vt 0.850099 0.850273
vt 0.854260 0.864416
vt 0.855918 0.841562
vt 0.855737 0.839722
vt 0.862988 0.827418
vt 0.933597 0.984827
vt 0.928883 0.988436
vt 0.928883 0.984827
vt 0.445399 0.993213
vt 0.450112 0.990142
vt 0.450112 0.993213
vt 0.445399 0.990142
vt 0.450112 0.985551
vt 0.445399 0.985551
vt 0.450112 0.980138
vt 0.739631 0.958280
vt 0.739631 0.954672
vt 0.721496 0.980192
vt 0.716783 0.983253
vt 0.716783 0.980192
vt 0.721496 0.983253
vt 0.716783 0.987839
vt 0.721496 0.987839
vt 0.716783 0.993250
vt 0.928883 0.956541
vt 0.933597 0.952933
vt 0.933597 0.956541
vt 0.520809 0.864476
vt 0.525523 0.861326
vt 0.525523 0.864476
vt 0.520809 0.861326
vt 0.525523 0.856683
vt 0.520809 0.856683
vt 0.525523 0.851253
vt 0.744344 0.922777
vt 0.739631 0.922777
vt 0.744344 0.919718
vt 0.796638 0.394148
vt 0.791925 0.398678
vt 0.791925 0.394148
vt 0.796638 0.398678
vt 0.791925 0.404069
vt 0.827481 0.869384
vt 0.842475 0.869384
vt 0.842475 0.876050
vt 0.972501 0.434801
vt 0.977215 0.415944
vt 0.977215 0.434801
vt 0.520809 0.808318
vt 0.520809 0.851253
vt 0.848849 0.865134
vt 0.848849 0.883991
vt 0.806430 0.865134
vt 0.349720 0.470234
vt 0.361975 0.470234
vt 0.370452 0.475640
vt 0.598577 0.085696
vt 0.655136 0.070698
vt 0.655136 0.085696
vt 0.620729 0.000000
vt 0.632984 0.000000
vt 0.641461 0.005382
vt 0.789528 0.789874
vt 0.782864 0.802131
vt 0.782864 0.789874
vt 0.100844 0.525106
vt 0.094264 0.498763
vt 0.100837 0.497665
vt 0.094264 0.475488
vt 0.100837 0.474390
vt 0.094271 0.459921
vt 0.100844 0.458823
vt 0.783761 0.781394
vt 0.094264 0.592487
vt 0.100844 0.566144
vt 0.100837 0.593585
vt 0.094271 0.565046
vt 0.100844 0.542869
vt 0.094271 0.541771
vt 0.100837 0.527302
vt 0.783761 0.810611
vt 0.789528 0.802131
vt 0.790425 0.810611
vt 0.653342 0.117761
vt 0.351134 0.639764
vt 0.360561 0.624588
vt 0.360561 0.639764
vt 0.327568 0.541249
vt 0.384127 0.541249
vt 0.382333 0.573141
vt 0.214699 0.508473
vt 0.223796 0.527341
vt 0.214687 0.540992
vt 0.223796 0.554900
vt 0.214687 0.568550
vt 0.223808 0.573302
vt 0.214699 0.586953
vt 0.342116 0.633421
vt 0.351134 0.624588
vt 0.369579 0.633421
vt 0.214687 0.481171
vt 0.223808 0.476420
vt 0.223796 0.494822
vt 0.214699 0.462769
vt 0.223808 0.448861
vt 0.214699 0.435210
vt 0.223796 0.416342
vt 0.963851 0.321422
vt 0.968564 0.326137
vt 0.539663 0.794904
vt 0.582081 0.790190
vt 0.627275 0.811857
vt 0.669694 0.797713
vt 0.669694 0.811856
vt 0.806430 0.817990
vt 0.848849 0.803847
vt 0.848849 0.817990
vt 0.858277 0.949993
vt 0.844137 0.945278
vt 0.858277 0.945279
vt 0.949712 0.382710
vt 0.963851 0.387424
vt 0.949712 0.387424
vt 0.445398 0.822461
vt 0.487817 0.808318
vt 0.487817 0.822461
vt 0.858277 0.888706
vt 0.844137 0.883991
vt 0.858277 0.883991
vt 0.874300 0.326137
vt 0.916719 0.321422
vt 0.916719 0.326137
vt 0.874300 0.387424
vt 0.916719 0.382710
vt 0.916719 0.387424
vt 0.839424 0.945278
vt 0.844137 0.888706
vt 0.963851 0.382710
vt 0.968564 0.387424
vt 0.520795 0.888462
vt 0.478392 0.945035
vt 0.478392 0.888462
vt 0.839424 0.883991
vt 0.627275 0.797713
vt 0.669694 0.792999
vt 0.844137 0.949993
vt 0.989284 0.078932
vt 0.984571 0.077093
vt 0.989284 0.077093
vt 0.928296 0.978367
vt 0.923583 0.976527
vt 0.928296 0.976527
vt 0.984571 0.075324
vt 0.989284 0.075324
vt 0.923583 0.974759
vt 0.928296 0.974759
vt 0.984571 0.073694
vt 0.989284 0.073694
vt 0.923583 0.973128
vt 0.928296 0.973128
vt 0.984571 0.072265
vt 0.989284 0.072265
vt 0.923583 0.971700
vt 0.928296 0.971700
vt 0.986827 0.605655
vt 0.991541 0.607086
vt 0.986827 0.607086
vt 0.895229 0.971169
vt 0.899942 0.972600
vt 0.895229 0.972600
vt 0.991541 0.608554
vt 0.986827 0.608717
vt 0.895229 0.974231
vt 0.986827 0.610487
vt 0.991541 0.608717
vt 0.991541 0.610487
vt 0.899942 0.974231
vt 0.895229 0.976001
vt 0.986827 0.612327
vt 0.991541 0.612327
vt 0.899942 0.976001
vt 0.895229 0.977841
vt 0.986827 0.614166
vt 0.895229 0.979680
vt 0.899942 0.977841
vt 0.899942 0.979680
vt 0.986827 0.615934
vt 0.991541 0.614166
vt 0.991541 0.615934
vt 0.895229 0.981448
vt 0.986827 0.617563
vt 0.991541 0.617563
vt 0.899942 0.981448
vt 0.895229 0.983077
vt 0.986827 0.618990
vt 0.991541 0.618990
vt 0.895229 0.984504
vt 0.899942 0.983077
vt 0.899942 0.984504
vt 0.985131 0.442171
vt 0.989844 0.440742
vt 0.989844 0.442171
vt 0.313428 0.887399
vt 0.318141 0.885970
vt 0.318141 0.887399
vt 0.985131 0.443801
vt 0.989844 0.443801
vt 0.313428 0.889029
vt 0.318141 0.889029
vt 0.985131 0.445570
vt 0.989844 0.445570
vt 0.313428 0.890798
vt 0.318141 0.890798
vt 0.985131 0.447409
vt 0.989844 0.447409
vt 0.313428 0.892637
vt 0.318141 0.892637
vt 0.985131 0.449249
vt 0.989844 0.449249
vt 0.313428 0.894477
vt 0.318141 0.894477
vt 0.985131 0.451017
vt 0.989844 0.451017
vt 0.313428 0.896246
vt 0.318141 0.896246
vt 0.985131 0.452647
vt 0.989844 0.452647
vt 0.313428 0.897876
vt 0.318141 0.897876
vt 0.985131 0.454076
vt 0.989844 0.454076
vt 0.313428 0.899305
vt 0.318141 0.899305
vt 0.062214 0.991874
vt 0.057501 0.993269
vt 0.057501 0.991874
vt 0.991825 0.297798
vt 0.987112 0.299194
vt 0.987112 0.297798
vt 0.062214 0.990268
vt 0.057501 0.990268
vt 0.987112 0.296193
vt 0.991825 0.296193
vt 0.062214 0.988515
vt 0.057501 0.988515
vt 0.987112 0.294439
vt 0.991825 0.294439
vt 0.057501 0.986681
vt 0.062214 0.986681
vt 0.987112 0.292606
vt 0.991825 0.292606
vt 0.062214 0.984837
vt 0.057501 0.984837
vt 0.987112 0.290762
vt 0.991825 0.290762
vt 0.062214 0.983054
vt 0.057501 0.983054
vt 0.987112 0.288979
vt 0.991825 0.288979
vt 0.062214 0.981401
vt 0.057501 0.981401
vt 0.991825 0.288814
vt 0.057501 0.979940
vt 0.062214 0.979940
vt 0.991825 0.287325
vt 0.987112 0.285865
vt 0.991825 0.285865
vt 0.989284 0.085599
vt 0.984571 0.084171
vt 0.989284 0.084171
vt 0.928296 0.985034
vt 0.923583 0.983605
vt 0.928296 0.983605
vt 0.984571 0.082540
vt 0.989284 0.082540
vt 0.923583 0.981975
vt 0.928296 0.981975
vt 0.984571 0.080772
vt 0.989284 0.080772
vt 0.923583 0.980206
vt 0.928296 0.980206
vt 0.984571 0.078932
vt 0.923583 0.978367
vt 0.989966 0.206480
vt 0.985253 0.204640
vt 0.989966 0.204640
vt 0.989284 0.065598
vt 0.984571 0.063758
vt 0.989284 0.063758
vt 0.985253 0.202871
vt 0.989966 0.202871
vt 0.984571 0.061990
vt 0.989284 0.061990
vt 0.985253 0.201241
vt 0.989966 0.201241
vt 0.984571 0.060359
vt 0.989284 0.060359
vt 0.985253 0.199812
vt 0.989966 0.199812
vt 0.984571 0.058931
vt 0.989284 0.058931
vt 0.014140 0.978408
vt 0.018853 0.979838
vt 0.014140 0.979838
vt 0.978620 0.516082
vt 0.983333 0.517512
vt 0.978620 0.517512
vt 0.014140 0.981470
vt 0.018853 0.981470
vt 0.978620 0.519144
vt 0.014140 0.983239
vt 0.018853 0.983239
vt 0.983333 0.519144
vt 0.978620 0.520913
vt 0.014140 0.985079
vt 0.018853 0.985079
vt 0.983333 0.522753
vt 0.978620 0.522753
vt 0.014140 0.986918
vt 0.018853 0.986918
vt 0.978620 0.524592
vt 0.014140 0.988686
vt 0.978620 0.524769
vt 0.983333 0.524592
vt 0.014140 0.990315
vt 0.018853 0.988686
vt 0.018853 0.990315
vt 0.983333 0.526360
vt 0.978620 0.527989
vt 0.978620 0.526360
vt 0.014140 0.991742
vt 0.018853 0.991742
vt 0.978620 0.529416
vt 0.983333 0.527989
vt 0.983333 0.529416
vt 0.985253 0.214576
vt 0.989966 0.213147
vt 0.989966 0.214576
vt 0.852577 0.970188
vt 0.857290 0.968760
vt 0.857290 0.970188
vt 0.985253 0.216206
vt 0.989966 0.216206
vt 0.852577 0.971819
vt 0.857290 0.971819
vt 0.985253 0.217974
vt 0.989966 0.217974
vt 0.852577 0.973587
vt 0.857290 0.973587
vt 0.985253 0.219814
vt 0.989966 0.219814
vt 0.852577 0.975427
vt 0.857290 0.975427
vt 0.985253 0.221653
vt 0.989966 0.221653
vt 0.852577 0.977266
vt 0.857290 0.977266
vt 0.985253 0.223422
vt 0.989966 0.223422
vt 0.852577 0.979035
vt 0.857290 0.979035
vt 0.985253 0.225052
vt 0.989966 0.225052
vt 0.852577 0.980665
vt 0.857290 0.980665
vt 0.985253 0.226481
vt 0.989966 0.226481
vt 0.852577 0.982094
vt 0.857290 0.982094
vt 0.066928 0.991873
vt 0.062214 0.993269
vt 0.062214 0.991873
vt 0.991825 0.311127
vt 0.987112 0.312523
vt 0.987112 0.311127
vt 0.066928 0.990268
vt 0.062214 0.990268
vt 0.987112 0.309522
vt 0.991825 0.309522
vt 0.062214 0.988690
vt 0.987112 0.307769
vt 0.991825 0.307769
vt 0.066928 0.986681
vt 0.062214 0.988515
vt 0.987112 0.305935
vt 0.991825 0.305935
vt 0.066928 0.984837
vt 0.062214 0.984837
vt 0.991825 0.304091
vt 0.987112 0.304091
vt 0.066928 0.983054
vt 0.062214 0.983054
vt 0.987112 0.302308
vt 0.991825 0.302308
vt 0.066928 0.981401
vt 0.062214 0.981401
vt 0.987112 0.300654
vt 0.991825 0.300654
vt 0.062214 0.979940
vt 0.066928 0.979940
vt 0.987112 0.299194
vt 0.991825 0.299194
vt 0.989966 0.213147
vt 0.985253 0.211718
vt 0.989966 0.211718
vt 0.984571 0.070836
vt 0.989284 0.070836
vt 0.985253 0.210088
vt 0.989966 0.210088
vt 0.984571 0.069206
vt 0.989284 0.069206
vt 0.985253 0.208319
vt 0.989966 0.208319
vt 0.984571 0.067437
vt 0.989284 0.067437
vt 0.985253 0.206480
vt 0.984571 0.065598
vt 0.959708 0.388793
vt 0.961547 0.459509
vt 0.959708 0.459509
vt 0.961547 0.388793
vt 0.963316 0.459509
vt 0.963316 0.388793
vt 0.964945 0.459509
vt 0.964945 0.388793
vt 0.966374 0.459509
vt 0.965800 0.086667
vt 0.967195 0.157383
vt 0.965800 0.157383
vt 0.967195 0.086667
vt 0.968800 0.157383
vt 0.968800 0.086667
vt 0.970553 0.157383
vt 0.970553 0.086667
vt 0.972386 0.157383
vt 0.972386 0.086667
vt 0.974230 0.157383
vt 0.974230 0.086667
vt 0.976012 0.157383
vt 0.976012 0.086667
vt 0.977665 0.157383
vt 0.977665 0.086667
vt 0.979126 0.157383
vt 0.955465 0.549082
vt 0.956893 0.619799
vt 0.955465 0.619799
vt 0.956893 0.549082
vt 0.958523 0.619799
vt 0.958523 0.549082
vt 0.960291 0.619799
vt 0.960291 0.549082
vt 0.962130 0.619799
vt 0.962130 0.549082
vt 0.963969 0.619799
vt 0.963969 0.549082
vt 0.965738 0.619799
vt 0.965738 0.549082
vt 0.967367 0.619799
vt 0.967367 0.549082
vt 0.968796 0.619799
vt 0.965294 0.530225
vt 0.963864 0.459509
vt 0.965294 0.459509
vt 0.963864 0.530225
vt 0.962233 0.459509
vt 0.962233 0.530225
vt 0.960464 0.459509
vt 0.960464 0.530225
vt 0.958624 0.459509
vt 0.958624 0.530225
vt 0.956786 0.459509
vt 0.956786 0.530225
vt 0.955018 0.459509
vt 0.955018 0.530225
vt 0.953390 0.459509
vt 0.953390 0.530225
vt 0.951963 0.459509
vt 0.953043 0.388793
vt 0.954471 0.459509
vt 0.953043 0.459509
vt 0.954471 0.388793
vt 0.956101 0.459509
vt 0.414733 0.948737
vt 0.421017 0.960496
vt 0.409260 0.966782
vt 0.956101 0.388793
vt 0.957869 0.459509
vt 0.957869 0.388793
vt 0.840491 0.963821
vt 0.839784 0.956639
vt 0.851541 0.950354
vt 0.965800 0.086667
vt 0.978104 0.898137
vt 0.965800 0.157383
vt 0.508555 0.641138
vt 0.862988 0.960862
vt 0.863349 0.959049
vt 0.864056 0.957341
vt 0.865083 0.955804
vt 0.866389 0.954497
vt 0.867926 0.953471
vt 0.869633 0.952763
vt 0.871445 0.952403
vt 0.873293 0.952403
vt 0.875106 0.952763
vt 0.876813 0.953471
vt 0.878349 0.954497
vt 0.879656 0.955804
vt 0.880683 0.957341
vt 0.881390 0.959049
vt 0.881750 0.962710
vt 0.879656 0.967768
vt 0.881390 0.964523
vt 0.880683 0.966231
vt 0.878349 0.969075
vt 0.876813 0.970102
vt 0.875106 0.970809
vt 0.871445 0.971169
vt 0.866389 0.969075
vt 0.869633 0.970809
vt 0.867926 0.970101
vt 0.865083 0.967768
vt 0.864056 0.966231
vt 0.863349 0.964523
vt 0.900152 0.959049
vt 0.900512 0.960862
vt 0.900512 0.962710
vt 0.900152 0.964523
vt 0.899444 0.966231
vt 0.898418 0.967768
vt 0.897111 0.969075
vt 0.895575 0.970102
vt 0.893867 0.970809
vt 0.892055 0.971170
vt 0.890207 0.971170
vt 0.888395 0.970809
vt 0.886688 0.970102
vt 0.885151 0.969075
vt 0.883844 0.967768
vt 0.882111 0.964523
vt 0.881750 0.962710
vt 0.882111 0.959049
vt 0.882818 0.957341
vt 0.883844 0.955805
vt 0.885151 0.954497
vt 0.888395 0.952763
vt 0.890207 0.952403
vt 0.892055 0.952403
vt 0.893867 0.952763
vt 0.895575 0.953471
vt 0.897111 0.954497
vt 0.898418 0.955805
vt 0.442518 0.853873
vt 0.435400 0.866843
vt 0.432335 0.863784
vt 0.431259 0.831890
vt 0.432335 0.828281
vt 0.442518 0.838193
vt 0.438510 0.844193
vt 0.443985 0.837409
vt 0.441090 0.839366
vt 0.441090 0.852700
vt 0.439917 0.851271
vt 0.439917 0.840794
vt 0.439046 0.842425
vt 0.439046 0.849641
vt 0.444148 0.837322
vt 0.435400 0.825222
vt 0.439988 0.823179
vt 0.445916 0.836785
vt 0.452992 0.838193
vt 0.484210 0.837322
vt 0.485978 0.836786
vt 0.493228 0.823179
vt 0.489656 0.836786
vt 0.497815 0.825223
vt 0.491425 0.837322
vt 0.500880 0.828282
vt 0.482580 0.838193
vt 0.487817 0.836604
vt 0.447755 0.836604
vt 0.449594 0.836785
vt 0.481152 0.839366
vt 0.451362 0.837322
vt 0.454421 0.839366
vt 0.479979 0.840795
vt 0.455593 0.840795
vt 0.479108 0.842425
vt 0.456464 0.842425
vt 0.478572 0.844194
vt 0.457000 0.844193
vt 0.478391 0.846033
vt 0.457181 0.846033
vt 0.457000 0.847872
vt 0.478572 0.847873
vt 0.479108 0.849641
vt 0.456464 0.849641
vt 0.479979 0.851271
vt 0.455593 0.851271
vt 0.481152 0.852700
vt 0.454421 0.852700
vt 0.482580 0.853873
vt 0.452992 0.853873
vt 0.484210 0.854744
vt 0.451362 0.854744
vt 0.485978 0.855281
vt 0.449594 0.855280
vt 0.487817 0.855462
vt 0.447755 0.855462
vt 0.489656 0.855281
vt 0.489833 0.855227
vt 0.493228 0.868887
vt 0.497815 0.866844
vt 0.493054 0.838193
vt 0.501957 0.831890
vt 0.497244 0.846033
vt 0.500880 0.863785
vt 0.491425 0.854744
vt 0.493054 0.853873
vt 0.497062 0.844194
vt 0.494483 0.839366
vt 0.495655 0.840795
vt 0.494483 0.852700
vt 0.495655 0.851272
vt 0.496526 0.842425
vt 0.697975 0.877858
vt 0.672574 0.827588
vt 0.670945 0.826717
vt 0.679692 0.814618
vt 0.682757 0.817677
vt 0.683833 0.849571
vt 0.682757 0.853180
vt 0.672574 0.843268
vt 0.676582 0.837268
vt 0.670945 0.844139
vt 0.674003 0.842095
vt 0.674003 0.828761
vt 0.675175 0.830190
vt 0.675175 0.840667
vt 0.676046 0.839036
vt 0.676046 0.831820
vt 0.625436 0.826181
vt 0.617277 0.814618
vt 0.621864 0.812574
vt 0.662100 0.827588
vt 0.665498 0.826181
vt 0.667337 0.825999
vt 0.675105 0.812574
vt 0.669176 0.826181
vt 0.663730 0.826717
vt 0.627275 0.826000
vt 0.629114 0.826181
vt 0.630883 0.826717
vt 0.632512 0.827589
vt 0.660672 0.828761
vt 0.633941 0.828761
vt 0.635113 0.830190
vt 0.659500 0.830190
vt 0.658628 0.831820
vt 0.635984 0.831820
vt 0.658092 0.833589
vt 0.636520 0.833589
vt 0.657911 0.835428
vt 0.636702 0.835428
vt 0.636520 0.837268
vt 0.658092 0.837268
vt 0.658628 0.839037
vt 0.635984 0.839037
vt 0.659500 0.840667
vt 0.635113 0.840667
vt 0.660672 0.842095
vt 0.633941 0.842096
vt 0.662100 0.843268
vt 0.632512 0.843268
vt 0.663730 0.844139
vt 0.630883 0.844140
vt 0.665498 0.844676
vt 0.629114 0.844676
vt 0.667337 0.844857
vt 0.627275 0.844857
vt 0.669176 0.844676
vt 0.675105 0.858282
vt 0.679692 0.856238
vt 0.617277 0.856239
vt 0.614212 0.853180
vt 0.613136 0.849572
vt 0.614212 0.817677
vt 0.623668 0.826717
vt 0.618566 0.831820
vt 0.619437 0.830190
vt 0.622038 0.843268
vt 0.620610 0.842096
vt 0.622038 0.827589
vt 0.620610 0.828761
vt 0.619437 0.840667
vt 0.618566 0.839037
vt 0.618030 0.837268
vt 0.986828 0.641158
vt 0.435972 0.980138
vt 0.926669 0.616137
vt 0.454825 0.993196
vt 0.982114 0.605655
vt 0.921956 0.577575
vt 0.098977 0.738268
vt 0.520809 0.920634
vt 0.587318 0.824780
vt 0.596221 0.818477
vt 0.595144 0.814868
vt 0.591508 0.832620
vt 0.595144 0.850371
vt 0.585689 0.841331
vt 0.592079 0.853430
vt 0.587318 0.840459
vt 0.583920 0.841867
vt 0.591327 0.830780
vt 0.588747 0.825953
vt 0.589919 0.827381
vt 0.588747 0.839287
vt 0.589919 0.837858
vt 0.590790 0.829011
vt 0.587492 0.855474
vt 0.547256 0.840459
vt 0.543858 0.841867
vt 0.542019 0.842048
vt 0.534252 0.855474
vt 0.540180 0.841867
vt 0.529664 0.853430
vt 0.538412 0.841330
vt 0.545627 0.841331
vt 0.582081 0.842048
vt 0.580242 0.841867
vt 0.578474 0.841331
vt 0.576844 0.840459
vt 0.548685 0.839287
vt 0.575416 0.839287
vt 0.574244 0.837858
vt 0.549857 0.837858
vt 0.550728 0.836228
vt 0.573372 0.836228
vt 0.551265 0.834459
vt 0.572836 0.834459
vt 0.551446 0.832619
vt 0.572655 0.832620
vt 0.572836 0.830780
vt 0.551264 0.830780
vt 0.550728 0.829011
vt 0.573372 0.829011
vt 0.549857 0.827381
vt 0.574244 0.827381
vt 0.548685 0.825952
vt 0.575416 0.825952
vt 0.547256 0.824780
vt 0.576844 0.824780
vt 0.545627 0.823908
vt 0.578474 0.823909
vt 0.543858 0.823372
vt 0.580242 0.823372
vt 0.542019 0.823191
vt 0.582081 0.823191
vt 0.540180 0.823372
vt 0.538412 0.823908
vt 0.534252 0.809765
vt 0.526599 0.814868
vt 0.529664 0.811809
vt 0.592079 0.811809
vt 0.536782 0.840459
vt 0.526599 0.850371
vt 0.525523 0.818476
vt 0.536782 0.824780
vt 0.532774 0.830780
vt 0.535354 0.825952
vt 0.535354 0.839287
vt 0.534181 0.837858
vt 0.534182 0.827381
vt 0.533310 0.829011
vt 0.533310 0.836228
vt 0.801193 0.849402
vt 0.802823 0.850273
vt 0.792291 0.855705
vt 0.793367 0.859314
vt 0.797004 0.841562
vt 0.793367 0.823811
vt 0.802823 0.832851
vt 0.796432 0.820752
vt 0.801193 0.833722
vt 0.804414 0.832368
vt 0.797185 0.843402
vt 0.799765 0.848229
vt 0.798592 0.846800
vt 0.799765 0.834895
vt 0.798592 0.836324
vt 0.797721 0.845170
vt 0.801019 0.818708
vt 0.804591 0.832314
vt 0.841255 0.833722
vt 0.844653 0.832314
vt 0.846492 0.832133
vt 0.854260 0.818707
vt 0.848331 0.832314
vt 0.858847 0.820751
vt 0.850099 0.832851
vt 0.842885 0.832851
vt 0.806430 0.832133
vt 0.808269 0.832314
vt 0.810037 0.832851
vt 0.839827 0.834895
vt 0.811667 0.833722
vt 0.813095 0.834895
vt 0.838654 0.836323
vt 0.814268 0.836324
vt 0.837783 0.837954
vt 0.815139 0.837954
vt 0.837247 0.839722
vt 0.815675 0.839723
vt 0.837066 0.841562
vt 0.815856 0.841562
vt 0.815675 0.843401
vt 0.837247 0.843401
vt 0.837783 0.845170
vt 0.815139 0.845170
vt 0.838654 0.846800
vt 0.814268 0.846800
vt 0.839827 0.848229
vt 0.813095 0.848229
vt 0.841255 0.849402
vt 0.811667 0.849402
vt 0.842885 0.850273
vt 0.810037 0.850273
vt 0.844653 0.850809
vt 0.808269 0.850810
vt 0.846492 0.850991
vt 0.806430 0.850991
vt 0.796432 0.862372
vt 0.804591 0.850810
vt 0.801019 0.864416
vt 0.858847 0.862372
vt 0.850262 0.850186
vt 0.861912 0.859313
vt 0.851729 0.833722
vt 0.861912 0.823810
vt 0.862988 0.855705
vt 0.851729 0.849401
vt 0.855737 0.843401
vt 0.853157 0.848229
vt 0.853157 0.834895
vt 0.854330 0.836323
vt 0.854330 0.846800
vt 0.855201 0.845170
vt 0.855201 0.837953
vt 0.933597 0.988436
vt 0.445399 0.980138
vt 0.744344 0.958280
vt 0.721496 0.993250
vt 0.928883 0.952933
vt 0.739631 0.919718
vt 0.796638 0.404069
vt 0.972501 0.415944
vt 0.525523 0.808318
vt 0.377638 0.491034
vt 0.334056 0.491034
vt 0.382440 0.514073
vt 0.329254 0.514073
vt 0.341243 0.475640
vt 0.598577 0.070698
vt 0.648648 0.020707
vt 0.605066 0.020707
vt 0.653450 0.043643
vt 0.600263 0.043643
vt 0.612252 0.005382
vt 0.094271 0.526204
vt 0.790425 0.781394
vt 0.094264 0.526204
vt 0.648233 0.144944
vt 0.605479 0.144944
vt 0.640588 0.163108
vt 0.631570 0.169486
vt 0.622143 0.169486
vt 0.613125 0.163108
vt 0.600371 0.117761
vt 0.377224 0.600178
vt 0.334470 0.600178
vt 0.369579 0.618244
vt 0.342116 0.618244
vt 0.329362 0.573141
vt 0.223808 0.494822
vt 0.214687 0.402691
vt 0.968564 0.321422
vt 0.539663 0.790190
vt 0.806430 0.803847
vt 0.445398 0.808318
vt 0.874300 0.321422
vt 0.874300 0.382710
vt 0.839424 0.888706
vt 0.968564 0.382710
vt 0.520795 0.945035
vt 0.627275 0.792999
vt 0.839424 0.949993
vt 0.991541 0.605655
vt 0.899942 0.971169
vt 0.985131 0.440742
vt 0.313428 0.885970
vt 0.062214 0.993269
vt 0.991825 0.299194
vt 0.987112 0.287325
vt 0.984571 0.085599
vt 0.923583 0.985034
vt 0.018853 0.978408
vt 0.983333 0.516082
vt 0.983333 0.520913
vt 0.985253 0.213147
vt 0.852577 0.968760
vt 0.066928 0.993269
vt 0.991825 0.312523
vt 0.066928 0.988515
vt 0.985253 0.213147
vt 0.984571 0.072265
vt 0.966374 0.388793
vt 0.979126 0.086667
vt 0.968796 0.549082
vt 0.951963 0.530225
vt 0.402976 0.955022
vt 0.403683 0.953315
vt 0.404710 0.951778
vt 0.406017 0.950471
vt 0.407553 0.949444
vt 0.409260 0.948737
vt 0.411073 0.948376
vt 0.412921 0.948376
vt 0.416440 0.949444
vt 0.417977 0.950471
vt 0.419283 0.951778
vt 0.420310 0.953315
vt 0.421017 0.955022
vt 0.421378 0.956835
vt 0.421378 0.958684
vt 0.420310 0.962204
vt 0.419283 0.963741
vt 0.417977 0.965048
vt 0.416440 0.966075
vt 0.414733 0.966782
vt 0.412921 0.967143
vt 0.411073 0.967143
vt 0.407553 0.966075
vt 0.403683 0.962204
vt 0.406017 0.965048
vt 0.404710 0.963741
vt 0.402976 0.960496
vt 0.402616 0.958684
vt 0.402616 0.956835
vt 0.853248 0.951061
vt 0.857118 0.954932
vt 0.854785 0.952088
vt 0.856091 0.953395
vt 0.857825 0.956639
vt 0.857825 0.962113
vt 0.858186 0.958452
vt 0.858186 0.960301
vt 0.857118 0.963821
vt 0.856091 0.965358
vt 0.854785 0.966665
vt 0.853248 0.967692
vt 0.851541 0.968399
vt 0.849729 0.968760
vt 0.847881 0.968760
vt 0.846068 0.968399
vt 0.844361 0.967692
vt 0.842825 0.966665
vt 0.841518 0.965358
vt 0.839784 0.962113
vt 0.839424 0.960300
vt 0.839424 0.958452
vt 0.840491 0.954931
vt 0.841518 0.953395
vt 0.842825 0.952088
vt 0.844361 0.951061
vt 0.846068 0.950354
vt 0.847881 0.949993
vt 0.849729 0.949993
s 1
usemtl 
f 2872/6216/791 2873/6217/791 2871/6218/791
f 2873/6219/792 3020/6220/792 3022/6221/792
f 2874/6222/792 2878/6223/792 3023/6224/792
f 2878/6225/793 2875/6226/793 2877/6227/793
f 2876/6228/794 2872/6229/794 3056/6230/794
f 2875/6231/794 3055/6232/794 3052/6233/794
f 2877/6234/795 2871/6235/795 2873/6236/795
f 2874/6237/796 2876/6238/796 2878/6239/796
f 2944/6240/796 2882/6241/797 2946/6242/797
f 2879/6243/796 2945/6244/797 2881/6245/797
f 2882/6241/797 2948/6246/798 2946/6242/797
f 2881/6245/797 2947/6247/798 2883/6248/798
f 2884/6249/798 2950/6250/799 2948/6246/798
f 2883/6248/798 2949/6251/799 2885/6252/799
f 2950/6250/799 2888/6253/800 2952/6254/800
f 2885/6252/799 2951/6255/800 2887/6256/800
f 2888/6257/800 2954/6258/801 2952/6259/800
f 2889/6260/801 2951/6261/800 2953/6262/801
f 2890/6263/801 2956/6264/802 2954/6258/801
f 2891/6265/802 2953/6262/801 2955/6266/802
f 2892/6267/802 2958/6268/803 2956/6264/802
f 2893/6269/803 2955/6266/802 2957/6270/803
f 2894/6271/803 2960/6272/793 2958/6268/803
f 2895/6273/793 2957/6270/803 2959/6274/793
f 2896/6275/793 2962/6276/804 2960/6272/793
f 2897/6277/804 2959/6274/793 2961/6278/804
f 2898/6279/804 2964/6280/805 2962/6276/804
f 2899/6281/805 2961/6278/804 2963/6282/805
f 2900/6283/805 2966/6284/806 2964/6280/805
f 2901/6285/806 2963/6282/805 2965/6286/806
f 2902/6287/806 2968/6288/807 2966/6284/806
f 2903/6289/807 2965/6286/806 2967/6290/807
f 2904/6291/807 2970/6292/808 2968/6293/807
f 2969/6294/808 2903/6295/807 2967/6296/807
f 2906/6297/808 2972/6298/809 2970/6292/808
f 2971/6299/809 2905/6300/808 2969/6294/808
f 2908/6301/809 2974/6302/810 2972/6298/809
f 2909/6303/810 2971/6299/809 2973/6304/810
f 2910/6305/810 2976/6306/795 2974/6302/810
f 2911/6307/795 2973/6304/810 2975/6308/795
f 2912/6309/795 2978/6310/811 2976/6306/795
f 2913/6311/811 2975/6308/795 2977/6312/811
f 2914/6313/811 2980/6314/812 2978/6310/811
f 2915/6315/812 2977/6312/811 2979/6316/812
f 2916/6317/812 2982/6318/813 2980/6314/812
f 2917/6319/813 2979/6316/812 2981/6320/813
f 2918/6321/813 2984/6322/814 2982/6318/813
f 2919/6323/814 2981/6320/813 2983/6324/814
f 2920/6325/814 2986/6326/815 2984/6327/814
f 2919/6328/814 2985/6329/815 2921/6330/815
f 2922/6331/815 2988/6332/816 2986/6326/815
f 2921/6330/815 2987/6333/816 2923/6334/816
f 2924/6335/816 2990/6336/817 2988/6332/816
f 2923/6334/816 2989/6337/817 2925/6338/817
f 2926/6339/817 2992/6340/791 2990/6336/817
f 2925/6338/817 2991/6341/791 2927/6342/791
f 2928/6343/791 2994/6344/818 2992/6340/791
f 2927/6342/791 2993/6345/818 2929/6346/818
f 2930/6347/818 2996/6348/819 2994/6344/818
f 2929/6346/818 2995/6349/819 2931/6350/819
f 2932/6351/819 2998/6352/820 2996/6348/819
f 2931/6350/819 2997/6353/820 2933/6354/820
f 2934/6355/820 3000/6356/821 2998/6352/820
f 2933/6354/820 2999/6357/821 2935/6358/821
f 2936/6359/821 3002/6360/822 3000/6361/821
f 2935/6362/821 3001/6363/822 2937/6364/822
f 2938/6365/822 3004/6366/823 3002/6360/822
f 2937/6364/822 3003/6367/823 2939/6368/823
f 2936/6369/794 2934/6370/794 2920/6371/794
f 2940/6372/823 3006/6373/824 3004/6366/823
f 2939/6368/823 3005/6374/824 2941/6375/824
f 2942/6376/824 2944/6240/796 3006/6373/824
f 2941/6375/824 2943/6377/796 2879/6243/796
f 2933/6378/792 2935/6379/792 2921/6380/792
f 3025/6381/811 3056/6382/795 3023/6383/795
f 3027/6384/812 3058/6385/811 3025/6381/811
f 3029/6386/813 3060/6387/812 3027/6384/812
f 3037/6388/814 3063/6389/813 3029/6386/813
f 3031/6390/815 3062/6391/814 3037/6392/814
f 3035/6393/816 3065/6394/815 3031/6390/815
f 3035/6393/816 3068/6395/817 3070/6396/816
f 3033/6397/817 3066/6398/791 3068/6395/817
f 3032/6399/791 3067/6400/818 3066/6398/791
f 3034/6401/818 3069/6402/819 3067/6400/818
f 3036/6403/819 3064/6404/820 3069/6402/819
f 3030/6405/820 3061/6406/821 3064/6404/820
f 3038/6407/821 3059/6408/822 3061/6409/821
f 3028/6410/822 3057/6411/823 3059/6408/822
f 3026/6412/823 3055/6413/824 3057/6411/823
f 3024/6414/824 3052/6415/796 3055/6413/824
f 3022/6416/796 3054/6417/797 3052/6415/796
f 3020/6418/797 3051/6419/798 3054/6417/797
f 3019/6420/798 3049/6421/799 3051/6419/798
f 3017/6422/799 3047/6423/800 3049/6421/799
f 3015/6424/800 3043/6425/801 3047/6426/800
f 3010/6427/801 3044/6428/802 3043/6425/801
f 3008/6429/803 3044/6428/802 3012/6430/802
f 3007/6431/793 3040/6432/803 3008/6429/803
f 3009/6433/804 3039/6434/793 3007/6431/793
f 3013/6435/805 3041/6436/804 3009/6433/804
f 3011/6437/806 3045/6438/805 3013/6435/805
f 3014/6439/807 3042/6440/806 3011/6437/806
f 3016/6441/808 3046/6442/807 3014/6443/807
f 3018/6444/809 3048/6445/808 3016/6441/808
f 3021/6446/810 3050/6447/809 3018/6444/809
f 3023/6383/795 3053/6448/810 3021/6446/810
f 2872/6216/791 2874/6449/791 2873/6217/791
f 3032/6450/792 3033/6451/792 2878/6223/792
f 2878/6223/792 2877/6452/792 3036/6453/792
f 2877/6452/792 2873/6219/792 3022/6221/792
f 3036/6453/792 2877/6452/792 3030/6454/792
f 2874/6222/792 3009/6455/792 3007/6456/792
f 2874/6222/792 3007/6456/792 3008/6457/792
f 3034/6458/792 3032/6450/792 2878/6223/792
f 3036/6453/792 3034/6458/792 2878/6223/792
f 2873/6219/792 2874/6222/792 3012/6459/792
f 2874/6222/792 3008/6457/792 3012/6459/792
f 3030/6454/792 2877/6452/792 3038/6460/792
f 3038/6460/792 2877/6452/792 3028/6461/792
f 2873/6219/792 3012/6459/792 3010/6462/792
f 2873/6219/792 3010/6462/792 3015/6463/792
f 3028/6461/792 2877/6452/792 3026/6464/792
f 3026/6464/792 2877/6452/792 3024/6465/792
f 2873/6219/792 3015/6463/792 3017/6466/792
f 2873/6219/792 3017/6466/792 3019/6467/792
f 3024/6465/792 2877/6452/792 3022/6221/792
f 2873/6219/792 3019/6467/792 3020/6220/792
f 3013/6468/792 3009/6455/792 2874/6222/792
f 2878/6223/792 3033/6451/792 3035/6469/792
f 2878/6223/792 3035/6469/792 3031/6470/792
f 3011/6471/792 3013/6468/792 2874/6222/792
f 3014/6472/792 3011/6471/792 2874/6222/792
f 2878/6223/792 3031/6470/792 3037/6473/792
f 2878/6223/792 3037/6473/792 3029/6474/792
f 3016/6475/792 3014/6472/792 2874/6222/792
f 3018/6476/792 3016/6475/792 2874/6222/792
f 2878/6223/792 3029/6474/792 3027/6477/792
f 2878/6223/792 3027/6477/792 3025/6478/792
f 3021/6479/792 3018/6476/792 2874/6222/792
f 2878/6223/792 3025/6478/792 3023/6224/792
f 3023/6224/792 3021/6479/792 2874/6222/792
f 2878/6225/793 2876/6480/793 2875/6226/793
f 3070/6481/794 3068/6482/794 2876/6228/794
f 2872/6229/794 3041/6483/794 3045/6484/794
f 2872/6229/794 3045/6484/794 3042/6485/794
f 3065/6486/794 3070/6481/794 2876/6228/794
f 3062/6487/794 3065/6486/794 2876/6228/794
f 2872/6229/794 3042/6485/794 3046/6488/794
f 2872/6229/794 3046/6488/794 3048/6489/794
f 3063/6490/794 3062/6487/794 2876/6228/794
f 3060/6491/794 3063/6490/794 2876/6228/794
f 2872/6229/794 3048/6489/794 3050/6492/794
f 2872/6229/794 3050/6492/794 3053/6493/794
f 3058/6494/794 3060/6491/794 2876/6228/794
f 2872/6229/794 3053/6493/794 3056/6230/794
f 3056/6230/794 3058/6494/794 2876/6228/794
f 2872/6229/794 2871/6219/794 3044/6495/794
f 2871/6219/794 2875/6231/794 3052/6233/794
f 2872/6229/794 3044/6495/794 3040/6496/794
f 2876/6228/794 3068/6482/794 3066/6497/794
f 2876/6228/794 3066/6497/794 3067/6498/794
f 3039/6499/794 3041/6483/794 2872/6229/794
f 3040/6496/794 3039/6499/794 2872/6229/794
f 2875/6231/794 2876/6228/794 3069/6500/794
f 2876/6228/794 3067/6498/794 3069/6500/794
f 3044/6495/794 2871/6219/794 3043/6501/794
f 3043/6501/794 2871/6219/794 3047/6502/794
f 2875/6231/794 3069/6500/794 3064/6503/794
f 2875/6231/794 3064/6503/794 3061/6504/794
f 3047/6502/794 2871/6219/794 3049/6505/794
f 3049/6505/794 2871/6219/794 3051/6506/794
f 2875/6231/794 3061/6504/794 3059/6507/794
f 2875/6231/794 3059/6507/794 3057/6508/794
f 3051/6506/794 2871/6219/794 3054/6509/794
f 3054/6509/794 2871/6219/794 3052/6233/794
f 2875/6231/794 3057/6508/794 3055/6232/794
f 2877/6234/795 2875/6510/795 2871/6235/795
f 2874/6237/796 2872/6511/796 2876/6238/796
f 2944/6240/796 2880/6512/796 2882/6241/797
f 2879/6243/796 2943/6377/796 2945/6244/797
f 2882/6241/797 2884/6249/798 2948/6246/798
f 2881/6245/797 2945/6244/797 2947/6247/798
f 2884/6249/798 2886/6513/799 2950/6250/799
f 2883/6248/798 2947/6247/798 2949/6251/799
f 2950/6250/799 2886/6513/799 2888/6253/800
f 2885/6252/799 2949/6251/799 2951/6255/800
f 2888/6257/800 2890/6263/801 2954/6258/801
f 2889/6260/801 2887/6514/800 2951/6261/800
f 2890/6263/801 2892/6267/802 2956/6264/802
f 2891/6265/802 2889/6260/801 2953/6262/801
f 2892/6267/802 2894/6271/803 2958/6268/803
f 2893/6269/803 2891/6265/802 2955/6266/802
f 2894/6271/803 2896/6275/793 2960/6272/793
f 2895/6273/793 2893/6269/803 2957/6270/803
f 2896/6275/793 2898/6279/804 2962/6276/804
f 2897/6277/804 2895/6273/793 2959/6274/793
f 2898/6279/804 2900/6283/805 2964/6280/805
f 2899/6281/805 2897/6277/804 2961/6278/804
f 2900/6283/805 2902/6287/806 2966/6284/806
f 2901/6285/806 2899/6281/805 2963/6282/805
f 2902/6287/806 2904/6515/807 2968/6288/807
f 2903/6289/807 2901/6285/806 2965/6286/806
f 2904/6291/807 2906/6297/808 2970/6292/808
f 2969/6294/808 2905/6300/808 2903/6295/807
f 2906/6297/808 2908/6301/809 2972/6298/809
f 2971/6299/809 2907/6516/809 2905/6300/808
f 2908/6301/809 2910/6305/810 2974/6302/810
f 2909/6303/810 2907/6516/809 2971/6299/809
f 2910/6305/810 2912/6309/795 2976/6306/795
f 2911/6307/795 2909/6303/810 2973/6304/810
f 2912/6309/795 2914/6313/811 2978/6310/811
f 2913/6311/811 2911/6307/795 2975/6308/795
f 2914/6313/811 2916/6317/812 2980/6314/812
f 2915/6315/812 2913/6311/811 2977/6312/811
f 2916/6317/812 2918/6321/813 2982/6318/813
f 2917/6319/813 2915/6315/812 2979/6316/812
f 2918/6321/813 2920/6517/814 2984/6322/814
f 2919/6323/814 2917/6319/813 2981/6320/813
f 2920/6325/814 2922/6331/815 2986/6326/815
f 2919/6328/814 2983/6518/814 2985/6329/815
f 2922/6331/815 2924/6335/816 2988/6332/816
f 2921/6330/815 2985/6329/815 2987/6333/816
f 2924/6335/816 2926/6339/817 2990/6336/817
f 2923/6334/816 2987/6333/816 2989/6337/817
f 2926/6339/817 2928/6343/791 2992/6340/791
f 2925/6338/817 2989/6337/817 2991/6341/791
f 2928/6343/791 2930/6347/818 2994/6344/818
f 2927/6342/791 2991/6341/791 2993/6345/818
f 2930/6347/818 2932/6351/819 2996/6348/819
f 2929/6346/818 2993/6345/818 2995/6349/819
f 2932/6351/819 2934/6355/820 2998/6352/820
f 2931/6350/819 2995/6349/819 2997/6353/820
f 2934/6355/820 2936/6519/821 3000/6356/821
f 2933/6354/820 2997/6353/820 2999/6357/821
f 2936/6359/821 2938/6365/822 3002/6360/822
f 2935/6362/821 2999/6520/821 3001/6363/822
f 2938/6365/822 2940/6372/823 3004/6366/823
f 2937/6364/822 3001/6363/822 3003/6367/823
f 2932/6521/794 2930/6522/794 2924/6523/794
f 2930/6522/794 2928/6524/794 2926/6525/794
f 2924/6523/794 2930/6522/794 2926/6525/794
f 2924/6523/794 2922/6526/794 2932/6521/794
f 2922/6526/794 2920/6371/794 2934/6370/794
f 2932/6521/794 2922/6526/794 2934/6370/794
f 2920/6371/794 2918/6527/794 2936/6369/794
f 2918/6527/794 2916/6528/794 2938/6529/794
f 2936/6369/794 2918/6527/794 2938/6529/794
f 2916/6528/794 2914/6530/794 2942/6531/794
f 2914/6530/794 2912/6532/794 2880/6533/794
f 2912/6532/794 2910/6534/794 2882/6535/794
f 2910/6534/794 2908/6536/794 2884/6537/794
f 2908/6536/794 2906/6538/794 2884/6537/794
f 2906/6538/794 2904/6539/794 2886/6540/794
f 2884/6537/794 2906/6538/794 2886/6540/794
f 2904/6539/794 2902/6541/794 2888/6542/794
f 2902/6541/794 2900/6543/794 2890/6544/794
f 2888/6542/794 2902/6541/794 2890/6544/794
f 2900/6543/794 2898/6545/794 2894/6546/794
f 2898/6545/794 2896/6547/794 2894/6546/794
f 2894/6546/794 2892/6548/794 2900/6543/794
f 2892/6548/794 2890/6544/794 2900/6543/794
f 2888/6542/794 2886/6540/794 2904/6539/794
f 2884/6537/794 2882/6535/794 2910/6534/794
f 2882/6535/794 2880/6533/794 2912/6532/794
f 2880/6533/794 2942/6531/794 2914/6530/794
f 2942/6531/794 2940/6549/794 2916/6528/794
f 2940/6549/794 2938/6529/794 2916/6528/794
f 2940/6372/823 2942/6376/824 3006/6373/824
f 2939/6368/823 3003/6367/823 3005/6374/824
f 2942/6376/824 2880/6512/796 2944/6240/796
f 2941/6375/824 3005/6374/824 2943/6377/796
f 2937/6550/792 2939/6551/792 2915/6552/792
f 2939/6551/792 2941/6553/792 2913/6554/792
f 2941/6553/792 2879/6555/792 2913/6554/792
f 2879/6555/792 2881/6556/792 2911/6557/792
f 2913/6554/792 2879/6555/792 2911/6557/792
f 2881/6556/792 2883/6558/792 2907/6559/792
f 2883/6558/792 2885/6560/792 2905/6561/792
f 2885/6560/792 2887/6562/792 2905/6561/792
f 2887/6562/792 2889/6563/792 2903/6564/792
f 2905/6561/792 2887/6562/792 2903/6564/792
f 2889/6563/792 2891/6565/792 2899/6566/792
f 2891/6565/792 2893/6567/792 2897/6568/792
f 2893/6567/792 2895/6569/792 2897/6568/792
f 2897/6568/792 2899/6566/792 2891/6565/792
f 2899/6566/792 2901/6570/792 2889/6563/792
f 2901/6570/792 2903/6564/792 2889/6563/792
f 2905/6561/792 2907/6559/792 2883/6558/792
f 2907/6559/792 2909/6571/792 2881/6556/792
f 2909/6571/792 2911/6557/792 2881/6556/792
f 2913/6554/792 2915/6552/792 2939/6551/792
f 2915/6552/792 2917/6572/792 2937/6550/792
f 2917/6572/792 2919/6573/792 2937/6550/792
f 2919/6573/792 2921/6380/792 2935/6379/792
f 2937/6550/792 2919/6573/792 2935/6379/792
f 2921/6380/792 2923/6574/792 2931/6575/792
f 2923/6574/792 2925/6576/792 2929/6577/792
f 2925/6576/792 2927/6578/792 2929/6577/792
f 2929/6577/792 2931/6575/792 2923/6574/792
f 2931/6575/792 2933/6378/792 2921/6380/792
f 3025/6381/811 3058/6385/811 3056/6382/795
f 3027/6384/812 3060/6387/812 3058/6385/811
f 3029/6386/813 3063/6389/813 3060/6387/812
f 3037/6388/814 3062/6579/814 3063/6389/813
f 3031/6390/815 3065/6394/815 3062/6391/814
f 3035/6393/816 3070/6396/816 3065/6394/815
f 3035/6393/816 3033/6397/817 3068/6395/817
f 3033/6397/817 3032/6399/791 3066/6398/791
f 3032/6399/791 3034/6401/818 3067/6400/818
f 3034/6401/818 3036/6403/819 3069/6402/819
f 3036/6403/819 3030/6405/820 3064/6404/820
f 3030/6405/820 3038/6580/821 3061/6406/821
f 3038/6407/821 3028/6410/822 3059/6408/822
f 3028/6410/822 3026/6412/823 3057/6411/823
f 3026/6412/823 3024/6414/824 3055/6413/824
f 3024/6414/824 3022/6416/796 3052/6415/796
f 3022/6416/796 3020/6418/797 3054/6417/797
f 3020/6418/797 3019/6420/798 3051/6419/798
f 3019/6420/798 3017/6422/799 3049/6421/799
f 3017/6422/799 3015/6581/800 3047/6423/800
f 3015/6424/800 3010/6427/801 3043/6425/801
f 3010/6427/801 3012/6430/802 3044/6428/802
f 3008/6429/803 3040/6432/803 3044/6428/802
f 3007/6431/793 3039/6434/793 3040/6432/803
f 3009/6433/804 3041/6436/804 3039/6434/793
f 3013/6435/805 3045/6438/805 3041/6436/804
f 3011/6437/806 3042/6440/806 3045/6438/805
f 3014/6439/807 3046/6582/807 3042/6440/806
f 3016/6441/808 3048/6445/808 3046/6442/807
f 3018/6444/809 3050/6447/809 3048/6445/808
f 3021/6446/810 3053/6448/810 3050/6447/809
f 3023/6383/795 3056/6382/795 3053/6448/810
f 3072/6583/796 3073/6584/797 3071/6585/796
f 3074/6586/797 3075/6587/798 3073/6584/797
f 3076/6588/798 3077/6589/799 3075/6587/798
f 3078/6590/799 3079/6591/800 3077/6589/799
f 3080/6592/800 3081/6593/801 3079/6594/800
f 3082/6595/801 3083/6596/802 3081/6593/801
f 3084/6597/802 3085/6598/803 3083/6596/802
f 3086/6599/803 3087/6600/793 3085/6598/803
f 3088/6601/793 3089/6602/804 3087/6600/793
f 3090/6603/804 3091/6604/805 3089/6602/804
f 3092/6605/805 3093/6606/806 3091/6604/805
f 3094/6607/806 3095/6608/807 3093/6606/806
f 3096/6609/807 3097/6610/808 3095/6611/807
f 3098/6612/808 3099/6613/809 3097/6610/808
f 3100/6614/809 3101/6615/810 3099/6613/809
f 3102/6616/810 3103/6617/795 3101/6615/810
f 3104/6618/795 3105/6619/811 3103/6617/795
f 3106/6620/811 3107/6621/812 3105/6619/811
f 3108/6622/812 3109/6623/813 3107/6621/812
f 3110/6624/813 3111/6625/814 3109/6623/813
f 3112/6626/814 3113/6627/815 3111/6628/814
f 3114/6629/815 3115/6630/816 3113/6627/815
f 3116/6631/816 3117/6632/817 3115/6630/816
f 3118/6633/817 3119/6634/791 3117/6632/817
f 3120/6635/791 3121/6636/818 3119/6634/791
f 3122/6637/818 3123/6638/819 3121/6636/818
f 3124/6639/819 3125/6640/820 3123/6638/819
f 3126/6641/820 3127/6642/821 3125/6640/820
f 3128/6643/821 3129/6644/822 3127/6645/821
f 3130/6646/822 3131/6647/823 3129/6644/822
f 3108/6648/794 3092/6649/794 3076/6650/794
f 3132/6651/823 3133/6652/824 3131/6647/823
f 3134/6653/824 3071/6585/796 3133/6652/824
f 3101/6654/792 3117/6655/792 3133/6656/792
f 3287/6657/794 3292/6658/794 3161/6659/794
f 3162/6660/794 3299/6661/794 3297/6662/794
f 3410/6663/794 3412/6664/794 3155/6665/794
f 3176/6666/825 3177/6667/826 3165/6668/826
f 3151/6669/827 3161/6670/828 3170/6671/828
f 3186/6672/794 3261/6673/794 3180/6674/794
f 3317/6675/792 3314/6676/792 3151/6677/792
f 3443/6678/792 3464/6679/792 3167/6680/792
f 3438/6681/792 3439/6682/792 3145/6683/792
f 3136/6684/829 3147/6685/830 3145/6686/829
f 3139/6687/830 3148/6688/831 3147/6689/830
f 3138/6690/831 3149/6691/832 3148/6688/831
f 3137/6692/832 3146/6693/833 3149/6691/832
f 3151/6669/827 3142/6694/834 3140/6695/827
f 3154/6696/834 3143/6697/835 3142/6698/834
f 3153/6699/835 3144/6700/836 3143/6697/835
f 3152/6701/836 3141/6702/837 3144/6700/836
f 3166/6703/838 3157/6704/839 3155/6705/838
f 3169/6706/839 3158/6707/840 3157/6708/839
f 3168/6709/840 3159/6710/841 3158/6707/840
f 3167/6711/841 3177/6667/826 3159/6710/841
f 3161/6670/828 3172/6712/842 3170/6671/828
f 3164/6713/842 3173/6714/843 3172/6712/842
f 3163/6715/843 3174/6716/844 3173/6717/843
f 3162/6718/844 3171/6719/845 3174/6716/844
f 3166/6703/838 3136/6684/829 3145/6686/829
f 3160/6720/794 3156/6721/794 3175/6722/794
f 3165/6723/792 3171/6724/792 3176/6725/792
f 3178/6726/796 3176/6727/796 3171/6728/796
f 3156/6721/794 3178/6729/794 3177/6730/794
f 3156/6721/794 3179/6731/794 3175/6722/794
f 3175/6722/794 3178/6729/794 3160/6720/794
f 3475/6732/794 3477/6733/794 3200/6734/794
f 3469/6735/794 3479/6736/794 3182/6737/794
f 3356/6738/794 3355/6739/794 3206/6740/794
f 3205/6741/794 3201/6742/794 3220/6743/794
f 3196/6744/827 3206/6745/828 3215/6746/828
f 3180/6747/795 3262/6748/795 3191/6749/795
f 3507/6750/792 3514/6751/792 3190/6752/792
f 3392/6753/792 3394/6754/792 3219/6755/792
f 3381/6756/792 3377/6757/792 3196/6758/792
f 3181/6759/829 3192/6760/830 3190/6761/829
f 3184/6762/830 3193/6763/831 3192/6764/830
f 3183/6765/831 3194/6766/832 3193/6763/831
f 3182/6767/832 3191/6768/833 3194/6766/832
f 3196/6744/827 3187/6769/834 3185/6770/827
f 3199/6771/834 3188/6772/835 3187/6773/834
f 3198/6774/835 3189/6775/836 3188/6772/835
f 3197/6776/836 3186/6777/837 3189/6775/836
f 3211/6778/838 3202/6779/839 3200/6780/838
f 3214/6781/839 3203/6782/840 3202/6783/839
f 3213/6784/840 3204/6785/841 3203/6782/840
f 3212/6786/841 3201/6787/826 3204/6785/841
f 3206/6745/828 3217/6788/842 3215/6746/828
f 3209/6789/842 3218/6790/843 3217/6788/842
f 3208/6791/843 3219/6792/844 3218/6793/843
f 3207/6794/844 3222/6795/845 3219/6792/844
f 3211/6778/838 3181/6759/829 3190/6761/829
f 3210/6796/792 3216/6797/792 3221/6798/792
f 3205/6799/796 3224/6800/796 3222/6801/796
f 3224/6802/825 3201/6787/826 3223/6803/826
f 3210/6796/792 3222/6804/792 3216/6797/792
f 3221/6798/792 3222/6804/792 3224/6805/792
f 3210/6796/792 3224/6805/792 3223/6806/792
f 3229/6807/846 3237/6808/846 3238/6809/846
f 3210/6810/847 3160/6811/848 3156/6812/847
f 3233/6813/849 3225/6814/849 3226/6815/849
f 3225/6816/796 3237/6817/796 3229/6818/796
f 3175/6819/850 3228/6820/851 3230/6821/852
f 3230/6821/852 3227/6822/853 3231/6823/854
f 3231/6823/854 3226/6824/855 3232/6825/855
f 3232/6826/856 3225/6816/856 3229/6818/856
f 3221/6827/857 3234/6828/858 3216/6829/857
f 3240/6830/859 3235/6831/860 3234/6828/858
f 3239/6832/861 3236/6833/862 3235/6831/860
f 3238/6834/863 3233/6835/863 3236/6836/863
f 3210/6810/847 3156/6812/847 3242/6837/864
f 3241/6838/865 3253/6839/866 3249/6840/867
f 3175/6841/868 3221/6842/868 3254/6843/869
f 3156/6844/870 3248/6845/871 3242/6846/872
f 3242/6846/872 3247/6847/873 3243/6848/874
f 3243/6848/874 3246/6849/875 3244/6850/875
f 3244/6851/876 3245/6852/877 3241/6838/865
f 3253/6839/866 3250/6853/878 3249/6840/867
f 3256/6854/879 3251/6855/880 3250/6856/879
f 3255/6857/881 3252/6858/882 3251/6855/880
f 3254/6859/883 3210/6860/884 3252/6858/882
f 3261/6861/795 3270/6862/795 3262/6748/795
f 3264/6863/794 3269/6864/794 3261/6673/794
f 3146/6865/792 3259/6866/792 3150/6867/792
f 3191/6868/792 3263/6869/792 3195/6870/792
f 3150/6871/796 3260/6872/796 3141/6873/796
f 3135/6874/795 3258/6875/795 3146/6876/795
f 3141/6877/794 3257/6878/794 3135/6879/794
f 3195/6880/796 3264/6881/796 3186/6882/796
f 3268/6883/791 3266/6884/791 3265/6885/791
f 3272/6886/791 3270/6887/791 3269/6888/791
f 3268/6889/796 3263/6890/796 3260/6872/796
f 3257/6891/795 3266/6892/795 3258/6875/795
f 3260/6893/793 3262/6894/793 3257/6895/793
f 3263/6890/796 3272/6896/796 3264/6881/796
f 3258/6897/792 3267/6898/792 3259/6866/792
f 3259/6899/796 3268/6889/796 3260/6872/796
f 3270/6862/795 3257/6891/795 3262/6748/795
f 3270/6887/791 3268/6883/791 3265/6885/791
f 3356/6900/795 3396/6901/811 3355/6902/811
f 3287/6903/795 3315/6904/811 3292/6905/811
f 3355/6902/811 3383/6906/812 3363/6907/812
f 3292/6905/811 3319/6908/812 3290/6909/812
f 3363/6907/812 3387/6910/813 3358/6911/813
f 3290/6909/812 3323/6912/813 3294/6913/813
f 3358/6911/813 3385/6914/814 3357/6915/814
f 3294/6913/813 3321/6916/814 3296/6917/814
f 3357/6918/814 3395/6919/815 3362/6920/815
f 3296/6921/814 3330/6922/815 3295/6923/815
f 3362/6920/815 3389/6924/885 3359/6925/816
f 3330/6922/815 3299/6926/816 3295/6923/815
f 3361/6927/817 3394/6928/816 3392/6929/817
f 3324/6930/816 3297/6931/817 3299/6926/816
f 3360/6932/791 3392/6929/817 3390/6933/791
f 3327/6934/817 3298/6935/791 3297/6931/817
f 3390/6933/791 3368/6936/818 3360/6932/791
f 3303/6937/818 3325/6938/791 3326/6939/818
f 3369/6940/819 3391/6941/818 3388/6942/819
f 3326/6939/818 3304/6943/819 3303/6937/818
f 3367/6944/820 3388/6942/819 3393/6945/820
f 3329/6946/819 3302/6947/820 3304/6943/819
f 3366/6948/821 3393/6945/820 3384/6949/821
f 3305/6950/821 3328/6951/820 3320/6952/821
f 3365/6953/822 3384/6954/821 3386/6955/822
f 3300/6956/822 3320/6957/821 3322/6958/822
f 3364/6959/823 3386/6955/822 3382/6960/823
f 3301/6961/823 3322/6958/822 3318/6962/823
f 3354/6963/824 3382/6960/823 3379/6964/824
f 3291/6965/824 3318/6962/823 3331/6966/824
f 3351/6967/796 3379/6964/824 3380/6968/796
f 3293/6969/796 3331/6966/824 3316/6970/796
f 3352/6971/797 3380/6968/796 3378/6972/797
f 3288/6973/797 3316/6970/796 3313/6974/797
f 3346/6975/798 3378/6972/797 3401/6976/798
f 3282/6977/798 3313/6974/797 3336/6978/798
f 3348/6979/799 3401/6976/798 3400/6980/799
f 3284/6981/799 3336/6978/798 3337/6982/799
f 3344/6983/800 3400/6980/799 3402/6984/800
f 3280/6985/800 3337/6982/799 3335/6986/800
f 3343/6987/801 3402/6988/800 3398/6989/801
f 3279/6990/801 3335/6991/800 3334/6992/801
f 3341/6993/802 3398/6989/801 3399/6994/802
f 3279/6990/801 3333/6995/802 3276/6996/802
f 3338/6997/803 3399/6994/802 3397/6998/803
f 3276/6996/802 3332/6999/803 3273/7000/803
f 3338/6997/803 3370/7001/793 3339/7002/793
f 3273/7000/803 3306/7003/793 3274/7004/793
f 3340/7005/804 3370/7001/793 3371/7006/804
f 3274/7004/793 3307/7007/804 3275/7008/804
f 3342/7009/805 3371/7006/804 3374/7010/805
f 3275/7008/804 3308/7011/805 3278/7012/805
f 3350/7013/806 3374/7010/805 3373/7014/806
f 3277/7015/886 3278/7012/805 3308/7011/805
f 3350/7013/806 3372/7016/807 3345/7017/807
f 3286/7018/806 3311/7019/807 3281/7020/807
f 3345/7021/807 3375/7022/808 3349/7023/808
f 3281/7024/807 3310/7025/808 3285/7026/808
f 3349/7023/808 3376/7027/809 3347/7028/809
f 3285/7026/808 3312/7029/809 3283/7030/809
f 3347/7028/809 3377/7031/810 3353/7032/810
f 3283/7030/809 3314/7033/810 3289/7034/810
f 3353/7032/810 3381/7035/795 3356/6900/795
f 3289/7034/810 3317/7036/795 3287/6903/795
f 3485/7037/795 3519/7038/811 3488/7039/811
f 3421/7040/795 3457/7041/811 3420/7042/811
f 3488/7039/811 3527/7043/812 3489/7044/812
f 3420/7042/811 3461/7045/812 3428/7046/812
f 3489/7044/812 3526/7047/813 3492/7048/813
f 3428/7046/812 3460/7049/813 3424/7050/813
f 3492/7048/813 3528/7051/814 3490/7052/814
f 3424/7050/813 3459/7053/814 3425/7054/814
f 3490/7055/814 3530/7056/815 3498/7057/815
f 3425/7058/814 3466/7059/815 3426/7060/815
f 3497/7061/816 3530/7056/815 3529/7062/816
f 3466/7059/815 3431/7063/816 3426/7060/815
f 3496/7064/817 3529/7062/816 3532/7065/817
f 3462/7066/816 3434/7067/817 3431/7063/816
f 3494/7068/791 3532/7065/817 3531/7069/791
f 3434/7067/817 3463/7070/791 3432/7071/791
f 3495/7072/818 3531/7069/791 3523/7073/818
f 3463/7070/791 3433/7074/818 3432/7071/791
f 3523/7073/818 3493/7075/819 3495/7072/818
f 3430/7076/887 3433/7074/818 3464/7077/818
f 3499/7078/820 3522/7079/819 3525/7080/820
f 3443/7081/819 3435/7082/820 3429/7083/819
f 3491/7084/821 3525/7080/820 3520/7085/821
f 3427/7086/821 3442/7087/820 3444/7088/821
f 3476/7089/822 3520/7090/821 3521/7091/822
f 3411/7092/822 3444/7093/821 3441/7094/822
f 3475/7095/823 3521/7091/822 3524/7096/823
f 3410/7097/823 3441/7094/822 3440/7098/823
f 3477/7099/824 3524/7096/823 3518/7100/824
f 3412/7101/824 3440/7098/823 3445/7102/824
f 3474/7103/796 3518/7100/824 3515/7104/796
f 3409/7105/796 3445/7102/824 3439/7106/796
f 3473/7107/797 3515/7104/796 3514/7108/797
f 3408/7109/797 3439/7106/796 3438/7110/797
f 3472/7111/798 3514/7108/797 3507/7112/798
f 3406/7113/798 3438/7110/797 3436/7114/798
f 3471/7115/799 3507/7112/798 3509/7116/799
f 3404/7117/799 3436/7114/798 3437/7118/799
f 3470/7119/800 3509/7116/799 3506/7120/800
f 3405/7121/800 3437/7118/799 3453/7122/800
f 3468/7123/801 3506/7124/800 3511/7125/801
f 3407/7126/801 3453/7127/800 3455/7128/801
f 3469/7129/802 3511/7125/801 3502/7130/802
f 3407/7126/801 3449/7131/802 3403/7132/802
f 3469/7129/802 3502/7130/802 3503/7133/888
f 3403/7132/802 3447/7134/803 3414/7135/803
f 3478/7136/793 3500/7137/803 3501/7002/793
f 3414/7135/803 3446/7138/793 3413/7139/793
f 3480/7140/804 3501/7002/793 3505/7141/804
f 3415/7142/804 3446/7138/793 3448/7143/804
f 3481/7144/805 3505/7141/804 3504/7145/805
f 3415/7142/804 3450/7146/805 3417/7147/805
f 3482/7148/806 3504/7145/805 3512/7149/806
f 3417/7147/805 3456/7150/806 3416/7151/806
f 3482/7148/806 3510/7152/807 3483/7153/807
f 3416/7151/806 3454/7154/807 3423/7155/807
f 3483/7156/807 3508/7157/808 3484/7158/808
f 3423/6915/807 3452/7159/808 3419/7160/808
f 3484/7158/808 3513/7161/809 3487/7162/809
f 3419/7160/808 3451/7163/809 3418/7164/809
f 3487/7162/809 3516/7165/810 3486/7166/810
f 3418/7164/809 3467/7167/810 3422/7168/810
f 3486/7166/810 3517/7169/795 3485/7037/795
f 3422/7168/810 3458/7170/795 3421/7040/795
f 3534/7171/796 3535/7172/797 3533/7173/796
f 3536/7174/797 3537/7175/798 3535/7172/797
f 3538/7176/798 3539/7177/799 3537/7175/798
f 3540/7178/799 3541/7179/800 3539/7177/799
f 3542/7180/800 3543/7181/801 3541/7182/800
f 3544/7183/801 3545/7184/802 3543/7181/801
f 3546/7185/802 3547/7186/803 3545/7184/802
f 3548/7187/803 3549/7188/793 3547/7186/803
f 3550/7189/793 3551/7190/804 3549/7188/793
f 3552/7191/804 3553/7192/805 3551/7190/804
f 3554/7193/805 3555/7194/806 3553/7192/805
f 3556/7195/806 3557/7196/807 3555/7194/806
f 3558/7197/807 3559/7198/808 3557/7199/807
f 3560/7200/808 3561/7201/809 3559/7198/808
f 3562/7202/809 3563/7203/810 3561/7201/809
f 3564/7204/810 3565/7205/795 3563/7203/810
f 3566/7206/795 3567/7207/811 3565/7205/795
f 3568/7208/811 3569/7209/812 3567/7207/811
f 3570/7210/812 3571/7211/813 3569/7209/812
f 3572/7212/813 3573/7213/814 3571/7211/813
f 3574/7214/814 3575/7215/815 3573/7216/814
f 3576/7217/815 3577/7218/816 3575/7215/815
f 3578/7219/816 3579/7220/817 3577/7218/816
f 3580/7221/817 3581/7222/791 3579/7220/817
f 3582/7223/791 3583/7224/818 3581/7222/791
f 3584/7225/818 3585/7226/819 3583/7224/818
f 3586/7227/819 3587/7228/820 3585/7226/819
f 3588/7229/820 3589/7230/821 3587/7228/820
f 3590/7231/821 3591/7232/822 3589/7233/821
f 3592/7234/822 3593/7235/823 3591/7232/822
f 3586/7236/794 3570/7237/794 3554/7238/794
f 3594/7239/823 3595/7240/824 3593/7235/823
f 3596/7241/824 3533/7173/796 3595/7240/824
f 3571/7242/792 3579/7243/792 3595/7244/792
f 3072/6583/796 3074/6586/797 3073/6584/797
f 3074/6586/797 3076/6588/798 3075/6587/798
f 3076/6588/798 3078/6590/799 3077/6589/799
f 3078/6590/799 3080/7245/800 3079/6591/800
f 3080/6592/800 3082/6595/801 3081/6593/801
f 3082/6595/801 3084/6597/802 3083/6596/802
f 3084/6597/802 3086/6599/803 3085/6598/803
f 3086/6599/803 3088/6601/793 3087/6600/793
f 3088/6601/793 3090/6603/804 3089/6602/804
f 3090/6603/804 3092/6605/805 3091/6604/805
f 3092/6605/805 3094/6607/806 3093/6606/806
f 3094/6607/806 3096/7246/807 3095/6608/807
f 3096/6609/807 3098/6612/808 3097/6610/808
f 3098/6612/808 3100/6614/809 3099/6613/809
f 3100/6614/809 3102/6616/810 3101/6615/810
f 3102/6616/810 3104/6618/795 3103/6617/795
f 3104/6618/795 3106/6620/811 3105/6619/811
f 3106/6620/811 3108/6622/812 3107/6621/812
f 3108/6622/812 3110/6624/813 3109/6623/813
f 3110/6624/813 3112/7247/814 3111/6625/814
f 3112/6626/814 3114/6629/815 3113/6627/815
f 3114/6629/815 3116/6631/816 3115/6630/816
f 3116/6631/816 3118/6633/817 3117/6632/817
f 3118/6633/817 3120/6635/791 3119/6634/791
f 3120/6635/791 3122/6637/818 3121/6636/818
f 3122/6637/818 3124/6639/819 3123/6638/819
f 3124/6639/819 3126/6641/820 3125/6640/820
f 3126/6641/820 3128/7248/821 3127/6642/821
f 3128/6643/821 3130/6646/822 3129/6644/822
f 3130/6646/822 3132/6651/823 3131/6647/823
f 3076/6650/794 3074/7249/794 3072/7250/794
f 3072/7250/794 3134/7251/794 3076/6650/794
f 3134/7251/794 3132/7252/794 3076/6650/794
f 3132/7252/794 3130/7253/794 3128/7254/794
f 3128/7254/794 3126/7255/794 3124/7256/794
f 3124/7256/794 3122/7257/794 3120/7258/794
f 3120/7258/794 3118/7259/794 3124/7256/794
f 3118/7259/794 3116/7260/794 3124/7256/794
f 3116/7260/794 3114/7261/889 3112/7262/794
f 3112/7262/794 3110/7263/794 3108/6648/794
f 3108/6648/794 3106/7264/794 3100/7265/794
f 3106/7264/794 3104/7266/794 3100/7265/794
f 3104/7266/794 3102/7267/794 3100/7265/794
f 3100/7265/794 3098/7268/794 3096/7269/794
f 3096/7269/794 3094/7270/794 3092/6649/794
f 3092/6649/794 3090/7271/794 3084/7272/794
f 3090/7271/794 3088/7273/794 3084/7272/794
f 3088/7273/794 3086/7274/794 3084/7272/794
f 3084/7272/794 3082/7275/794 3080/7276/794
f 3080/7276/794 3078/7277/794 3076/6650/794
f 3132/7252/794 3128/7254/794 3076/6650/794
f 3128/7254/794 3124/7256/794 3076/6650/794
f 3116/7260/794 3112/7262/794 3124/7256/794
f 3112/7262/794 3108/6648/794 3124/7256/794
f 3100/7265/794 3096/7269/794 3108/6648/794
f 3096/7269/794 3092/6649/794 3108/6648/794
f 3084/7272/794 3080/7276/794 3092/6649/794
f 3080/7276/794 3076/6650/794 3092/6649/794
f 3076/6650/794 3124/7256/794 3108/6648/794
f 3132/6651/823 3134/6653/824 3133/6652/824
f 3134/6653/824 3072/6583/796 3071/6585/796
f 3133/6656/792 3071/7278/792 3073/7279/792
f 3073/7279/792 3075/7280/792 3077/7281/792
f 3077/7281/792 3079/7282/792 3081/7283/792
f 3081/7283/792 3083/7284/792 3085/7285/792
f 3085/7285/792 3087/7286/792 3089/7287/792
f 3089/7287/792 3091/7288/792 3093/7289/792
f 3093/7289/792 3095/7290/792 3097/7291/792
f 3097/7291/792 3099/7292/792 3101/6654/792
f 3101/6654/792 3103/7293/792 3105/7294/792
f 3105/7294/792 3107/6648/792 3109/7295/792
f 3109/7295/792 3111/7296/792 3113/7297/792
f 3113/7297/792 3115/7298/792 3117/6655/792
f 3117/6655/792 3119/7299/792 3121/7300/792
f 3121/7300/792 3123/7301/792 3125/7302/792
f 3125/7302/792 3127/7303/792 3129/7304/792
f 3129/7304/792 3131/7305/792 3133/6656/792
f 3133/6656/792 3073/7279/792 3085/7285/792
f 3073/7279/792 3077/7281/792 3085/7285/792
f 3077/7281/792 3081/7283/792 3085/7285/792
f 3085/7285/792 3089/7287/792 3101/6654/792
f 3089/7287/792 3093/7289/792 3101/6654/792
f 3093/7289/792 3097/7291/792 3101/6654/792
f 3101/6654/792 3105/7294/792 3117/6655/792
f 3105/7294/792 3109/7295/792 3117/6655/792
f 3109/7295/792 3113/7297/792 3117/6655/792
f 3117/6655/792 3121/7300/792 3133/6656/792
f 3121/7300/792 3125/7302/792 3133/6656/792
f 3125/7302/792 3129/7304/792 3133/6656/792
f 3133/6656/792 3085/7285/792 3101/6654/792
f 3295/7306/794 3299/6661/794 3163/7307/794
f 3163/7307/794 3164/7308/794 3295/7306/794
f 3164/7308/794 3161/6659/794 3295/7306/794
f 3161/6659/794 3140/7309/794 3287/6657/794
f 3140/7309/794 3142/7310/794 3286/7311/794
f 3287/6657/794 3140/7309/794 3289/7312/794
f 3142/7310/794 3277/7313/794 3286/7311/794
f 3286/7311/794 3281/7314/794 3140/7309/794
f 3296/7315/794 3295/7306/794 3161/6659/794
f 3294/7316/794 3296/7315/794 3161/6659/794
f 3281/7314/794 3285/7317/794 3140/7309/794
f 3285/7317/794 3283/7318/794 3140/7309/794
f 3290/7319/794 3294/7316/794 3161/6659/794
f 3292/6658/794 3290/7319/794 3161/6659/794
f 3283/7318/794 3289/7312/794 3140/7309/794
f 3278/7320/794 3277/7313/794 3143/7321/794
f 3277/7313/794 3142/7310/794 3143/7321/794
f 3143/7321/794 3144/7322/794 3278/7320/794
f 3144/7322/794 3141/6877/794 3275/7323/794
f 3141/6877/794 3135/6879/794 3279/7324/794
f 3417/7325/794 3135/6879/794 3415/7326/794
f 3135/6879/794 3137/7327/794 3414/7328/794
f 3137/7327/794 3138/7329/794 3403/7330/794
f 3414/7328/794 3137/7327/794 3403/7330/794
f 3138/7329/794 3139/7331/794 3403/7330/794
f 3135/6879/794 3417/7325/794 3416/7332/794
f 3275/7323/794 3278/7320/794 3144/7322/794
f 3135/6879/794 3414/7328/794 3413/7333/794
f 3135/6879/794 3413/7333/794 3415/7326/794
f 3274/7334/794 3275/7323/794 3141/6877/794
f 3273/7335/794 3274/7334/794 3141/6877/794
f 3135/6879/794 3416/7332/794 3423/7336/794
f 3276/7337/794 3273/7335/794 3141/6877/794
f 3279/7324/794 3276/7337/794 3141/6877/794
f 3135/6879/794 3423/7336/794 3280/7338/794
f 3279/7324/794 3135/6879/794 3280/7338/794
f 3280/7338/794 3423/7336/794 3419/7339/794
f 3284/7340/794 3280/7338/794 3419/7339/794
f 3284/7340/794 3419/7339/794 3418/7341/794
f 3282/7342/794 3284/7340/794 3418/7341/794
f 3282/7342/794 3418/7341/794 3422/7343/794
f 3288/7344/794 3282/7342/794 3422/7343/794
f 3288/7344/794 3422/7343/794 3421/7345/794
f 3293/7346/794 3288/7344/794 3421/7345/794
f 3293/7346/794 3421/7345/794 3291/7347/794
f 3421/7345/794 3420/7348/794 3291/7347/794
f 3291/7347/794 3420/7348/794 3428/7349/794
f 3301/7350/794 3291/7347/794 3428/7349/794
f 3301/7350/794 3428/7349/794 3424/7351/794
f 3300/7352/794 3301/7350/794 3424/7351/794
f 3300/7352/794 3424/7351/794 3425/7353/794
f 3305/7354/794 3300/7352/794 3425/7353/794
f 3305/7354/794 3425/7353/794 3177/6730/794
f 3425/7353/794 3426/7355/794 3177/6730/794
f 3302/7356/794 3305/7354/794 3177/6730/794
f 3426/7355/794 3431/7357/794 3177/6730/794
f 3304/7358/794 3302/7356/794 3178/6729/794
f 3302/7356/794 3177/6730/794 3178/6729/794
f 3431/7357/794 3434/7359/794 3177/6730/794
f 3303/7360/794 3304/7358/794 3178/6729/794
f 3434/7359/794 3432/7361/794 3177/6730/794
f 3298/7362/794 3303/7360/794 3178/6729/794
f 3433/7363/794 3430/7364/794 3159/7365/794
f 3430/7364/794 3158/7366/794 3159/7365/794
f 3432/7361/794 3433/7363/794 3177/6730/794
f 3159/7365/794 3177/6730/794 3433/7363/794
f 3178/6729/794 3162/6660/794 3297/6662/794
f 3298/7362/794 3178/6729/794 3297/6662/794
f 3162/6660/794 3163/7307/794 3299/6661/794
f 3407/7367/794 3403/7330/794 3136/7368/794
f 3403/7330/794 3139/7331/794 3136/7368/794
f 3136/7368/794 3155/6665/794 3409/7369/794
f 3155/6665/794 3157/7370/794 3429/7371/794
f 3157/7370/794 3158/7366/794 3429/7371/794
f 3155/6665/794 3429/7371/794 3435/7372/794
f 3158/7366/794 3430/7364/794 3429/7371/794
f 3136/7368/794 3409/7369/794 3408/7373/794
f 3409/7369/794 3155/6665/794 3412/6664/794
f 3405/7374/794 3407/7367/794 3136/7368/794
f 3404/7375/794 3405/7374/794 3136/7368/794
f 3435/7372/794 3427/7376/794 3155/6665/794
f 3427/7376/794 3411/7377/794 3155/6665/794
f 3406/7378/794 3404/7375/794 3136/7368/794
f 3408/7373/794 3406/7378/794 3136/7368/794
f 3411/7377/794 3410/6663/794 3155/6665/794
f 3176/6666/825 3179/7379/825 3177/6667/826
f 3151/6669/827 3140/6695/827 3161/6670/828
f 3186/6672/794 3264/6863/794 3261/6673/794
f 3309/7380/792 3308/7381/792 3153/7382/792
f 3153/7382/792 3154/7383/792 3309/7380/792
f 3154/7383/792 3151/6677/792 3309/7380/792
f 3151/6677/792 3170/7384/792 3317/6675/792
f 3170/7384/792 3172/7385/792 3330/7386/792
f 3317/6675/792 3170/7384/792 3315/7387/792
f 3172/7385/792 3324/7388/792 3330/7386/792
f 3330/7386/792 3321/7389/792 3170/7384/792
f 3311/7390/792 3309/7380/792 3151/6677/792
f 3310/7391/792 3311/7390/792 3151/6677/792
f 3321/7389/792 3323/7392/792 3170/7384/792
f 3323/7392/792 3319/7393/792 3170/7384/792
f 3312/7394/792 3310/7391/792 3151/6677/792
f 3314/6676/792 3312/7394/792 3151/6677/792
f 3319/7393/792 3315/7387/792 3170/7384/792
f 3447/7395/792 3148/7396/792 3149/7397/792
f 3149/7397/792 3146/6865/792 3447/7395/792
f 3146/6865/792 3150/6867/792 3334/7398/792
f 3332/7399/792 3150/6867/792 3306/7400/792
f 3150/6867/792 3152/7401/792 3307/7402/792
f 3152/7401/792 3153/7382/792 3308/7381/792
f 3150/6867/792 3307/7402/792 3306/7400/792
f 3308/7381/792 3307/7402/792 3152/7401/792
f 3150/6867/792 3332/7399/792 3333/7403/792
f 3446/7404/792 3447/7395/792 3146/6865/792
f 3448/7405/792 3446/7404/792 3146/6865/792
f 3150/6867/792 3333/7403/792 3334/7398/792
f 3450/7406/792 3448/7405/792 3146/6865/792
f 3456/7407/792 3450/7406/792 3146/6865/792
f 3146/6865/792 3334/7398/792 3335/7408/792
f 3454/7409/792 3456/7407/792 3146/6865/792
f 3454/7409/792 3146/6865/792 3335/7408/792
f 3452/7410/792 3454/7409/792 3337/7411/792
f 3337/7411/792 3454/7409/792 3335/7408/792
f 3452/7410/792 3337/7411/792 3336/7412/792
f 3451/7413/792 3452/7410/792 3336/7412/792
f 3451/7413/792 3336/7412/792 3313/7414/792
f 3467/7415/792 3451/7413/792 3313/7414/792
f 3467/7415/792 3313/7414/792 3316/7416/792
f 3458/7417/792 3467/7415/792 3316/7416/792
f 3458/7417/792 3316/7416/792 3457/7418/792
f 3316/7416/792 3331/7419/792 3457/7418/792
f 3457/7418/792 3331/7419/792 3318/7420/792
f 3461/7421/792 3457/7418/792 3318/7420/792
f 3461/7421/792 3318/7420/792 3322/7422/792
f 3460/7423/792 3461/7421/792 3322/7422/792
f 3460/7423/792 3322/7422/792 3320/7424/792
f 3459/7425/792 3460/7423/792 3320/7424/792
f 3459/7425/792 3320/7424/792 3165/6723/792
f 3320/7424/792 3328/7426/792 3165/6723/792
f 3466/7427/792 3459/7425/792 3165/6723/792
f 3328/7426/792 3329/7428/792 3171/6724/792
f 3165/6723/792 3328/7426/792 3171/6724/792
f 3462/7429/792 3466/7427/792 3165/6723/792
f 3329/7428/792 3326/7430/792 3171/6724/792
f 3465/7431/792 3462/7429/792 3165/6723/792
f 3326/7430/792 3325/7432/792 3171/6724/792
f 3463/7433/792 3465/7431/792 3165/6723/792
f 3327/7434/792 3324/7388/792 3174/7435/792
f 3324/7388/792 3172/7385/792 3173/7436/792
f 3325/7432/792 3327/7434/792 3171/6724/792
f 3324/7388/792 3173/7436/792 3174/7435/792
f 3174/7435/792 3171/6724/792 3327/7434/792
f 3165/6723/792 3167/6680/792 3464/6679/792
f 3167/6680/792 3168/7437/792 3443/6678/792
f 3165/6723/792 3464/6679/792 3463/7433/792
f 3168/7437/792 3169/7438/792 3443/6678/792
f 3443/6678/792 3169/7438/792 3166/7439/792
f 3166/7439/792 3145/6683/792 3439/6682/792
f 3145/6683/792 3147/7440/792 3449/7441/792
f 3436/7442/792 3145/6683/792 3437/7443/792
f 3147/7440/792 3148/7396/792 3449/7441/792
f 3148/7396/792 3447/7395/792 3449/7441/792
f 3442/7444/792 3443/6678/792 3166/7439/792
f 3444/7445/792 3442/7444/792 3166/7439/792
f 3449/7441/792 3455/7446/792 3145/6683/792
f 3455/7446/792 3453/7447/792 3145/6683/792
f 3441/7448/792 3444/7445/792 3166/7439/792
f 3440/7449/792 3441/7448/792 3166/7439/792
f 3453/7447/792 3437/7443/792 3145/6683/792
f 3445/7450/792 3440/7449/792 3166/7439/792
f 3439/6682/792 3445/7450/792 3166/7439/792
f 3145/6683/792 3436/7442/792 3438/6681/792
f 3136/6684/829 3139/7451/830 3147/6685/830
f 3139/6687/830 3138/6690/831 3148/6688/831
f 3138/6690/831 3137/6692/832 3149/6691/832
f 3137/6692/832 3135/7452/833 3146/6693/833
f 3151/6669/827 3154/7453/834 3142/6694/834
f 3154/6696/834 3153/6699/835 3143/6697/835
f 3153/6699/835 3152/6701/836 3144/6700/836
f 3152/6701/836 3150/7454/837 3141/6702/837
f 3166/6703/838 3169/7455/839 3157/6704/839
f 3169/6706/839 3168/6709/840 3158/6707/840
f 3168/6709/840 3167/6711/841 3159/6710/841
f 3167/6711/841 3165/6668/826 3177/6667/826
f 3161/6670/828 3164/6713/842 3172/6712/842
f 3164/6713/842 3163/7456/843 3173/6714/843
f 3163/6715/843 3162/6718/844 3174/6716/844
f 3162/6718/844 3178/7457/845 3171/6719/845
f 3166/6703/838 3155/6705/838 3136/6684/829
f 3178/6726/796 3179/7458/796 3176/6727/796
f 3156/6721/794 3160/6720/794 3178/6729/794
f 3156/6721/794 3177/6730/794 3179/6731/794
f 3175/6722/794 3179/6731/794 3178/6729/794
f 3468/7459/794 3469/6735/794 3181/7460/794
f 3469/6735/794 3184/7461/794 3181/7460/794
f 3181/7460/794 3200/6734/794 3474/7462/794
f 3200/6734/794 3202/7463/794 3493/7464/794
f 3202/7463/794 3203/7465/794 3493/7464/794
f 3200/6734/794 3493/7464/794 3499/7466/794
f 3203/7465/794 3495/7467/794 3493/7464/794
f 3181/7460/794 3474/7462/794 3473/7468/794
f 3474/7462/794 3200/6734/794 3477/6733/794
f 3470/7469/794 3468/7459/794 3181/7460/794
f 3471/7470/794 3470/7469/794 3181/7460/794
f 3499/7466/794 3491/7471/794 3200/6734/794
f 3491/7471/794 3476/7472/794 3200/6734/794
f 3472/7473/794 3471/7470/794 3181/7460/794
f 3473/7468/794 3472/7473/794 3181/7460/794
f 3476/7472/794 3475/6732/794 3200/6734/794
f 3495/7467/794 3203/7465/794 3204/7474/794
f 3204/7474/794 3201/6742/794 3495/7467/794
f 3201/6742/794 3205/6741/794 3367/7475/794
f 3368/7476/794 3205/6741/794 3360/7477/794
f 3205/6741/794 3207/7478/794 3361/7479/794
f 3207/7478/794 3208/7480/794 3359/7481/794
f 3205/6741/794 3361/7479/794 3360/7477/794
f 3359/7481/794 3361/7479/794 3207/7478/794
f 3205/6741/794 3368/7476/794 3369/7482/794
f 3494/7483/794 3495/7467/794 3201/6742/794
f 3496/7484/794 3494/7483/794 3201/6742/794
f 3205/6741/794 3369/7482/794 3367/7475/794
f 3497/7485/794 3496/7484/794 3201/6742/794
f 3498/7486/794 3497/7485/794 3201/6742/794
f 3201/6742/794 3367/7475/794 3366/7487/794
f 3490/7488/794 3498/7486/794 3201/6742/794
f 3490/7488/794 3201/6742/794 3366/7487/794
f 3492/7489/794 3490/7488/794 3365/7490/794
f 3365/7490/794 3490/7488/794 3366/7487/794
f 3492/7489/794 3365/7490/794 3364/7491/794
f 3489/7492/794 3492/7489/794 3364/7491/794
f 3489/7492/794 3364/7491/794 3354/7493/794
f 3488/7494/794 3489/7492/794 3354/7493/794
f 3488/7494/794 3354/7493/794 3351/7495/794
f 3485/7496/794 3488/7494/794 3351/7495/794
f 3485/7496/794 3351/7495/794 3486/7497/794
f 3351/7495/794 3352/7498/794 3486/7497/794
f 3486/7497/794 3352/7498/794 3346/7499/794
f 3487/7500/794 3486/7497/794 3346/7499/794
f 3487/7500/794 3346/7499/794 3348/7501/794
f 3484/7502/794 3487/7500/794 3348/7501/794
f 3484/7502/794 3348/7501/794 3344/7503/794
f 3483/7504/794 3484/7502/794 3344/7503/794
f 3483/7504/794 3344/7503/794 3180/6674/794
f 3344/7503/794 3343/7505/794 3180/6674/794
f 3482/7506/794 3483/7504/794 3180/6674/794
f 3343/7505/794 3341/7507/794 3186/6672/794
f 3180/6674/794 3343/7505/794 3186/6672/794
f 3481/7508/794 3482/7506/794 3180/6674/794
f 3341/7507/794 3338/7509/794 3186/6672/794
f 3480/7510/794 3481/7508/794 3180/6674/794
f 3338/7509/794 3339/7511/794 3186/6672/794
f 3478/7512/794 3480/7510/794 3180/6674/794
f 3340/7513/794 3342/7514/794 3189/7515/794
f 3342/7514/794 3187/7516/794 3188/7517/794
f 3339/7511/794 3340/7513/794 3186/6672/794
f 3342/7514/794 3188/7517/794 3189/7515/794
f 3189/7515/794 3186/6672/794 3340/7513/794
f 3180/6674/794 3182/6737/794 3479/6736/794
f 3182/6737/794 3183/7518/794 3469/6735/794
f 3180/6674/794 3479/6736/794 3478/7512/794
f 3183/7518/794 3184/7461/794 3469/6735/794
f 3362/7519/794 3359/7481/794 3208/7480/794
f 3208/7480/794 3209/7520/794 3362/7519/794
f 3209/7520/794 3206/6740/794 3362/7519/794
f 3206/6740/794 3185/7521/794 3356/6738/794
f 3185/7521/794 3187/7516/794 3350/7522/794
f 3356/6738/794 3185/7521/794 3353/7523/794
f 3187/7516/794 3342/7514/794 3350/7522/794
f 3350/7522/794 3345/7524/794 3185/7521/794
f 3357/7525/794 3362/7519/794 3206/6740/794
f 3358/7526/794 3357/7525/794 3206/6740/794
f 3345/7524/794 3349/7527/794 3185/7521/794
f 3349/7527/794 3347/7528/794 3185/7521/794
f 3363/7529/794 3358/7526/794 3206/6740/794
f 3355/6739/794 3363/7529/794 3206/6740/794
f 3347/7528/794 3353/7523/794 3185/7521/794
f 3196/6744/827 3185/6770/827 3206/6745/828
f 3180/6747/795 3261/6861/795 3262/6748/795
f 3525/7530/792 3522/7531/792 3211/7532/792
f 3522/7531/792 3214/7533/792 3211/7532/792
f 3211/7532/792 3190/6752/792 3515/7534/792
f 3190/6752/792 3192/7535/792 3502/7536/792
f 3192/7535/792 3193/7537/792 3502/7536/792
f 3190/6752/792 3502/7536/792 3511/7538/792
f 3193/7537/792 3503/7539/792 3502/7536/792
f 3211/7532/792 3515/7534/792 3518/7540/792
f 3515/7534/792 3190/6752/792 3514/6751/792
f 3520/7541/792 3525/7530/792 3211/7532/792
f 3521/7542/792 3520/7541/792 3211/7532/792
f 3511/7538/792 3506/7543/792 3190/6752/792
f 3506/7543/792 3509/7544/792 3190/6752/792
f 3524/7545/792 3521/7542/792 3211/7532/792
f 3518/7540/792 3524/7545/792 3211/7532/792
f 3509/7544/792 3507/6750/792 3190/6752/792
f 3503/7539/792 3193/7537/792 3194/7546/792
f 3194/7546/792 3191/6868/792 3500/7547/792
f 3191/6868/792 3195/6870/792 3398/7548/792
f 3397/7549/792 3195/6870/792 3370/7550/792
f 3195/6870/792 3197/7551/792 3371/7552/792
f 3197/7551/792 3198/7553/792 3374/7554/792
f 3195/6870/792 3371/7552/792 3370/7550/792
f 3374/7554/792 3371/7552/792 3197/7551/792
f 3195/6870/792 3397/7549/792 3399/7555/792
f 3500/7547/792 3503/7539/792 3194/7546/792
f 3501/7556/792 3500/7547/792 3191/6868/792
f 3195/6870/792 3399/7555/792 3398/7548/792
f 3505/7557/792 3501/7556/792 3191/6868/792
f 3504/7558/792 3505/7557/792 3191/6868/792
f 3191/6868/792 3398/7548/792 3402/7559/792
f 3512/7560/792 3504/7558/792 3191/6868/792
f 3510/7561/792 3512/7560/792 3191/6868/792
f 3510/7561/792 3191/6868/792 3402/7559/792
f 3402/7559/792 3400/7562/792 3510/7561/792
f 3508/7563/792 3510/7561/792 3400/7562/792
f 3508/7563/792 3400/7562/792 3401/7564/792
f 3513/7565/792 3508/7563/792 3401/7564/792
f 3513/7565/792 3401/7564/792 3378/7566/792
f 3516/7567/792 3513/7565/792 3378/7566/792
f 3516/7567/792 3378/7566/792 3380/7568/792
f 3517/7569/792 3516/7567/792 3380/7568/792
f 3517/7569/792 3380/7568/792 3519/7570/792
f 3380/7568/792 3379/7571/792 3519/7570/792
f 3519/7570/792 3379/7571/792 3382/7572/792
f 3527/7573/792 3519/7570/792 3382/7572/792
f 3527/7573/792 3382/7572/792 3386/7574/792
f 3526/7575/792 3527/7573/792 3386/7574/792
f 3526/7575/792 3386/7574/792 3384/7576/792
f 3528/7577/792 3526/7575/792 3384/7576/792
f 3528/7577/792 3384/7576/792 3223/6806/792
f 3384/7576/792 3393/7578/792 3223/6806/792
f 3530/7579/792 3528/7577/792 3223/6806/792
f 3393/7578/792 3388/7580/792 3222/6804/792
f 3223/6806/792 3393/7578/792 3222/6804/792
f 3529/7581/792 3530/7579/792 3223/6806/792
f 3388/7580/792 3391/7582/792 3222/6804/792
f 3532/7583/792 3529/7581/792 3223/6806/792
f 3391/7582/792 3390/7584/792 3222/6804/792
f 3531/7585/792 3532/7583/792 3223/6806/792
f 3214/7533/792 3522/7531/792 3213/7586/792
f 3522/7531/792 3523/7587/792 3212/7588/792
f 3213/7586/792 3522/7531/792 3212/7588/792
f 3223/6806/792 3212/7588/792 3523/7587/792
f 3218/7589/792 3219/6755/792 3394/6754/792
f 3219/6755/792 3222/6804/792 3392/6753/792
f 3392/6753/792 3222/6804/792 3390/7584/792
f 3389/7590/792 3217/7591/792 3218/7589/792
f 3394/6754/792 3389/7590/792 3218/7589/792
f 3523/7587/792 3531/7585/792 3223/6806/792
f 3373/7592/792 3374/7554/792 3198/7553/792
f 3198/7553/792 3199/7593/792 3373/7592/792
f 3199/7593/792 3196/6758/792 3373/7592/792
f 3196/6758/792 3215/7594/792 3381/6756/792
f 3215/7594/792 3217/7591/792 3395/7595/792
f 3381/6756/792 3215/7594/792 3396/7596/792
f 3217/7591/792 3389/7590/792 3395/7595/792
f 3395/7595/792 3385/7597/792 3215/7594/792
f 3372/7598/792 3373/7592/792 3196/6758/792
f 3375/7599/792 3372/7598/792 3196/6758/792
f 3385/7597/792 3387/7600/792 3215/7594/792
f 3387/7600/792 3383/7601/792 3215/7594/792
f 3376/7602/792 3375/7599/792 3196/6758/792
f 3377/6757/792 3376/7602/792 3196/6758/792
f 3383/7601/792 3396/7596/792 3215/7594/792
f 3181/6759/829 3184/7603/830 3192/6760/830
f 3184/6762/830 3183/6765/831 3193/6763/831
f 3183/6765/831 3182/6767/832 3194/6766/832
f 3182/6767/832 3180/7604/833 3191/6768/833
f 3196/6744/827 3199/7605/834 3187/6769/834
f 3199/6771/834 3198/6774/835 3188/6772/835
f 3198/6774/835 3197/6776/836 3189/6775/836
f 3197/6776/836 3195/7606/837 3186/6777/837
f 3211/6778/838 3214/7607/839 3202/6779/839
f 3214/6781/839 3213/6784/840 3203/6782/840
f 3213/6784/840 3212/6786/841 3204/6785/841
f 3212/6786/841 3223/6803/826 3201/6787/826
f 3206/6745/828 3209/6789/842 3217/6788/842
f 3209/6789/842 3208/7608/843 3218/6790/843
f 3208/6791/843 3207/6794/844 3219/6792/844
f 3207/6794/844 3205/7609/845 3222/6795/845
f 3211/6778/838 3200/6780/838 3181/6759/829
f 3205/6799/796 3220/7610/796 3224/6800/796
f 3224/6802/825 3220/7611/825 3201/6787/826
f 3210/6796/792 3223/6806/792 3222/6804/792
f 3221/6798/792 3216/6797/792 3222/6804/792
f 3210/6796/792 3221/6798/792 3224/6805/792
f 3238/6809/846 3239/7612/846 3231/7613/846
f 3239/7612/846 3240/7614/846 3231/7613/846
f 3240/7614/846 3221/6842/868 3175/6841/868
f 3175/6841/868 3230/7615/846 3240/7614/846
f 3230/7615/846 3231/7613/846 3240/7614/846
f 3231/7613/846 3232/7616/846 3238/6809/846
f 3232/7616/846 3229/6807/846 3238/6809/846
f 3210/6810/847 3216/7617/848 3160/6811/848
f 3226/6815/849 3227/7618/849 3235/7619/849
f 3227/7618/849 3228/7620/849 3235/7619/849
f 3228/7620/849 3160/6811/848 3216/7617/848
f 3216/7617/848 3234/7621/849 3228/7620/849
f 3234/7621/849 3235/7619/849 3228/7620/849
f 3235/7619/849 3236/7622/849 3226/6815/849
f 3236/7622/849 3233/6813/849 3226/6815/849
f 3225/6816/796 3233/6835/796 3237/6817/796
f 3175/6819/850 3160/7623/850 3228/6820/851
f 3230/6821/852 3228/6820/851 3227/6822/853
f 3231/6823/854 3227/6822/853 3226/6824/855
f 3232/6826/856 3226/7624/856 3225/6816/856
f 3221/6827/857 3240/6830/859 3234/6828/858
f 3240/6830/859 3239/6832/861 3235/6831/860
f 3239/6832/861 3238/7625/862 3236/6833/862
f 3238/6834/863 3237/6817/890 3233/6835/863
f 3242/6837/864 3243/7626/864 3251/7627/864
f 3243/7626/864 3244/7628/864 3251/7627/864
f 3244/7628/864 3241/7629/864 3249/7630/864
f 3249/7630/864 3250/7631/864 3244/7628/864
f 3250/7631/864 3251/7627/864 3244/7628/864
f 3251/7627/864 3252/7632/864 3242/6837/864
f 3252/7632/864 3210/6810/847 3242/6837/864
f 3241/6838/865 3245/6852/877 3253/6839/866
f 3254/6843/869 3255/7633/869 3247/7634/869
f 3255/7633/869 3256/7635/869 3247/7634/869
f 3256/7635/869 3253/6839/869 3245/6852/869
f 3245/6852/869 3246/7636/869 3256/7635/869
f 3246/7636/869 3247/7634/869 3256/7635/869
f 3247/7634/869 3248/7637/869 3254/6843/869
f 3248/7637/869 3175/6841/868 3254/6843/869
f 3156/6844/870 3175/7638/870 3248/6845/871
f 3242/6846/872 3248/6845/871 3247/6847/873
f 3243/6848/874 3247/6847/873 3246/6849/875
f 3244/6851/876 3246/7636/876 3245/6852/877
f 3253/6839/866 3256/7635/878 3250/6853/878
f 3256/6854/879 3255/6857/881 3251/6855/880
f 3255/6857/881 3254/6859/883 3252/6858/882
f 3254/6859/883 3221/7639/884 3210/6860/884
f 3261/6861/795 3269/7640/795 3270/6862/795
f 3264/6863/794 3272/7641/794 3269/6864/794
f 3146/6865/792 3258/6897/792 3259/6866/792
f 3191/6868/792 3262/7642/792 3263/6869/792
f 3150/6871/796 3259/6899/796 3260/6872/796
f 3135/6874/795 3257/6891/795 3258/6875/795
f 3141/6877/794 3260/7643/794 3257/6878/794
f 3195/6880/796 3263/6890/796 3264/6881/796
f 3268/6883/791 3267/7644/791 3266/6884/791
f 3272/6886/791 3271/7645/791 3270/6887/791
f 3268/6889/796 3271/7646/796 3263/6890/796
f 3257/6891/795 3265/7647/795 3266/6892/795
f 3260/6893/793 3263/7648/793 3262/6894/793
f 3263/6890/796 3271/7646/796 3272/6896/796
f 3258/6897/792 3266/7649/792 3267/6898/792
f 3259/6899/796 3267/7650/796 3268/6889/796
f 3270/6862/795 3265/7647/795 3257/6891/795
f 3270/6887/791 3271/7645/791 3268/6883/791
f 3356/6900/795 3381/7035/795 3396/6901/811
f 3287/6903/795 3317/7036/795 3315/6904/811
f 3355/6902/811 3396/6901/811 3383/6906/812
f 3292/6905/811 3315/6904/811 3319/6908/812
f 3363/6907/812 3383/6906/812 3387/6910/813
f 3290/6909/812 3319/6908/812 3323/6912/813
f 3358/6911/813 3387/6910/813 3385/6914/814
f 3294/6913/813 3323/6912/813 3321/6916/814
f 3357/6918/814 3385/7651/814 3395/6919/815
f 3296/6921/814 3321/7652/814 3330/6922/815
f 3395/6919/815 3389/6924/885 3362/6920/815
f 3389/6924/885 3394/6928/816 3359/6925/816
f 3330/6922/815 3324/6930/816 3299/6926/816
f 3361/6927/817 3359/6925/816 3394/6928/816
f 3324/6930/816 3327/6934/817 3297/6931/817
f 3360/6932/791 3361/6927/817 3392/6929/817
f 3327/6934/817 3325/6938/791 3298/6935/791
f 3390/6933/791 3391/6941/818 3368/6936/818
f 3303/6937/818 3298/6935/791 3325/6938/791
f 3369/6940/819 3368/6936/818 3391/6941/818
f 3326/6939/818 3329/6946/819 3304/6943/819
f 3367/6944/820 3369/6940/819 3388/6942/819
f 3329/6946/819 3328/6951/820 3302/6947/820
f 3366/6948/821 3367/6944/820 3393/6945/820
f 3305/6950/821 3302/6947/820 3328/6951/820
f 3365/6953/822 3366/7653/821 3384/6954/821
f 3300/6956/822 3305/7654/821 3320/6957/821
f 3364/6959/823 3365/6953/822 3386/6955/822
f 3301/6961/823 3300/6956/822 3322/6958/822
f 3354/6963/824 3364/6959/823 3382/6960/823
f 3291/6965/824 3301/6961/823 3318/6962/823
f 3351/6967/796 3354/6963/824 3379/6964/824
f 3293/6969/796 3291/6965/824 3331/6966/824
f 3352/6971/797 3351/6967/796 3380/6968/796
f 3288/6973/797 3293/6969/796 3316/6970/796
f 3346/6975/798 3352/6971/797 3378/6972/797
f 3282/6977/798 3288/6973/797 3313/6974/797
f 3348/6979/799 3346/6975/798 3401/6976/798
f 3284/6981/799 3282/6977/798 3336/6978/798
f 3344/6983/800 3348/6979/799 3400/6980/799
f 3280/6985/800 3284/6981/799 3337/6982/799
f 3343/6987/801 3344/7655/800 3402/6988/800
f 3279/6990/801 3280/7656/800 3335/6991/800
f 3341/6993/802 3343/6987/801 3398/6989/801
f 3279/6990/801 3334/6992/801 3333/6995/802
f 3338/6997/803 3341/6993/802 3399/6994/802
f 3276/6996/802 3333/6995/802 3332/6999/803
f 3338/6997/803 3397/6998/803 3370/7001/793
f 3273/7000/803 3332/6999/803 3306/7003/793
f 3340/7005/804 3339/7002/793 3370/7001/793
f 3274/7004/793 3306/7003/793 3307/7007/804
f 3342/7009/805 3340/7005/804 3371/7006/804
f 3275/7008/804 3307/7007/804 3308/7011/805
f 3350/7013/806 3342/7009/805 3374/7010/805
f 3308/7011/805 3309/7657/806 3277/7015/886
f 3309/7657/806 3286/7018/806 3277/7015/886
f 3350/7013/806 3373/7014/806 3372/7016/807
f 3286/7018/806 3309/7657/806 3311/7019/807
f 3345/7021/807 3372/7658/807 3375/7022/808
f 3281/7024/807 3311/7659/807 3310/7025/808
f 3349/7023/808 3375/7022/808 3376/7027/809
f 3285/7026/808 3310/7025/808 3312/7029/809
f 3347/7028/809 3376/7027/809 3377/7031/810
f 3283/7030/809 3312/7029/809 3314/7033/810
f 3353/7032/810 3377/7031/810 3381/7035/795
f 3289/7034/810 3314/7033/810 3317/7036/795
f 3485/7037/795 3517/7169/795 3519/7038/811
f 3421/7040/795 3458/7170/795 3457/7041/811
f 3488/7039/811 3519/7038/811 3527/7043/812
f 3420/7042/811 3457/7041/811 3461/7045/812
f 3489/7044/812 3527/7043/812 3526/7047/813
f 3428/7046/812 3461/7045/812 3460/7049/813
f 3492/7048/813 3526/7047/813 3528/7051/814
f 3424/7050/813 3460/7049/813 3459/7053/814
f 3490/7055/814 3528/7660/814 3530/7056/815
f 3425/7058/814 3459/7661/814 3466/7059/815
f 3497/7061/816 3498/7057/815 3530/7056/815
f 3466/7059/815 3462/7066/816 3431/7063/816
f 3496/7064/817 3497/7061/816 3529/7062/816
f 3462/7066/816 3465/7662/817 3434/7067/817
f 3494/7068/791 3496/7064/817 3532/7065/817
f 3434/7067/817 3465/7662/817 3463/7070/791
f 3495/7072/818 3494/7068/791 3531/7069/791
f 3463/7070/791 3464/7077/818 3433/7074/818
f 3523/7073/818 3522/7079/819 3493/7075/819
f 3464/7077/818 3443/7081/819 3430/7076/887
f 3443/7081/819 3429/7083/819 3430/7076/887
f 3499/7078/820 3493/7075/819 3522/7079/819
f 3443/7081/819 3442/7087/820 3435/7082/820
f 3491/7084/821 3499/7078/820 3525/7080/820
f 3427/7086/821 3435/7082/820 3442/7087/820
f 3476/7089/822 3491/7663/821 3520/7090/821
f 3411/7092/822 3427/7664/821 3444/7093/821
f 3475/7095/823 3476/7089/822 3521/7091/822
f 3410/7097/823 3411/7092/822 3441/7094/822
f 3477/7099/824 3475/7095/823 3524/7096/823
f 3412/7101/824 3410/7097/823 3440/7098/823
f 3474/7103/796 3477/7099/824 3518/7100/824
f 3409/7105/796 3412/7101/824 3445/7102/824
f 3473/7107/797 3474/7103/796 3515/7104/796
f 3408/7109/797 3409/7105/796 3439/7106/796
f 3472/7111/798 3473/7107/797 3514/7108/797
f 3406/7113/798 3408/7109/797 3438/7110/797
f 3471/7115/799 3472/7111/798 3507/7112/798
f 3404/7117/799 3406/7113/798 3436/7114/798
f 3470/7119/800 3471/7115/799 3509/7116/799
f 3405/7121/800 3404/7117/799 3437/7118/799
f 3468/7123/801 3470/7665/800 3506/7124/800
f 3407/7126/801 3405/7666/800 3453/7127/800
f 3469/7129/802 3468/7123/801 3511/7125/801
f 3407/7126/801 3455/7128/801 3449/7131/802
f 3500/7137/803 3479/7667/803 3503/7133/888
f 3479/7667/803 3469/7129/802 3503/7133/888
f 3403/7132/802 3449/7131/802 3447/7134/803
f 3478/7136/793 3479/7667/803 3500/7137/803
f 3414/7135/803 3447/7134/803 3446/7138/793
f 3480/7140/804 3478/7136/793 3501/7002/793
f 3415/7142/804 3413/7139/793 3446/7138/793
f 3481/7144/805 3480/7140/804 3505/7141/804
f 3415/7142/804 3448/7143/804 3450/7146/805
f 3482/7148/806 3481/7144/805 3504/7145/805
f 3417/7147/805 3450/7146/805 3456/7150/806
f 3482/7148/806 3512/7149/806 3510/7152/807
f 3416/7151/806 3456/7150/806 3454/7154/807
f 3483/7156/807 3510/7668/807 3508/7157/808
f 3423/6915/807 3454/7669/807 3452/7159/808
f 3484/7158/808 3508/7157/808 3513/7161/809
f 3419/7160/808 3452/7159/808 3451/7163/809
f 3487/7162/809 3513/7161/809 3516/7165/810
f 3418/7164/809 3451/7163/809 3467/7167/810
f 3486/7166/810 3516/7165/810 3517/7169/795
f 3422/7168/810 3467/7167/810 3458/7170/795
f 3534/7171/796 3536/7174/797 3535/7172/797
f 3536/7174/797 3538/7176/798 3537/7175/798
f 3538/7176/798 3540/7178/799 3539/7177/799
f 3540/7178/799 3542/7670/800 3541/7179/800
f 3542/7180/800 3544/7183/801 3543/7181/801
f 3544/7183/801 3546/7185/802 3545/7184/802
f 3546/7185/802 3548/7187/803 3547/7186/803
f 3548/7187/803 3550/7189/793 3549/7188/793
f 3550/7189/793 3552/7191/804 3551/7190/804
f 3552/7191/804 3554/7193/805 3553/7192/805
f 3554/7193/805 3556/7195/806 3555/7194/806
f 3556/7195/806 3558/7671/807 3557/7196/807
f 3558/7197/807 3560/7200/808 3559/7198/808
f 3560/7200/808 3562/7202/809 3561/7201/809
f 3562/7202/809 3564/7204/810 3563/7203/810
f 3564/7204/810 3566/7206/795 3565/7205/795
f 3566/7206/795 3568/7208/811 3567/7207/811
f 3568/7208/811 3570/7210/812 3569/7209/812
f 3570/7210/812 3572/7212/813 3571/7211/813
f 3572/7212/813 3574/7672/814 3573/7213/814
f 3574/7214/814 3576/7217/815 3575/7215/815
f 3576/7217/815 3578/7219/816 3577/7218/816
f 3578/7219/816 3580/7221/817 3579/7220/817
f 3580/7221/817 3582/7223/791 3581/7222/791
f 3582/7223/791 3584/7225/818 3583/7224/818
f 3584/7225/818 3586/7227/819 3585/7226/819
f 3586/7227/819 3588/7229/820 3587/7228/820
f 3588/7229/820 3590/7673/821 3589/7230/821
f 3590/7231/821 3592/7234/822 3591/7232/822
f 3592/7234/822 3594/7239/823 3593/7235/823
f 3538/7674/794 3536/7675/794 3534/7676/794
f 3534/7676/794 3596/7677/794 3594/7678/794
f 3594/7678/794 3592/7679/794 3590/7680/794
f 3590/7680/794 3588/7681/889 3586/7236/794
f 3586/7236/794 3584/7682/794 3582/7683/794
f 3582/7683/794 3580/7684/794 3586/7236/794
f 3580/7684/794 3578/7685/794 3586/7236/794
f 3578/7685/794 3576/7686/889 3574/7687/794
f 3574/7687/794 3572/7688/794 3578/7685/794
f 3572/7688/794 3570/7237/794 3578/7685/794
f 3570/7237/794 3568/7689/794 3566/7690/794
f 3566/7690/794 3564/7691/794 3562/7692/794
f 3562/7692/794 3560/7693/794 3554/7238/794
f 3560/7693/794 3558/7694/794 3554/7238/794
f 3558/7694/794 3556/7695/794 3554/7238/794
f 3554/7238/794 3552/7696/794 3546/7697/794
f 3552/7696/794 3550/7698/794 3546/7697/794
f 3550/7698/794 3548/7699/794 3546/7697/794
f 3546/7697/794 3544/7700/794 3542/7701/794
f 3542/7701/794 3540/7702/794 3538/7674/794
f 3538/7674/794 3534/7676/794 3594/7678/794
f 3594/7678/794 3590/7680/794 3538/7674/794
f 3590/7680/794 3586/7236/794 3538/7674/794
f 3570/7237/794 3566/7690/794 3554/7238/794
f 3566/7690/794 3562/7692/794 3554/7238/794
f 3546/7697/794 3542/7701/794 3554/7238/794
f 3542/7701/794 3538/7674/794 3554/7238/794
f 3586/7236/794 3578/7685/794 3570/7237/794
f 3538/7674/794 3586/7236/794 3554/7238/794
f 3594/7239/823 3596/7241/824 3595/7240/824
f 3596/7241/824 3534/7171/796 3533/7173/796
f 3595/7244/792 3533/7703/792 3539/7704/792
f 3533/7703/792 3535/7705/792 3539/7704/792
f 3535/7705/792 3537/7706/792 3539/7704/792
f 3539/7704/792 3541/7707/792 3547/7708/792
f 3541/7707/792 3543/7709/792 3547/7708/792
f 3543/7709/792 3545/7710/792 3547/7708/792
f 3547/7708/792 3549/7711/792 3551/7712/792
f 3551/7712/792 3553/7713/792 3555/7714/792
f 3555/7714/792 3557/7715/792 3559/7716/792
f 3559/7716/792 3561/7717/792 3563/7718/792
f 3563/7718/792 3565/7719/792 3571/7242/792
f 3565/7719/792 3567/7720/792 3571/7242/792
f 3567/7720/792 3569/7721/792 3571/7242/792
f 3571/7242/792 3573/7722/792 3575/7723/792
f 3575/7723/792 3577/7724/792 3579/7243/792
f 3579/7243/792 3581/7725/792 3583/7726/792
f 3583/7726/792 3585/7727/792 3579/7243/792
f 3585/7727/792 3587/7728/792 3579/7243/792
f 3587/7728/792 3589/7729/792 3591/7730/792
f 3591/7730/792 3593/7731/792 3595/7244/792
f 3547/7708/792 3551/7712/792 3555/7714/792
f 3555/7714/792 3559/7716/792 3547/7708/792
f 3559/7716/792 3563/7718/792 3547/7708/792
f 3571/7242/792 3575/7723/792 3579/7243/792
f 3587/7728/792 3591/7730/792 3579/7243/792
f 3591/7730/792 3595/7244/792 3579/7243/792
f 3595/7244/792 3539/7704/792 3563/7718/792
f 3539/7704/792 3547/7708/792 3563/7718/792
f 3563/7718/792 3571/7242/792 3595/7244/792
o schienbein.r
v 1.171041 -7.495558 -0.476595
v 1.171041 -4.167896 -0.476595
v 2.171041 -7.495558 -0.476595
v 2.171041 -4.167896 -0.476595
v 1.171041 -7.495558 0.523405
v 1.171041 -4.167896 0.523405
v 2.171041 -7.495558 0.523404
v 2.171041 -4.167896 0.523404
v 2.371041 -6.995559 0.023404
v 0.971041 -6.995559 0.023405
v 2.371041 -6.999402 0.062423
v 0.971041 -6.999402 0.062423
v 2.371041 -7.010783 0.099941
v 0.971041 -7.010783 0.099941
v 2.371041 -7.029265 0.134519
v 0.971041 -7.029265 0.134519
v 2.371041 -7.054138 0.164826
v 0.971041 -7.054138 0.164826
v 2.371041 -7.084445 0.189698
v 0.971041 -7.084445 0.189699
v 2.371041 -7.119022 0.208180
v 0.971041 -7.119023 0.208181
v 2.371041 -7.156541 0.219562
v 0.971041 -7.156541 0.219562
v 2.371041 -7.195559 0.223404
v 0.971041 -7.195559 0.223405
v 2.371041 -7.234577 0.219562
v 0.971041 -7.234577 0.219562
v 2.371041 -7.272096 0.208180
v 0.971041 -7.272096 0.208181
v 2.371041 -7.306674 0.189698
v 0.971041 -7.306674 0.189699
v 2.371041 -7.336980 0.164826
v 0.971041 -7.336980 0.164826
v 2.371041 -7.361853 0.134519
v 0.971041 -7.361853 0.134519
v 2.371041 -7.380335 0.099941
v 0.971041 -7.380335 0.099941
v 2.371041 -7.391716 0.062423
v 0.971041 -7.391716 0.062423
v 2.371041 -7.395559 0.023404
v 0.971041 -7.395559 0.023405
v 2.371041 -7.391716 -0.015614
v 0.971041 -7.391716 -0.015613
v 2.371041 -7.380335 -0.053132
v 0.971041 -7.380335 -0.053132
v 2.371041 -7.361853 -0.087710
v 0.971041 -7.361853 -0.087709
v 2.371041 -7.336980 -0.118017
v 0.971041 -7.336980 -0.118017
v 2.371041 -7.306674 -0.142889
v 0.971041 -7.306674 -0.142889
v 2.371041 -7.272096 -0.161371
v 0.971041 -7.272096 -0.161371
v 2.371041 -7.234577 -0.172753
v 0.971041 -7.234577 -0.172752
v 2.371041 -7.195559 -0.176595
v 0.971041 -7.195559 -0.176595
v 2.371041 -7.156541 -0.172753
v 0.971041 -7.156541 -0.172752
v 2.371041 -7.119022 -0.161371
v 0.971041 -7.119023 -0.161371
v 2.371041 -7.084445 -0.142889
v 0.971041 -7.084445 -0.142889
v 2.371041 -7.054138 -0.118017
v 0.971041 -7.054138 -0.118017
v 2.371041 -7.029265 -0.087710
v 0.971041 -7.029265 -0.087709
v 2.371041 -7.010783 -0.053132
v 0.971041 -7.010783 -0.053132
v 2.371041 -6.999402 -0.015614
v 0.971041 -6.999402 -0.015613
v 2.171041 -6.995559 0.023405
v 1.171041 -6.995559 0.023405
v 2.171041 -6.999402 0.062423
v 1.171041 -6.999402 0.062423
v 2.171041 -7.010783 0.099941
v 1.171041 -7.010783 0.099941
v 2.171041 -7.029265 0.134519
v 1.171041 -7.029265 0.134519
v 2.171041 -7.054138 0.164826
v 1.171041 -7.054138 0.164826
v 2.171041 -7.084445 0.189698
v 1.171041 -7.084445 0.189699
v 2.171041 -7.119022 0.208180
v 1.171041 -7.119023 0.208181
v 2.171041 -7.156541 0.219562
v 1.171041 -7.156541 0.219562
v 2.171041 -7.195559 0.223404
v 1.171041 -7.195559 0.223405
v 2.171041 -7.234577 0.219562
v 1.171041 -7.234577 0.219562
v 2.171041 -7.272096 0.208180
v 1.171041 -7.272096 0.208181
v 2.171041 -7.306674 0.189698
v 1.171041 -7.306674 0.189699
v 2.171041 -7.336980 0.164826
v 1.171041 -7.336980 0.164826
v 2.171041 -7.361853 0.134519
v 1.171041 -7.361853 0.134519
v 2.171041 -7.380335 0.099941
v 1.171041 -7.380335 0.099941
v 2.171041 -7.391716 0.062423
v 1.171041 -7.391716 0.062423
v 2.171041 -7.395559 0.023405
v 1.171041 -7.395559 0.023405
v 2.171041 -7.391716 -0.015614
v 1.171041 -7.391716 -0.015613
v 2.171041 -7.380335 -0.053132
v 1.171041 -7.380335 -0.053132
v 2.171041 -7.361853 -0.087710
v 1.171041 -7.361853 -0.087709
v 2.171041 -7.336980 -0.118017
v 1.171041 -7.336980 -0.118017
v 2.171041 -7.306674 -0.142889
v 1.171041 -7.306674 -0.142889
v 2.171041 -7.272096 -0.161371
v 1.171041 -7.272096 -0.161371
v 2.171041 -7.234577 -0.172753
v 1.171041 -7.234577 -0.172752
v 2.171041 -7.195559 -0.176595
v 1.171041 -7.195559 -0.176595
v 2.171041 -7.156541 -0.172753
v 1.171041 -7.156541 -0.172752
v 2.171041 -7.119022 -0.161371
v 1.171041 -7.119023 -0.161371
v 2.171041 -7.084445 -0.142889
v 1.171041 -7.084445 -0.142889
v 2.171041 -7.054138 -0.118017
v 1.171041 -7.054138 -0.118017
v 2.171041 -7.029265 -0.087710
v 1.171041 -7.029265 -0.087709
v 2.171041 -7.010783 -0.053132
v 1.171041 -7.010783 -0.053132
v 2.171041 -6.999402 -0.015614
v 1.171041 -6.999402 -0.015613
v 2.171041 -4.445560 -0.176595
v 2.171041 -4.484579 -0.172753
v 2.171041 -4.406543 -0.172753
v 2.171041 -4.556675 -0.142889
v 2.171041 -4.334446 -0.142889
v 2.171041 -4.522097 -0.161371
v 2.171041 -4.369024 -0.161371
v 2.171041 -4.304140 -0.118017
v 2.171041 -4.586982 -0.118017
v 2.171041 -4.279267 -0.087710
v 2.171041 -4.611855 -0.087710
v 2.171041 -4.260786 -0.053132
v 2.171041 -4.630336 -0.053132
v 2.171041 -4.641718 -0.015614
v 2.171041 -4.249403 -0.015614
v 2.171041 -4.645561 0.023405
v 2.171041 -4.245561 0.023405
v 2.171041 -4.641718 0.062423
v 2.171041 -4.249403 0.062423
v 2.171041 -4.630336 0.099941
v 2.171041 -4.260786 0.099941
v 2.171041 -4.611855 0.134519
v 2.171041 -4.279267 0.134519
v 2.171041 -4.556675 0.189698
v 2.171041 -4.334446 0.189698
v 2.171041 -4.445560 0.223404
v 2.171041 -4.406543 0.219562
v 2.171041 -4.484579 0.219562
v 2.171041 -4.369024 0.208180
v 2.171041 -4.522097 0.208180
v 2.171041 -4.304140 0.164826
v 2.171041 -4.586982 0.164826
v 1.171041 -4.445560 -0.176595
v 1.171041 -4.484579 -0.172752
v 1.171041 -4.406543 -0.172752
v 1.171041 -4.334446 -0.142889
v 1.171041 -4.556675 -0.142889
v 1.171041 -4.522097 -0.161371
v 1.171041 -4.369024 -0.161371
v 1.171041 -4.304140 -0.118017
v 1.171041 -4.586982 -0.118017
v 1.171041 -4.279267 -0.087709
v 1.171041 -4.611855 -0.087709
v 1.171041 -4.260786 -0.053132
v 1.171041 -4.630336 -0.053132
v 1.171041 -4.645561 0.023405
v 1.171041 -4.249403 -0.015613
v 1.171041 -4.641718 -0.015613
v 1.171041 -4.641718 0.062423
v 1.171041 -4.245561 0.023405
v 1.171041 -4.630336 0.099941
v 1.171041 -4.249403 0.062423
v 1.171041 -4.611855 0.134519
v 1.171041 -4.260786 0.099941
v 1.171041 -4.586982 0.164826
v 1.171041 -4.304140 0.164826
v 1.171041 -4.279267 0.134519
v 1.171041 -4.556675 0.189699
v 1.171041 -4.334446 0.189699
v 1.171041 -4.445560 0.223405
v 1.171041 -4.484579 0.219562
v 1.171041 -4.406543 0.219562
v 1.171041 -4.522097 0.208181
v 1.171041 -4.369024 0.208181
v 2.421041 -4.245561 0.023404
v 0.921041 -4.245561 0.023405
v 2.421041 -4.249403 0.062423
v 0.921041 -4.249403 0.062423
v 2.421041 -4.260785 0.099941
v 0.921041 -4.260785 0.099941
v 2.421041 -4.279267 0.134519
v 0.921041 -4.279267 0.134519
v 2.421041 -4.304140 0.164826
v 0.921041 -4.304140 0.164826
v 2.421041 -4.334446 0.189698
v 0.921041 -4.334446 0.189699
v 2.421041 -4.369024 0.208180
v 0.921041 -4.369024 0.208181
v 2.421041 -4.406542 0.219562
v 0.921041 -4.406543 0.219562
v 2.421041 -4.445560 0.223404
v 0.921041 -4.445560 0.223405
v 2.421041 -4.484579 0.219562
v 0.921041 -4.484579 0.219562
v 2.421041 -4.522097 0.208180
v 0.921041 -4.522097 0.208181
v 2.421041 -4.556674 0.189698
v 0.921041 -4.556674 0.189699
v 2.421041 -4.586982 0.164826
v 0.921041 -4.586982 0.164826
v 2.421041 -4.611854 0.134519
v 0.921041 -4.611854 0.134519
v 2.421041 -4.630336 0.099941
v 0.921041 -4.630336 0.099941
v 2.421041 -4.641717 0.062423
v 0.921041 -4.641717 0.062423
v 2.421041 -4.645561 0.023404
v 0.921041 -4.645561 0.023405
v 2.421041 -4.641717 -0.015614
v 0.921041 -4.641717 -0.015613
v 2.421041 -4.630336 -0.053132
v 0.921041 -4.630336 -0.053132
v 2.421041 -4.611854 -0.087710
v 0.921041 -4.611854 -0.087709
v 2.421041 -4.586982 -0.118017
v 0.921041 -4.586982 -0.118017
v 2.421041 -4.556674 -0.142889
v 0.921041 -4.556674 -0.142889
v 2.421041 -4.522097 -0.161371
v 0.921041 -4.522097 -0.161371
v 2.421041 -4.484579 -0.172753
v 0.921041 -4.484579 -0.172752
v 2.421041 -4.445560 -0.176595
v 0.921041 -4.445560 -0.176595
v 2.421041 -4.406542 -0.172753
v 0.921041 -4.406543 -0.172752
v 2.421041 -4.369024 -0.161371
v 0.921041 -4.369024 -0.161371
v 2.421041 -4.334446 -0.142889
v 0.921041 -4.334446 -0.142889
v 2.421041 -4.304140 -0.118017
v 0.921041 -4.304140 -0.118017
v 2.421041 -4.279267 -0.087710
v 0.921041 -4.279267 -0.087709
v 2.421041 -4.260785 -0.053132
v 0.921041 -4.260785 -0.053132
v 2.421041 -4.249403 -0.015614
v 0.921041 -4.249403 -0.015613
v 2.271041 -4.445558 -0.476595
v 2.271041 -4.745558 -0.276595
v 2.271041 -4.560363 -0.461371
v 2.271041 -4.657691 -0.418017
v 2.271041 -4.722722 -0.353132
v 2.271041 -3.245559 -0.276595
v 2.271041 -3.545559 -0.476595
v 2.271041 -3.268395 -0.353132
v 2.271041 -3.333426 -0.418017
v 2.271041 -3.430754 -0.461371
v 2.371041 -4.745558 -0.276595
v 2.371041 -4.445558 -0.476595
v 2.371041 -4.722722 -0.353132
v 2.371041 -4.657691 -0.418017
v 2.371041 -4.560363 -0.461371
v 2.371041 -3.545559 -0.476595
v 2.371041 -3.245559 -0.276595
v 2.371041 -3.430754 -0.461371
v 2.371041 -3.333426 -0.418017
v 2.371041 -3.268395 -0.353132
v 2.271041 -4.745558 0.323405
v 2.271041 -3.998917 0.613559
v 2.271041 -4.722722 0.399941
v 2.271041 -4.657691 0.464826
v 2.271041 -4.560363 0.508180
v 2.271041 -3.680791 0.613559
v 2.271041 -3.245559 0.323405
v 2.271041 -3.430754 0.508180
v 2.271041 -3.333426 0.464826
v 2.271041 -3.268395 0.399941
v 2.371041 -4.445558 0.523404
v 2.371041 -4.745558 0.323404
v 2.371041 -4.560363 0.508180
v 2.371041 -4.657691 0.464826
v 2.371041 -4.722722 0.399941
v 2.371041 -3.245559 0.323404
v 2.371041 -3.545559 0.523404
v 2.371041 -3.268395 0.399941
v 2.371041 -3.333426 0.464826
v 2.371041 -3.430754 0.508180
v 2.271041 -3.680791 0.754949
v 2.371041 -3.545559 0.923404
v 2.271041 -4.445558 0.523404
v 2.271041 -3.545559 0.523404
v 2.271041 -3.545559 0.923405
v 0.971041 -4.445558 -0.476595
v 0.971041 -4.745558 -0.276595
v 0.971041 -4.560363 -0.461371
v 0.971041 -4.657690 -0.418017
v 0.971041 -4.722722 -0.353132
v 0.971041 -3.245558 -0.276595
v 0.971041 -3.545558 -0.476595
v 0.971041 -3.268394 -0.353132
v 0.971041 -3.333426 -0.418017
v 0.971041 -3.430753 -0.461371
v 1.071041 -4.745558 -0.276595
v 1.071041 -4.445558 -0.476595
v 1.071041 -4.722722 -0.353132
v 1.071041 -4.657690 -0.418017
v 1.071041 -4.560363 -0.461371
v 1.071041 -3.545558 -0.476595
v 1.071041 -3.245558 -0.276595
v 1.071041 -3.430753 -0.461371
v 1.071041 -3.333426 -0.418017
v 1.071041 -3.268394 -0.353132
v 0.971041 -4.745558 0.323405
v 0.971041 -4.445558 0.523405
v 0.971041 -4.722722 0.399941
v 0.971041 -4.657690 0.464826
v 0.971041 -4.560363 0.508181
v 0.971041 -3.545558 0.523405
v 0.971041 -3.245558 0.323405
v 0.971041 -3.430753 0.508181
v 0.971041 -3.333426 0.464826
v 0.971041 -3.268394 0.399941
v 1.071041 -3.998917 0.613559
v 1.071041 -4.745558 0.323405
v 1.071041 -4.560363 0.508181
v 1.071041 -4.657690 0.464826
v 1.071041 -4.722722 0.399941
v 1.071041 -3.245558 0.323405
v 1.071041 -3.680790 0.613559
v 1.071041 -3.268394 0.399941
v 1.071041 -3.333426 0.464826
v 1.071041 -3.430753 0.508181
v 0.971041 -3.545558 0.923405
v 1.071041 -3.680790 0.754949
v 1.071041 -3.545558 0.523405
v 1.071041 -4.445558 0.523405
v 1.071041 -3.545558 0.923405
v 1.801041 -2.180791 0.863559
v 1.980903 -2.294972 0.844529
v 2.133382 -2.620131 0.790336
v 2.235265 -3.106766 0.709230
v 1.801042 -2.180791 1.004949
v 2.235265 -3.106766 0.850620
v 2.133382 -2.620131 0.931726
v 1.980903 -2.294972 0.985919
v 1.541041 -2.180791 0.863559
v 1.106818 -3.106765 0.709230
v 1.208701 -2.620130 0.790336
v 1.361180 -2.294972 0.844529
v 1.541041 -2.180791 1.004949
v 1.361180 -2.294972 0.985919
v 1.208701 -2.620130 0.931726
v 1.106818 -3.106765 0.850620
v 1.771041 -5.775774 0.918164
v 2.232981 -4.678891 0.730127
v 2.124595 -5.255344 0.828947
v 1.962383 -5.640518 0.894978
v 1.771041 -5.457647 1.059554
v 1.962383 -5.322392 1.036367
v 2.124595 -4.937218 0.970337
v 2.232981 -4.360764 0.871516
v 1.571041 -5.775774 0.918164
v 1.379699 -5.640518 0.894978
v 1.217488 -5.255344 0.828948
v 1.109102 -4.678890 0.730127
v 1.571041 -5.457647 1.059554
v 1.109102 -4.360764 0.871516
v 1.217488 -4.937217 0.970337
v 1.379699 -5.322392 1.036367
v 2.271041 -4.445558 -0.776595
v 2.371041 -4.445558 -0.776595
v 2.371041 -3.545559 -0.776595
v 2.271041 -3.545559 -0.776595
v 0.971041 -4.445558 -0.776595
v 1.071041 -4.445558 -0.776595
v 1.071041 -3.545558 -0.776595
v 0.971041 -3.545558 -0.776595
v 2.271041 -4.445558 -0.876595
v 2.371041 -4.445558 -0.876595
v 2.371041 -3.545559 -0.876595
v 2.271041 -3.545559 -0.876595
v 0.971041 -4.445558 -0.876595
v 1.071041 -4.445558 -0.876595
v 1.071041 -3.545558 -0.876595
v 0.971041 -3.545558 -0.876595
v 2.271041 -3.634578 -0.172753
v 2.271041 -3.595560 -0.176595
v 2.271041 -3.556542 -0.172753
v 2.271041 -3.672097 -0.161371
v 2.271041 -3.515566 -0.159523
v 2.271041 -3.519023 -0.161371
v 2.271041 -3.706674 -0.142889
v 2.271041 -3.736981 -0.118017
v 2.271041 -3.454139 -0.118017
v 2.271041 -3.780336 -0.053132
v 2.271041 -3.410784 -0.053132
v 2.271041 -3.761854 -0.087710
v 2.271041 -3.429266 -0.087710
v 2.271041 -3.484446 -0.142889
v 2.271041 -3.395560 0.023405
v 2.271041 -3.791717 -0.015614
v 2.271041 -3.399403 -0.015614
v 2.271041 -3.410784 0.099941
v 2.271041 -3.791717 0.062423
v 2.271041 -3.399403 0.062423
v 2.271041 -3.795560 0.023405
v 2.271041 -3.429266 0.134519
v 2.271041 -3.484446 0.189698
v 2.271041 -3.454139 0.164826
v 2.271041 -3.556542 0.219562
v 2.271041 -3.595560 0.223404
v 2.271041 -3.519023 0.208180
v 2.271041 -3.761854 0.134519
v 2.271041 -3.780336 0.099941
v 2.271041 -3.706674 0.189698
v 2.271041 -3.634578 0.219562
v 2.271041 -3.672097 0.208180
v 2.271041 -3.736981 0.164826
v 2.371041 -3.595560 -0.176595
v 2.371041 -3.556542 -0.172753
v 2.371041 -3.519023 -0.161371
v 2.371041 -3.484446 -0.142889
v 2.371041 -3.429266 -0.087710
v 2.371041 -3.454139 -0.118017
v 2.371041 -3.410784 -0.053132
v 2.371041 -3.791717 -0.015614
v 2.371041 -3.399403 -0.015614
v 2.371041 -3.399403 0.062423
v 2.371041 -3.795560 0.023404
v 2.371041 -3.395560 0.023404
v 2.371041 -3.780336 0.099941
v 2.371041 -3.410784 0.099941
v 2.371041 -3.736981 0.164826
v 2.371041 -3.454139 0.164826
v 2.371041 -3.761854 0.134519
v 2.371041 -3.429266 0.134519
v 2.371041 -3.519023 0.208180
v 2.371041 -3.595560 0.223404
v 2.371041 -3.634578 0.219562
v 2.371041 -3.556542 0.219562
v 2.371041 -3.706674 0.189698
v 2.371041 -3.672097 0.208180
v 2.371041 -3.484446 0.189698
v 2.371041 -3.791717 0.062423
v 2.371041 -3.634578 -0.172753
v 2.371041 -3.672097 -0.161371
v 2.371041 -3.706674 -0.142889
v 2.371041 -3.736981 -0.118017
v 2.371041 -3.780336 -0.053132
v 2.371041 -3.761854 -0.087710
v 0.971041 -3.634578 -0.172752
v 0.971041 -3.595560 -0.176595
v 0.971041 -3.556542 -0.172752
v 0.971041 -3.672097 -0.161371
v 0.971041 -3.519023 -0.161371
v 0.971041 -3.706674 -0.142889
v 0.971041 -3.736981 -0.118017
v 0.971041 -3.454139 -0.118017
v 0.971041 -3.780336 -0.053132
v 0.971041 -3.410784 -0.053132
v 0.971041 -3.761854 -0.087709
v 0.971041 -3.429266 -0.087709
v 0.971041 -3.484446 -0.142889
v 0.971041 -3.795560 0.023405
v 0.971041 -3.791717 -0.015613
v 0.971041 -3.399403 -0.015613
v 0.971041 -3.791717 0.062423
v 0.971041 -3.399403 0.062423
v 0.971041 -3.395560 0.023405
v 0.971041 -3.454139 0.164826
v 0.971041 -3.429266 0.134519
v 0.971041 -3.519023 0.208181
v 0.971041 -3.595560 0.223405
v 0.971041 -3.556542 0.219562
v 0.971041 -3.484446 0.189699
v 0.971041 -3.410784 0.099941
v 0.971041 -3.780336 0.099941
v 0.971041 -3.761854 0.134519
v 0.971041 -3.736981 0.164826
v 0.971041 -3.706674 0.189699
v 0.971041 -3.634578 0.219562
v 0.971041 -3.672097 0.208181
v 1.071041 -3.595560 -0.176595
v 1.071041 -3.556542 -0.172752
v 1.071041 -3.454139 -0.118017
v 1.071041 -3.484446 -0.142889
v 1.071041 -3.519023 -0.161371
v 1.071041 -3.429266 -0.087709
v 1.071041 -3.410784 -0.053132
v 1.071041 -3.399403 -0.015613
v 1.071041 -3.791717 -0.015613
v 1.071041 -3.791717 0.062423
v 1.071041 -3.795560 0.023405
v 1.071041 -3.395560 0.023405
v 1.071041 -3.780336 0.099941
v 1.071041 -3.410784 0.099941
v 1.071041 -3.736981 0.164826
v 1.071041 -3.454139 0.164826
v 1.071041 -3.761854 0.134519
v 1.071041 -3.429266 0.134519
v 1.071041 -3.672097 0.208181
v 1.071041 -3.515566 0.206332
v 1.071041 -3.595560 0.223405
v 1.071041 -3.634578 0.219562
v 1.071041 -3.556542 0.219562
v 1.071041 -3.706674 0.189699
v 1.071041 -3.519023 0.208181
v 1.071041 -3.484446 0.189699
v 1.071041 -3.399403 0.062423
v 1.071041 -3.634578 -0.172752
v 1.071041 -3.706674 -0.142889
v 1.071041 -3.672097 -0.161371
v 1.071041 -3.761854 -0.087709
v 1.071041 -3.780336 -0.053132
v 1.071041 -3.736981 -0.118017
v 2.271041 -4.522097 -0.161371
v 2.271041 -4.611854 -0.087710
v 2.271041 -4.586981 -0.118017
v 2.271041 -4.630336 -0.053132
v 2.271041 -4.556674 -0.142889
v 2.271041 -4.641717 -0.015614
v 2.271041 -4.645560 0.023405
v 2.271041 -4.630336 0.099941
v 2.271041 -4.611854 0.134519
v 2.271041 -4.641717 0.062423
v 2.271041 -4.445560 -0.176595
v 2.271041 -4.484578 -0.172753
v 2.271041 -4.406542 -0.172753
v 2.271041 -4.334446 -0.142889
v 2.271041 -4.369024 -0.161371
v 2.271041 -4.260785 -0.053132
v 2.271041 -4.279266 -0.087710
v 2.271041 -4.249403 0.062423
v 2.271041 -4.245560 0.023405
v 2.271041 -4.249403 -0.015614
v 2.271041 -4.304139 -0.118017
v 2.271041 -4.279266 0.134519
v 2.271041 -4.304139 0.164826
v 2.271041 -4.334446 0.189698
v 2.271041 -4.586981 0.164826
v 2.271041 -4.260785 0.099941
v 2.271041 -4.522097 0.208180
v 2.271041 -4.488330 0.218423
v 2.271041 -4.369024 0.208180
v 2.271041 -4.445560 0.223404
v 2.271041 -4.484578 0.219562
v 2.271041 -4.406542 0.219562
v 2.271041 -4.556674 0.189698
v 2.371041 -4.630336 -0.053132
v 2.371041 -4.611854 -0.087710
v 2.371041 -4.641717 -0.015614
v 2.371041 -4.645560 0.023404
v 2.371041 -4.630336 0.099941
v 2.371041 -4.611854 0.134519
v 2.371041 -4.556674 0.189698
v 2.371041 -4.522097 0.208180
v 2.371041 -4.586981 0.164826
v 2.371041 -4.641717 0.062423
v 2.371041 -4.445560 -0.176595
v 2.371041 -4.484578 -0.172753
v 2.371041 -4.406542 -0.172753
v 2.371041 -4.522097 -0.161371
v 2.371041 -4.369024 -0.161371
v 2.371041 -4.260785 -0.053132
v 2.371041 -4.279266 -0.087710
v 2.371041 -4.586981 -0.118017
v 2.371041 -4.304139 -0.118017
v 2.371041 -4.556674 -0.142889
v 2.371041 -4.334446 -0.142889
v 2.371041 -4.249403 0.062423
v 2.371041 -4.245560 0.023404
v 2.371041 -4.304139 0.164826
v 2.371041 -4.279266 0.134519
v 2.371041 -4.260785 0.099941
v 2.371041 -4.369024 0.208180
v 2.371041 -4.445560 0.223404
v 2.371041 -4.484578 0.219562
v 2.371041 -4.406542 0.219562
v 2.371041 -4.334446 0.189698
v 2.371041 -4.249403 -0.015614
v 0.971041 -4.556674 -0.142889
v 0.971041 -4.522097 -0.161371
v 0.971041 -4.586981 -0.118017
v 0.971041 -4.611854 -0.087709
v 0.971041 -4.630336 -0.053132
v 0.971041 -4.641717 -0.015613
v 0.971041 -4.645560 0.023405
v 0.971041 -4.630336 0.099941
v 0.971041 -4.611854 0.134519
v 0.971041 -4.641717 0.062423
v 0.971041 -4.445560 -0.176595
v 0.971041 -4.484578 -0.172752
v 0.971041 -4.406542 -0.172752
v 0.971041 -4.369024 -0.161371
v 0.971041 -4.334446 -0.142889
v 0.971041 -4.304139 -0.118017
v 0.971041 -4.279266 -0.087709
v 0.971041 -4.245560 0.023405
v 0.971041 -4.249403 -0.015613
v 0.971041 -4.260785 -0.053132
v 0.971041 -4.249403 0.062423
v 0.971041 -4.260785 0.099941
v 0.971041 -4.304139 0.164826
v 0.971041 -4.586981 0.164826
v 0.971041 -4.279266 0.134519
v 0.971041 -4.522097 0.208181
v 0.971041 -4.445560 0.223405
v 0.971041 -4.484578 0.219562
v 0.971041 -4.406542 0.219562
v 0.971041 -4.369024 0.208181
v 0.971041 -4.334446 0.189699
v 0.971041 -4.556674 0.189699
v 1.071041 -4.484578 -0.172752
v 1.071041 -4.445560 -0.176595
v 1.071041 -4.522097 -0.161371
v 1.071041 -4.488330 -0.171614
v 1.071041 -4.369024 -0.161371
v 1.071041 -4.406542 -0.172752
v 1.071041 -4.586981 -0.118017
v 1.071041 -4.630336 -0.053132
v 1.071041 -4.279266 -0.087709
v 1.071041 -4.611854 -0.087709
v 1.071041 -4.304139 -0.118017
v 1.071041 -4.556674 -0.142889
v 1.071041 -4.334446 -0.142889
v 1.071041 -4.260785 -0.053132
v 1.071041 -4.641717 -0.015613
v 1.071041 -4.645560 0.023405
v 1.071041 -4.249403 -0.015613
v 1.071041 -4.245560 0.023405
v 1.071041 -4.641717 0.062423
v 1.071041 -4.249403 0.062423
v 1.071041 -4.586981 0.164826
v 1.071041 -4.611854 0.134519
v 1.071041 -4.522097 0.208181
v 1.071041 -4.484578 0.219562
v 1.071041 -4.630336 0.099941
v 1.071041 -4.556674 0.189699
v 1.071041 -4.279266 0.134519
v 1.071041 -4.260785 0.099941
v 1.071041 -4.304139 0.164826
v 1.071041 -4.369024 0.208181
v 1.071041 -4.334446 0.189699
v 1.071041 -4.445560 0.223405
v 1.071041 -4.406542 0.219562
v 2.421041 -3.395561 0.023404
v 0.921041 -3.395561 0.023405
v 2.421041 -3.399404 0.062423
v 0.921041 -3.399404 0.062423
v 2.421041 -3.410785 0.099941
v 0.921041 -3.410785 0.099941
v 2.421041 -3.429267 0.134519
v 0.921041 -3.429267 0.134519
v 2.421041 -3.454140 0.164826
v 0.921041 -3.454140 0.164826
v 2.421041 -3.484447 0.189698
v 0.921041 -3.484447 0.189699
v 2.421041 -3.519024 0.208180
v 0.921041 -3.519024 0.208181
v 2.421041 -3.556543 0.219562
v 0.921041 -3.556543 0.219562
v 2.421041 -3.595561 0.223404
v 0.921041 -3.595561 0.223405
v 2.421041 -3.634579 0.219562
v 0.921041 -3.634579 0.219562
v 2.421041 -3.672098 0.208180
v 0.921041 -3.672098 0.208181
v 2.421041 -3.706675 0.189698
v 0.921041 -3.706675 0.189699
v 2.421041 -3.736982 0.164826
v 0.921041 -3.736982 0.164826
v 2.421041 -3.761855 0.134519
v 0.921041 -3.761855 0.134519
v 2.421041 -3.780337 0.099941
v 0.921041 -3.780337 0.099941
v 2.421041 -3.791718 0.062423
v 0.921041 -3.791718 0.062423
v 2.421041 -3.795561 0.023404
v 0.921041 -3.795561 0.023405
v 2.421041 -3.791718 -0.015614
v 0.921041 -3.791718 -0.015613
v 2.421041 -3.780337 -0.053132
v 0.921041 -3.780337 -0.053132
v 2.421041 -3.761855 -0.087710
v 0.921041 -3.761855 -0.087709
v 2.421041 -3.736982 -0.118017
v 0.921041 -3.736982 -0.118017
v 2.421041 -3.706675 -0.142889
v 0.921041 -3.706675 -0.142889
v 2.421041 -3.672098 -0.161371
v 0.921041 -3.672098 -0.161371
v 2.421041 -3.634579 -0.172753
v 0.921041 -3.634579 -0.172752
v 2.421041 -3.595561 -0.176595
v 0.921041 -3.595561 -0.176595
v 2.421041 -3.556543 -0.172753
v 0.921041 -3.556543 -0.172752
v 2.421041 -3.519024 -0.161371
v 0.921041 -3.519024 -0.161371
v 2.421041 -3.484447 -0.142889
v 0.921041 -3.484447 -0.142889
v 2.421041 -3.454140 -0.118017
v 0.921041 -3.454140 -0.118017
v 2.421041 -3.429267 -0.087710
v 0.921041 -3.429267 -0.087709
v 2.421041 -3.410785 -0.053132
v 0.921041 -3.410785 -0.053132
v 2.421041 -3.399404 -0.015614
v 0.921041 -3.399404 -0.015613
vn -0.0000 -0.0000 -1.0000
vn 1.0000 -0.0000 -0.0000
vn -0.0000 -0.0000 1.0000
vn -1.0000 -0.0000 -0.0000
vn -0.0000 -1.0000 -0.0000
vn -0.0000 1.0000 -0.0000
vn -0.0000 0.9808 0.1951
vn -0.0000 0.9239 0.3827
vn -0.0000 0.8315 0.5556
vn -0.0000 0.7071 0.7071
vn -0.0000 0.5556 0.8315
vn -0.0000 0.3827 0.9239
vn -0.0000 0.1951 0.9808
vn -0.0000 -0.1951 0.9808
vn -0.0000 -0.3827 0.9239
vn -0.0000 -0.5556 0.8315
vn -0.0000 -0.7071 0.7071
vn -0.0000 -0.8315 0.5556
vn -0.0000 -0.9239 0.3827
vn -0.0000 -0.9808 0.1951
vn -0.0000 -0.9808 -0.1951
vn -0.0000 -0.9239 -0.3827
vn -0.0000 -0.8315 -0.5556
vn -0.0000 -0.7071 -0.7071
vn -0.0000 -0.5556 -0.8315
vn -0.0000 -0.3827 -0.9239
vn -0.0000 -0.1951 -0.9808
vn -0.0000 0.1951 -0.9808
vn -0.0000 0.3827 -0.9239
vn -0.0000 0.5556 -0.8315
vn -0.0000 0.7071 -0.7071
vn -0.0000 0.8315 -0.5556
vn -0.0000 0.9239 -0.3827
vn -0.0000 0.9808 -0.1951
vn -0.0000 -0.4061 0.9138
vn -0.0000 -0.2716 0.9624
vn -0.0000 0.9895 -0.1445
vn -0.0000 0.9895 0.1445
vn -0.0000 -0.9895 -0.1445
vn -0.0000 -0.8586 -0.5126
vn -0.0000 -0.5660 -0.8244
vn -0.0000 -0.2720 -0.9623
vn -0.0000 -0.1315 -0.9913
vn -0.0000 0.8586 -0.5126
vn -0.0000 0.5660 -0.8244
vn -0.0000 0.2720 -0.9623
vn -0.0000 0.1315 -0.9913
vn -0.0000 -0.9895 0.1445
vn -0.0000 -0.8586 0.5126
vn -0.0000 -0.5660 0.8244
vn -0.0000 -0.2720 0.9623
vn -0.0000 0.8586 0.5126
vn -0.0000 0.5660 0.8244
vn -0.0000 0.2720 0.9623
vn -0.0000 0.1315 0.9913
vn -0.0000 -0.1644 0.9864
vn -0.0000 -0.0833 -0.9965
vn -0.0000 0.0808 -0.9967
vn -0.0000 0.1644 -0.9864
vn 0.9981 0.0622 -0.0000
vn 0.9920 0.1265 -0.0000
vn 0.9900 0.1413 -0.0000
vn 0.9521 0.3059 -0.0000
vn 0.9447 0.3279 -0.0000
vn 0.9054 0.4246 -0.0000
vn 0.5360 0.8442 -0.0000
vn -0.9981 0.0622 -0.0000
vn -0.9920 0.1265 -0.0000
vn -0.9900 0.1413 -0.0000
vn -0.9521 0.3059 -0.0000
vn -0.9447 0.3279 -0.0000
vn -0.9054 0.4246 -0.0000
vn -0.5360 0.8442 -0.0000
vn -0.0000 -0.1690 -0.9856
vn 0.1519 -0.4014 0.9032
vn -0.2142 -0.3967 0.8926
vn -0.1519 -0.4014 0.9032
vn -0.0000 0.0027 1.0000
vn -0.0000 0.1690 0.9856
vn 0.9951 -0.0402 0.0904
vn 0.9899 -0.0576 0.1295
vn 0.9610 -0.1124 0.2528
vn 0.9246 -0.1547 0.3481
vn 0.8371 -0.2222 0.4999
vn 0.8007 -0.2433 0.5475
vn 0.3696 -0.3774 0.8491
vn 0.2142 -0.3967 0.8926
vn -0.3696 -0.3774 0.8491
vn -0.8007 -0.2433 0.5475
vn -0.8371 -0.2222 0.4999
vn -0.9246 -0.1547 0.3481
vn -0.9610 -0.1124 0.2528
vn -0.9899 -0.0576 0.1295
vn -0.9951 -0.0402 0.0904
vn -0.0000 -0.4714 -0.8819
vn -0.0000 -0.4714 0.8819
vn -0.0000 0.2903 -0.9569
vn -0.0000 0.2903 0.9569
vt 0.280436 0.470244
vt 0.327568 0.627123
vt 0.280436 0.627123
vt 0.789463 0.391635
vt 0.811190 0.257094
vt 0.813029 0.257275
vt 0.789463 0.234756
vt 0.836595 0.234756
vt 0.813029 0.238417
vt 0.698026 0.687106
vt 0.745158 0.843926
vt 0.698026 0.843926
vt 0.792291 0.404242
vt 0.839422 0.404242
vt 0.815857 0.407903
vt 0.792291 0.561121
vt 0.814017 0.426580
vt 0.815857 0.426761
vt 0.327568 0.901232
vt 0.374700 0.948376
vt 0.327568 0.948376
vt 0.421832 0.948376
vt 0.374700 0.901232
vt 0.421832 0.901232
vt 0.304002 0.892638
vt 0.294575 0.890798
vt 0.304002 0.890798
vt 0.313428 0.892638
vt 0.313428 0.890798
vt 0.304002 0.889029
vt 0.304002 0.889029
vt 0.313428 0.889029
vt 0.294575 0.889029
vt 0.304002 0.887399
vt 0.304002 0.887399
vt 0.313428 0.887399
vt 0.294575 0.885970
vt 0.304002 0.885970
vt 0.313428 0.885970
vt 0.965113 0.070716
vt 0.955686 0.072112
vt 0.955686 0.070716
vt 0.716783 0.968259
vt 0.726209 0.966863
vt 0.726209 0.968259
vt 0.965113 0.072112
vt 0.955686 0.073717
vt 0.716783 0.969864
vt 0.726209 0.969864
vt 0.965113 0.073717
vt 0.955686 0.075471
vt 0.716783 0.971617
vt 0.726209 0.971617
vt 0.965113 0.075471
vt 0.955686 0.077304
vt 0.716783 0.973451
vt 0.726209 0.973451
vt 0.965113 0.077304
vt 0.955686 0.079148
vt 0.716783 0.975295
vt 0.726209 0.975295
vt 0.965113 0.079148
vt 0.955686 0.080931
vt 0.716783 0.977078
vt 0.726209 0.977078
vt 0.965113 0.080931
vt 0.955686 0.082585
vt 0.716783 0.978731
vt 0.726209 0.978731
vt 0.965113 0.082585
vt 0.955686 0.084045
vt 0.716783 0.980192
vt 0.726209 0.980192
vt 0.902580 0.387424
vt 0.893153 0.388853
vt 0.893153 0.387424
vt 0.912006 0.388853
vt 0.902580 0.387424
vt 0.912006 0.387424
vt 0.902580 0.388853
vt 0.893153 0.390483
vt 0.912006 0.390483
vt 0.902580 0.388853
vt 0.902580 0.390483
vt 0.893153 0.392252
vt 0.902580 0.392252
vt 0.912006 0.392252
vt 0.902580 0.392252
vt 0.893153 0.394091
vt 0.902580 0.394091
vt 0.912006 0.394091
vt 0.902580 0.394091
vt 0.893153 0.395931
vt 0.902580 0.395931
vt 0.912006 0.395931
vt 0.902580 0.395931
vt 0.893153 0.397700
vt 0.902580 0.397700
vt 0.912006 0.397700
vt 0.902580 0.397700
vt 0.893153 0.399330
vt 0.902580 0.399330
vt 0.912006 0.399330
vt 0.902580 0.399330
vt 0.893153 0.400759
vt 0.902580 0.400759
vt 0.912006 0.400759
vt 0.412406 0.901232
vt 0.421832 0.899801
vt 0.421832 0.901232
vt 0.921432 0.400759
vt 0.912006 0.399328
vt 0.921432 0.399328
vt 0.412406 0.899801
vt 0.421832 0.898170
vt 0.912006 0.397697
vt 0.921432 0.397697
vt 0.412406 0.898170
vt 0.421832 0.896400
vt 0.912006 0.395927
vt 0.921432 0.395927
vt 0.412406 0.896400
vt 0.421832 0.894561
vt 0.912006 0.394087
vt 0.921432 0.394087
vt 0.412406 0.894561
vt 0.421832 0.892721
vt 0.912006 0.392248
vt 0.921432 0.392248
vt 0.412406 0.892721
vt 0.421832 0.890953
vt 0.912006 0.390480
vt 0.921432 0.390480
vt 0.412406 0.890953
vt 0.421832 0.889325
vt 0.912006 0.388851
vt 0.921432 0.388851
vt 0.412406 0.889325
vt 0.421832 0.887898
vt 0.912006 0.387424
vt 0.921432 0.387424
vt 0.294575 0.899305
vt 0.304002 0.897876
vt 0.304002 0.899305
vt 0.313428 0.899305
vt 0.313428 0.897876
vt 0.294575 0.897876
vt 0.304002 0.896246
vt 0.304002 0.896246
vt 0.313428 0.896246
vt 0.064146 0.961534
vt 0.065958 0.961173
vt 0.075902 0.967820
vt 0.294575 0.896246
vt 0.304002 0.894477
vt 0.304002 0.894477
vt 0.313428 0.894477
vt 0.294575 0.894477
vt 0.304002 0.892638
vt 0.356635 0.948376
vt 0.358447 0.948737
vt 0.347398 0.953315
vt 0.228704 0.994401
vt 0.230543 0.947257
vt 0.230543 0.994401
vt 0.226935 0.994401
vt 0.228704 0.947257
vt 0.225306 0.994401
vt 0.226935 0.947257
vt 0.223877 0.994401
vt 0.225306 0.947257
vt 0.251969 0.947257
vt 0.250539 0.994402
vt 0.250539 0.947257
vt 0.253600 0.947257
vt 0.251969 0.994402
vt 0.255370 0.994402
vt 0.253600 0.994402
vt 0.255370 0.947257
vt 0.257209 0.994402
vt 0.257209 0.947257
vt 0.259048 0.994402
vt 0.259048 0.947257
vt 0.260815 0.994402
vt 0.260815 0.947257
vt 0.262444 0.994402
vt 0.262444 0.947257
vt 0.263870 0.994402
vt 0.249111 0.947257
vt 0.249111 0.994402
vt 0.247481 0.947257
vt 0.247481 0.994402
vt 0.245713 0.947257
vt 0.245713 0.994402
vt 0.243874 0.947257
vt 0.243874 0.994402
vt 0.242035 0.947257
vt 0.242035 0.994402
vt 0.240266 0.947257
vt 0.240266 0.994402
vt 0.238637 0.947257
vt 0.238637 0.994402
vt 0.237208 0.947257
vt 0.290522 0.994401
vt 0.289126 0.947257
vt 0.290522 0.947257
vt 0.289126 0.994401
vt 0.287521 0.947257
vt 0.285769 0.994401
vt 0.287521 0.994401
vt 0.283935 0.994401
vt 0.285769 0.947257
vt 0.282092 0.994401
vt 0.283935 0.947257
vt 0.280310 0.994401
vt 0.282092 0.947257
vt 0.278656 0.994401
vt 0.280310 0.947257
vt 0.277196 0.994401
vt 0.278656 0.947257
vt 0.235780 0.994401
vt 0.237208 0.947257
vt 0.237208 0.994401
vt 0.234150 0.994401
vt 0.235780 0.947257
vt 0.232382 0.994401
vt 0.234150 0.947257
vt 0.232382 0.947257
vt 0.327568 0.470244
vt 0.822455 0.247846
vt 0.822274 0.246007
vt 0.836595 0.391635
vt 0.821737 0.251454
vt 0.820866 0.253085
vt 0.803783 0.246007
vt 0.803602 0.247846
vt 0.803783 0.249686
vt 0.822274 0.249686
vt 0.804320 0.251454
vt 0.819694 0.254513
vt 0.818266 0.255686
vt 0.805191 0.253084
vt 0.806363 0.254513
vt 0.816636 0.256557
vt 0.814868 0.257094
vt 0.807792 0.255686
vt 0.809421 0.256557
vt 0.804320 0.244238
vt 0.821737 0.244238
vt 0.820866 0.242608
vt 0.805191 0.242608
vt 0.806363 0.241179
vt 0.819694 0.241179
vt 0.818266 0.240007
vt 0.807792 0.240006
vt 0.809421 0.239135
vt 0.816636 0.239135
vt 0.814868 0.238599
vt 0.811190 0.238599
vt 0.745158 0.687106
vt 0.807148 0.413724
vt 0.806611 0.415493
vt 0.825102 0.415493
vt 0.824565 0.413724
vt 0.823694 0.412094
vt 0.808019 0.412094
vt 0.809191 0.410665
vt 0.822522 0.410665
vt 0.821093 0.409492
vt 0.810619 0.409492
vt 0.812249 0.408621
vt 0.819464 0.408621
vt 0.817695 0.408084
vt 0.814017 0.408084
vt 0.839422 0.561120
vt 0.824565 0.420940
vt 0.825102 0.419171
vt 0.806430 0.417332
vt 0.806611 0.419172
vt 0.825283 0.417332
vt 0.807148 0.420940
vt 0.823694 0.422570
vt 0.822522 0.423999
vt 0.808019 0.422570
vt 0.809191 0.423999
vt 0.821093 0.425172
vt 0.819464 0.426043
vt 0.810619 0.425172
vt 0.812249 0.426043
vt 0.817695 0.426580
vt 0.374700 0.901232
vt 0.374700 0.948376
vt 0.294575 0.892638
vt 0.294575 0.887399
vt 0.716783 0.966863
vt 0.965113 0.084045
vt 0.902580 0.390483
vt 0.902580 0.400759
vt 0.912006 0.400759
vt 0.412406 0.887898
vt 0.304002 0.899305
vt 0.067806 0.961173
vt 0.069618 0.961534
vt 0.074169 0.964575
vt 0.071326 0.962241
vt 0.072862 0.963268
vt 0.075195 0.966112
vt 0.076263 0.969633
vt 0.076263 0.971481
vt 0.062439 0.962241
vt 0.075903 0.973294
vt 0.059595 0.964575
vt 0.075195 0.975001
vt 0.058569 0.966112
vt 0.074169 0.976538
vt 0.057862 0.967820
vt 0.072862 0.977845
vt 0.057501 0.969633
vt 0.071326 0.978872
vt 0.069618 0.979580
vt 0.057501 0.971481
vt 0.067806 0.979940
vt 0.057862 0.973294
vt 0.065958 0.979940
vt 0.058569 0.975001
vt 0.064146 0.979580
vt 0.060902 0.977845
vt 0.062438 0.978872
vt 0.059595 0.976538
vt 0.060902 0.963268
vt 0.360155 0.949444
vt 0.361691 0.950471
vt 0.346330 0.958684
vt 0.362998 0.951778
vt 0.346691 0.960496
vt 0.364024 0.953315
vt 0.364731 0.955022
vt 0.347398 0.962204
vt 0.365092 0.956835
vt 0.349731 0.965048
vt 0.365092 0.958683
vt 0.351267 0.966075
vt 0.364731 0.960496
vt 0.364024 0.962204
vt 0.352975 0.966782
vt 0.362998 0.963741
vt 0.356635 0.967143
vt 0.361691 0.965048
vt 0.358447 0.966782
vt 0.360155 0.966075
vt 0.354787 0.967143
vt 0.348424 0.963741
vt 0.346330 0.956835
vt 0.346691 0.955022
vt 0.348424 0.951778
vt 0.354787 0.948376
vt 0.349731 0.950471
vt 0.352975 0.948737
vt 0.351267 0.949444
vt 0.223877 0.947257
vt 0.263870 0.947257
vt 0.237208 0.994402
vt 0.277196 0.947257
vt 0.515221 0.641138
vt 0.517060 0.711854
vt 0.515221 0.711854
vt 0.517060 0.641138
vt 0.518828 0.711854
vt 0.518828 0.641138
vt 0.520458 0.711854
vt 0.520458 0.641138
vt 0.521886 0.711854
vt 0.965800 0.157383
vt 0.967195 0.228099
vt 0.965800 0.228099
vt 0.967195 0.157383
vt 0.968800 0.228099
vt 0.968800 0.157383
vt 0.970553 0.228099
vt 0.970553 0.157383
vt 0.972386 0.228099
vt 0.972386 0.157383
vt 0.974230 0.228099
vt 0.974230 0.157383
vt 0.976012 0.228099
vt 0.976012 0.157383
vt 0.977665 0.228099
vt 0.977665 0.157383
vt 0.979126 0.228099
vt 0.596221 0.790190
vt 0.597649 0.860906
vt 0.596221 0.860906
vt 0.597649 0.790190
vt 0.599279 0.860906
vt 0.599279 0.790190
vt 0.601047 0.860906
vt 0.601047 0.790190
vt 0.602886 0.860906
vt 0.602886 0.790190
vt 0.604725 0.860906
vt 0.604725 0.790190
vt 0.606494 0.860906
vt 0.606494 0.790190
vt 0.608123 0.860906
vt 0.608123 0.790190
vt 0.609552 0.860906
vt 0.975313 0.713818
vt 0.973883 0.643102
vt 0.975313 0.643102
vt 0.973883 0.713818
vt 0.972252 0.643102
vt 0.972252 0.713818
vt 0.970483 0.643102
vt 0.970483 0.713818
vt 0.968643 0.643102
vt 0.968643 0.713818
vt 0.966805 0.643102
vt 0.966805 0.713818
vt 0.965037 0.643102
vt 0.965037 0.713818
vt 0.963409 0.643102
vt 0.963409 0.713818
vt 0.961982 0.643102
vt 0.508555 0.641138
vt 0.509984 0.711854
vt 0.508555 0.711854
vt 0.509984 0.641138
vt 0.511614 0.711854
vt 0.980383 0.635773
vt 0.968626 0.642058
vt 0.962342 0.630298
vt 0.511614 0.641138
vt 0.513382 0.711854
vt 0.513382 0.641138
vt 0.970725 0.538684
vt 0.962268 0.548992
vt 0.951963 0.540532
vt 0.334638 0.858802
vt 0.334819 0.860642
vt 0.327568 0.872945
vt 0.336297 0.881657
vt 0.340457 0.867513
vt 0.342225 0.868050
vt 0.392835 0.862411
vt 0.393372 0.860642
vt 0.398266 0.872946
vt 0.911563 0.176516
vt 0.916276 0.219451
vt 0.911563 0.219451
vt 0.223773 0.909086
vt 0.219060 0.880800
vt 0.223773 0.880800
vt 0.822926 0.018858
vt 0.865344 0.004715
vt 0.865344 0.018858
vt 0.872414 0.127289
vt 0.872233 0.125449
vt 0.879484 0.113145
vt 0.819318 0.136000
vt 0.821087 0.136537
vt 0.817515 0.150143
vt 0.813680 0.125450
vt 0.813499 0.127289
vt 0.808786 0.113146
vt 0.950287 0.892314
vt 0.945574 0.895922
vt 0.945574 0.892314
vt 0.440685 0.993213
vt 0.445399 0.990143
vt 0.445399 0.993213
vt 0.440685 0.990143
vt 0.445399 0.985551
vt 0.440685 0.985551
vt 0.445399 0.980138
vt 0.219060 0.912694
vt 0.219060 0.909086
vt 0.322868 0.980259
vt 0.318155 0.983320
vt 0.318155 0.980259
vt 0.322868 0.983320
vt 0.318155 0.987905
vt 0.322868 0.987905
vt 0.318155 0.993316
vt 0.945574 0.864028
vt 0.950287 0.860419
vt 0.950287 0.864028
vt 0.911563 0.232674
vt 0.916276 0.229524
vt 0.916276 0.232674
vt 0.911563 0.229524
vt 0.916276 0.224881
vt 0.911563 0.224881
vt 0.223773 0.877191
vt 0.219060 0.877191
vt 0.223773 0.874133
vt 0.791925 0.394148
vt 0.787212 0.398678
vt 0.787212 0.394148
vt 0.791925 0.398678
vt 0.787212 0.404069
vt 0.348081 0.886625
vt 0.363075 0.886625
vt 0.348081 0.893290
vt 0.822926 0.150861
vt 0.865344 0.150861
vt 0.865344 0.169718
vt 0.739631 0.977138
vt 0.744344 0.958280
vt 0.744344 0.977138
vt 0.341708 0.882374
vt 0.384126 0.882375
vt 0.341708 0.901232
vt 0.874053 0.046038
vt 0.874590 0.044269
vt 0.879484 0.056573
vt 0.868952 0.033719
vt 0.867183 0.033182
vt 0.870755 0.019576
vt 0.815856 0.042430
vt 0.816037 0.044269
vt 0.808786 0.056573
vt 0.822926 0.066002
vt 0.865344 0.066002
vt 0.822926 0.084859
vt 0.313997 0.982211
vt 0.309284 0.953925
vt 0.313997 0.953925
vt 0.619787 0.605534
vt 0.633927 0.610249
vt 0.619787 0.610249
vt 0.229308 0.854076
vt 0.228772 0.855845
vt 0.223877 0.843541
vt 0.279918 0.866931
vt 0.281686 0.866395
vt 0.285846 0.880538
vt 0.287505 0.857684
vt 0.287324 0.855844
vt 0.294575 0.843541
vt 0.862899 0.981888
vt 0.858186 0.985496
vt 0.858186 0.981888
vt 0.431259 0.993213
vt 0.435972 0.990143
vt 0.435972 0.993213
vt 0.431259 0.990143
vt 0.435972 0.985551
vt 0.431259 0.985551
vt 0.435972 0.980138
vt 0.309284 0.985819
vt 0.309284 0.982211
vt 0.726209 0.980192
vt 0.721496 0.983253
vt 0.721496 0.980192
vt 0.726209 0.983253
vt 0.721496 0.987839
vt 0.726209 0.987839
vt 0.721496 0.993250
vt 0.858186 0.953601
vt 0.862899 0.949993
vt 0.862899 0.953601
vt 0.520809 0.920634
vt 0.525523 0.917484
vt 0.525523 0.920634
vt 0.520809 0.917484
vt 0.525523 0.912841
vt 0.520809 0.912841
vt 0.525523 0.907411
vt 0.313997 0.950316
vt 0.309284 0.950316
vt 0.313997 0.947257
vt 0.801351 0.394148
vt 0.796638 0.398678
vt 0.796638 0.394148
vt 0.801351 0.398678
vt 0.796638 0.404069
vt 0.259068 0.885506
vt 0.274062 0.885506
vt 0.274062 0.892172
vt 0.378379 0.986001
vt 0.383092 0.967143
vt 0.383092 0.986001
vt 0.520809 0.864476
vt 0.520809 0.907411
vt 0.280435 0.881256
vt 0.280436 0.900113
vt 0.238017 0.881256
vt 0.246029 0.470244
vt 0.258284 0.470244
vt 0.266761 0.475649
vt 0.638640 0.320452
vt 0.695198 0.305454
vt 0.695198 0.320452
vt 0.660792 0.234756
vt 0.673046 0.234756
vt 0.681524 0.240137
vt 0.948684 0.073652
vt 0.955348 0.061394
vt 0.955348 0.073652
vt 0.100844 0.727249
vt 0.094264 0.700906
vt 0.100837 0.699808
vt 0.094264 0.677631
vt 0.100837 0.676532
vt 0.094271 0.662064
vt 0.100844 0.660966
vt 0.954451 0.082131
vt 0.094264 0.659868
vt 0.100844 0.633525
vt 0.100837 0.660966
vt 0.094271 0.632427
vt 0.100844 0.610250
vt 0.094271 0.609151
vt 0.100837 0.594683
vt 0.954451 0.052915
vt 0.948684 0.061394
vt 0.947787 0.052915
vt 0.693404 0.352517
vt 0.247443 0.639774
vt 0.256870 0.624598
vt 0.256870 0.639774
vt 0.223877 0.541259
vt 0.280436 0.541259
vt 0.278642 0.573151
vt 0.516162 0.729838
vt 0.525258 0.748706
vt 0.516150 0.762357
vt 0.525258 0.776264
vt 0.516150 0.789915
vt 0.525271 0.794667
vt 0.516162 0.808318
vt 0.238425 0.633430
vt 0.247443 0.624598
vt 0.265888 0.633430
vt 0.968564 0.307772
vt 0.977685 0.303020
vt 0.977673 0.321422
vt 0.968576 0.289369
vt 0.977685 0.275462
vt 0.968576 0.261811
vt 0.977673 0.242943
vt 0.633927 0.605534
vt 0.638640 0.610249
vt 0.822926 0.004714
vt 0.865344 0.000000
vt 0.822926 0.103717
vt 0.865344 0.089574
vt 0.865344 0.103717
vt 0.238017 0.834112
vt 0.280436 0.819969
vt 0.280435 0.834112
vt 0.520809 0.874319
vt 0.506670 0.869605
vt 0.520809 0.869605
vt 0.619787 0.666821
vt 0.633927 0.671536
vt 0.619787 0.671536
vt 0.341708 0.835230
vt 0.384126 0.821088
vt 0.384126 0.835231
vt 0.520809 0.813032
vt 0.506670 0.808318
vt 0.520809 0.808318
vt 0.101570 0.870464
vt 0.143989 0.865750
vt 0.143989 0.870464
vt 0.101570 0.931752
vt 0.143989 0.927037
vt 0.143989 0.931752
vt 0.501957 0.869605
vt 0.506670 0.813032
vt 0.633927 0.666821
vt 0.638640 0.671536
vt 0.951888 0.803846
vt 0.909485 0.860419
vt 0.909485 0.803847
vt 0.501957 0.808318
vt 0.822926 0.089574
vt 0.865344 0.084859
vt 0.506670 0.874319
vt 0.744344 0.983805
vt 0.739631 0.981965
vt 0.744344 0.981965
vt 0.004713 0.985075
vt 0.000000 0.983235
vt 0.004713 0.983235
vt 0.739631 0.980197
vt 0.744344 0.980197
vt 0.000000 0.981467
vt 0.004713 0.981467
vt 0.739631 0.978566
vt 0.744344 0.978566
vt 0.000000 0.979837
vt 0.004713 0.979837
vt 0.739631 0.977138
vt 0.744344 0.977138
vt 0.000000 0.978408
vt 0.004713 0.978408
vt 0.986827 0.618990
vt 0.991541 0.620420
vt 0.986827 0.620420
vt 0.726300 0.978652
vt 0.731013 0.980083
vt 0.726300 0.980083
vt 0.991541 0.621889
vt 0.986827 0.622052
vt 0.726300 0.981714
vt 0.986827 0.623821
vt 0.991541 0.622052
vt 0.991541 0.623821
vt 0.731013 0.981714
vt 0.726300 0.983484
vt 0.986827 0.625661
vt 0.991541 0.625661
vt 0.731013 0.983484
vt 0.726300 0.985324
vt 0.986827 0.627500
vt 0.726300 0.987163
vt 0.731013 0.985324
vt 0.731013 0.987163
vt 0.986827 0.629268
vt 0.991541 0.627500
vt 0.991541 0.629268
vt 0.726300 0.988931
vt 0.986827 0.630897
vt 0.991541 0.630897
vt 0.731013 0.988931
vt 0.726300 0.990560
vt 0.986827 0.632324
vt 0.991541 0.632324
vt 0.726300 0.991987
vt 0.731013 0.990560
vt 0.731013 0.991987
vt 0.605647 0.862335
vt 0.610360 0.860906
vt 0.610360 0.862335
vt 0.219060 0.914123
vt 0.223773 0.912694
vt 0.223773 0.914123
vt 0.605647 0.863965
vt 0.610360 0.863965
vt 0.219060 0.915753
vt 0.223773 0.915753
vt 0.605647 0.865734
vt 0.610360 0.865734
vt 0.219060 0.917522
vt 0.223773 0.917522
vt 0.605647 0.867573
vt 0.610360 0.867573
vt 0.219060 0.919362
vt 0.223773 0.919362
vt 0.605647 0.869413
vt 0.610360 0.869413
vt 0.219060 0.921201
vt 0.223773 0.921201
vt 0.605647 0.871181
vt 0.610360 0.871181
vt 0.219060 0.922970
vt 0.223773 0.922970
vt 0.605647 0.872811
vt 0.610360 0.872811
vt 0.219060 0.924600
vt 0.223773 0.924600
vt 0.605647 0.874240
vt 0.610360 0.874240
vt 0.219060 0.926029
vt 0.223773 0.926029
vt 0.071641 0.991873
vt 0.066928 0.993269
vt 0.066928 0.991873
vt 0.905225 0.991886
vt 0.900512 0.993282
vt 0.900512 0.991886
vt 0.071641 0.990268
vt 0.066928 0.990268
vt 0.900512 0.990280
vt 0.905225 0.990280
vt 0.071641 0.988515
vt 0.066928 0.988515
vt 0.900512 0.988527
vt 0.905225 0.988527
vt 0.066928 0.986681
vt 0.071641 0.986681
vt 0.900512 0.986693
vt 0.905225 0.986693
vt 0.071641 0.984837
vt 0.066928 0.984837
vt 0.900512 0.984850
vt 0.905225 0.984850
vt 0.071641 0.983054
vt 0.066928 0.983054
vt 0.900512 0.983067
vt 0.905225 0.983067
vt 0.071641 0.981401
vt 0.066928 0.981401
vt 0.905225 0.982901
vt 0.066928 0.979940
vt 0.071641 0.979940
vt 0.905225 0.981413
vt 0.900512 0.979952
vt 0.905225 0.979952
vt 0.744344 0.990472
vt 0.739631 0.989043
vt 0.744344 0.989043
vt 0.004713 0.991742
vt 0.000000 0.990313
vt 0.004713 0.990313
vt 0.739631 0.987413
vt 0.744344 0.987413
vt 0.000000 0.988683
vt 0.004713 0.988683
vt 0.739631 0.985644
vt 0.744344 0.985644
vt 0.000000 0.986914
vt 0.004713 0.986914
vt 0.739631 0.983805
vt 0.000000 0.985075
vt 0.171452 0.975297
vt 0.166739 0.973457
vt 0.171452 0.973457
vt 0.009426 0.985075
vt 0.009426 0.983235
vt 0.166739 0.971688
vt 0.171452 0.971688
vt 0.009426 0.981467
vt 0.166739 0.970058
vt 0.171452 0.970058
vt 0.009426 0.979837
vt 0.166739 0.968630
vt 0.171452 0.968630
vt 0.009426 0.978408
vt 0.511383 0.874319
vt 0.516096 0.875750
vt 0.511383 0.875750
vt 0.018853 0.978408
vt 0.023566 0.979838
vt 0.018853 0.979838
vt 0.511383 0.877381
vt 0.516096 0.877381
vt 0.018853 0.981470
vt 0.511383 0.879151
vt 0.516096 0.879151
vt 0.023566 0.981470
vt 0.018853 0.983239
vt 0.511383 0.880991
vt 0.516096 0.880991
vt 0.023566 0.985079
vt 0.018853 0.985079
vt 0.511383 0.882830
vt 0.516096 0.882830
vt 0.018853 0.986918
vt 0.511383 0.884598
vt 0.018853 0.987095
vt 0.023566 0.986918
vt 0.511383 0.886227
vt 0.516096 0.884598
vt 0.516096 0.886227
vt 0.023566 0.988686
vt 0.018853 0.990315
vt 0.018853 0.988686
vt 0.511383 0.887654
vt 0.516096 0.887654
vt 0.018853 0.991742
vt 0.023566 0.990315
vt 0.023566 0.991742
vt 0.693260 0.865144
vt 0.697973 0.863715
vt 0.697973 0.865144
vt 0.009426 0.979837
vt 0.014140 0.978408
vt 0.014140 0.979837
vt 0.693260 0.866774
vt 0.697973 0.866774
vt 0.014140 0.981467
vt 0.693260 0.868542
vt 0.697973 0.868542
vt 0.009426 0.983235
vt 0.014140 0.983235
vt 0.693260 0.870382
vt 0.697973 0.870382
vt 0.009426 0.985075
vt 0.014140 0.985075
vt 0.693260 0.872221
vt 0.697973 0.872221
vt 0.009426 0.986914
vt 0.014140 0.986914
vt 0.693260 0.873990
vt 0.697973 0.873990
vt 0.009426 0.988683
vt 0.014140 0.988683
vt 0.693260 0.875620
vt 0.697973 0.875620
vt 0.009426 0.990313
vt 0.014140 0.990313
vt 0.693260 0.877049
vt 0.697973 0.877049
vt 0.009426 0.991742
vt 0.014140 0.991742
vt 0.735727 0.990586
vt 0.731013 0.991982
vt 0.731013 0.990586
vt 0.909939 0.991886
vt 0.905225 0.993282
vt 0.735727 0.988980
vt 0.731013 0.988980
vt 0.909939 0.990280
vt 0.731013 0.987402
vt 0.909939 0.988527
vt 0.735727 0.985393
vt 0.731013 0.987227
vt 0.731013 0.985393
vt 0.905225 0.986694
vt 0.909939 0.986694
vt 0.735727 0.983550
vt 0.731013 0.983550
vt 0.909939 0.984850
vt 0.735727 0.981767
vt 0.731013 0.981767
vt 0.905225 0.983067
vt 0.909939 0.983067
vt 0.735727 0.980113
vt 0.731013 0.980113
vt 0.905225 0.981413
vt 0.909939 0.981413
vt 0.731013 0.978652
vt 0.735727 0.978652
vt 0.909939 0.979952
vt 0.171452 0.981964
vt 0.166739 0.980535
vt 0.171452 0.980535
vt 0.009426 0.991742
vt 0.009426 0.990313
vt 0.166739 0.978905
vt 0.171452 0.978905
vt 0.009426 0.988683
vt 0.166739 0.977136
vt 0.171452 0.977136
vt 0.009426 0.986914
vt 0.166739 0.975297
vt 0.690499 0.792999
vt 0.692338 0.863715
vt 0.690499 0.863715
vt 0.692338 0.792999
vt 0.694106 0.863715
vt 0.694106 0.792999
vt 0.695736 0.863715
vt 0.695736 0.792999
vt 0.697164 0.863715
vt 0.965294 0.459509
vt 0.966690 0.530225
vt 0.965294 0.530225
vt 0.966690 0.459509
vt 0.968295 0.530225
vt 0.968295 0.459509
vt 0.970047 0.530225
vt 0.970047 0.459509
vt 0.971881 0.530225
vt 0.971881 0.459509
vt 0.973724 0.530225
vt 0.973724 0.459509
vt 0.975506 0.530225
vt 0.975506 0.459509
vt 0.977160 0.530225
vt 0.977160 0.459509
vt 0.978620 0.530225
vt 0.398266 0.821087
vt 0.399694 0.891803
vt 0.398266 0.891803
vt 0.399694 0.821087
vt 0.401324 0.891803
vt 0.401324 0.821087
vt 0.403092 0.891803
vt 0.403092 0.821087
vt 0.404931 0.891803
vt 0.404931 0.821087
vt 0.406770 0.891803
vt 0.406770 0.821087
vt 0.408539 0.891803
vt 0.408539 0.821087
vt 0.410168 0.891803
vt 0.410168 0.821087
vt 0.411597 0.891803
vt 0.969017 0.070716
vt 0.967587 0.000000
vt 0.969017 0.000000
vt 0.967587 0.070716
vt 0.965956 0.000000
vt 0.965956 0.070716
vt 0.964187 0.000000
vt 0.964187 0.070716
vt 0.962348 0.000000
vt 0.962348 0.070716
vt 0.960509 0.000000
vt 0.960509 0.070716
vt 0.958741 0.000000
vt 0.958741 0.070716
vt 0.957113 0.000000
vt 0.957113 0.070716
vt 0.955686 0.000000
vt 0.683833 0.792999
vt 0.685262 0.863715
vt 0.683833 0.863715
vt 0.685262 0.792999
vt 0.686892 0.863715
vt 0.399215 0.950471
vt 0.400521 0.963741
vt 0.387255 0.965048
vt 0.686892 0.792999
vt 0.688660 0.863715
vt 0.688660 0.792999
vt 0.910122 0.963240
vt 0.912216 0.956335
vt 0.925483 0.955028
vt 0.521886 0.641138
vt 0.979126 0.157383
vt 0.609552 0.790190
vt 0.961982 0.713818
vt 0.963049 0.628591
vt 0.964076 0.627054
vt 0.965382 0.625747
vt 0.966919 0.624720
vt 0.968626 0.624013
vt 0.970439 0.623652
vt 0.972286 0.623652
vt 0.974099 0.624013
vt 0.975806 0.624720
vt 0.977342 0.625747
vt 0.978649 0.627054
vt 0.979676 0.628591
vt 0.980383 0.630298
vt 0.980743 0.632111
vt 0.980743 0.633960
vt 0.979676 0.637480
vt 0.975806 0.641351
vt 0.978649 0.639017
vt 0.977342 0.640324
vt 0.974099 0.642058
vt 0.972286 0.642419
vt 0.970438 0.642419
vt 0.966919 0.641351
vt 0.963049 0.637480
vt 0.965382 0.640324
vt 0.964076 0.639017
vt 0.962342 0.635772
vt 0.961981 0.633960
vt 0.961981 0.632111
vt 0.951963 0.538684
vt 0.952324 0.536871
vt 0.953031 0.535164
vt 0.954058 0.533627
vt 0.955364 0.532320
vt 0.956901 0.531293
vt 0.958608 0.530585
vt 0.960420 0.530225
vt 0.962268 0.530225
vt 0.964081 0.530585
vt 0.965788 0.531293
vt 0.967324 0.532320
vt 0.968631 0.533627
vt 0.969657 0.535164
vt 0.970365 0.536871
vt 0.970725 0.540532
vt 0.970365 0.542345
vt 0.969657 0.544053
vt 0.968631 0.545590
vt 0.967324 0.546897
vt 0.965788 0.547924
vt 0.964080 0.548631
vt 0.960420 0.548992
vt 0.958608 0.548631
vt 0.956900 0.547924
vt 0.955364 0.546897
vt 0.954057 0.545590
vt 0.953031 0.544053
vt 0.952324 0.542345
vt 0.338827 0.866642
vt 0.331709 0.879613
vt 0.328644 0.876554
vt 0.327568 0.844659
vt 0.328644 0.841051
vt 0.338827 0.850963
vt 0.334819 0.856963
vt 0.340294 0.850178
vt 0.337399 0.852135
vt 0.337399 0.865470
vt 0.336227 0.864041
vt 0.336227 0.853564
vt 0.335355 0.855194
vt 0.335356 0.862411
vt 0.340457 0.850091
vt 0.331709 0.837992
vt 0.336297 0.835948
vt 0.342225 0.849555
vt 0.349301 0.850963
vt 0.380519 0.850092
vt 0.382287 0.849555
vt 0.389537 0.835949
vt 0.385965 0.849555
vt 0.394124 0.837992
vt 0.387734 0.850092
vt 0.397190 0.841051
vt 0.378889 0.850963
vt 0.384126 0.849374
vt 0.344064 0.849374
vt 0.345903 0.849555
vt 0.377461 0.852136
vt 0.347672 0.850091
vt 0.350730 0.852135
vt 0.376289 0.853564
vt 0.351902 0.853564
vt 0.375418 0.855194
vt 0.352773 0.855194
vt 0.374881 0.856963
vt 0.353310 0.856963
vt 0.374700 0.858803
vt 0.353491 0.858802
vt 0.353310 0.860642
vt 0.374881 0.860642
vt 0.375418 0.862411
vt 0.352773 0.862411
vt 0.376289 0.864041
vt 0.351902 0.864041
vt 0.377461 0.865470
vt 0.350730 0.865470
vt 0.378889 0.866642
vt 0.349301 0.866642
vt 0.380519 0.867514
vt 0.347672 0.867514
vt 0.382287 0.868050
vt 0.345903 0.868050
vt 0.384126 0.868232
vt 0.344064 0.868231
vt 0.385965 0.868050
vt 0.386142 0.867997
vt 0.389537 0.881657
vt 0.394124 0.879613
vt 0.389363 0.850963
vt 0.398266 0.844660
vt 0.393553 0.858803
vt 0.397190 0.876554
vt 0.387734 0.867514
vt 0.389363 0.866643
vt 0.393372 0.856963
vt 0.390792 0.852136
vt 0.391964 0.853564
vt 0.390792 0.865470
vt 0.391964 0.864041
vt 0.392835 0.855195
vt 0.916276 0.176516
vt 0.868225 0.119449
vt 0.866595 0.118578
vt 0.875342 0.106478
vt 0.878407 0.109537
vt 0.879484 0.141432
vt 0.878407 0.145040
vt 0.868225 0.135128
vt 0.872233 0.129128
vt 0.866595 0.136000
vt 0.869653 0.133956
vt 0.869653 0.120621
vt 0.870825 0.122050
vt 0.870825 0.132527
vt 0.871696 0.130897
vt 0.871696 0.123680
vt 0.821087 0.118041
vt 0.812927 0.106479
vt 0.817515 0.104435
vt 0.857751 0.119449
vt 0.861149 0.118041
vt 0.862988 0.117860
vt 0.870755 0.104434
vt 0.864827 0.118041
vt 0.859380 0.118578
vt 0.822926 0.117860
vt 0.824764 0.118041
vt 0.826533 0.118578
vt 0.828162 0.119449
vt 0.856322 0.120622
vt 0.829591 0.120622
vt 0.830763 0.122051
vt 0.855150 0.122050
vt 0.854279 0.123681
vt 0.831634 0.123681
vt 0.853742 0.125449
vt 0.832171 0.125449
vt 0.853561 0.127289
vt 0.832352 0.127289
vt 0.832171 0.129128
vt 0.853742 0.129128
vt 0.854279 0.130897
vt 0.831634 0.130897
vt 0.855150 0.132527
vt 0.830763 0.132527
vt 0.856322 0.133956
vt 0.829591 0.133956
vt 0.857751 0.135128
vt 0.828162 0.135129
vt 0.859380 0.136000
vt 0.826533 0.136000
vt 0.861149 0.136536
vt 0.824764 0.136537
vt 0.862988 0.136717
vt 0.822926 0.136718
vt 0.864827 0.136536
vt 0.870755 0.150143
vt 0.875342 0.148099
vt 0.812927 0.148099
vt 0.809862 0.145041
vt 0.808786 0.141432
vt 0.809862 0.109538
vt 0.819318 0.118578
vt 0.814217 0.123681
vt 0.815088 0.122051
vt 0.817689 0.135129
vt 0.816260 0.133956
vt 0.817688 0.119449
vt 0.816260 0.120622
vt 0.815088 0.132527
vt 0.814217 0.130897
vt 0.813680 0.129129
vt 0.950287 0.895922
vt 0.440685 0.980138
vt 0.223773 0.912694
vt 0.322868 0.993316
vt 0.945574 0.860419
vt 0.219060 0.874133
vt 0.791925 0.404069
vt 0.739631 0.958280
vt 0.870581 0.034590
vt 0.879484 0.028287
vt 0.878407 0.024679
vt 0.874771 0.042430
vt 0.878407 0.060181
vt 0.868952 0.051141
vt 0.875342 0.063240
vt 0.870581 0.050270
vt 0.867183 0.051678
vt 0.874590 0.040590
vt 0.872010 0.035763
vt 0.873182 0.037192
vt 0.872010 0.049097
vt 0.873182 0.047668
vt 0.874053 0.038822
vt 0.870755 0.065284
vt 0.830519 0.050269
vt 0.827121 0.051677
vt 0.825282 0.051858
vt 0.817515 0.065284
vt 0.823443 0.051677
vt 0.812927 0.063240
vt 0.821675 0.051141
vt 0.828890 0.051141
vt 0.865344 0.051859
vt 0.863505 0.051677
vt 0.861737 0.051141
vt 0.860107 0.050270
vt 0.831948 0.049097
vt 0.858679 0.049097
vt 0.857507 0.047668
vt 0.833120 0.047668
vt 0.833991 0.046038
vt 0.856636 0.046038
vt 0.834528 0.044269
vt 0.856099 0.044269
vt 0.834709 0.042430
vt 0.855918 0.042430
vt 0.856099 0.040590
vt 0.834528 0.040590
vt 0.833991 0.038821
vt 0.856636 0.038822
vt 0.833120 0.037191
vt 0.857507 0.037191
vt 0.831948 0.035762
vt 0.858679 0.035763
vt 0.830519 0.034590
vt 0.860107 0.034590
vt 0.828890 0.033719
vt 0.861737 0.033719
vt 0.827121 0.033182
vt 0.863505 0.033182
vt 0.825282 0.033001
vt 0.865344 0.033001
vt 0.823443 0.033182
vt 0.821675 0.033718
vt 0.817515 0.019575
vt 0.809862 0.024678
vt 0.812927 0.021619
vt 0.875342 0.021620
vt 0.820045 0.050269
vt 0.809862 0.060181
vt 0.808786 0.028286
vt 0.820045 0.034590
vt 0.816037 0.040590
vt 0.818617 0.035762
vt 0.818617 0.049097
vt 0.817445 0.047668
vt 0.817445 0.037191
vt 0.816573 0.038821
vt 0.816573 0.046038
vt 0.232780 0.865524
vt 0.234409 0.866395
vt 0.223877 0.871827
vt 0.224954 0.875436
vt 0.228590 0.857684
vt 0.224954 0.839933
vt 0.234409 0.848973
vt 0.228019 0.836874
vt 0.232780 0.849844
vt 0.236001 0.848490
vt 0.228772 0.859524
vt 0.231351 0.864351
vt 0.230179 0.862923
vt 0.231351 0.851017
vt 0.230179 0.852446
vt 0.229308 0.861292
vt 0.232606 0.834830
vt 0.236178 0.848437
vt 0.272842 0.849844
vt 0.276240 0.848436
vt 0.278079 0.848255
vt 0.285846 0.834830
vt 0.279918 0.848436
vt 0.290434 0.836873
vt 0.281686 0.848973
vt 0.274472 0.848973
vt 0.238017 0.848255
vt 0.239856 0.848437
vt 0.241624 0.848973
vt 0.271413 0.851017
vt 0.243254 0.849844
vt 0.244682 0.851017
vt 0.270241 0.852446
vt 0.245854 0.852446
vt 0.269370 0.854076
vt 0.246726 0.854076
vt 0.268834 0.855844
vt 0.247262 0.855845
vt 0.268652 0.857684
vt 0.247443 0.857684
vt 0.247262 0.859524
vt 0.268834 0.859523
vt 0.269370 0.861292
vt 0.246726 0.861292
vt 0.270241 0.862922
vt 0.245854 0.862922
vt 0.271413 0.864351
vt 0.244682 0.864351
vt 0.272842 0.865524
vt 0.243254 0.865524
vt 0.274471 0.866395
vt 0.241624 0.866395
vt 0.276240 0.866931
vt 0.239856 0.866932
vt 0.278079 0.867113
vt 0.238017 0.867113
vt 0.228019 0.878495
vt 0.236178 0.866932
vt 0.232606 0.880538
vt 0.290434 0.878494
vt 0.281849 0.866308
vt 0.293499 0.875435
vt 0.283316 0.849844
vt 0.293499 0.839932
vt 0.294575 0.871827
vt 0.283316 0.865524
vt 0.287324 0.859523
vt 0.284744 0.864351
vt 0.284744 0.851017
vt 0.285917 0.852445
vt 0.285917 0.862922
vt 0.286788 0.861292
vt 0.286788 0.854076
vt 0.862899 0.985496
vt 0.431259 0.980138
vt 0.313997 0.985819
vt 0.726209 0.993250
vt 0.858186 0.949993
vt 0.309284 0.947257
vt 0.801351 0.404069
vt 0.378379 0.967143
vt 0.525523 0.864476
vt 0.273948 0.491044
vt 0.230365 0.491044
vt 0.278750 0.514083
vt 0.225564 0.514083
vt 0.237552 0.475649
vt 0.638640 0.305454
vt 0.688710 0.255463
vt 0.645128 0.255463
vt 0.693512 0.278399
vt 0.640326 0.278399
vt 0.652315 0.240137
vt 0.094271 0.728347
vt 0.947787 0.082131
vt 0.094264 0.593585
vt 0.688296 0.379700
vt 0.645542 0.379700
vt 0.680651 0.397864
vt 0.671632 0.404242
vt 0.662206 0.404242
vt 0.653188 0.397864
vt 0.640434 0.352517
vt 0.273533 0.600188
vt 0.230780 0.600188
vt 0.265888 0.618254
vt 0.238425 0.618254
vt 0.225671 0.573151
vt 0.525271 0.716187
vt 0.968564 0.229292
vt 0.638640 0.605534
vt 0.822926 0.000000
vt 0.238017 0.819969
vt 0.341708 0.821087
vt 0.101570 0.865750
vt 0.101570 0.927037
vt 0.501957 0.813032
vt 0.638640 0.666821
vt 0.951888 0.860419
vt 0.822926 0.084859
vt 0.501957 0.874319
vt 0.991541 0.618990
vt 0.731013 0.978652
vt 0.605647 0.860906
vt 0.071641 0.993269
vt 0.900512 0.981413
vt 0.739631 0.990472
vt 0.000000 0.991742
vt 0.516096 0.874319
vt 0.023566 0.978408
vt 0.023566 0.983239
vt 0.693260 0.863715
vt 0.009426 0.978408
vt 0.735727 0.991982
vt 0.909939 0.993282
vt 0.735727 0.987227
vt 0.166739 0.981964
vt 0.697164 0.792999
vt 0.978620 0.459509
vt 0.411597 0.821087
vt 0.955686 0.070716
vt 0.385948 0.951778
vt 0.387255 0.950471
vt 0.388791 0.949444
vt 0.390499 0.948737
vt 0.392311 0.948376
vt 0.394159 0.948376
vt 0.395971 0.948737
vt 0.397678 0.949444
vt 0.400522 0.951778
vt 0.401548 0.953315
vt 0.402255 0.955022
vt 0.402616 0.956835
vt 0.402616 0.958684
vt 0.402255 0.960496
vt 0.401548 0.962204
vt 0.399215 0.965048
vt 0.397678 0.966075
vt 0.395971 0.966782
vt 0.394159 0.967143
vt 0.392311 0.967143
vt 0.390498 0.966782
vt 0.388791 0.966075
vt 0.385948 0.963741
vt 0.383854 0.958684
vt 0.384922 0.962204
vt 0.384214 0.960497
vt 0.383854 0.956835
vt 0.384214 0.955022
vt 0.384922 0.953315
vt 0.926789 0.956335
vt 0.928883 0.961392
vt 0.927816 0.957872
vt 0.928523 0.959579
vt 0.928883 0.963241
vt 0.926789 0.968298
vt 0.928523 0.965053
vt 0.927816 0.966761
vt 0.925482 0.969605
vt 0.923946 0.970632
vt 0.922239 0.971339
vt 0.920426 0.971700
vt 0.918579 0.971700
vt 0.916766 0.971339
vt 0.915059 0.970632
vt 0.913522 0.969605
vt 0.912216 0.968298
vt 0.911189 0.966761
vt 0.910482 0.965053
vt 0.910122 0.961392
vt 0.910482 0.959579
vt 0.911189 0.957872
vt 0.913522 0.955028
vt 0.915059 0.954001
vt 0.916766 0.953294
vt 0.918579 0.952933
vt 0.920426 0.952933
vt 0.922239 0.953294
vt 0.923946 0.954001
s 1
usemtl 
f 3598/7732/891 3599/7733/891 3597/7734/891
f 3599/7735/892 3746/7736/892 3748/7737/892
f 3600/7738/892 3604/7739/892 3749/7740/892
f 3604/7741/893 3601/7742/893 3603/7743/893
f 3602/7744/894 3598/7745/894 3782/7746/894
f 3601/7747/894 3781/7748/894 3778/7749/894
f 3603/7750/895 3597/7751/895 3599/7752/895
f 3600/7753/896 3602/7754/896 3604/7755/896
f 3670/7756/896 3608/7757/897 3672/7758/897
f 3605/7759/896 3671/7758/897 3607/7760/897
f 3608/7757/897 3674/7761/898 3672/7758/897
f 3607/7760/897 3673/7762/898 3609/7763/898
f 3610/7764/898 3676/7765/899 3674/7761/898
f 3609/7763/898 3675/7766/899 3611/7767/899
f 3676/7765/899 3614/7768/900 3678/7769/900
f 3611/7767/899 3677/7769/900 3613/7770/900
f 3614/7771/900 3680/7772/901 3678/7773/900
f 3615/7774/901 3677/7775/900 3679/7776/901
f 3616/7777/901 3682/7778/902 3680/7772/901
f 3617/7779/902 3679/7776/901 3681/7780/902
f 3618/7781/902 3684/7782/903 3682/7778/902
f 3619/7783/903 3681/7780/902 3683/7784/903
f 3620/7785/903 3686/7786/893 3684/7782/903
f 3621/7787/893 3683/7784/903 3685/7788/893
f 3622/7789/893 3688/7790/904 3686/7786/893
f 3623/7791/904 3685/7788/893 3687/7792/904
f 3624/7793/904 3690/7794/905 3688/7790/904
f 3625/7795/905 3687/7792/904 3689/7796/905
f 3626/7797/905 3692/7798/906 3690/7794/905
f 3627/7799/906 3689/7796/905 3691/7800/906
f 3628/7801/906 3694/7802/907 3692/7798/906
f 3629/7803/907 3691/7800/906 3693/7804/907
f 3630/7805/907 3696/7806/908 3694/7807/907
f 3695/7808/908 3629/7809/907 3693/7810/907
f 3632/7811/908 3698/7812/909 3696/7806/908
f 3697/7813/909 3631/7814/908 3695/7808/908
f 3634/7815/909 3700/7816/910 3698/7812/909
f 3635/7817/910 3697/7813/909 3699/7818/910
f 3636/7819/910 3702/7820/895 3700/7816/910
f 3637/7821/895 3699/7818/910 3701/7822/895
f 3638/7823/895 3704/7824/911 3702/7820/895
f 3639/7825/911 3701/7822/895 3703/7826/911
f 3640/7827/911 3706/7828/912 3704/7824/911
f 3641/7829/912 3703/7826/911 3705/7830/912
f 3642/7831/912 3708/7832/913 3706/7828/912
f 3643/7833/913 3705/7830/912 3707/7834/913
f 3644/7835/913 3710/7836/914 3708/7832/913
f 3645/7837/914 3707/7834/913 3709/7838/914
f 3646/7839/914 3712/7840/915 3710/7841/914
f 3645/7842/914 3711/7843/915 3647/7844/915
f 3648/7845/915 3714/7846/916 3712/7840/915
f 3647/7844/915 3713/7847/916 3649/7848/916
f 3650/7849/916 3716/7850/917 3714/7846/916
f 3649/7848/916 3715/7851/917 3651/7852/917
f 3652/7853/917 3718/7854/891 3716/7850/917
f 3651/7852/917 3717/7855/891 3653/7856/891
f 3654/7857/891 3720/7858/918 3718/7854/891
f 3653/7856/891 3719/7859/918 3655/7860/918
f 3656/7861/918 3722/7862/919 3720/7858/918
f 3655/7860/918 3721/7863/919 3657/7864/919
f 3658/7865/919 3724/7866/920 3722/7862/919
f 3657/7864/919 3723/7867/920 3659/7868/920
f 3660/7869/920 3726/7870/921 3724/7866/920
f 3659/7868/920 3725/7871/921 3661/7872/921
f 3662/7873/921 3728/7874/922 3726/7875/921
f 3661/7876/921 3727/7874/922 3663/7877/922
f 3664/7878/922 3730/7879/923 3728/7874/922
f 3663/7877/922 3729/7880/923 3665/7881/923
f 3662/7882/894 3660/7883/894 3646/7884/894
f 3666/7885/923 3732/7886/924 3730/7879/923
f 3665/7881/923 3731/7887/924 3667/7888/924
f 3668/7889/924 3670/7756/896 3732/7886/924
f 3667/7888/924 3669/7890/896 3605/7759/896
f 3659/7891/892 3661/7892/892 3647/7893/892
f 3751/7894/911 3782/7895/895 3749/7896/895
f 3753/7897/912 3784/7898/911 3751/7894/911
f 3755/7899/913 3786/7900/912 3753/7897/912
f 3763/7901/914 3789/7902/913 3755/7899/913
f 3757/7903/915 3788/7904/914 3763/7905/914
f 3761/7906/916 3791/7907/915 3757/7903/915
f 3761/7906/916 3794/7908/917 3796/7909/916
f 3759/7910/917 3792/7911/891 3794/7908/917
f 3758/7912/891 3793/7913/918 3792/7911/891
f 3760/7914/918 3795/7915/919 3793/7913/918
f 3762/7916/919 3790/7917/920 3795/7915/919
f 3756/7918/920 3787/7919/921 3790/7917/920
f 3764/7904/921 3785/7920/922 3787/7905/921
f 3754/7921/922 3783/7922/923 3785/7920/922
f 3752/7923/923 3781/7924/924 3783/7922/923
f 3750/7925/924 3778/7926/896 3781/7924/924
f 3748/7927/896 3780/7928/897 3778/7926/896
f 3746/7929/897 3777/7930/898 3780/7928/897
f 3745/7931/898 3775/7932/899 3777/7930/898
f 3743/7933/899 3773/7934/900 3775/7932/899
f 3741/7935/900 3769/7936/901 3773/7937/900
f 3736/7938/901 3770/7939/902 3769/7936/901
f 3734/7940/903 3770/7939/902 3738/7941/902
f 3733/7942/893 3766/7943/903 3734/7940/903
f 3735/7944/904 3765/7945/893 3733/7942/893
f 3739/7946/905 3767/7947/904 3735/7944/904
f 3737/7948/906 3771/7949/905 3739/7946/905
f 3740/7950/907 3768/7951/906 3737/7948/906
f 3742/7952/908 3772/7953/907 3740/7954/907
f 3744/7955/909 3774/7956/908 3742/7952/908
f 3747/7957/910 3776/7958/909 3744/7955/909
f 3749/7896/895 3779/7959/910 3747/7957/910
f 3598/7732/891 3600/7960/891 3599/7733/891
f 3758/7961/892 3759/7962/892 3604/7739/892
f 3604/7739/892 3603/7963/892 3762/7964/892
f 3603/7963/892 3599/7735/892 3748/7737/892
f 3762/7964/892 3603/7963/892 3756/7965/892
f 3600/7738/892 3735/7966/892 3733/7967/892
f 3600/7738/892 3733/7967/892 3734/7968/892
f 3760/7969/892 3758/7961/892 3604/7739/892
f 3762/7964/892 3760/7969/892 3604/7739/892
f 3599/7735/892 3600/7738/892 3738/7970/892
f 3600/7738/892 3734/7968/892 3738/7970/892
f 3756/7965/892 3603/7963/892 3764/7971/892
f 3764/7971/892 3603/7963/892 3754/7972/892
f 3599/7735/892 3738/7970/892 3736/7973/892
f 3599/7735/892 3736/7973/892 3741/7974/892
f 3754/7972/892 3603/7963/892 3752/7975/892
f 3752/7975/892 3603/7963/892 3750/7976/892
f 3599/7735/892 3741/7974/892 3743/7977/892
f 3599/7735/892 3743/7977/892 3745/7978/892
f 3750/7976/892 3603/7963/892 3748/7737/892
f 3599/7735/892 3745/7978/892 3746/7736/892
f 3739/7979/892 3735/7966/892 3600/7738/892
f 3604/7739/892 3759/7962/892 3761/7980/892
f 3604/7739/892 3761/7980/892 3757/7981/892
f 3737/7982/892 3739/7979/892 3600/7738/892
f 3740/7983/892 3737/7982/892 3600/7738/892
f 3604/7739/892 3757/7981/892 3763/7984/892
f 3604/7739/892 3763/7984/892 3755/7985/892
f 3742/7986/892 3740/7983/892 3600/7738/892
f 3744/7987/892 3742/7986/892 3600/7738/892
f 3604/7739/892 3755/7985/892 3753/7988/892
f 3604/7739/892 3753/7988/892 3751/7989/892
f 3747/7990/892 3744/7987/892 3600/7738/892
f 3604/7739/892 3751/7989/892 3749/7740/892
f 3749/7740/892 3747/7990/892 3600/7738/892
f 3604/7741/893 3602/7991/893 3601/7742/893
f 3796/7992/894 3794/7993/894 3602/7744/894
f 3598/7745/894 3767/7994/894 3771/7995/894
f 3598/7745/894 3771/7995/894 3768/7996/894
f 3791/7997/894 3796/7992/894 3602/7744/894
f 3788/7998/894 3791/7997/894 3602/7744/894
f 3598/7745/894 3768/7996/894 3772/7999/894
f 3598/7745/894 3772/7999/894 3774/8000/894
f 3789/8001/894 3788/7998/894 3602/7744/894
f 3786/8002/894 3789/8001/894 3602/7744/894
f 3598/7745/894 3774/8000/894 3776/8003/894
f 3598/7745/894 3776/8003/894 3779/8004/894
f 3784/8005/894 3786/8002/894 3602/7744/894
f 3598/7745/894 3779/8004/894 3782/7746/894
f 3782/7746/894 3784/8005/894 3602/7744/894
f 3598/7745/894 3597/8006/894 3770/8007/894
f 3597/8006/894 3601/7747/894 3778/7749/894
f 3598/7745/894 3770/8007/894 3766/8008/894
f 3602/7744/894 3794/7993/894 3792/8009/894
f 3602/7744/894 3792/8009/894 3793/8010/894
f 3765/8011/894 3767/7994/894 3598/7745/894
f 3766/8008/894 3765/8011/894 3598/7745/894
f 3601/7747/894 3602/7744/894 3795/8012/894
f 3602/7744/894 3793/8010/894 3795/8012/894
f 3770/8007/894 3597/8006/894 3769/8013/894
f 3769/8013/894 3597/8006/894 3773/8014/894
f 3601/7747/894 3795/8012/894 3790/8015/894
f 3601/7747/894 3790/8015/894 3787/8016/894
f 3773/8014/894 3597/8006/894 3775/8017/894
f 3775/8017/894 3597/8006/894 3777/8018/894
f 3601/7747/894 3787/8016/894 3785/8019/894
f 3601/7747/894 3785/8019/894 3783/8020/894
f 3777/8018/894 3597/8006/894 3780/8021/894
f 3780/8021/894 3597/8006/894 3778/7749/894
f 3601/7747/894 3783/8020/894 3781/7748/894
f 3603/7750/895 3601/8022/895 3597/7751/895
f 3600/7753/896 3598/8023/896 3602/7754/896
f 3670/7756/896 3606/8024/896 3608/7757/897
f 3605/7759/896 3669/7890/896 3671/7758/897
f 3608/7757/897 3610/7764/898 3674/7761/898
f 3607/7760/897 3671/7758/897 3673/7762/898
f 3610/7764/898 3612/8025/899 3676/7765/899
f 3609/7763/898 3673/7762/898 3675/7766/899
f 3676/7765/899 3612/8025/899 3614/7768/900
f 3611/7767/899 3675/7766/899 3677/7769/900
f 3614/7771/900 3616/7777/901 3680/7772/901
f 3615/7774/901 3613/8026/900 3677/7775/900
f 3616/7777/901 3618/7781/902 3682/7778/902
f 3617/7779/902 3615/7774/901 3679/7776/901
f 3618/7781/902 3620/7785/903 3684/7782/903
f 3619/7783/903 3617/7779/902 3681/7780/902
f 3620/7785/903 3622/7789/893 3686/7786/893
f 3621/7787/893 3619/7783/903 3683/7784/903
f 3622/7789/893 3624/7793/904 3688/7790/904
f 3623/7791/904 3621/7787/893 3685/7788/893
f 3624/7793/904 3626/7797/905 3690/7794/905
f 3625/7795/905 3623/7791/904 3687/7792/904
f 3626/7797/905 3628/7801/906 3692/7798/906
f 3627/7799/906 3625/7795/905 3689/7796/905
f 3628/7801/906 3630/8027/907 3694/7802/907
f 3629/7803/907 3627/7799/906 3691/7800/906
f 3630/7805/907 3632/7811/908 3696/7806/908
f 3695/7808/908 3631/7814/908 3629/7809/907
f 3632/7811/908 3634/7815/909 3698/7812/909
f 3697/7813/909 3633/8028/909 3631/7814/908
f 3634/7815/909 3636/7819/910 3700/7816/910
f 3635/7817/910 3633/8028/909 3697/7813/909
f 3636/7819/910 3638/7823/895 3702/7820/895
f 3637/7821/895 3635/7817/910 3699/7818/910
f 3638/7823/895 3640/7827/911 3704/7824/911
f 3639/7825/911 3637/7821/895 3701/7822/895
f 3640/7827/911 3642/7831/912 3706/7828/912
f 3641/7829/912 3639/7825/911 3703/7826/911
f 3642/7831/912 3644/7835/913 3708/7832/913
f 3643/7833/913 3641/7829/912 3705/7830/912
f 3644/7835/913 3646/8029/914 3710/7836/914
f 3645/7837/914 3643/7833/913 3707/7834/913
f 3646/7839/914 3648/7845/915 3712/7840/915
f 3645/7842/914 3709/8030/914 3711/7843/915
f 3648/7845/915 3650/7849/916 3714/7846/916
f 3647/7844/915 3711/7843/915 3713/7847/916
f 3650/7849/916 3652/7853/917 3716/7850/917
f 3649/7848/916 3713/7847/916 3715/7851/917
f 3652/7853/917 3654/7857/891 3718/7854/891
f 3651/7852/917 3715/7851/917 3717/7855/891
f 3654/7857/891 3656/7861/918 3720/7858/918
f 3653/7856/891 3717/7855/891 3719/7859/918
f 3656/7861/918 3658/7865/919 3722/7862/919
f 3655/7860/918 3719/7859/918 3721/7863/919
f 3658/7865/919 3660/7869/920 3724/7866/920
f 3657/7864/919 3721/7863/919 3723/7867/920
f 3660/7869/920 3662/8031/921 3726/7870/921
f 3659/7868/920 3723/7867/920 3725/7871/921
f 3662/7873/921 3664/7878/922 3728/7874/922
f 3661/7876/921 3725/8032/921 3727/7874/922
f 3664/7878/922 3666/7885/923 3730/7879/923
f 3663/7877/922 3727/7874/922 3729/7880/923
f 3658/8033/894 3656/8034/894 3650/8035/894
f 3656/8034/894 3654/8036/894 3652/8037/894
f 3650/8035/894 3656/8034/894 3652/8037/894
f 3650/8035/894 3648/8038/894 3658/8033/894
f 3648/8038/894 3646/7884/894 3660/7883/894
f 3658/8033/894 3648/8038/894 3660/7883/894
f 3646/7884/894 3644/8039/894 3662/7882/894
f 3644/8039/894 3642/8040/894 3664/8041/894
f 3662/7882/894 3644/8039/894 3664/8041/894
f 3642/8040/894 3640/8042/894 3668/8043/894
f 3640/8042/894 3638/8044/894 3606/8045/894
f 3638/8044/894 3636/8046/894 3608/8047/894
f 3636/8046/894 3634/8048/894 3610/8049/894
f 3634/8048/894 3632/8050/894 3610/8049/894
f 3632/8050/894 3630/8051/894 3612/8052/894
f 3610/8049/894 3632/8050/894 3612/8052/894
f 3630/8051/894 3628/8053/894 3614/8054/894
f 3628/8053/894 3626/8055/894 3616/8056/894
f 3614/8054/894 3628/8053/894 3616/8056/894
f 3626/8055/894 3624/8057/894 3620/8058/894
f 3624/8057/894 3622/8059/894 3620/8058/894
f 3620/8058/894 3618/8060/894 3626/8055/894
f 3618/8060/894 3616/8056/894 3626/8055/894
f 3614/8054/894 3612/8052/894 3630/8051/894
f 3610/8049/894 3608/8047/894 3636/8046/894
f 3608/8047/894 3606/8045/894 3638/8044/894
f 3606/8045/894 3668/8043/894 3640/8042/894
f 3668/8043/894 3666/8061/894 3642/8040/894
f 3666/8061/894 3664/8041/894 3642/8040/894
f 3666/7885/923 3668/7889/924 3732/7886/924
f 3665/7881/923 3729/7880/923 3731/7887/924
f 3668/7889/924 3606/8024/896 3670/7756/896
f 3667/7888/924 3731/7887/924 3669/7890/896
f 3663/8062/892 3665/8063/892 3641/8064/892
f 3665/8063/892 3667/8065/892 3639/8066/892
f 3667/8065/892 3605/8067/892 3639/8066/892
f 3605/8067/892 3607/8068/892 3637/8069/892
f 3639/8066/892 3605/8067/892 3637/8069/892
f 3607/8068/892 3609/8070/892 3633/8071/892
f 3609/8070/892 3611/8072/892 3631/8073/892
f 3611/8072/892 3613/8074/892 3631/8073/892
f 3613/8074/892 3615/8075/892 3629/8076/892
f 3631/8073/892 3613/8074/892 3629/8076/892
f 3615/8075/892 3617/8077/892 3625/8078/892
f 3617/8077/892 3619/8079/892 3623/8080/892
f 3619/8079/892 3621/8081/892 3623/8080/892
f 3623/8080/892 3625/8078/892 3617/8077/892
f 3625/8078/892 3627/8082/892 3615/8075/892
f 3627/8082/892 3629/8076/892 3615/8075/892
f 3631/8073/892 3633/8071/892 3609/8070/892
f 3633/8071/892 3635/8083/892 3607/8068/892
f 3635/8083/892 3637/8069/892 3607/8068/892
f 3639/8066/892 3641/8064/892 3665/8063/892
f 3641/8064/892 3643/8084/892 3663/8062/892
f 3643/8084/892 3645/8085/892 3663/8062/892
f 3645/8085/892 3647/7893/892 3661/7892/892
f 3663/8062/892 3645/8085/892 3661/7892/892
f 3647/7893/892 3649/8086/892 3657/8087/892
f 3649/8086/892 3651/8088/892 3655/8089/892
f 3651/8088/892 3653/8090/892 3655/8089/892
f 3655/8089/892 3657/8087/892 3649/8086/892
f 3657/8087/892 3659/7891/892 3647/7893/892
f 3751/7894/911 3784/7898/911 3782/7895/895
f 3753/7897/912 3786/7900/912 3784/7898/911
f 3755/7899/913 3789/7902/913 3786/7900/912
f 3763/7901/914 3788/8091/914 3789/7902/913
f 3757/7903/915 3791/7907/915 3788/7904/914
f 3761/7906/916 3796/7909/916 3791/7907/915
f 3761/7906/916 3759/7910/917 3794/7908/917
f 3759/7910/917 3758/7912/891 3792/7911/891
f 3758/7912/891 3760/7914/918 3793/7913/918
f 3760/7914/918 3762/7916/919 3795/7915/919
f 3762/7916/919 3756/7918/920 3790/7917/920
f 3756/7918/920 3764/8092/921 3787/7919/921
f 3764/7904/921 3754/7921/922 3785/7920/922
f 3754/7921/922 3752/7923/923 3783/7922/923
f 3752/7923/923 3750/7925/924 3781/7924/924
f 3750/7925/924 3748/7927/896 3778/7926/896
f 3748/7927/896 3746/7929/897 3780/7928/897
f 3746/7929/897 3745/7931/898 3777/7930/898
f 3745/7931/898 3743/7933/899 3775/7932/899
f 3743/7933/899 3741/8093/900 3773/7934/900
f 3741/7935/900 3736/7938/901 3769/7936/901
f 3736/7938/901 3738/7941/902 3770/7939/902
f 3734/7940/903 3766/7943/903 3770/7939/902
f 3733/7942/893 3765/7945/893 3766/7943/903
f 3735/7944/904 3767/7947/904 3765/7945/893
f 3739/7946/905 3771/7949/905 3767/7947/904
f 3737/7948/906 3768/7951/906 3771/7949/905
f 3740/7950/907 3772/8094/907 3768/7951/906
f 3742/7952/908 3774/7956/908 3772/7953/907
f 3744/7955/909 3776/7958/909 3774/7956/908
f 3747/7957/910 3779/7959/910 3776/7958/909
f 3749/7896/895 3782/7895/895 3779/7959/910
f 3798/8095/896 3799/8096/897 3797/8097/896
f 3800/8098/897 3801/8099/898 3799/8096/897
f 3802/8100/898 3803/8101/899 3801/8099/898
f 3804/8102/899 3805/8103/900 3803/8101/899
f 3806/8104/900 3807/8105/901 3805/8106/900
f 3808/8107/901 3809/8108/902 3807/8105/901
f 3810/8109/902 3811/8110/903 3809/8108/902
f 3812/8111/903 3813/8112/893 3811/8110/903
f 3814/8113/893 3815/8114/904 3813/8112/893
f 3816/8115/904 3817/8116/905 3815/8114/904
f 3818/8117/905 3819/8118/906 3817/8116/905
f 3820/8119/906 3821/8120/907 3819/8118/906
f 3822/8121/907 3823/8122/908 3821/8123/907
f 3824/8124/908 3825/8125/909 3823/8122/908
f 3826/8126/909 3827/8127/910 3825/8125/909
f 3828/8128/910 3829/8129/895 3827/8127/910
f 3830/8130/895 3831/8131/911 3829/8129/895
f 3832/8132/911 3833/8133/912 3831/8131/911
f 3834/8134/912 3835/8135/913 3833/8133/912
f 3836/8136/913 3837/8137/914 3835/8135/913
f 3838/8138/914 3839/8139/915 3837/8140/914
f 3840/8141/915 3841/8142/916 3839/8139/915
f 3842/8143/916 3843/8144/917 3841/8142/916
f 3844/8145/917 3845/8146/891 3843/8144/917
f 3846/8147/891 3847/8148/918 3845/8146/891
f 3848/8149/918 3849/8150/919 3847/8148/918
f 3850/8151/919 3851/8152/920 3849/8150/919
f 3852/8153/920 3853/8154/921 3851/8152/920
f 3854/8155/921 3855/8156/922 3853/8157/921
f 3856/8158/922 3857/8159/923 3855/8156/922
f 3834/8160/894 3818/8161/894 3802/8162/894
f 3858/8163/923 3859/8164/924 3857/8159/923
f 3860/8165/924 3797/8097/896 3859/8164/924
f 3827/8166/892 3843/8167/892 3859/8168/892
f 4013/8169/894 4018/8170/894 3887/8171/894
f 3888/8172/894 4025/8173/894 4023/8174/894
f 4136/8175/894 4138/8176/894 3881/8177/894
f 3902/8178/925 3903/8179/926 3891/8180/926
f 3877/8181/927 3887/8182/928 3896/8183/928
f 3912/8184/894 3987/8185/894 3906/8186/894
f 4043/8187/892 4040/8188/892 3877/8189/892
f 4169/8190/892 4190/8191/892 3893/8192/892
f 4164/8193/892 4165/8194/892 3871/8195/892
f 3862/8196/929 3873/8197/930 3871/8198/929
f 3865/8199/930 3874/8200/931 3873/8201/930
f 3864/8202/931 3875/8203/932 3874/8200/931
f 3863/8204/932 3872/8205/933 3875/8203/932
f 3877/8181/927 3868/8206/934 3866/8207/927
f 3880/8208/934 3869/8209/935 3868/8210/934
f 3879/8211/935 3870/8212/936 3869/8209/935
f 3878/8213/936 3867/8214/937 3870/8212/936
f 3892/8215/938 3883/8216/939 3881/8217/938
f 3895/8218/939 3884/8219/940 3883/8220/939
f 3894/8221/940 3885/8222/941 3884/8219/940
f 3893/8223/941 3903/8179/926 3885/8222/941
f 3887/8182/928 3898/8224/942 3896/8183/928
f 3890/8225/942 3899/8226/943 3898/8224/942
f 3889/8227/943 3900/8228/944 3899/8229/943
f 3888/8230/944 3897/8231/945 3900/8228/944
f 3892/8215/938 3862/8196/929 3871/8198/929
f 3886/8232/894 3882/8233/894 3901/8234/894
f 3891/8235/892 3897/8236/892 3902/8237/892
f 3904/8238/896 3902/8239/896 3897/8240/896
f 3882/8233/894 3904/8241/894 3903/8242/894
f 3882/8233/894 3905/8243/894 3901/8234/894
f 3901/8234/894 3904/8241/894 3886/8232/894
f 4201/8244/894 4203/8245/894 3926/8246/894
f 4195/8247/894 4205/8248/894 3908/8249/894
f 4082/8250/894 4081/8251/894 3932/8252/894
f 3931/8253/894 3927/8254/894 3946/8255/894
f 3922/8256/927 3932/8257/928 3941/8258/928
f 3906/8259/895 3988/8260/895 3917/8261/895
f 4233/8262/892 4240/8263/892 3916/8264/892
f 4118/8265/892 4120/8266/892 3945/8267/892
f 4107/8268/892 4103/8269/892 3922/8270/892
f 3907/8271/929 3918/8272/930 3916/8273/929
f 3910/8274/930 3919/8275/931 3918/8276/930
f 3909/8277/931 3920/8278/932 3919/8275/931
f 3908/8279/932 3917/8280/933 3920/8278/932
f 3922/8256/927 3913/8281/934 3911/8282/927
f 3925/8283/934 3914/8284/935 3913/8285/934
f 3924/8286/935 3915/8287/936 3914/8284/935
f 3923/8288/936 3912/8289/937 3915/8287/936
f 3937/8290/938 3928/8291/939 3926/8292/938
f 3940/8293/939 3929/8294/940 3928/8295/939
f 3939/8296/940 3930/8297/941 3929/8294/940
f 3938/8298/941 3927/8299/926 3930/8297/941
f 3932/8257/928 3943/8300/942 3941/8258/928
f 3935/8301/942 3944/8302/943 3943/8300/942
f 3934/8303/943 3945/8304/944 3944/8305/943
f 3933/8306/944 3948/8307/945 3945/8304/944
f 3937/8290/938 3907/8271/929 3916/8273/929
f 3936/8308/892 3942/8309/892 3947/8310/892
f 3931/8311/896 3950/8312/896 3948/8313/896
f 3950/8314/925 3927/8299/926 3949/8315/926
f 3936/8308/892 3948/8316/892 3942/8309/892
f 3947/8310/892 3948/8316/892 3950/8317/892
f 3936/8308/892 3950/8317/892 3949/8318/892
f 3955/8319/946 3963/8320/946 3964/8321/946
f 3936/8322/947 3886/8323/948 3882/8324/947
f 3959/8325/949 3951/8326/949 3952/8327/949
f 3951/8328/896 3963/8329/896 3955/8330/896
f 3901/8331/950 3954/8332/951 3956/8333/952
f 3956/8333/952 3953/8334/953 3957/8335/954
f 3957/8335/954 3952/8336/955 3958/8337/955
f 3958/8338/956 3951/8328/956 3955/8330/956
f 3947/8339/957 3960/8340/958 3942/8341/957
f 3966/8342/959 3961/8343/960 3960/8340/958
f 3965/8344/961 3962/8345/962 3961/8343/960
f 3964/8346/963 3959/8347/963 3962/8348/963
f 3936/8322/947 3882/8324/947 3968/8349/964
f 3967/8350/965 3979/8351/966 3975/8352/967
f 3901/8353/968 3947/8354/968 3980/8355/969
f 3882/8356/970 3974/8357/971 3968/8358/972
f 3968/8358/972 3973/8359/973 3969/8360/974
f 3969/8360/974 3972/8361/975 3970/8362/975
f 3970/8363/976 3971/8364/977 3967/8350/965
f 3979/8351/966 3976/8365/978 3975/8352/967
f 3982/8366/979 3977/8367/980 3976/8368/979
f 3981/8369/981 3978/8370/982 3977/8367/980
f 3980/8371/983 3936/8372/984 3978/8370/982
f 3987/8373/895 3996/8374/895 3988/8260/895
f 3990/8375/894 3995/8376/894 3987/8185/894
f 3872/8377/892 3985/8378/892 3876/8379/892
f 3917/8380/892 3989/8381/892 3921/8382/892
f 3876/8383/896 3986/8384/896 3867/8385/896
f 3861/8386/895 3984/8387/895 3872/8388/895
f 3867/8389/894 3983/8390/894 3861/8391/894
f 3921/8392/896 3990/8393/896 3912/8394/896
f 3994/8395/891 3992/8396/891 3991/8397/891
f 3998/8398/891 3996/8399/891 3995/8400/891
f 3994/8401/896 3989/8402/896 3986/8384/896
f 3983/8403/895 3992/8404/895 3984/8387/895
f 3986/8405/893 3988/8406/893 3983/8407/893
f 3989/8402/896 3998/8408/896 3990/8393/896
f 3984/8409/892 3993/8410/892 3985/8378/892
f 3985/8411/896 3994/8401/896 3986/8384/896
f 3996/8374/895 3983/8403/895 3988/8260/895
f 3996/8399/891 3994/8395/891 3991/8397/891
f 4082/8412/895 4122/8413/911 4081/8414/911
f 4013/8415/895 4041/8416/911 4018/8417/911
f 4081/8414/911 4109/8418/912 4089/8419/912
f 4018/8417/911 4045/8420/912 4016/8421/912
f 4089/8419/912 4113/8422/913 4084/8423/913
f 4016/8421/912 4049/8424/913 4020/8425/913
f 4084/8423/913 4111/8426/914 4083/8427/914
f 4020/8425/913 4047/8428/914 4022/8429/914
f 4083/8430/914 4121/8431/915 4088/8432/915
f 4022/8433/914 4056/8434/915 4021/8435/915
f 4088/8432/915 4115/8436/985 4085/8437/916
f 4056/8434/915 4025/8438/916 4021/8435/915
f 4087/8439/917 4120/8440/916 4118/8441/917
f 4050/8442/916 4023/8443/917 4025/8438/916
f 4086/8444/891 4118/8441/917 4116/8445/891
f 4053/8446/917 4024/8447/891 4023/8443/917
f 4116/8445/891 4094/8448/918 4086/8444/891
f 4029/8449/918 4051/8450/891 4052/8451/918
f 4095/8452/919 4117/8453/918 4114/8454/919
f 4052/8451/918 4030/8455/919 4029/8449/918
f 4093/8456/920 4114/8454/919 4119/8457/920
f 4055/8458/919 4028/8459/920 4030/8455/919
f 4092/8460/921 4119/8457/920 4110/8461/921
f 4031/8462/921 4054/8463/920 4046/8464/921
f 4091/8465/922 4110/8466/921 4112/8467/922
f 4026/8468/922 4046/8469/921 4048/8470/922
f 4090/8471/923 4112/8467/922 4108/8472/923
f 4027/8473/923 4048/8470/922 4044/8474/923
f 4080/8475/924 4108/8472/923 4105/8476/924
f 4017/8477/924 4044/8474/923 4057/8478/924
f 4077/8479/896 4105/8476/924 4106/8480/896
f 4019/8481/896 4057/8478/924 4042/8482/896
f 4078/8483/897 4106/8480/896 4104/8484/897
f 4014/8485/897 4042/8482/896 4039/8486/897
f 4072/8487/898 4104/8484/897 4127/8488/898
f 4008/8489/898 4039/8486/897 4062/8490/898
f 4074/8491/899 4127/8488/898 4126/8492/899
f 4010/8493/899 4062/8490/898 4063/8494/899
f 4070/8495/900 4126/8492/899 4128/8496/900
f 4006/8497/900 4063/8494/899 4061/8498/900
f 4069/8499/901 4128/8500/900 4124/8501/901
f 4005/8502/901 4061/8503/900 4060/8504/901
f 4067/8505/902 4124/8501/901 4125/8506/902
f 4005/8502/901 4059/8507/902 4002/8508/902
f 4064/8509/903 4125/8506/902 4123/8510/903
f 4002/8508/902 4058/8511/903 3999/8512/903
f 4064/8509/903 4096/8513/893 4065/8514/893
f 3999/8512/903 4032/8515/893 4000/8516/893
f 4066/8517/904 4096/8513/893 4097/8518/904
f 4000/8516/893 4033/8519/904 4001/8520/904
f 4068/8521/905 4097/8518/904 4100/8522/905
f 4001/8520/904 4034/8523/905 4004/8524/905
f 4076/8525/906 4100/8522/905 4099/8526/906
f 4003/8527/986 4004/8524/905 4034/8523/905
f 4076/8525/906 4098/8528/907 4071/8529/907
f 4012/8530/906 4037/8531/907 4007/8532/907
f 4071/8533/907 4101/8534/908 4075/8535/908
f 4007/8536/907 4036/8537/908 4011/8538/908
f 4075/8535/908 4102/8539/909 4073/8540/909
f 4011/8538/908 4038/8541/909 4009/8542/909
f 4073/8540/909 4103/8543/910 4079/8544/910
f 4009/8542/909 4040/8545/910 4015/8546/910
f 4079/8544/910 4107/8547/895 4082/8412/895
f 4015/8546/910 4043/8548/895 4013/8415/895
f 4211/8549/895 4245/8550/911 4214/8551/911
f 4147/8552/895 4183/8417/911 4146/8553/911
f 4214/8551/911 4253/8554/912 4215/8555/912
f 4146/8553/911 4187/8421/912 4154/8556/912
f 4215/8555/912 4252/8557/913 4218/8558/913
f 4154/8556/912 4186/8425/913 4150/8559/913
f 4218/8558/913 4254/8560/914 4216/8561/914
f 4150/8559/913 4185/8429/914 4151/8562/914
f 4216/8563/914 4256/8564/915 4224/8565/915
f 4151/8566/914 4192/8567/915 4152/8568/915
f 4223/8569/916 4256/8564/915 4255/8570/916
f 4192/8567/915 4157/8571/916 4152/8568/915
f 4222/8572/917 4255/8570/916 4258/8573/917
f 4188/8574/916 4160/8575/917 4157/8571/916
f 4220/8576/891 4258/8573/917 4257/8577/891
f 4160/8575/917 4189/8578/891 4158/8579/891
f 4221/8580/918 4257/8577/891 4249/8581/918
f 4189/8578/891 4159/8582/918 4158/8579/891
f 4249/8581/918 4219/8583/919 4221/8580/918
f 4156/8584/987 4159/8582/918 4190/8585/918
f 4225/8586/920 4248/8587/919 4251/8588/920
f 4169/8589/919 4161/8590/920 4155/8591/919
f 4217/8592/921 4251/8588/920 4246/8593/921
f 4153/8594/921 4168/8595/920 4170/8596/921
f 4202/8597/922 4246/8598/921 4247/8599/922
f 4137/8600/922 4170/8601/921 4167/8602/922
f 4201/8603/923 4247/8599/922 4250/8604/923
f 4136/8556/923 4167/8602/922 4166/8605/923
f 4203/8606/924 4250/8604/923 4244/8607/924
f 4138/8608/924 4166/8605/923 4171/8609/924
f 4200/8610/896 4244/8607/924 4241/8611/896
f 4135/8612/896 4171/8609/924 4165/8613/896
f 4199/8614/897 4241/8611/896 4240/8615/897
f 4134/8616/897 4165/8613/896 4164/8617/897
f 4198/8618/898 4240/8615/897 4233/8619/898
f 4132/8620/898 4164/8617/897 4162/8621/898
f 4197/8622/899 4233/8619/898 4235/8623/899
f 4130/8624/899 4162/8621/898 4163/8625/899
f 4196/8626/900 4235/8623/899 4232/8627/900
f 4131/8628/900 4163/8625/899 4179/8629/900
f 4194/8630/901 4232/8631/900 4237/8632/901
f 4133/8633/901 4179/8634/900 4181/8502/901
f 4195/8635/902 4237/8632/901 4228/8636/902
f 4133/8633/901 4175/8508/902 4129/8637/902
f 4195/8635/902 4228/8636/902 4229/8638/988
f 4129/8637/902 4173/8512/903 4140/8639/903
f 4204/8640/893 4226/8641/903 4227/8642/893
f 4140/8639/903 4172/8643/893 4139/8644/893
f 4206/8645/904 4227/8642/893 4231/8646/904
f 4141/8647/904 4172/8643/893 4174/8520/904
f 4207/8648/905 4231/8646/904 4230/8649/905
f 4141/8647/904 4176/8650/905 4143/8651/905
f 4208/8652/906 4230/8649/905 4238/8653/906
f 4143/8651/905 4182/8654/906 4142/8655/906
f 4208/8652/906 4236/8656/907 4209/8657/907
f 4142/8655/906 4180/8532/907 4149/8658/907
f 4209/8659/907 4234/8660/908 4210/8661/908
f 4149/8662/907 4178/8538/908 4145/8663/908
f 4210/8661/908 4239/8664/909 4213/8665/909
f 4145/8663/908 4177/8542/909 4144/8666/909
f 4213/8665/909 4242/8667/910 4212/8668/910
f 4144/8666/909 4193/8546/910 4148/8669/910
f 4212/8668/910 4243/8670/895 4211/8549/895
f 4148/8669/910 4184/8415/895 4147/8552/895
f 4260/8671/896 4261/8672/897 4259/8673/896
f 4262/8674/897 4263/8675/898 4261/8672/897
f 4264/8676/898 4265/8677/899 4263/8675/898
f 4266/8678/899 4267/8679/900 4265/8677/899
f 4268/8680/900 4269/8681/901 4267/8682/900
f 4270/8683/901 4271/8684/902 4269/8681/901
f 4272/8685/902 4273/8686/903 4271/8684/902
f 4274/8687/903 4275/8688/893 4273/8686/903
f 4276/8689/893 4277/8690/904 4275/8688/893
f 4278/8691/904 4279/8692/905 4277/8690/904
f 4280/8693/905 4281/8694/906 4279/8692/905
f 4282/8695/906 4283/8696/907 4281/8694/906
f 4284/8697/907 4285/8698/908 4283/8699/907
f 4286/8700/908 4287/8701/909 4285/8698/908
f 4288/8702/909 4289/8703/910 4287/8701/909
f 4290/8704/910 4291/8705/895 4289/8703/910
f 4292/8706/895 4293/8707/911 4291/8705/895
f 4294/8708/911 4295/8709/912 4293/8707/911
f 4296/8710/912 4297/8711/913 4295/8709/912
f 4298/8712/913 4299/8713/914 4297/8711/913
f 4300/8714/914 4301/8715/915 4299/8716/914
f 4302/8717/915 4303/8718/916 4301/8715/915
f 4304/8719/916 4305/8720/917 4303/8718/916
f 4306/8721/917 4307/8722/891 4305/8720/917
f 4308/8723/891 4309/8724/918 4307/8722/891
f 4310/8725/918 4311/8726/919 4309/8724/918
f 4312/8727/919 4313/8728/920 4311/8726/919
f 4314/8729/920 4315/8730/921 4313/8728/920
f 4316/8731/921 4317/8732/922 4315/8733/921
f 4318/8734/922 4319/8735/923 4317/8732/922
f 4312/8736/894 4296/8737/894 4280/8738/894
f 4320/8739/923 4321/8740/924 4319/8735/923
f 4322/8741/924 4259/8673/896 4321/8740/924
f 4297/8742/892 4305/8743/892 4321/8744/892
f 3798/8095/896 3800/8098/897 3799/8096/897
f 3800/8098/897 3802/8100/898 3801/8099/898
f 3802/8100/898 3804/8102/899 3803/8101/899
f 3804/8102/899 3806/8745/900 3805/8103/900
f 3806/8104/900 3808/8107/901 3807/8105/901
f 3808/8107/901 3810/8109/902 3809/8108/902
f 3810/8109/902 3812/8111/903 3811/8110/903
f 3812/8111/903 3814/8113/893 3813/8112/893
f 3814/8113/893 3816/8115/904 3815/8114/904
f 3816/8115/904 3818/8117/905 3817/8116/905
f 3818/8117/905 3820/8119/906 3819/8118/906
f 3820/8119/906 3822/8746/907 3821/8120/907
f 3822/8121/907 3824/8124/908 3823/8122/908
f 3824/8124/908 3826/8126/909 3825/8125/909
f 3826/8126/909 3828/8128/910 3827/8127/910
f 3828/8128/910 3830/8130/895 3829/8129/895
f 3830/8130/895 3832/8132/911 3831/8131/911
f 3832/8132/911 3834/8134/912 3833/8133/912
f 3834/8134/912 3836/8136/913 3835/8135/913
f 3836/8136/913 3838/8747/914 3837/8137/914
f 3838/8138/914 3840/8141/915 3839/8139/915
f 3840/8141/915 3842/8143/916 3841/8142/916
f 3842/8143/916 3844/8145/917 3843/8144/917
f 3844/8145/917 3846/8147/891 3845/8146/891
f 3846/8147/891 3848/8149/918 3847/8148/918
f 3848/8149/918 3850/8151/919 3849/8150/919
f 3850/8151/919 3852/8153/920 3851/8152/920
f 3852/8153/920 3854/8748/921 3853/8154/921
f 3854/8155/921 3856/8158/922 3855/8156/922
f 3856/8158/922 3858/8163/923 3857/8159/923
f 3802/8162/894 3800/8749/894 3798/8750/894
f 3798/8750/894 3860/8751/894 3802/8162/894
f 3860/8751/894 3858/8752/894 3802/8162/894
f 3858/8752/894 3856/8753/894 3854/8754/894
f 3854/8754/894 3852/8755/894 3850/8756/894
f 3850/8756/894 3848/8757/894 3846/8758/894
f 3846/8758/894 3844/8759/894 3850/8756/894
f 3844/8759/894 3842/8760/894 3850/8756/894
f 3842/8760/894 3840/8761/894 3838/8762/894
f 3838/8762/894 3836/8763/894 3834/8160/894
f 3834/8160/894 3832/8764/894 3826/8765/894
f 3832/8764/894 3830/8766/894 3826/8765/894
f 3830/8766/894 3828/8767/894 3826/8765/894
f 3826/8765/894 3824/8768/894 3822/8769/894
f 3822/8769/894 3820/8770/894 3818/8161/894
f 3818/8161/894 3816/8771/894 3810/8772/894
f 3816/8771/894 3814/8773/894 3810/8772/894
f 3814/8773/894 3812/8774/894 3810/8772/894
f 3810/8772/894 3808/8775/894 3806/8776/894
f 3806/8776/894 3804/8777/894 3802/8162/894
f 3858/8752/894 3854/8754/894 3802/8162/894
f 3854/8754/894 3850/8756/894 3802/8162/894
f 3842/8760/894 3838/8762/894 3850/8756/894
f 3838/8762/894 3834/8160/894 3850/8756/894
f 3826/8765/894 3822/8769/894 3834/8160/894
f 3822/8769/894 3818/8161/894 3834/8160/894
f 3810/8772/894 3806/8776/894 3818/8161/894
f 3806/8776/894 3802/8162/894 3818/8161/894
f 3802/8162/894 3850/8756/894 3834/8160/894
f 3858/8163/923 3860/8165/924 3859/8164/924
f 3860/8165/924 3798/8095/896 3797/8097/896
f 3859/8168/892 3797/8778/892 3799/8779/892
f 3799/8779/892 3801/8780/892 3803/8781/892
f 3803/8781/892 3805/8782/892 3807/8783/892
f 3807/8783/892 3809/8784/892 3811/8785/892
f 3811/8785/892 3813/8786/892 3815/8787/892
f 3815/8787/892 3817/8788/892 3819/8789/892
f 3819/8789/892 3821/8790/892 3823/8791/892
f 3823/8791/892 3825/8792/892 3827/8166/892
f 3827/8166/892 3829/8793/892 3831/8794/892
f 3831/8794/892 3833/8795/892 3835/8796/892
f 3835/8796/892 3837/8797/892 3839/8798/892
f 3839/8798/892 3841/8799/892 3843/8167/892
f 3843/8167/892 3845/8800/892 3847/8801/892
f 3847/8801/892 3849/8802/892 3851/8803/892
f 3851/8803/892 3853/8804/892 3855/8805/892
f 3855/8805/892 3857/8806/892 3859/8168/892
f 3859/8168/892 3799/8779/892 3811/8785/892
f 3799/8779/892 3803/8781/892 3811/8785/892
f 3803/8781/892 3807/8783/892 3811/8785/892
f 3811/8785/892 3815/8787/892 3827/8166/892
f 3815/8787/892 3819/8789/892 3827/8166/892
f 3819/8789/892 3823/8791/892 3827/8166/892
f 3827/8166/892 3831/8794/892 3843/8167/892
f 3831/8794/892 3835/8796/892 3843/8167/892
f 3835/8796/892 3839/8798/892 3843/8167/892
f 3843/8167/892 3847/8801/892 3859/8168/892
f 3847/8801/892 3851/8803/892 3859/8168/892
f 3851/8803/892 3855/8805/892 3859/8168/892
f 3859/8168/892 3811/8785/892 3827/8166/892
f 4021/8807/894 4025/8173/894 3889/8808/894
f 3889/8808/894 3890/8809/894 4021/8807/894
f 3890/8809/894 3887/8171/894 4021/8807/894
f 3887/8171/894 3866/8810/894 4013/8169/894
f 3866/8810/894 3868/8811/894 4012/8812/894
f 4013/8169/894 3866/8810/894 4015/8813/894
f 3868/8811/894 4003/8814/894 4012/8812/894
f 4012/8812/894 4007/8815/894 3866/8810/894
f 4022/8816/894 4021/8807/894 3887/8171/894
f 4020/8817/894 4022/8816/894 3887/8171/894
f 4007/8815/894 4011/8818/894 3866/8810/894
f 4011/8818/894 4009/8819/894 3866/8810/894
f 4016/8820/894 4020/8817/894 3887/8171/894
f 4018/8170/894 4016/8820/894 3887/8171/894
f 4009/8819/894 4015/8813/894 3866/8810/894
f 4004/8821/894 4003/8814/894 3869/8822/894
f 4003/8814/894 3868/8811/894 3869/8822/894
f 3869/8822/894 3870/8823/894 4004/8821/894
f 3870/8823/894 3867/8389/894 4001/8824/894
f 3867/8389/894 3861/8391/894 4005/8825/894
f 4143/8826/894 3861/8391/894 4141/8827/894
f 3861/8391/894 3863/8828/894 4140/8829/894
f 3863/8828/894 3864/8830/894 4129/8831/894
f 4140/8829/894 3863/8828/894 4129/8831/894
f 3864/8830/894 3865/8832/894 4129/8831/894
f 3861/8391/894 4143/8826/894 4142/8833/894
f 4001/8824/894 4004/8821/894 3870/8823/894
f 3861/8391/894 4140/8829/894 4139/8834/894
f 3861/8391/894 4139/8834/894 4141/8827/894
f 4000/8835/894 4001/8824/894 3867/8389/894
f 3999/8836/894 4000/8835/894 3867/8389/894
f 3861/8391/894 4142/8833/894 4149/8837/894
f 4002/8838/894 3999/8836/894 3867/8389/894
f 4005/8825/894 4002/8838/894 3867/8389/894
f 3861/8391/894 4149/8837/894 4006/8839/894
f 4005/8825/894 3861/8391/894 4006/8839/894
f 4006/8839/894 4149/8837/894 4145/8840/894
f 4010/8841/894 4006/8839/894 4145/8840/894
f 4010/8841/894 4145/8840/894 4144/8842/894
f 4008/8843/894 4010/8841/894 4144/8842/894
f 4008/8843/894 4144/8842/894 4148/8844/894
f 4014/8845/894 4008/8843/894 4148/8844/894
f 4014/8845/894 4148/8844/894 4147/8846/894
f 4019/8847/894 4014/8845/894 4147/8846/894
f 4019/8847/894 4147/8846/894 4017/8848/894
f 4147/8846/894 4146/8849/894 4017/8848/894
f 4017/8848/894 4146/8849/894 4154/8850/894
f 4027/8851/894 4017/8848/894 4154/8850/894
f 4027/8851/894 4154/8850/894 4150/8852/894
f 4026/8853/894 4027/8851/894 4150/8852/894
f 4026/8853/894 4150/8852/894 4151/8854/894
f 4031/8855/894 4026/8853/894 4151/8854/894
f 4031/8855/894 4151/8854/894 3903/8242/894
f 4151/8854/894 4152/8856/894 3903/8242/894
f 4028/8857/894 4031/8855/894 3903/8242/894
f 4152/8856/894 4157/8858/894 3903/8242/894
f 4030/8859/894 4028/8857/894 3904/8241/894
f 4028/8857/894 3903/8242/894 3904/8241/894
f 4157/8858/894 4160/8860/894 3903/8242/894
f 4029/8861/894 4030/8859/894 3904/8241/894
f 4160/8860/894 4158/8862/894 3903/8242/894
f 4024/8863/894 4029/8861/894 3904/8241/894
f 4159/8864/894 4156/8865/894 3885/8866/894
f 4156/8865/894 3884/8867/894 3885/8866/894
f 4158/8862/894 4159/8864/894 3903/8242/894
f 3885/8866/894 3903/8242/894 4159/8864/894
f 3904/8241/894 3888/8172/894 4023/8174/894
f 4024/8863/894 3904/8241/894 4023/8174/894
f 3888/8172/894 3889/8808/894 4025/8173/894
f 4133/8868/894 4129/8831/894 3862/8869/894
f 4129/8831/894 3865/8832/894 3862/8869/894
f 3862/8869/894 3881/8177/894 4135/8870/894
f 3881/8177/894 3883/8871/894 4155/8872/894
f 3883/8871/894 3884/8867/894 4155/8872/894
f 3881/8177/894 4155/8872/894 4161/8873/894
f 3884/8867/894 4156/8865/894 4155/8872/894
f 3862/8869/894 4135/8870/894 4134/8874/894
f 4135/8870/894 3881/8177/894 4138/8176/894
f 4131/8875/894 4133/8868/894 3862/8869/894
f 4130/8876/894 4131/8875/894 3862/8869/894
f 4161/8873/894 4153/8877/894 3881/8177/894
f 4153/8877/894 4137/8878/894 3881/8177/894
f 4132/8879/894 4130/8876/894 3862/8869/894
f 4134/8874/894 4132/8879/894 3862/8869/894
f 4137/8878/894 4136/8175/894 3881/8177/894
f 3902/8178/925 3905/8880/925 3903/8179/926
f 3877/8181/927 3866/8207/927 3887/8182/928
f 3912/8184/894 3990/8375/894 3987/8185/894
f 4035/8881/892 4034/8882/892 3879/8883/892
f 3879/8883/892 3880/8884/892 4035/8881/892
f 3880/8884/892 3877/8189/892 4035/8881/892
f 3877/8189/892 3896/8885/892 4043/8187/892
f 3896/8885/892 3898/8886/892 4056/8887/892
f 4043/8187/892 3896/8885/892 4041/8888/892
f 3898/8886/892 4050/8889/892 4056/8887/892
f 4056/8887/892 4047/8890/892 3896/8885/892
f 4037/8891/892 4035/8881/892 3877/8189/892
f 4036/8892/892 4037/8891/892 3877/8189/892
f 4047/8890/892 4049/8893/892 3896/8885/892
f 4049/8893/892 4045/8894/892 3896/8885/892
f 4038/8895/892 4036/8892/892 3877/8189/892
f 4040/8188/892 4038/8895/892 3877/8189/892
f 4045/8894/892 4041/8888/892 3896/8885/892
f 4173/8896/892 3874/8897/892 3875/8898/892
f 3875/8898/892 3872/8377/892 4173/8896/892
f 3872/8377/892 3876/8379/892 4060/8899/892
f 4058/8900/892 3876/8379/892 4032/8901/892
f 3876/8379/892 3878/8902/892 4033/8903/892
f 3878/8902/892 3879/8883/892 4034/8882/892
f 3876/8379/892 4033/8903/892 4032/8901/892
f 4034/8882/892 4033/8903/892 3878/8902/892
f 3876/8379/892 4058/8900/892 4059/8904/892
f 4172/8905/892 4173/8896/892 3872/8377/892
f 4174/8906/892 4172/8905/892 3872/8377/892
f 3876/8379/892 4059/8904/892 4060/8899/892
f 4176/8907/892 4174/8906/892 3872/8377/892
f 4182/8908/892 4176/8907/892 3872/8377/892
f 3872/8377/892 4060/8899/892 4061/8909/892
f 4180/8910/892 4182/8908/892 3872/8377/892
f 4180/8910/892 3872/8377/892 4061/8909/892
f 4178/8911/892 4180/8910/892 4063/8912/892
f 4063/8912/892 4180/8910/892 4061/8909/892
f 4178/8911/892 4063/8912/892 4062/8913/892
f 4177/8914/892 4178/8911/892 4062/8913/892
f 4177/8914/892 4062/8913/892 4039/8915/892
f 4193/8916/892 4177/8914/892 4039/8915/892
f 4193/8916/892 4039/8915/892 4042/8917/892
f 4184/8918/892 4193/8916/892 4042/8917/892
f 4184/8918/892 4042/8917/892 4183/8919/892
f 4042/8917/892 4057/8920/892 4183/8919/892
f 4183/8919/892 4057/8920/892 4044/8921/892
f 4187/8922/892 4183/8919/892 4044/8921/892
f 4187/8922/892 4044/8921/892 4048/8923/892
f 4186/8924/892 4187/8922/892 4048/8923/892
f 4186/8924/892 4048/8923/892 4046/8925/892
f 4185/8926/892 4186/8924/892 4046/8925/892
f 4185/8926/892 4046/8925/892 3891/8235/892
f 4046/8925/892 4054/8927/892 3891/8235/892
f 4192/8928/892 4185/8926/892 3891/8235/892
f 4054/8927/892 4055/8929/892 3897/8236/892
f 3891/8235/892 4054/8927/892 3897/8236/892
f 4188/8930/892 4192/8928/892 3891/8235/892
f 4055/8929/892 4052/8931/892 3897/8236/892
f 4191/8932/892 4188/8930/892 3891/8235/892
f 4052/8931/892 4051/8933/892 3897/8236/892
f 4189/8934/892 4191/8932/892 3891/8235/892
f 4053/8935/892 4050/8889/892 3900/8936/892
f 4050/8889/892 3898/8886/892 3899/8937/892
f 4051/8933/892 4053/8935/892 3897/8236/892
f 4050/8889/892 3899/8937/892 3900/8936/892
f 3900/8936/892 3897/8236/892 4053/8935/892
f 3891/8235/892 3893/8192/892 4190/8191/892
f 3893/8192/892 3894/8938/892 4169/8190/892
f 3891/8235/892 4190/8191/892 4189/8934/892
f 3894/8938/892 3895/8939/892 4169/8190/892
f 4169/8190/892 3895/8939/892 3892/8940/892
f 3892/8940/892 3871/8195/892 4165/8194/892
f 3871/8195/892 3873/8941/892 4175/8942/892
f 4162/8943/892 3871/8195/892 4163/8944/892
f 3873/8941/892 3874/8897/892 4175/8942/892
f 3874/8897/892 4173/8896/892 4175/8942/892
f 4168/8945/892 4169/8190/892 3892/8940/892
f 4170/8946/892 4168/8945/892 3892/8940/892
f 4175/8942/892 4181/8947/892 3871/8195/892
f 4181/8947/892 4179/8948/892 3871/8195/892
f 4167/8949/892 4170/8946/892 3892/8940/892
f 4166/8950/892 4167/8949/892 3892/8940/892
f 4179/8948/892 4163/8944/892 3871/8195/892
f 4171/8951/892 4166/8950/892 3892/8940/892
f 4165/8194/892 4171/8951/892 3892/8940/892
f 3871/8195/892 4162/8943/892 4164/8193/892
f 3862/8196/929 3865/8952/930 3873/8197/930
f 3865/8199/930 3864/8202/931 3874/8200/931
f 3864/8202/931 3863/8204/932 3875/8203/932
f 3863/8204/932 3861/8953/933 3872/8205/933
f 3877/8181/927 3880/8954/934 3868/8206/934
f 3880/8208/934 3879/8211/935 3869/8209/935
f 3879/8211/935 3878/8213/936 3870/8212/936
f 3878/8213/936 3876/8955/937 3867/8214/937
f 3892/8215/938 3895/8956/939 3883/8216/939
f 3895/8218/939 3894/8221/940 3884/8219/940
f 3894/8221/940 3893/8223/941 3885/8222/941
f 3893/8223/941 3891/8180/926 3903/8179/926
f 3887/8182/928 3890/8225/942 3898/8224/942
f 3890/8225/942 3889/8957/943 3899/8226/943
f 3889/8227/943 3888/8230/944 3900/8228/944
f 3888/8230/944 3904/8958/945 3897/8231/945
f 3892/8215/938 3881/8217/938 3862/8196/929
f 3904/8238/896 3905/8959/896 3902/8239/896
f 3882/8233/894 3886/8232/894 3904/8241/894
f 3882/8233/894 3903/8242/894 3905/8243/894
f 3901/8234/894 3905/8243/894 3904/8241/894
f 4194/8960/894 4195/8247/894 3907/8961/894
f 4195/8247/894 3910/8962/894 3907/8961/894
f 3907/8961/894 3926/8246/894 4200/8963/894
f 3926/8246/894 3928/8964/894 4219/8965/894
f 3928/8964/894 3929/8966/894 4219/8965/894
f 3926/8246/894 4219/8965/894 4225/8967/894
f 3929/8966/894 4221/8968/894 4219/8965/894
f 3907/8961/894 4200/8963/894 4199/8969/894
f 4200/8963/894 3926/8246/894 4203/8245/894
f 4196/8970/894 4194/8960/894 3907/8961/894
f 4197/8971/894 4196/8970/894 3907/8961/894
f 4225/8967/894 4217/8972/894 3926/8246/894
f 4217/8972/894 4202/8973/894 3926/8246/894
f 4198/8974/894 4197/8971/894 3907/8961/894
f 4199/8969/894 4198/8974/894 3907/8961/894
f 4202/8973/894 4201/8244/894 3926/8246/894
f 4221/8968/894 3929/8966/894 3930/8975/894
f 3930/8975/894 3927/8254/894 4221/8968/894
f 3927/8254/894 3931/8253/894 4093/8976/894
f 4094/8977/894 3931/8253/894 4086/8978/894
f 3931/8253/894 3933/8979/894 4087/8980/894
f 3933/8979/894 3934/8981/894 4085/8982/894
f 3931/8253/894 4087/8980/894 4086/8978/894
f 4085/8982/894 4087/8980/894 3933/8979/894
f 3931/8253/894 4094/8977/894 4095/8983/894
f 4220/8984/894 4221/8968/894 3927/8254/894
f 4222/8985/894 4220/8984/894 3927/8254/894
f 3931/8253/894 4095/8983/894 4093/8976/894
f 4223/8986/894 4222/8985/894 3927/8254/894
f 4224/8987/894 4223/8986/894 3927/8254/894
f 3927/8254/894 4093/8976/894 4092/8988/894
f 4216/8989/894 4224/8987/894 3927/8254/894
f 4216/8989/894 3927/8254/894 4092/8988/894
f 4218/8990/894 4216/8989/894 4091/8991/894
f 4091/8991/894 4216/8989/894 4092/8988/894
f 4218/8990/894 4091/8991/894 4090/8992/894
f 4215/8993/894 4218/8990/894 4090/8992/894
f 4215/8993/894 4090/8992/894 4080/8994/894
f 4214/8995/894 4215/8993/894 4080/8994/894
f 4214/8995/894 4080/8994/894 4077/8996/894
f 4211/8997/894 4214/8995/894 4077/8996/894
f 4211/8997/894 4077/8996/894 4212/8998/894
f 4077/8996/894 4078/8999/894 4212/8998/894
f 4212/8998/894 4078/8999/894 4072/9000/894
f 4213/9001/894 4212/8998/894 4072/9000/894
f 4213/9001/894 4072/9000/894 4074/9002/894
f 4210/9003/894 4213/9001/894 4074/9002/894
f 4210/9003/894 4074/9002/894 4070/9004/894
f 4209/9005/894 4210/9003/894 4070/9004/894
f 4209/9005/894 4070/9004/894 3906/8186/894
f 4070/9004/894 4069/9006/894 3906/8186/894
f 4208/9007/894 4209/9005/894 3906/8186/894
f 4069/9006/894 4067/9008/894 3912/8184/894
f 3906/8186/894 4069/9006/894 3912/8184/894
f 4207/9009/894 4208/9007/894 3906/8186/894
f 4067/9008/894 4064/9010/894 3912/8184/894
f 4206/9011/894 4207/9009/894 3906/8186/894
f 4064/9010/894 4065/9012/894 3912/8184/894
f 4204/9013/894 4206/9011/894 3906/8186/894
f 4066/9014/894 4068/9015/894 3915/9016/894
f 4068/9015/894 3913/9017/894 3914/9018/894
f 4065/9012/894 4066/9014/894 3912/8184/894
f 4068/9015/894 3914/9018/894 3915/9016/894
f 3915/9016/894 3912/8184/894 4066/9014/894
f 3906/8186/894 3908/8249/894 4205/8248/894
f 3908/8249/894 3909/9019/894 4195/8247/894
f 3906/8186/894 4205/8248/894 4204/9013/894
f 3909/9019/894 3910/8962/894 4195/8247/894
f 4088/9020/894 4085/8982/894 3934/8981/894
f 3934/8981/894 3935/9021/894 4088/9020/894
f 3935/9021/894 3932/8252/894 4088/9020/894
f 3932/8252/894 3911/9022/894 4082/8250/894
f 3911/9022/894 3913/9017/894 4076/9023/894
f 4082/8250/894 3911/9022/894 4079/9024/894
f 3913/9017/894 4068/9015/894 4076/9023/894
f 4076/9023/894 4071/9025/894 3911/9022/894
f 4083/9026/894 4088/9020/894 3932/8252/894
f 4084/9027/894 4083/9026/894 3932/8252/894
f 4071/9025/894 4075/9028/894 3911/9022/894
f 4075/9028/894 4073/9029/894 3911/9022/894
f 4089/9030/894 4084/9027/894 3932/8252/894
f 4081/8251/894 4089/9030/894 3932/8252/894
f 4073/9029/894 4079/9024/894 3911/9022/894
f 3922/8256/927 3911/8282/927 3932/8257/928
f 3906/8259/895 3987/8373/895 3988/8260/895
f 4251/9031/892 4248/9032/892 3937/9033/892
f 4248/9032/892 3940/9034/892 3937/9033/892
f 3937/9033/892 3916/8264/892 4241/9035/892
f 3916/8264/892 3918/9036/892 4228/9037/892
f 3918/9036/892 3919/9038/892 4228/9037/892
f 3916/8264/892 4228/9037/892 4237/9039/892
f 3919/9038/892 4229/9040/892 4228/9037/892
f 3937/9033/892 4241/9035/892 4244/9041/892
f 4241/9035/892 3916/8264/892 4240/8263/892
f 4246/9042/892 4251/9031/892 3937/9033/892
f 4247/9043/892 4246/9042/892 3937/9033/892
f 4237/9039/892 4232/9044/892 3916/8264/892
f 4232/9044/892 4235/9045/892 3916/8264/892
f 4250/9046/892 4247/9043/892 3937/9033/892
f 4244/9041/892 4250/9046/892 3937/9033/892
f 4235/9045/892 4233/8262/892 3916/8264/892
f 4229/9040/892 3919/9038/892 3920/9047/892
f 3920/9047/892 3917/8380/892 4226/9048/892
f 3917/8380/892 3921/8382/892 4124/9049/892
f 4123/9050/892 3921/8382/892 4096/9051/892
f 3921/8382/892 3923/9052/892 4097/9053/892
f 3923/9052/892 3924/9054/892 4100/9055/892
f 3921/8382/892 4097/9053/892 4096/9051/892
f 4100/9055/892 4097/9053/892 3923/9052/892
f 3921/8382/892 4123/9050/892 4125/9056/892
f 4226/9048/892 4229/9040/892 3920/9047/892
f 4227/9057/892 4226/9048/892 3917/8380/892
f 3921/8382/892 4125/9056/892 4124/9049/892
f 4231/9058/892 4227/9057/892 3917/8380/892
f 4230/9059/892 4231/9058/892 3917/8380/892
f 3917/8380/892 4124/9049/892 4128/9060/892
f 4238/9061/892 4230/9059/892 3917/8380/892
f 4236/9062/892 4238/9061/892 3917/8380/892
f 4236/9062/892 3917/8380/892 4128/9060/892
f 4128/9060/892 4126/9063/892 4236/9062/892
f 4234/9064/892 4236/9062/892 4126/9063/892
f 4234/9064/892 4126/9063/892 4127/9065/892
f 4239/9066/892 4234/9064/892 4127/9065/892
f 4239/9066/892 4127/9065/892 4104/9067/892
f 4242/9068/892 4239/9066/892 4104/9067/892
f 4242/9068/892 4104/9067/892 4106/9069/892
f 4243/9070/892 4242/9068/892 4106/9069/892
f 4243/9070/892 4106/9069/892 4245/9071/892
f 4106/9069/892 4105/9072/892 4245/9071/892
f 4245/9071/892 4105/9072/892 4108/9073/892
f 4253/9074/892 4245/9071/892 4108/9073/892
f 4253/9074/892 4108/9073/892 4112/9075/892
f 4252/9076/892 4253/9074/892 4112/9075/892
f 4252/9076/892 4112/9075/892 4110/9077/892
f 4254/9078/892 4252/9076/892 4110/9077/892
f 4254/9078/892 4110/9077/892 3949/8318/892
f 4110/9077/892 4119/9079/892 3949/8318/892
f 4256/9080/892 4254/9078/892 3949/8318/892
f 4119/9079/892 4114/9081/892 3948/8316/892
f 3949/8318/892 4119/9079/892 3948/8316/892
f 4255/9082/892 4256/9080/892 3949/8318/892
f 4114/9081/892 4117/9083/892 3948/8316/892
f 4258/9084/892 4255/9082/892 3949/8318/892
f 4117/9083/892 4116/9085/892 3948/8316/892
f 4257/9086/892 4258/9084/892 3949/8318/892
f 3940/9034/892 4248/9032/892 3939/9087/892
f 4248/9032/892 4249/9088/892 3938/9089/892
f 3939/9087/892 4248/9032/892 3938/9089/892
f 3949/8318/892 3938/9089/892 4249/9088/892
f 3944/9090/892 3945/8267/892 4120/8266/892
f 3945/8267/892 3948/8316/892 4118/8265/892
f 4118/8265/892 3948/8316/892 4116/9085/892
f 4115/9091/892 3943/9092/892 3944/9090/892
f 4120/8266/892 4115/9091/892 3944/9090/892
f 4249/9088/892 4257/9086/892 3949/8318/892
f 4099/9093/892 4100/9055/892 3924/9054/892
f 3924/9054/892 3925/9094/892 4099/9093/892
f 3925/9094/892 3922/8270/892 4099/9093/892
f 3922/8270/892 3941/9095/892 4107/8268/892
f 3941/9095/892 3943/9092/892 4121/9096/892
f 4107/8268/892 3941/9095/892 4122/9097/892
f 3943/9092/892 4115/9091/892 4121/9096/892
f 4121/9096/892 4111/9098/892 3941/9095/892
f 4098/9099/892 4099/9093/892 3922/8270/892
f 4101/9100/892 4098/9099/892 3922/8270/892
f 4111/9098/892 4113/9101/892 3941/9095/892
f 4113/9101/892 4109/9102/892 3941/9095/892
f 4102/9103/892 4101/9100/892 3922/8270/892
f 4103/8269/892 4102/9103/892 3922/8270/892
f 4109/9102/892 4122/9097/892 3941/9095/892
f 3907/8271/929 3910/9104/930 3918/8272/930
f 3910/8274/930 3909/8277/931 3919/8275/931
f 3909/8277/931 3908/8279/932 3920/8278/932
f 3908/8279/932 3906/9105/933 3917/8280/933
f 3922/8256/927 3925/9106/934 3913/8281/934
f 3925/8283/934 3924/8286/935 3914/8284/935
f 3924/8286/935 3923/8288/936 3915/8287/936
f 3923/8288/936 3921/9107/937 3912/8289/937
f 3937/8290/938 3940/9108/939 3928/8291/939
f 3940/8293/939 3939/8296/940 3929/8294/940
f 3939/8296/940 3938/8298/941 3930/8297/941
f 3938/8298/941 3949/8315/926 3927/8299/926
f 3932/8257/928 3935/8301/942 3943/8300/942
f 3935/8301/942 3934/9109/943 3944/8302/943
f 3934/8303/943 3933/8306/944 3945/8304/944
f 3933/8306/944 3931/9110/945 3948/8307/945
f 3937/8290/938 3926/8292/938 3907/8271/929
f 3931/8311/896 3946/9111/896 3950/8312/896
f 3950/8314/925 3946/9112/925 3927/8299/926
f 3936/8308/892 3949/8318/892 3948/8316/892
f 3947/8310/892 3942/8309/892 3948/8316/892
f 3936/8308/892 3947/8310/892 3950/8317/892
f 3964/8321/946 3965/9113/946 3957/9114/946
f 3965/9113/946 3966/9115/946 3957/9114/946
f 3966/9115/946 3947/8354/968 3901/8353/968
f 3901/8353/968 3956/9116/946 3966/9115/946
f 3956/9116/946 3957/9114/946 3966/9115/946
f 3957/9114/946 3958/9117/946 3964/8321/946
f 3958/9117/946 3955/8319/946 3964/8321/946
f 3936/8322/947 3942/9118/948 3886/8323/948
f 3952/8327/949 3953/9119/949 3961/9120/949
f 3953/9119/949 3954/9121/949 3961/9120/949
f 3954/9121/949 3886/8323/948 3942/9118/948
f 3942/9118/948 3960/9122/949 3954/9121/949
f 3960/9122/949 3961/9120/949 3954/9121/949
f 3961/9120/949 3962/9123/949 3952/8327/949
f 3962/9123/949 3959/8325/949 3952/8327/949
f 3951/8328/896 3959/8347/896 3963/8329/896
f 3901/8331/950 3886/9124/950 3954/8332/951
f 3956/8333/952 3954/8332/951 3953/8334/953
f 3957/8335/954 3953/8334/953 3952/8336/955
f 3958/8338/956 3952/9125/956 3951/8328/956
f 3947/8339/957 3966/8342/959 3960/8340/958
f 3966/8342/959 3965/8344/961 3961/8343/960
f 3965/8344/961 3964/9126/962 3962/8345/962
f 3964/8346/963 3963/8329/963 3959/8347/963
f 3968/8349/964 3969/9127/964 3977/9128/964
f 3969/9127/964 3970/9129/964 3977/9128/964
f 3970/9129/964 3967/9130/964 3975/9131/964
f 3975/9131/964 3976/9132/964 3970/9129/964
f 3976/9132/964 3977/9128/964 3970/9129/964
f 3977/9128/964 3978/9133/964 3968/8349/964
f 3978/9133/964 3936/8322/947 3968/8349/964
f 3967/8350/965 3971/8364/977 3979/8351/966
f 3980/8355/969 3981/9134/969 3973/9135/969
f 3981/9134/969 3982/9136/969 3973/9135/969
f 3982/9136/969 3979/8351/969 3971/8364/969
f 3971/8364/969 3972/9137/969 3982/9136/969
f 3972/9137/969 3973/9135/969 3982/9136/969
f 3973/9135/969 3974/9138/969 3980/8355/969
f 3974/9138/969 3901/8353/968 3980/8355/969
f 3882/8356/970 3901/9139/970 3974/8357/971
f 3968/8358/972 3974/8357/971 3973/8359/973
f 3969/8360/974 3973/8359/973 3972/8361/975
f 3970/8363/976 3972/9137/976 3971/8364/977
f 3979/8351/966 3982/9136/978 3976/8365/978
f 3982/8366/979 3981/8369/981 3977/8367/980
f 3981/8369/981 3980/8371/983 3978/8370/982
f 3980/8371/983 3947/9140/984 3936/8372/984
f 3987/8373/895 3995/9141/895 3996/8374/895
f 3990/8375/894 3998/9142/894 3995/8376/894
f 3872/8377/892 3984/8409/892 3985/8378/892
f 3917/8380/892 3988/9143/892 3989/8381/892
f 3876/8383/896 3985/8411/896 3986/8384/896
f 3861/8386/895 3983/8403/895 3984/8387/895
f 3867/8389/894 3986/9144/894 3983/8390/894
f 3921/8392/896 3989/8402/896 3990/8393/896
f 3994/8395/891 3993/9145/891 3992/8396/891
f 3998/8398/891 3997/9146/891 3996/8399/891
f 3994/8401/896 3997/9147/896 3989/8402/896
f 3983/8403/895 3991/9148/895 3992/8404/895
f 3986/8405/893 3989/9149/893 3988/8406/893
f 3989/8402/896 3997/9147/896 3998/8408/896
f 3984/8409/892 3992/9150/892 3993/8410/892
f 3985/8411/896 3993/9151/896 3994/8401/896
f 3996/8374/895 3991/9148/895 3983/8403/895
f 3996/8399/891 3997/9146/891 3994/8395/891
f 4082/8412/895 4107/8547/895 4122/8413/911
f 4013/8415/895 4043/8548/895 4041/8416/911
f 4081/8414/911 4122/8413/911 4109/8418/912
f 4018/8417/911 4041/8416/911 4045/8420/912
f 4089/8419/912 4109/8418/912 4113/8422/913
f 4016/8421/912 4045/8420/912 4049/8424/913
f 4084/8423/913 4113/8422/913 4111/8426/914
f 4020/8425/913 4049/8424/913 4047/8428/914
f 4083/8430/914 4111/9152/914 4121/8431/915
f 4022/8433/914 4047/9153/914 4056/8434/915
f 4121/8431/915 4115/8436/985 4088/8432/915
f 4115/8436/985 4120/8440/916 4085/8437/916
f 4056/8434/915 4050/8442/916 4025/8438/916
f 4087/8439/917 4085/8437/916 4120/8440/916
f 4050/8442/916 4053/8446/917 4023/8443/917
f 4086/8444/891 4087/8439/917 4118/8441/917
f 4053/8446/917 4051/8450/891 4024/8447/891
f 4116/8445/891 4117/8453/918 4094/8448/918
f 4029/8449/918 4024/8447/891 4051/8450/891
f 4095/8452/919 4094/8448/918 4117/8453/918
f 4052/8451/918 4055/8458/919 4030/8455/919
f 4093/8456/920 4095/8452/919 4114/8454/919
f 4055/8458/919 4054/8463/920 4028/8459/920
f 4092/8460/921 4093/8456/920 4119/8457/920
f 4031/8462/921 4028/8459/920 4054/8463/920
f 4091/8465/922 4092/9154/921 4110/8466/921
f 4026/8468/922 4031/8206/921 4046/8469/921
f 4090/8471/923 4091/8465/922 4112/8467/922
f 4027/8473/923 4026/8468/922 4048/8470/922
f 4080/8475/924 4090/8471/923 4108/8472/923
f 4017/8477/924 4027/8473/923 4044/8474/923
f 4077/8479/896 4080/8475/924 4105/8476/924
f 4019/8481/896 4017/8477/924 4057/8478/924
f 4078/8483/897 4077/8479/896 4106/8480/896
f 4014/8485/897 4019/8481/896 4042/8482/896
f 4072/8487/898 4078/8483/897 4104/8484/897
f 4008/8489/898 4014/8485/897 4039/8486/897
f 4074/8491/899 4072/8487/898 4127/8488/898
f 4010/8493/899 4008/8489/898 4062/8490/898
f 4070/8495/900 4074/8491/899 4126/8492/899
f 4006/8497/900 4010/8493/899 4063/8494/899
f 4069/8499/901 4070/9155/900 4128/8500/900
f 4005/8502/901 4006/8634/900 4061/8503/900
f 4067/8505/902 4069/8499/901 4124/8501/901
f 4005/8502/901 4060/8504/901 4059/8507/902
f 4064/8509/903 4067/8505/902 4125/8506/902
f 4002/8508/902 4059/8507/902 4058/8511/903
f 4064/8509/903 4123/8510/903 4096/8513/893
f 3999/8512/903 4058/8511/903 4032/8515/893
f 4066/8517/904 4065/8514/893 4096/8513/893
f 4000/8516/893 4032/8515/893 4033/8519/904
f 4068/8521/905 4066/8517/904 4097/8518/904
f 4001/8520/904 4033/8519/904 4034/8523/905
f 4076/8525/906 4068/8521/905 4100/8522/905
f 4034/8523/905 4035/9156/906 4003/8527/986
f 4035/9156/906 4012/8530/906 4003/8527/986
f 4076/8525/906 4099/8526/906 4098/8528/907
f 4012/8530/906 4035/9156/906 4037/8531/907
f 4071/8533/907 4098/9157/907 4101/8534/908
f 4007/8536/907 4037/9158/907 4036/8537/908
f 4075/8535/908 4101/8534/908 4102/8539/909
f 4011/8538/908 4036/8537/908 4038/8541/909
f 4073/8540/909 4102/8539/909 4103/8543/910
f 4009/8542/909 4038/8541/909 4040/8545/910
f 4079/8544/910 4103/8543/910 4107/8547/895
f 4015/8546/910 4040/8545/910 4043/8548/895
f 4211/8549/895 4243/8670/895 4245/8550/911
f 4147/8552/895 4184/8415/895 4183/8417/911
f 4214/8551/911 4245/8550/911 4253/8554/912
f 4146/8553/911 4183/8417/911 4187/8421/912
f 4215/8555/912 4253/8554/912 4252/8557/913
f 4154/8556/912 4187/8421/912 4186/8425/913
f 4218/8558/913 4252/8557/913 4254/8560/914
f 4150/8559/913 4186/8425/913 4185/8429/914
f 4216/8563/914 4254/9159/914 4256/8564/915
f 4151/8566/914 4185/9160/914 4192/8567/915
f 4223/8569/916 4224/8565/915 4256/8564/915
f 4192/8567/915 4188/8574/916 4157/8571/916
f 4222/8572/917 4223/8569/916 4255/8570/916
f 4188/8574/916 4191/9161/917 4160/8575/917
f 4220/8576/891 4222/8572/917 4258/8573/917
f 4160/8575/917 4191/9161/917 4189/8578/891
f 4221/8580/918 4220/8576/891 4257/8577/891
f 4189/8578/891 4190/8585/918 4159/8582/918
f 4249/8581/918 4248/8587/919 4219/8583/919
f 4190/8585/918 4169/8589/919 4156/8584/987
f 4169/8589/919 4155/8591/919 4156/8584/987
f 4225/8586/920 4219/8583/919 4248/8587/919
f 4169/8589/919 4168/8595/920 4161/8590/920
f 4217/8592/921 4225/8586/920 4251/8588/920
f 4153/8594/921 4161/8590/920 4168/8595/920
f 4202/8597/922 4217/9162/921 4246/8598/921
f 4137/8600/922 4153/9163/921 4170/8601/921
f 4201/8603/923 4202/8597/922 4247/8599/922
f 4136/8556/923 4137/8600/922 4167/8602/922
f 4203/8606/924 4201/8603/923 4250/8604/923
f 4138/8608/924 4136/8556/923 4166/8605/923
f 4200/8610/896 4203/8606/924 4244/8607/924
f 4135/8612/896 4138/8608/924 4171/8609/924
f 4199/8614/897 4200/8610/896 4241/8611/896
f 4134/8616/897 4135/8612/896 4165/8613/896
f 4198/8618/898 4199/8614/897 4240/8615/897
f 4132/8620/898 4134/8616/897 4164/8617/897
f 4197/8622/899 4198/8618/898 4233/8619/898
f 4130/8624/899 4132/8620/898 4162/8621/898
f 4196/8626/900 4197/8622/899 4235/8623/899
f 4131/8628/900 4130/8624/899 4163/8625/899
f 4194/8630/901 4196/9164/900 4232/8631/900
f 4133/8633/901 4131/9165/900 4179/8634/900
f 4195/8635/902 4194/8630/901 4237/8632/901
f 4133/8633/901 4181/8502/901 4175/8508/902
f 4226/8641/903 4205/9166/903 4229/8638/988
f 4205/9166/903 4195/8635/902 4229/8638/988
f 4129/8637/902 4175/8508/902 4173/8512/903
f 4204/8640/893 4205/9166/903 4226/8641/903
f 4140/8639/903 4173/8512/903 4172/8643/893
f 4206/8645/904 4204/8640/893 4227/8642/893
f 4141/8647/904 4139/8644/893 4172/8643/893
f 4207/8648/905 4206/8645/904 4231/8646/904
f 4141/8647/904 4174/8520/904 4176/8650/905
f 4208/8652/906 4207/8648/905 4230/8649/905
f 4143/8651/905 4176/8650/905 4182/8654/906
f 4208/8652/906 4238/8653/906 4236/8656/907
f 4142/8655/906 4182/8654/906 4180/8532/907
f 4209/8659/907 4236/9167/907 4234/8660/908
f 4149/8662/907 4180/8536/907 4178/8538/908
f 4210/8661/908 4234/8660/908 4239/8664/909
f 4145/8663/908 4178/8538/908 4177/8542/909
f 4213/8665/909 4239/8664/909 4242/8667/910
f 4144/8666/909 4177/8542/909 4193/8546/910
f 4212/8668/910 4242/8667/910 4243/8670/895
f 4148/8669/910 4193/8546/910 4184/8415/895
f 4260/8671/896 4262/8674/897 4261/8672/897
f 4262/8674/897 4264/8676/898 4263/8675/898
f 4264/8676/898 4266/8678/899 4265/8677/899
f 4266/8678/899 4268/9168/900 4267/8679/900
f 4268/8680/900 4270/8683/901 4269/8681/901
f 4270/8683/901 4272/8685/902 4271/8684/902
f 4272/8685/902 4274/8687/903 4273/8686/903
f 4274/8687/903 4276/8689/893 4275/8688/893
f 4276/8689/893 4278/8691/904 4277/8690/904
f 4278/8691/904 4280/8693/905 4279/8692/905
f 4280/8693/905 4282/8695/906 4281/8694/906
f 4282/8695/906 4284/9169/907 4283/8696/907
f 4284/8697/907 4286/8700/908 4285/8698/908
f 4286/8700/908 4288/8702/909 4287/8701/909
f 4288/8702/909 4290/8704/910 4289/8703/910
f 4290/8704/910 4292/8706/895 4291/8705/895
f 4292/8706/895 4294/8708/911 4293/8707/911
f 4294/8708/911 4296/8710/912 4295/8709/912
f 4296/8710/912 4298/8712/913 4297/8711/913
f 4298/8712/913 4300/9170/914 4299/8713/914
f 4300/8714/914 4302/8717/915 4301/8715/915
f 4302/8717/915 4304/8719/916 4303/8718/916
f 4304/8719/916 4306/8721/917 4305/8720/917
f 4306/8721/917 4308/8723/891 4307/8722/891
f 4308/8723/891 4310/8725/918 4309/8724/918
f 4310/8725/918 4312/8727/919 4311/8726/919
f 4312/8727/919 4314/8729/920 4313/8728/920
f 4314/8729/920 4316/9171/921 4315/8730/921
f 4316/8731/921 4318/8734/922 4317/8732/922
f 4318/8734/922 4320/8739/923 4319/8735/923
f 4264/9172/894 4262/9173/894 4260/9174/894
f 4260/9174/894 4322/9175/894 4320/9176/894
f 4320/9176/894 4318/9177/894 4316/9178/894
f 4316/9178/894 4314/9179/894 4312/8736/894
f 4312/8736/894 4310/9180/894 4308/9181/894
f 4308/9181/894 4306/9182/894 4312/8736/894
f 4306/9182/894 4304/9183/894 4312/8736/894
f 4304/9183/894 4302/9184/894 4300/9185/894
f 4300/9185/894 4298/9186/894 4304/9183/894
f 4298/9186/894 4296/8737/894 4304/9183/894
f 4296/8737/894 4294/9187/894 4292/9188/894
f 4292/9188/894 4290/9189/894 4288/9190/894
f 4288/9190/894 4286/9191/894 4280/8738/894
f 4286/9191/894 4284/9192/894 4280/8738/894
f 4284/9192/894 4282/9193/894 4280/8738/894
f 4280/8738/894 4278/9194/894 4272/9195/894
f 4278/9194/894 4276/9196/894 4272/9195/894
f 4276/9196/894 4274/9197/894 4272/9195/894
f 4272/9195/894 4270/9198/894 4268/9199/894
f 4268/9199/894 4266/9200/894 4264/9172/894
f 4264/9172/894 4260/9174/894 4320/9176/894
f 4320/9176/894 4316/9178/894 4264/9172/894
f 4316/9178/894 4312/8736/894 4264/9172/894
f 4296/8737/894 4292/9188/894 4280/8738/894
f 4292/9188/894 4288/9190/894 4280/8738/894
f 4272/9195/894 4268/9199/894 4280/8738/894
f 4268/9199/894 4264/9172/894 4280/8738/894
f 4312/8736/894 4304/9183/894 4296/8737/894
f 4264/9172/894 4312/8736/894 4280/8738/894
f 4320/8739/923 4322/8741/924 4321/8740/924
f 4322/8741/924 4260/8671/896 4259/8673/896
f 4321/8744/892 4259/9201/892 4265/9202/892
f 4259/9201/892 4261/9203/892 4265/9202/892
f 4261/9203/892 4263/9204/892 4265/9202/892
f 4265/9202/892 4267/9205/892 4273/9206/892
f 4267/9205/892 4269/9207/892 4273/9206/892
f 4269/9207/892 4271/9208/892 4273/9206/892
f 4273/9206/892 4275/9209/892 4277/9210/892
f 4277/9210/892 4279/9211/892 4281/9212/892
f 4281/9212/892 4283/9213/892 4285/9214/892
f 4285/9214/892 4287/9215/892 4289/9216/892
f 4289/9216/892 4291/9217/892 4297/8742/892
f 4291/9217/892 4293/9218/892 4297/8742/892
f 4293/9218/892 4295/9219/892 4297/8742/892
f 4297/8742/892 4299/9220/892 4301/9221/892
f 4301/9221/892 4303/9222/892 4305/8743/892
f 4305/8743/892 4307/9223/892 4309/9224/892
f 4309/9224/892 4311/9225/892 4305/8743/892
f 4311/9225/892 4313/9226/892 4305/8743/892
f 4313/9226/892 4315/9227/892 4317/9228/892
f 4317/9228/892 4319/9229/892 4321/8744/892
f 4273/9206/892 4277/9210/892 4281/9212/892
f 4281/9212/892 4285/9214/892 4273/9206/892
f 4285/9214/892 4289/9216/892 4273/9206/892
f 4297/8742/892 4301/9221/892 4305/8743/892
f 4313/9226/892 4317/9228/892 4305/8743/892
f 4317/9228/892 4321/8744/892 4305/8743/892
f 4321/8744/892 4265/9202/892 4289/9216/892
f 4265/9202/892 4273/9206/892 4289/9216/892
f 4289/9216/892 4297/8742/892 4321/8744/892
o robot
v -3.457340 -7.799999 1.018075
v -3.457340 7.799999 1.018075
v -3.457340 -7.799999 -1.018075
v -3.457340 7.799999 -1.018075
v 3.457340 -7.799999 1.018075
v 3.457340 7.799999 1.018075
v 3.457340 -7.799999 -1.018075
v 3.457340 7.799999 -1.018075
vn -1.0000 -0.0000 -0.0000
vn -0.0000 -0.0000 -1.0000
vn 1.0000 -0.0000 -0.0000
vn -0.0000 -0.0000 1.0000
vn -0.0000 -1.0000 -0.0000
vn -0.0000 1.0000 -0.0000
vt 0.625000 0.000000
vt 0.375000 0.250000
vt 0.375000 0.000000
vt 0.625000 0.250000
vt 0.375000 0.500000
vt 0.625000 0.500000
vt 0.375000 0.750000
vt 0.625000 0.750000
vt 0.375000 1.000000
vt 0.125000 0.750000
vt 0.125000 0.500000
vt 0.875000 0.500000
vt 0.625000 1.000000
vt 0.875000 0.750000
s 0
f 4324/9230/989 4325/9231/989 4323/9232/989
f 4326/9233/990 4329/9234/990 4325/9231/990
f 4330/9235/991 4327/9236/991 4329/9234/991
f 4328/9237/992 4323/9238/992 4327/9236/992
f 4329/9234/993 4323/9239/993 4325/9240/993
f 4326/9241/994 4328/9237/994 4330/9235/994
f 4324/9230/989 4326/9233/989 4325/9231/989
f 4326/9233/990 4330/9235/990 4329/9234/990
f 4330/9235/991 4328/9237/991 4327/9236/991
f 4328/9237/992 4324/9242/992 4323/9238/992
f 4329/9234/993 4327/9236/993 4323/9239/993
f 4326/9241/994 4324/9243/994 4328/9237/994
